<?xml version="1.0"?>
<VTKFile type="UnstructuredGrid" version="0.1" byte_order="LittleEndian">
  <UnstructuredGrid>
    <Piece NumberOfPoints="4320" NumberOfCells="4320">
      <Points>
        <DataArray type="Float64" NumberOfComponents="3" format="ascii">
          0.698673 0.741726 0
          0.737888 0.782363 0
          0.669623 0.835607 0
          0.634808 0.795483 0
          0.767644 0.813199 0
          0.809726 0.856807 0
          0.733402 0.909111 0
          0.696041 0.866053 0
          0.841658 0.889898 0
          0.886817 0.936694 0
          0.801844 0.98799 0
          0.761752 0.941784 0
          0.921084 0.972204 0
          0.969544 1.02242 0
          0.87529 1.07264 0
          0.832267 1.02305 0
          1.00632 1.06053 0
          1.05832 1.11442 0
          0.954106 1.16347 0
          0.907937 1.11026 0
          1.09778 1.15531 0
          1.15359 1.21314 0
          1.03869 1.26095 0
          0.98914 1.20385 0
          1.19593 1.25702 0
          1.25582 1.31908 0
          1.12945 1.36555 0
          1.07628 1.30427 0
          1.30126 1.36617 0
          1.36552 1.43277 0
          1.22685 1.4778 0
          1.16979 1.41204 0
          1.41429 1.4833 0
          1.48325 1.55476 0
          1.33137 1.59826 0
          1.27014 1.52769 0
          1.53558 1.60899 0
          1.60959 1.68568 0
          1.44353 1.72752 0
          1.37783 1.6518 0
          1.66574 1.74388 0
          1.74516 1.82617 0
          1.56389 1.86624 0
          1.49338 1.78498 0
          1.80542 1.88862 0
          1.89064 1.97693 0
          1.69305 2.0151 0
          1.61739 1.9279 0
          1.95531 2.04395 0
          2.04676 2.13872 0
          1.83166 2.17484 0
          1.75047 2.08126 0
          2.11616 2.21063 0
          2.2143 2.31233 0
          1.9804 2.34626 0
          1.89327 2.24585 0
          2.28877 2.3895 0
          2.39409 2.49864 0
          2.14002 2.53022 0
          2.04652 2.42246 0
          2.474 2.58145 0
          2.58702 2.69857 0
          2.3113 2.72762 0
          2.21097 2.61198 0
          2.67277 2.78744 0
          2.79405 2.91311 0
          2.49511 2.93946 0
          2.38744 2.81537 0
          2.88608 3.00848 0
          3.01623 3.14335 0
          2.69236 3.16679 0
          2.57682 3.03362 0
          3.11498 3.24569 0
          3.25464 3.39041 0
          2.90403 3.41073 0
          2.78004 3.26783 0
          3.36062 3.50023 0
          3.51049 3.65554 0
          3.13118 3.67252 0
          2.99812 3.51917 0
          3.62422 3.77339 0
          3.78505 3.94006 0
          3.37493 3.95344 0
          3.23215 3.78888 0
          3.90709 4.06653 0
          4.07968 4.24538 0
          3.63651 4.2549 0
          3.48328 4.07831 0
          4.21064 4.38109 0
          4.39585 4.57302 0
          3.91721 4.57841 0
          3.75278 4.3889 0
          4.53639 4.71865 0
          4.73514 4.92461 0
          4.21844 4.92557 0
          4.04198 4.72221 0
          0.585486 0.831403 0
          0.617105 0.871185 0
          0.541889 0.915142 0
          0.514602 0.875784 0
          0.641098 0.901371 0
          0.675029 0.944061 0
          0.591876 0.987242 0
          0.562594 0.945007 0
          0.700777 0.976455 0
          0.737188 1.02227 0
          0.645518 1.06461 0
          0.614095 1.01929 0
          0.764818 1.05703 0
          0.803892 1.10619 0
          0.703083 1.14764 0
          0.669362 1.09901 0
          0.833542 1.14349 0
          0.875473 1.19625 0
          0.764856 1.23674 0
          0.72867 1.18455 0
          0.907291 1.23628 0
          0.952288 1.29289 0
          0.831145 1.33236 0
          0.792314 1.27635 0
          0.986432 1.33585 0
          1.03472 1.3966 0
          0.902282 1.43496 0
          0.860611 1.37486 0
          1.07136 1.4427 0
          1.12318 1.50789 0
          0.978619 1.54507 0
          0.933902 1.48057 0
          1.1625 1.55736 0
          1.2181 1.62732 0
          1.06054 1.66323 0
          1.01255 1.59401 0
          1.2603 1.68041 0
          1.31997 1.75548 0
          1.14845 1.79002 0
          1.09695 1.71575 0
          1.36525 1.81245 0
          1.42928 1.89301 0
          1.24278 1.92609 0
          1.18752 1.84638 0
          1.47787 1.95414 0
          1.54659 2.0406 0
          1.34401 2.07211 0
          1.28471 1.98657 0
          1.59873 2.1062 0
          1.67247 2.19898 0
          1.45265 2.2288 0
          1.38901 2.13701 0
          1.72842 2.26937 0
          1.80755 2.36893 0
          1.56923 2.39694 0
          1.50094 2.29845 0
          1.8676 2.44448 0
          1.95252 2.55132 0
          1.69433 2.57739 0
          1.62105 2.47169 0
          2.01695 2.63239 0
          2.10808 2.74703 0
          1.82857 2.77102 0
          1.74993 2.65759 0
          2.17723 2.83403 0
          2.27502 2.95706 0
          1.97264 2.97881 0
          1.88825 2.85709 0
          2.34922 3.05042 0
          2.45416 3.18245 0
          2.12723 3.2018 0
          2.03667 3.07118 0
          2.53379 3.28263 0
          2.6464 3.42431 0
          2.29313 3.44109 0
          2.19595 3.30091 0
          2.73185 3.53182 0
          2.85269 3.68386 0
          2.47116 3.69787 0
          2.36687 3.54745 0
          2.94439 3.79923 0
          3.07407 3.96238 0
          2.66221 3.97343 0
          2.5503 3.81201 0
          3.17247 4.08619 0
          3.31163 4.26127 0
          2.86722 4.26913 0
          2.74713 4.09591 0
          3.41723 4.39412 0
          3.56657 4.58201 0
          3.08722 4.58646 0
          2.95835 4.40058 0
          3.67988 4.72458 0
          3.84014 4.9262 0
          3.32331 4.92699 0
          3.18501 4.72751 0
          0.460656 0.90451 0
          0.484791 0.943594 0
          0.404015 0.977369 0
          0.384159 0.938611 0
          0.503105 0.973251 0
          0.529005 1.01519 0
          0.44039 1.04837 0
          0.419082 1.00678 0
          0.548657 1.04702 0
          0.576451 1.09203 0
          0.479424 1.12456 0
          0.456559 1.07993 0
          0.59754 1.12618 0
          0.627366 1.17448 0
          0.521313 1.20633 0
          0.496775 1.15843 0
          0.649997 1.21113 0
          0.682003 1.26295 0
          0.566264 1.29407 0
          0.539932 1.24267 0
          0.70629 1.30228 0
          0.740636 1.3579 0
          0.614502 1.38823 0
          0.586245 1.33307 0
          0.766698 1.40011 0
          0.803555 1.45979 0
          0.666266 1.48927 0
          0.635943 1.43008 0
          0.831523 1.50508 0
          0.871075 1.56913 0
          0.721816 1.5977 0
          0.689276 1.53418 0
          0.901087 1.61774 0
          0.943531 1.68647 0
          0.781426 1.71406 0
          0.746507 1.6459 0
          0.975738 1.73862 0
          1.02129 1.81238 0
          0.845396 1.83892 0
          0.807924 1.76578 0
          1.05585 1.86835 0
          1.10472 1.9475 0
          0.914042 1.97292 0
          0.87383 1.89443 0
          1.14181 2.00756 0
          1.19426 2.0925 0
          0.987707 2.11671 0
          0.944555 2.03248 0
          1.23406 2.15695 0
          1.29035 2.2481 0
          1.06676 2.27101 0
          1.02045 2.18062 0
          1.33306 2.31726 0
          1.39346 2.41508 0
          1.15159 2.4366 0
          1.1019 2.3396 0
          1.43929 2.4893 0
          1.50411 2.59426 0
          1.24262 2.61429 0
          1.1893 2.5102 0
          1.5533 2.67391 0
          1.62285 2.78655 0
          1.34031 2.80498 0
          1.28309 2.69328 0
          1.67563 2.87202 0
          1.75027 2.99289 0
          1.44514 3.0096 0
          1.38374 2.88974 0
          1.80691 3.08461 0
          1.88701 3.21432 0
          1.55764 3.22919 0
          1.49174 3.10056 0
          1.94779 3.31275 0
          2.03375 3.45194 0
          1.67836 3.46483 0
          1.60765 3.3268 0
          2.09897 3.55757 0
          2.19121 3.70694 0
          1.80791 3.71771 0
          1.73202 3.56958 0
          2.26121 3.82028 0
          2.36019 3.98058 0
          1.94693 3.98907 0
          1.8655 3.83011 0
          2.4353 4.10221 0
          2.54152 4.27422 0
          2.09612 4.28027 0
          2.00873 4.10969 0
          2.62213 4.40475 0
          2.73611 4.58934 0
          2.25621 4.59276 0
          2.16243 4.40971 0
          2.82261 4.72941 0
          2.94493 4.9275 0
          2.42801 4.9281 0
          2.32737 4.73166 0
          0.326661 0.959558 0
          0.343399 0.998116 0
          0.258569 1.02102 0
          0.24607 0.982685 0
          0.3561 1.02737 0
          0.374062 1.06875 0
          0.281465 1.09125 0
          0.268052 1.05011 0
          0.387691 1.10015 0
          0.406967 1.14455 0
          0.306035 1.16662 0
          0.291642 1.12247 0
          0.421593 1.17825 0
          0.442277 1.22589 0
          0.332401 1.2475 0
          0.316956 1.20012 0
          0.457973 1.26205 0
          0.48017 1.31318 0
          0.360696 1.33429 0
          0.344121 1.28345 0
          0.497013 1.35199 0
          0.520833 1.40686 0
          0.391059 1.42742 0
          0.373273 1.37287 0
          0.538908 1.44849 0
          0.564469 1.50738 0
          0.423642 1.52737 0
          0.404555 1.46882 0
          0.583865 1.55206 0
          0.611295 1.61525 0
          0.458607 1.63462 0
          0.438125 1.57179 0
          0.63211 1.6632 0
          0.661545 1.73101 0
          0.496129 1.74972 0
          0.47415 1.6823 0
          0.683882 1.78246 0
          0.71547 1.85523 0
          0.536394 1.87323 0
          0.512808 1.80088 0
          0.739439 1.91044 0
          0.773336 1.98853 0
          0.579604 2.00577 0
          0.554292 1.92813 0
          0.799058 2.04778 0
          0.835434 2.13158 0
          0.625972 2.148 0
          0.59881 2.06468 0
          0.863037 2.19516 0
          0.902072 2.28509 0
          0.675731 2.30063 0
          0.646583 2.21122 0
          0.931693 2.35332 0
          0.973582 2.44982 0
          0.729128 2.46442 0
          0.697849 2.36847 0
          1.00537 2.52304 0
          1.05032 2.6266 0
          0.786428 2.64018 0
          0.752862 2.53722 0
          1.08443 2.70517 0
          1.13267 2.8163 0
          0.847919 2.8288 0
          0.811899 2.71831 0
          1.16927 2.90062 0
          1.22104 3.01987 0
          0.913905 3.0312 0
          0.875251 2.91264 0
          1.26032 3.11036 0
          1.31587 3.23832 0
          0.984716 3.24841 0
          0.943236 3.12117 0
          1.35802 3.33543 0
          1.41764 3.47275 0
          1.0607 3.48149 0
          1.01619 3.34496 0
          1.46287 3.57696 0
          1.52684 3.72432 0
          1.14225 3.73162 0
          1.09448 3.5851 0
          1.57538 3.83614 0
          1.64403 3.99428 0
          1.22975 4.00004 0
          1.17849 3.8428 0
          1.69612 4.11428 0
          1.76979 4.28398 0
          1.32366 4.28808 0
          1.26865 4.11935 0
          1.82569 4.41275 0
          1.90474 4.59486 0
          1.42443 4.59718 0
          1.3654 4.41611 0
          1.96473 4.73305 0
          2.04956 4.92847 0
          1.53256 4.92888 0
          1.46922 4.73457 0
          0.186163 0.995426 0
          0.195566 1.03364 0
          0.10827 1.04521 0
          0.103082 1.00711 0
          0.202701 1.06264 0
          0.212792 1.10365 0
          0.117773 1.11502 0
          0.112206 1.07413 0
          0.220449 1.13477 0
          0.231278 1.17878 0
          0.127971 1.18993 0
          0.121997 1.14605 0
          0.239495 1.21217 0
          0.251115 1.2594 0
          0.138914 1.27031 0
          0.132503 1.22322 0
          0.259933 1.29523 0
          0.272403 1.34591 0
          0.150657 1.35657 0
          0.143778 1.30604 0
          0.281866 1.38437 0
          0.295247 1.43875 0
          0.163259 1.44914 0
          0.155877 1.39492 0
          0.305402 1.48002 0
          0.319762 1.53838 0
          0.176783 1.54848 0
          0.168861 1.49029 0
          0.330659 1.58267 0
          0.346069 1.6453 0
          0.191295 1.65508 0
          0.182794 1.59264 0
          0.357762 1.69282 0
          0.374299 1.76003 0
          0.206868 1.76948 0
          0.197746 1.70247 0
          0.386847 1.81102 0
          0.404593 1.88314 0
          0.22358 1.89224 0
          0.213791 1.82033 0
          0.418059 1.93787 0
          0.437102 2.01526 0
          0.241514 2.02397 0
          0.231009 1.9468 0
          0.451553 2.07399 0
          0.471988 2.15704 0
          0.260759 2.16534 0
          0.249486 2.08253 0
          0.487495 2.22006 0
          0.509425 2.30919 0
          0.281411 2.31704 0
          0.269313 2.22817 0
          0.526066 2.37682 0
          0.549599 2.47246 0
          0.303573 2.47983 0
          0.290591 2.38447 0
          0.567457 2.54503 0
          0.59271 2.64767 0
          0.327356 2.65453 0
          0.313424 2.55219 0
          0.611873 2.72555 0
          0.638974 2.83568 0
          0.352877 2.842 0
          0.337927 2.73218 0
          0.659538 2.91926 0
          0.68862 3.03745 0
          0.380264 3.04317 0
          0.364221 2.92533 0
          0.710687 3.12713 0
          0.741895 3.25396 0
          0.409654 3.25906 0
          0.392438 3.1326 0
          0.765576 3.3502 0
          0.799066 3.48631 0
          0.441192 3.49073 0
          0.422718 3.35502 0
          0.824479 3.58959 0
          0.860417 3.73564 0
          0.475037 3.73933 0
          0.455211 3.5937 0
          0.887688 3.84647 0
          0.926254 4.00321 0
          0.511356 4.00612 0
          0.490081 3.84984 0
          0.955518 4.12214 0
          0.996904 4.29034 0
          0.55033 4.29241 0
          0.527499 4.1247 0
          1.02831 4.41796 0
          1.07272 4.59846 0
          0.592154 4.59963 0
          0.567654 4.41966 0
          1.10642 4.73542 0
          1.15408 4.92911 0
          0.637036 4.92931 0
          0.610745 4.73619 0
          0.0419578 1.01138 0
          0.0440618 1.04945 0
          -0.0440618 1.04945 0
          -0.0419578 1.01138 0
          0.0456584 1.07833 0
          0.0479162 1.11918 0
          -0.0479162 1.11918 0
          -0.0456584 1.07833 0
          0.0496295 1.15017 0
          0.0520524 1.19401 0
          -0.0520524 1.19401 0
          -0.0496295 1.15017 0
          0.0538909 1.22727 0
          0.056491 1.27431 0
          -0.056491 1.27431 0
          -0.0538909 1.22727 0
          0.058464 1.31 0
          0.0612541 1.36048 0
          -0.0612541 1.36048 0
          -0.058464 1.31 0
          0.0633713 1.39878 0
          0.0663655 1.45295 0
          -0.0663655 1.45295 0
          -0.0633713 1.39878 0
          0.0686375 1.49405 0
          0.0718506 1.55218 0
          -0.0718506 1.55218 0
          -0.0686375 1.49405 0
          0.0742887 1.59629 0
          0.0777368 1.65866 0
          -0.0777368 1.65866 0
          -0.0742887 1.59629 0
          0.0803532 1.706 0
          0.0840533 1.77294 0
          -0.0840533 1.77294 0
          -0.0803532 1.706 0
          0.086861 1.82373 0
          0.0908316 1.89556 0
          -0.0908316 1.89556 0
          -0.086861 1.82373 0
          0.0938446 1.95007 0
          0.0981055 2.02716 0
          -0.0981055 2.02716 0
          -0.0938446 1.95007 0
          0.101339 2.08565 0
          0.105911 2.16837 0
          -0.105911 2.16837 0
          -0.101339 2.08565 0
          0.109381 2.23114 0
          0.114288 2.31991 0
          -0.114288 2.31991 0
          -0.109381 2.23114 0
          0.118011 2.38727 0
          0.123277 2.48253 0
          -0.123277 2.48253 0
          -0.118011 2.38727 0
          0.127272 2.55481 0
          0.132923 2.65704 0
          -0.132923 2.65704 0
          -0.127272 2.55481 0
          0.137211 2.73461 0
          0.143274 2.84431 0
          -0.143274 2.84431 0
          -0.137211 2.73461 0
          0.147875 2.92755 0
          0.154382 3.04527 0
          -0.154382 3.04527 0
          -0.147875 2.92755 0
          0.15932 3.13459 0
          0.166303 3.26092 0
          -0.166303 3.26092 0
          -0.15932 3.13459 0
          0.171602 3.35678 0
          0.179095 3.49234 0
          -0.179095 3.49234 0
          -0.171602 3.35678 0
          0.184781 3.59521 0
          0.192822 3.74068 0
          -0.192822 3.74068 0
          -0.184781 3.59521 0
          0.198924 3.85107 0
          0.207553 4.00718 0
          -0.207553 4.00718 0
          -0.198924 3.85107 0
          0.214101 4.12564 0
          0.223361 4.29316 0
          -0.223361 4.29316 0
          -0.214101 4.12564 0
          0.230388 4.42028 0
          0.240325 4.60006 0
          -0.240325 4.60006 0
          -0.230388 4.42028 0
          0.247865 4.73647 0
          0.258529 4.92939 0
          -0.258529 4.92939 0
          -0.247865 4.73647 0
          -0.103082 1.00711 0
          -0.10827 1.04521 0
          -0.195566 1.03364 0
          -0.186163 0.995426 0
          -0.112206 1.07413 0
          -0.117773 1.11502 0
          -0.212792 1.10365 0
          -0.202701 1.06264 0
          -0.121997 1.14605 0
          -0.127971 1.18993 0
          -0.231278 1.17878 0
          -0.220449 1.13477 0
          -0.132503 1.22322 0
          -0.138914 1.27031 0
          -0.251115 1.2594 0
          -0.239495 1.21217 0
          -0.143778 1.30604 0
          -0.150657 1.35657 0
          -0.272403 1.34591 0
          -0.259933 1.29523 0
          -0.155877 1.39492 0
          -0.163259 1.44914 0
          -0.295247 1.43875 0
          -0.281866 1.38437 0
          -0.168861 1.49029 0
          -0.176783 1.54848 0
          -0.319762 1.53838 0
          -0.305402 1.48002 0
          -0.182794 1.59264 0
          -0.191295 1.65508 0
          -0.346069 1.6453 0
          -0.330659 1.58267 0
          -0.197746 1.70247 0
          -0.206868 1.76948 0
          -0.374299 1.76003 0
          -0.357762 1.69282 0
          -0.213791 1.82033 0
          -0.22358 1.89224 0
          -0.404593 1.88314 0
          -0.386847 1.81102 0
          -0.231009 1.9468 0
          -0.241514 2.02397 0
          -0.437102 2.01526 0
          -0.418059 1.93787 0
          -0.249486 2.08253 0
          -0.260759 2.16534 0
          -0.471988 2.15704 0
          -0.451553 2.07399 0
          -0.269313 2.22817 0
          -0.281411 2.31704 0
          -0.509425 2.30919 0
          -0.487495 2.22006 0
          -0.290591 2.38447 0
          -0.303573 2.47983 0
          -0.549599 2.47246 0
          -0.526066 2.37682 0
          -0.313424 2.55219 0
          -0.327356 2.65453 0
          -0.59271 2.64767 0
          -0.567457 2.54503 0
          -0.337927 2.73218 0
          -0.352877 2.842 0
          -0.638974 2.83568 0
          -0.611873 2.72555 0
          -0.364221 2.92533 0
          -0.380264 3.04317 0
          -0.68862 3.03745 0
          -0.659538 2.91926 0
          -0.392438 3.1326 0
          -0.409654 3.25906 0
          -0.741895 3.25396 0
          -0.710687 3.12713 0
          -0.422718 3.35502 0
          -0.441192 3.49073 0
          -0.799066 3.48631 0
          -0.765576 3.3502 0
          -0.455211 3.5937 0
          -0.475037 3.73933 0
          -0.860417 3.73564 0
          -0.824479 3.58959 0
          -0.490081 3.84984 0
          -0.511356 4.00612 0
          -0.926254 4.00321 0
          -0.887688 3.84647 0
          -0.527499 4.1247 0
          -0.55033 4.29241 0
          -0.996904 4.29034 0
          -0.955518 4.12214 0
          -0.567654 4.41966 0
          -0.592154 4.59963 0
          -1.07272 4.59846 0
          -1.02831 4.41796 0
          -0.610745 4.73619 0
          -0.637036 4.92931 0
          -1.15408 4.92911 0
          -1.10642 4.73542 0
          -0.24607 0.982685 0
          -0.258569 1.02102 0
          -0.343399 0.998116 0
          -0.326661 0.959558 0
          -0.268052 1.05011 0
          -0.281465 1.09125 0
          -0.374062 1.06875 0
          -0.3561 1.02737 0
          -0.291642 1.12247 0
          -0.306035 1.16662 0
          -0.406967 1.14455 0
          -0.387691 1.10015 0
          -0.316956 1.20012 0
          -0.332401 1.2475 0
          -0.442277 1.22589 0
          -0.421593 1.17825 0
          -0.344121 1.28345 0
          -0.360696 1.33429 0
          -0.48017 1.31318 0
          -0.457973 1.26205 0
          -0.373273 1.37287 0
          -0.391059 1.42742 0
          -0.520833 1.40686 0
          -0.497013 1.35199 0
          -0.404555 1.46882 0
          -0.423642 1.52737 0
          -0.564469 1.50738 0
          -0.538908 1.44849 0
          -0.438125 1.57179 0
          -0.458607 1.63462 0
          -0.611295 1.61525 0
          -0.583865 1.55206 0
          -0.47415 1.6823 0
          -0.496129 1.74972 0
          -0.661545 1.73101 0
          -0.63211 1.6632 0
          -0.512808 1.80088 0
          -0.536394 1.87323 0
          -0.71547 1.85523 0
          -0.683882 1.78246 0
          -0.554292 1.92813 0
          -0.579604 2.00577 0
          -0.773336 1.98853 0
          -0.739439 1.91044 0
          -0.59881 2.06468 0
          -0.625972 2.148 0
          -0.835434 2.13158 0
          -0.799058 2.04778 0
          -0.646583 2.21122 0
          -0.675731 2.30063 0
          -0.902072 2.28509 0
          -0.863037 2.19516 0
          -0.697849 2.36847 0
          -0.729128 2.46442 0
          -0.973582 2.44982 0
          -0.931693 2.35332 0
          -0.752862 2.53722 0
          -0.786428 2.64018 0
          -1.05032 2.6266 0
          -1.00537 2.52304 0
          -0.811899 2.71831 0
          -0.847919 2.8288 0
          -1.13267 2.8163 0
          -1.08443 2.70517 0
          -0.875251 2.91264 0
          -0.913905 3.0312 0
          -1.22104 3.01987 0
          -1.16927 2.90062 0
          -0.943236 3.12117 0
          -0.984716 3.24841 0
          -1.31587 3.23832 0
          -1.26032 3.11036 0
          -1.01619 3.34496 0
          -1.0607 3.48149 0
          -1.41764 3.47275 0
          -1.35802 3.33543 0
          -1.09448 3.5851 0
          -1.14225 3.73162 0
          -1.52684 3.72432 0
          -1.46287 3.57696 0
          -1.17849 3.8428 0
          -1.22975 4.00004 0
          -1.64403 3.99428 0
          -1.57538 3.83614 0
          -1.26865 4.11935 0
          -1.32366 4.28808 0
          -1.76979 4.28398 0
          -1.69612 4.11428 0
          -1.3654 4.41611 0
          -1.42443 4.59718 0
          -1.90474 4.59486 0
          -1.82569 4.41275 0
          -1.46922 4.73457 0
          -1.53256 4.92888 0
          -2.04956 4.92847 0
          -1.96473 4.73305 0
          -0.384159 0.938611 0
          -0.404015 0.977369 0
          -0.484791 0.943594 0
          -0.460656 0.90451 0
          -0.419082 1.00678 0
          -0.44039 1.04837 0
          -0.529005 1.01519 0
          -0.503105 0.973251 0
          -0.456559 1.07993 0
          -0.479424 1.12456 0
          -0.576451 1.09203 0
          -0.548657 1.04702 0
          -0.496775 1.15843 0
          -0.521313 1.20633 0
          -0.627366 1.17448 0
          -0.59754 1.12618 0
          -0.539932 1.24267 0
          -0.566264 1.29407 0
          -0.682003 1.26295 0
          -0.649997 1.21113 0
          -0.586245 1.33307 0
          -0.614502 1.38823 0
          -0.740636 1.3579 0
          -0.70629 1.30228 0
          -0.635943 1.43008 0
          -0.666266 1.48927 0
          -0.803555 1.45979 0
          -0.766698 1.40011 0
          -0.689276 1.53418 0
          -0.721816 1.5977 0
          -0.871075 1.56913 0
          -0.831523 1.50508 0
          -0.746507 1.6459 0
          -0.781426 1.71406 0
          -0.943531 1.68647 0
          -0.901087 1.61774 0
          -0.807924 1.76578 0
          -0.845396 1.83892 0
          -1.02129 1.81238 0
          -0.975738 1.73862 0
          -0.87383 1.89443 0
          -0.914042 1.97292 0
          -1.10472 1.9475 0
          -1.05585 1.86835 0
          -0.944555 2.03248 0
          -0.987707 2.11671 0
          -1.19426 2.0925 0
          -1.14181 2.00756 0
          -1.02045 2.18062 0
          -1.06676 2.27101 0
          -1.29035 2.2481 0
          -1.23406 2.15695 0
          -1.1019 2.3396 0
          -1.15159 2.4366 0
          -1.39346 2.41508 0
          -1.33306 2.31726 0
          -1.1893 2.5102 0
          -1.24262 2.61429 0
          -1.50411 2.59426 0
          -1.43929 2.4893 0
          -1.28309 2.69328 0
          -1.34031 2.80498 0
          -1.62285 2.78655 0
          -1.5533 2.67391 0
          -1.38374 2.88974 0
          -1.44514 3.0096 0
          -1.75027 2.99289 0
          -1.67563 2.87202 0
          -1.49174 3.10056 0
          -1.55764 3.22919 0
          -1.88701 3.21432 0
          -1.80691 3.08461 0
          -1.60765 3.3268 0
          -1.67836 3.46483 0
          -2.03375 3.45194 0
          -1.94779 3.31275 0
          -1.73202 3.56958 0
          -1.80791 3.71771 0
          -2.19121 3.70694 0
          -2.09897 3.55757 0
          -1.8655 3.83011 0
          -1.94693 3.98907 0
          -2.36019 3.98058 0
          -2.26121 3.82028 0
          -2.00873 4.10969 0
          -2.09612 4.28027 0
          -2.54152 4.27422 0
          -2.4353 4.10221 0
          -2.16243 4.40971 0
          -2.25621 4.59276 0
          -2.73611 4.58934 0
          -2.62213 4.40475 0
          -2.32737 4.73166 0
          -2.42801 4.9281 0
          -2.94493 4.9275 0
          -2.82261 4.72941 0
          -0.514602 0.875784 0
          -0.541889 0.915142 0
          -0.617105 0.871185 0
          -0.585486 0.831403 0
          -0.562594 0.945007 0
          -0.591876 0.987242 0
          -0.675029 0.944061 0
          -0.641098 0.901371 0
          -0.614095 1.01929 0
          -0.645518 1.06461 0
          -0.737188 1.02227 0
          -0.700777 0.976455 0
          -0.669362 1.09901 0
          -0.703083 1.14764 0
          -0.803892 1.10619 0
          -0.764818 1.05703 0
          -0.72867 1.18455 0
          -0.764856 1.23674 0
          -0.875473 1.19625 0
          -0.833542 1.14349 0
          -0.792314 1.27635 0
          -0.831145 1.33236 0
          -0.952288 1.29289 0
          -0.907291 1.23628 0
          -0.860611 1.37486 0
          -0.902282 1.43496 0
          -1.03472 1.3966 0
          -0.986432 1.33585 0
          -0.933902 1.48057 0
          -0.978619 1.54507 0
          -1.12318 1.50789 0
          -1.07136 1.4427 0
          -1.01255 1.59401 0
          -1.06054 1.66323 0
          -1.2181 1.62732 0
          -1.1625 1.55736 0
          -1.09695 1.71575 0
          -1.14845 1.79002 0
          -1.31997 1.75548 0
          -1.2603 1.68041 0
          -1.18752 1.84638 0
          -1.24278 1.92609 0
          -1.42928 1.89301 0
          -1.36525 1.81245 0
          -1.28471 1.98657 0
          -1.34401 2.07211 0
          -1.54659 2.0406 0
          -1.47787 1.95414 0
          -1.38901 2.13701 0
          -1.45265 2.2288 0
          -1.67247 2.19898 0
          -1.59873 2.1062 0
          -1.50094 2.29845 0
          -1.56923 2.39694 0
          -1.80755 2.36893 0
          -1.72842 2.26937 0
          -1.62105 2.47169 0
          -1.69433 2.57739 0
          -1.95252 2.55132 0
          -1.8676 2.44448 0
          -1.74993 2.65759 0
          -1.82857 2.77102 0
          -2.10808 2.74703 0
          -2.01695 2.63239 0
          -1.88825 2.85709 0
          -1.97264 2.97881 0
          -2.27502 2.95706 0
          -2.17723 2.83403 0
          -2.03667 3.07118 0
          -2.12723 3.2018 0
          -2.45416 3.18245 0
          -2.34922 3.05042 0
          -2.19595 3.30091 0
          -2.29313 3.44109 0
          -2.6464 3.42431 0
          -2.53379 3.28263 0
          -2.36687 3.54745 0
          -2.47116 3.69787 0
          -2.85269 3.68386 0
          -2.73185 3.53182 0
          -2.5503 3.81201 0
          -2.66221 3.97343 0
          -3.07407 3.96238 0
          -2.94439 3.79923 0
          -2.74713 4.09591 0
          -2.86722 4.26913 0
          -3.31163 4.26127 0
          -3.17247 4.08619 0
          -2.95835 4.40058 0
          -3.08722 4.58646 0
          -3.56657 4.58201 0
          -3.41723 4.39412 0
          -3.18501 4.72751 0
          -3.32331 4.92699 0
          -3.84014 4.9262 0
          -3.67988 4.72458 0
          -0.634808 0.795483 0
          -0.669623 0.835607 0
          -0.737888 0.782363 0
          -0.698673 0.741726 0
          -0.696041 0.866053 0
          -0.733402 0.909111 0
          -0.809726 0.856807 0
          -0.767644 0.813199 0
          -0.761752 0.941784 0
          -0.801844 0.98799 0
          -0.886817 0.936694 0
          -0.841658 0.889898 0
          -0.832267 1.02305 0
          -0.87529 1.07264 0
          -0.969544 1.02242 0
          -0.921084 0.972204 0
          -0.907937 1.11026 0
          -0.954106 1.16347 0
          -1.05832 1.11442 0
          -1.00632 1.06053 0
          -0.98914 1.20385 0
          -1.03869 1.26095 0
          -1.15359 1.21314 0
          -1.09778 1.15531 0
          -1.07628 1.30427 0
          -1.12945 1.36555 0
          -1.25582 1.31908 0
          -1.19593 1.25702 0
          -1.16979 1.41204 0
          -1.22685 1.4778 0
          -1.36552 1.43277 0
          -1.30126 1.36617 0
          -1.27014 1.52769 0
          -1.33137 1.59826 0
          -1.48325 1.55476 0
          -1.41429 1.4833 0
          -1.37783 1.6518 0
          -1.44353 1.72752 0
          -1.60959 1.68568 0
          -1.53558 1.60899 0
          -1.49338 1.78498 0
          -1.56389 1.86624 0
          -1.74516 1.82617 0
          -1.66574 1.74388 0
          -1.61739 1.9279 0
          -1.69305 2.0151 0
          -1.89064 1.97693 0
          -1.80542 1.88862 0
          -1.75047 2.08126 0
          -1.83166 2.17484 0
          -2.04676 2.13872 0
          -1.95531 2.04395 0
          -1.89327 2.24585 0
          -1.9804 2.34626 0
          -2.2143 2.31233 0
          -2.11616 2.21063 0
          -2.04652 2.42246 0
          -2.14002 2.53022 0
          -2.39409 2.49864 0
          -2.28877 2.3895 0
          -2.21097 2.61198 0
          -2.3113 2.72762 0
          -2.58702 2.69857 0
          -2.474 2.58145 0
          -2.38744 2.81537 0
          -2.49511 2.93946 0
          -2.79405 2.91311 0
          -2.67277 2.78744 0
          -2.57682 3.03362 0
          -2.69236 3.16679 0
          -3.01623 3.14335 0
          -2.88608 3.00848 0
          -2.78004 3.26783 0
          -2.90403 3.41073 0
          -3.25464 3.39041 0
          -3.11498 3.24569 0
          -2.99812 3.51917 0
          -3.13118 3.67252 0
          -3.51049 3.65554 0
          -3.36062 3.50023 0
          -3.23215 3.78888 0
          -3.37493 3.95344 0
          -3.78505 3.94006 0
          -3.62422 3.77339 0
          -3.48328 4.07831 0
          -3.63651 4.2549 0
          -4.07968 4.24538 0
          -3.90709 4.06653 0
          -3.75278 4.3889 0
          -3.91721 4.57841 0
          -4.39585 4.57302 0
          -4.21064 4.38109 0
          -4.04198 4.72221 0
          -4.21844 4.92557 0
          -4.73514 4.92461 0
          -4.53639 4.71865 0
          4.92459 4.7509 0
          4.71855 4.55148 0
          4.72183 4.09829 0
          4.92547 4.27726 0
          4.57287 4.41046 0
          4.38087 4.22462 0
          4.38808 3.80496 0
          4.57784 3.97174 0
          4.24511 4.09322 0
          4.06619 3.92004 0
          4.07707 3.53161 0
          4.2539 3.68703 0
          3.93968 3.79758 0
          3.77296 3.63621 0
          3.78725 3.27689 0
          3.95203 3.42172 0
          3.65507 3.5221 0
          3.4997 3.37171 0
          3.51718 3.03952 0
          3.67073 3.17448 0
          3.38984 3.26538 0
          3.24506 3.12524 0
          3.26551 2.81833 0
          3.4086 2.94409 0
          3.14269 3.02615 0
          3.00777 2.89556 0
          3.03098 2.61221 0
          3.16432 2.7294 0
          2.91237 2.80322 0
          2.78665 2.68153 0
          2.81243 2.42013 0
          2.93669 2.52934 0
          2.69775 2.59548 0
          2.58059 2.48208 0
          2.60878 2.24113 0
          2.72457 2.3429 0
          2.49775 2.4019 0
          2.38858 2.29622 0
          2.419 2.07433 0
          2.5269 2.16917 0
          2.31138 2.2215 0
          2.20964 2.12303 0
          2.24214 1.9189 0
          2.3427 2.00727 0
          2.1377 2.0534 0
          2.0429 1.96163 0
          2.07734 1.77406 0
          2.17104 1.85641 0
          1.97586 1.89674 0
          1.88751 1.81123 0
          1.92377 1.63908 0
          2.01109 1.71582 0
          1.82504 1.75077 0
          1.74272 1.67108 0
          1.78066 1.5133 0
          1.86203 1.58482 0
          1.6845 1.61473 0
          1.60779 1.54048 0
          1.6473 1.3961 0
          1.72313 1.46274 0
          1.55354 1.48797 0
          1.48205 1.41877 0
          1.52303 1.28687 0
          1.59369 1.34897 0
          1.4315 1.36984 0
          1.36488 1.30536 0
          1.40722 1.18509 0
          1.47307 1.24296 0
          1.31777 1.25976 0
          1.25569 1.19967 0
          1.29931 1.09025 0
          1.36067 1.14417 0
          1.21179 1.15718 0
          1.15394 1.10119 0
          1.19875 1.00186 0
          1.25592 1.05211 0
          1.11304 1.06159 0
          1.05913 1.00941 0
          1.10503 0.919498 0
          1.15832 0.966327 0
          1.02101 0.972517 0
          0.970772 0.923892 0
          1.01771 0.842747 0
          1.06736 0.886385 0
          0.93525 0.889509 0
          0.888437 0.844197 0
          0.936331 0.771226 0
          0.982599 0.81189 0
          0.855334 0.812156 0
          0.811711 0.769932 0
          0.860499 0.704577 0
          0.903615 0.742471 0
          0.780864 0.740074 0
          0.740212 0.700726 0
          0.789833 0.642469 0
          0.830011 0.677782 0
          4.92606 3.9305 0
          4.72404 3.76639 0
          4.72681 3.31281 0
          4.9268 3.45675 0
          4.5812 3.65035 0
          4.39295 3.49742 0
          4.39902 3.07689 0
          4.58539 3.21102 0
          4.25983 3.38929 0
          4.08441 3.24678 0
          4.09357 2.85704 0
          4.26724 2.98204 0
          3.96036 3.14602 0
          3.79689 3.01322 0
          3.80894 2.65218 0
          3.97077 2.76866 0
          3.6813 2.91932 0
          3.52897 2.79557 0
          3.54369 2.46127 0
          3.6945 2.56981 0
          3.42125 2.70807 0
          3.27929 2.59275 0
          3.29652 2.28337 0
          3.43705 2.38452 0
          3.17891 2.51121 0
          3.04663 2.40375 0
          3.06619 2.11759 0
          3.19714 2.21184 0
          2.95309 2.32776 0
          2.82982 2.22762 0
          2.85155 1.9631 0
          2.97358 2.05094 0
          2.74266 2.15681 0
          2.62778 2.0635 0
          2.65153 1.81914 0
          2.76525 1.90099 0
          2.54656 1.99751 0
          2.43951 1.91056 0
          2.46514 1.68499 0
          2.57112 1.76127 0
          2.36382 1.84907 0
          2.26407 1.76803 0
          2.29146 1.55998 0
          2.39021 1.63106 0
          2.19353 1.71073 0
          2.10058 1.63522 0
          2.1296 1.44349 0
          2.22163 1.50972 0
          2.03485 1.58183 0
          1.94822 1.51146 0
          1.97877 1.33493 0
          2.06453 1.39665 0
          1.88697 1.4617 0
          1.80625 1.39613 0
          1.83822 1.23377 0
          1.91814 1.29129 0
          1.74917 1.34976 0
          1.67395 1.28866 0
          1.70725 1.1395 0
          1.78172 1.1931 0
          1.62076 1.24545 0
          1.55067 1.1885 0
          1.5852 1.05166 0
          1.65459 1.1016 0
          1.5011 1.14824 0
          1.43578 1.09518 0
          1.47146 0.969797 0
          1.53613 1.01634 0
          1.38959 1.05766 0
          1.32873 1.00821 0
          1.36548 0.893514 0
          1.42574 0.936886 0
          1.28568 0.973245 0
          1.22896 0.927167 0
          1.26671 0.822429 0
          1.32287 0.862845 0
          1.18885 0.894585 0
          1.136 0.851646 0
          1.17468 0.756187 0
          1.227 0.79385 0
          1.09862 0.821284 0
          1.04936 0.781271 0
          1.08891 0.694458 0
          1.13767 0.729555 0
          1.01453 0.752977 0
          0.968633 0.71569 0
          1.00899 0.636935 0
          1.05443 0.66964 0
          0.936177 0.689324 0
          0.893404 0.654578 0
          0.934513 0.583331 0
          0.976858 0.613808 0
          0.863159 0.630008 0
          0.8233 0.597629 0
          0.865111 0.533379 0
          0.904571 0.56178 0
          4.92728 3.10991 0
          4.72862 2.98064 0
          4.73082 2.52674 0
          4.92787 2.63608 0
          4.58815 2.88924 0
          4.40302 2.76877 0
          4.40786 2.34752 0
          4.59148 2.44942 0
          4.27211 2.68359 0
          4.0996 2.57134 0
          4.1069 2.18052 0
          4.27801 2.27547 0
          3.97761 2.49196 0
          3.81685 2.38736 0
          3.82644 2.0249 0
          3.9859 2.11338 0
          3.70318 2.31339 0
          3.55337 2.21591 0
          3.5651 1.87987 0
          3.71369 1.96233 0
          3.44744 2.14698 0
          3.30784 2.05614 0
          3.32156 1.74473 0
          3.46002 1.82157 0
          3.20913 1.99191 0
          3.07904 1.90726 0
          3.09461 1.6188 0
          3.22364 1.6904 0
          2.98705 1.84741 0
          2.86583 1.76852 0
          2.88312 1.50145 0
          3.00337 1.56817 0
          2.78011 1.71275 0
          2.66714 1.63924 0
          2.68605 1.39209 0
          2.7981 1.45427 0
          2.58726 1.58726 0
          2.48199 1.51876 0
          2.5024 1.29018 0
          2.60682 1.34812 0
          2.40756 1.47033 0
          2.30946 1.4065 0
          2.33126 1.19522 0
          2.42857 1.24921 0
          2.2401 1.36136 0
          2.14868 1.30188 0
          2.17179 1.10673 0
          2.26246 1.15704 0
          2.08404 1.25982 0
          1.99886 1.20439 0
          2.02318 1.02426 0
          2.10767 1.07115 0
          1.93862 1.16519 0
          1.85924 1.11354 0
          1.88469 0.947417 0
          1.96343 0.991108 0
          1.80311 1.07701 0
          1.72914 1.02888 0
          1.75564 0.875807 0
          1.82902 0.916522 0
          1.67683 0.994844 0
          1.6079 0.949989 0
          1.63539 0.809076 0
          1.70376 0.847017 0
          1.55916 0.918272 0
          1.49492 0.876474 0
          1.52332 0.746892 0
          1.58704 0.782248 0
          1.4495 0.846918 0
          1.38964 0.807967 0
          1.4189 0.688945 0
          1.47827 0.721892 0
          1.34731 0.780425 0
          1.29153 0.744128 0
          1.32158 0.634945 0
          1.37691 0.665648 0
          1.25209 0.718462 0
          1.20011 0.684639 0
          1.2309 0.584625 0
          1.28246 0.613236 0
          1.16335 0.660721 0
          1.11491 0.629202 0
          1.1464 0.537734 0
          1.19444 0.564395 0
          1.08066 0.606915 0
          1.03552 0.577543 0
          1.06765 0.494037 0
          1.11242 0.518881 0
          1.0036 0.556774 0
          0.961539 0.529403 0
          0.994266 0.453317 0
          1.03599 0.476469 0
          0.931796 0.510049 0
          0.892599 0.484544 0
          0.925884 0.415372 0
          0.964764 0.436946 0
          4.92825 2.28919 0
          4.73221 2.19436 0
          4.73381 1.74021 0
          4.92867 1.81529 0
          4.59359 2.12731 0
          4.41091 2.03895 0
          4.41443 1.61715 0
          4.59602 1.68711 0
          4.28174 1.97646 0
          4.11151 1.89412 0
          4.11681 1.50247 0
          4.28603 1.56767 0
          3.99114 1.83589 0
          3.8325 1.75916 0
          3.83947 1.39561 0
          3.99716 1.45637 0
          3.72033 1.7049 0
          3.5725 1.63339 0
          3.58102 1.29603 0
          3.72797 1.35265 0
          3.46798 1.58283 0
          3.33022 1.5162 0
          3.34019 1.20324 0
          3.47712 1.256 0
          3.23282 1.46908 0
          3.10445 1.40699 0
          3.11576 1.11676 0
          3.24336 1.16593 0
          3.01368 1.36308 0
          2.89405 1.30522 0
          2.90662 1.03618 0
          3.02553 1.082 0
          2.80947 1.2643 0
          2.698 1.21038 0
          2.71174 0.961089 0
          2.82254 1.00378 0
          2.61917 1.17225 0
          2.5153 1.122 0
          2.53013 0.891114 0
          2.63338 0.9309 0
          2.44184 1.08647 0
          2.34505 1.03965 0
          2.36089 0.825907 0
          2.45711 0.862981 0
          2.2766 1.00654 0
          2.18639 0.962908 0
          2.20319 0.765142 0
          2.29285 0.799691 0
          2.12261 0.932055 0
          2.03855 0.891394 0
          2.05623 0.708517 0
          2.13978 0.740712 0
          1.97911 0.862643 0
          1.90078 0.824753 0
          1.91928 0.655751 0
          1.99714 0.685752 0
          1.84539 0.79796 0
          1.7724 0.762652 0
          1.79166 0.606579 0
          1.86422 0.634536 0
          1.72078 0.737685 0
          1.65276 0.704782 0
          1.67274 0.560758 0
          1.74035 0.58681 0
          1.60466 0.681516 0
          1.54128 0.650855 0
          1.56192 0.518058 0
          1.62493 0.542336 0
          1.49646 0.629174 0
          1.43739 0.600602 0
          1.45865 0.478268 0
          1.51737 0.500892 0
          1.39562 0.580399 0
          1.34058 0.553773 0
          1.36242 0.441189 0
          1.41713 0.462271 0
          1.30166 0.534946 0
          1.25036 0.510135 0
          1.27274 0.406636 0
          1.32373 0.426282 0
          1.21409 0.492591 0
          1.16629 0.46947 0
          1.18918 0.374438 0
          1.23669 0.392745 0
          1.1325 0.453121 0
          1.08795 0.431575 0
          1.1113 0.344433 0
          1.15558 0.361493 0
          1.05646 0.41634 0
          1.01495 0.396263 0
          1.03874 0.316473 0
          1.08 0.33237 0
          0.985601 0.382066 0
          0.946922 0.363356 0
          0.971113 0.290417 0
          1.00956 0.305231 0
          4.92893 1.46835 0
          4.73475 1.40768 0
          4.73572 0.953355 0
          4.92919 0.99441 0
          4.59745 1.36478 0
          4.4165 1.30823 0
          4.41863 0.886065 0
          4.59892 0.924324 0
          4.28855 1.26825 0
          4.11993 1.21556 0
          4.12315 0.823361 0
          4.29115 0.859013 0
          4.0007 1.17831 0
          3.84357 1.12921 0
          3.8478 0.764929 0
          4.00435 0.798151 0
          3.73246 1.09449 0
          3.58604 1.04874 0
          3.59121 0.710478 0
          3.7371 0.741437 0
          3.4825 1.01638 0
          3.34605 0.973748 0
          3.3521 0.659736 0
          3.48805 0.688586 0
          3.24957 0.943599 0
          3.12242 0.903868 0
          3.12928 0.612452 0
          3.25597 0.639336 0
          3.03251 0.875773 0
          2.91402 0.838749 0
          2.92165 0.56839 0
          3.0397 0.593442 0
          2.83023 0.812568 0
          2.71982 0.778067 0
          2.72816 0.52733 0
          2.83817 0.550675 0
          2.64174 0.75367 0
          2.53885 0.721519 0
          2.54785 0.489067 0
          2.65037 0.510822 0
          2.46609 0.698785 0
          2.37021 0.668824 0
          2.37983 0.453411 0
          2.47536 0.473684 0
          2.30241 0.647639 0
          2.21306 0.61972 0
          2.22326 0.420185 0
          2.31228 0.439076 0
          2.14988 0.599978 0
          2.06662 0.573961 0
          2.07735 0.389222 0
          2.16031 0.406826 0
          2.00775 0.555564 0
          1.93016 0.531319 0
          1.94139 0.360369 0
          2.01869 0.376774 0
          1.87529 0.514176 0
          1.80299 0.491583 0
          1.81468 0.333482 0
          1.88672 0.348769 0
          1.75187 0.475608 0
          1.68449 0.454555 0
          1.69662 0.308426 0
          1.76375 0.322672 0
          1.63685 0.439668 0
          1.57406 0.420049 0
          1.58659 0.285078 0
          1.64915 0.298353 0
          1.52967 0.406176 0
          1.47116 0.387894 0
          1.48406 0.263321 0
          1.54236 0.275691 0
          1.42979 0.374967 0
          1.37527 0.35793 0
          1.38852 0.243046 0
          1.44284 0.254573 0
          1.33671 0.345883 0
          1.28591 0.330008 0
          1.29949 0.224152 0
          1.35011 0.234894 0
          1.24998 0.318782 0
          1.20263 0.303988 0
          1.21652 0.206546 0
          1.26369 0.216556 0
          1.16916 0.293526 0
          1.12504 0.27974 0
          1.13921 0.190139 0
          1.18317 0.199467 0
          1.09384 0.269992 0
          1.05273 0.257145 0
          1.06716 0.17485 0
          1.10812 0.183543 0
          1.02365 0.248061 0
          0.985342 0.236089 0
          1.00002 0.160603 0
          1.0382 0.168703 0
          4.92931 0.647451 0
          4.73619 0.620735 0
          4.73652 0.166325 0
          4.9294 0.173484 0
          4.59964 0.601844 0
          4.41968 0.576948 0
          4.42039 0.154593 0
          4.60013 0.161264 0
          4.29242 0.559344 0
          4.12472 0.536145 0
          4.1258 0.14366 0
          4.29329 0.149876 0
          4.00614 0.51974 0
          3.84987 0.498122 0
          3.85128 0.133471 0
          4.00736 0.139264 0
          3.73936 0.482835 0
          3.59373 0.462689 0
          3.59547 0.123977 0
          3.74092 0.129375 0
          3.49076 0.448444 0
          3.35506 0.42967 0
          3.35708 0.11513 0
          3.49262 0.12016 0
          3.2591 0.416396 0
          3.13264 0.398902 0
          3.13494 0.106885 0
          3.26124 0.111573 0
          3.04322 0.386531 0
          2.92537 0.370229 0
          2.92793 0.0992026 0
          3.04563 0.103571 0
          2.84205 0.358702 0
          2.73223 0.34351 0
          2.73503 0.0920433 0
          2.84471 0.0961138 0
          2.65458 0.332768 0
          2.55225 0.318612 0
          2.55527 0.0853717 0
          2.65747 0.0891649 0
          2.47989 0.308601 0
          2.38453 0.29541 0
          2.38775 0.0791548 0
          2.483 0.0826895 0
          2.3171 0.286081 0
          2.22824 0.273788 0
          2.23165 0.0733614 0
          2.32041 0.0766553 0
          2.1654 0.265096 0
          2.08259 0.25364 0
          2.08619 0.0679627 0
          2.1689 0.0710322 0
          2.02404 0.24554 0
          1.94687 0.234865 0
          1.95064 0.0629318 0
          2.02771 0.0657922 0
          1.89231 0.227316 0
          1.8204 0.217369 0
          1.82432 0.0582438 0
          1.89614 0.0609092 0
          1.76955 0.210335 0
          1.70254 0.201065 0
          1.70661 0.0538751 0
          1.77353 0.056359 0
          1.65516 0.19451 0
          1.59271 0.185871 0
          1.59692 0.0498041 0
          1.65928 0.0521187 0
          1.54856 0.179763 0
          1.49037 0.171713 0
          1.4947 0.0460104 0
          1.55281 0.0481674 0
          1.44922 0.166021 0
          1.395 0.15852 0
          1.39944 0.0424752 0
          1.4536 0.0444852 0
          1.35666 0.153215 0
          1.30613 0.146225 0
          1.31068 0.0391809 0
          1.36115 0.041054 0
          1.2704 0.141282 0
          1.22331 0.134768 0
          1.22796 0.0361111 0
          1.27499 0.0378565 0
          1.19001 0.130162 0
          1.14613 0.124092 0
          1.15088 0.0332504 0
          1.19471 0.0348769 0
          1.11511 0.1198 0
          1.07422 0.114143 0
          1.07906 0.0305846 0
          1.1199 0.0321003 0
          1.0453 0.110143 0
          1.0072 0.104872 0
          1.01212 0.0281004 0
          1.05018 0.0295128 0
          4.9294 -0.173484 0
          4.73652 -0.166325 0
          4.73619 -0.620735 0
          4.92931 -0.647451 0
          4.60013 -0.161264 0
          4.42039 -0.154593 0
          4.41968 -0.576948 0
          4.59964 -0.601844 0
          4.29329 -0.149876 0
          4.1258 -0.14366 0
          4.12472 -0.536145 0
          4.29242 -0.559344 0
          4.00736 -0.139264 0
          3.85128 -0.133471 0
          3.84987 -0.498122 0
          4.00614 -0.51974 0
          3.74092 -0.129375 0
          3.59547 -0.123977 0
          3.59373 -0.462689 0
          3.73936 -0.482835 0
          3.49262 -0.12016 0
          3.35708 -0.11513 0
          3.35506 -0.42967 0
          3.49076 -0.448444 0
          3.26124 -0.111573 0
          3.13494 -0.106885 0
          3.13264 -0.398902 0
          3.2591 -0.416396 0
          3.04563 -0.103571 0
          2.92793 -0.0992026 0
          2.92537 -0.370229 0
          3.04322 -0.386531 0
          2.84471 -0.0961138 0
          2.73503 -0.0920433 0
          2.73223 -0.34351 0
          2.84205 -0.358702 0
          2.65747 -0.0891649 0
          2.55527 -0.0853717 0
          2.55225 -0.318612 0
          2.65458 -0.332768 0
          2.483 -0.0826895 0
          2.38775 -0.0791548 0
          2.38453 -0.29541 0
          2.47989 -0.308601 0
          2.32041 -0.0766553 0
          2.23165 -0.0733614 0
          2.22824 -0.273788 0
          2.3171 -0.286081 0
          2.1689 -0.0710322 0
          2.08619 -0.0679627 0
          2.08259 -0.25364 0
          2.1654 -0.265096 0
          2.02771 -0.0657922 0
          1.95064 -0.0629318 0
          1.94687 -0.234865 0
          2.02404 -0.24554 0
          1.89614 -0.0609092 0
          1.82432 -0.0582438 0
          1.8204 -0.217369 0
          1.89231 -0.227316 0
          1.77353 -0.056359 0
          1.70661 -0.0538751 0
          1.70254 -0.201065 0
          1.76955 -0.210335 0
          1.65928 -0.0521187 0
          1.59692 -0.0498041 0
          1.59271 -0.185871 0
          1.65516 -0.19451 0
          1.55281 -0.0481674 0
          1.4947 -0.0460104 0
          1.49037 -0.171713 0
          1.54856 -0.179763 0
          1.4536 -0.0444852 0
          1.39944 -0.0424752 0
          1.395 -0.15852 0
          1.44922 -0.166021 0
          1.36115 -0.041054 0
          1.31068 -0.0391809 0
          1.30613 -0.146225 0
          1.35666 -0.153215 0
          1.27499 -0.0378565 0
          1.22796 -0.0361111 0
          1.22331 -0.134768 0
          1.2704 -0.141282 0
          1.19471 -0.0348769 0
          1.15088 -0.0332504 0
          1.14613 -0.124092 0
          1.19001 -0.130162 0
          1.1199 -0.0321003 0
          1.07906 -0.0305846 0
          1.07422 -0.114143 0
          1.11511 -0.1198 0
          1.05018 -0.0295128 0
          1.01212 -0.0281004 0
          1.0072 -0.104872 0
          1.0453 -0.110143 0
          4.92919 -0.99441 0
          4.73572 -0.953355 0
          4.73475 -1.40768 0
          4.92893 -1.46835 0
          4.59892 -0.924324 0
          4.41863 -0.886065 0
          4.4165 -1.30823 0
          4.59745 -1.36478 0
          4.29115 -0.859013 0
          4.12315 -0.823361 0
          4.11993 -1.21556 0
          4.28855 -1.26825 0
          4.00435 -0.798151 0
          3.8478 -0.764929 0
          3.84357 -1.12921 0
          4.0007 -1.17831 0
          3.7371 -0.741437 0
          3.59121 -0.710478 0
          3.58604 -1.04874 0
          3.73246 -1.09449 0
          3.48805 -0.688586 0
          3.3521 -0.659736 0
          3.34605 -0.973748 0
          3.4825 -1.01638 0
          3.25597 -0.639336 0
          3.12928 -0.612452 0
          3.12242 -0.903868 0
          3.24957 -0.943599 0
          3.0397 -0.593442 0
          2.92165 -0.56839 0
          2.91402 -0.838749 0
          3.03251 -0.875773 0
          2.83817 -0.550675 0
          2.72816 -0.52733 0
          2.71982 -0.778067 0
          2.83023 -0.812568 0
          2.65037 -0.510822 0
          2.54785 -0.489067 0
          2.53885 -0.721519 0
          2.64174 -0.75367 0
          2.47536 -0.473684 0
          2.37983 -0.453411 0
          2.37021 -0.668824 0
          2.46609 -0.698785 0
          2.31228 -0.439076 0
          2.22326 -0.420185 0
          2.21306 -0.61972 0
          2.30241 -0.647639 0
          2.16031 -0.406826 0
          2.07735 -0.389222 0
          2.06662 -0.573961 0
          2.14988 -0.599978 0
          2.01869 -0.376774 0
          1.94139 -0.360369 0
          1.93016 -0.531319 0
          2.00775 -0.555564 0
          1.88672 -0.348769 0
          1.81468 -0.333482 0
          1.80299 -0.491583 0
          1.87529 -0.514176 0
          1.76375 -0.322672 0
          1.69662 -0.308426 0
          1.68449 -0.454555 0
          1.75187 -0.475608 0
          1.64915 -0.298353 0
          1.58659 -0.285078 0
          1.57406 -0.420049 0
          1.63685 -0.439668 0
          1.54236 -0.275691 0
          1.48406 -0.263321 0
          1.47116 -0.387894 0
          1.52967 -0.406176 0
          1.44284 -0.254573 0
          1.38852 -0.243046 0
          1.37527 -0.35793 0
          1.42979 -0.374967 0
          1.35011 -0.234894 0
          1.29949 -0.224152 0
          1.28591 -0.330008 0
          1.33671 -0.345883 0
          1.26369 -0.216556 0
          1.21652 -0.206546 0
          1.20263 -0.303988 0
          1.24998 -0.318782 0
          1.18317 -0.199467 0
          1.13921 -0.190139 0
          1.12504 -0.27974 0
          1.16916 -0.293526 0
          1.10812 -0.183543 0
          1.06716 -0.17485 0
          1.05273 -0.257145 0
          1.09384 -0.269992 0
          1.0382 -0.168703 0
          1.00002 -0.160603 0
          0.985342 -0.236089 0
          1.02365 -0.248061 0
          4.92867 -1.81529 0
          4.73381 -1.74021 0
          4.73221 -2.19436 0
          4.92825 -2.28919 0
          4.59602 -1.68711 0
          4.41443 -1.61715 0
          4.41091 -2.03895 0
          4.59359 -2.12731 0
          4.28603 -1.56767 0
          4.11681 -1.50247 0
          4.11151 -1.89412 0
          4.28174 -1.97646 0
          3.99716 -1.45637 0
          3.83947 -1.39561 0
          3.8325 -1.75916 0
          3.99114 -1.83589 0
          3.72797 -1.35265 0
          3.58102 -1.29603 0
          3.5725 -1.63339 0
          3.72033 -1.7049 0
          3.47712 -1.256 0
          3.34019 -1.20324 0
          3.33022 -1.5162 0
          3.46798 -1.58283 0
          3.24336 -1.16593 0
          3.11576 -1.11676 0
          3.10445 -1.40699 0
          3.23282 -1.46908 0
          3.02553 -1.082 0
          2.90662 -1.03618 0
          2.89405 -1.30522 0
          3.01368 -1.36308 0
          2.82254 -1.00378 0
          2.71174 -0.961089 0
          2.698 -1.21038 0
          2.80947 -1.2643 0
          2.63338 -0.9309 0
          2.53013 -0.891114 0
          2.5153 -1.122 0
          2.61917 -1.17225 0
          2.45711 -0.862981 0
          2.36089 -0.825907 0
          2.34505 -1.03965 0
          2.44184 -1.08647 0
          2.29285 -0.799691 0
          2.20319 -0.765142 0
          2.18639 -0.962908 0
          2.2766 -1.00654 0
          2.13978 -0.740712 0
          2.05623 -0.708517 0
          2.03855 -0.891394 0
          2.12261 -0.932055 0
          1.99714 -0.685752 0
          1.91928 -0.655751 0
          1.90078 -0.824753 0
          1.97911 -0.862643 0
          1.86422 -0.634536 0
          1.79166 -0.606579 0
          1.7724 -0.762652 0
          1.84539 -0.79796 0
          1.74035 -0.58681 0
          1.67274 -0.560758 0
          1.65276 -0.704782 0
          1.72078 -0.737685 0
          1.62493 -0.542336 0
          1.56192 -0.518058 0
          1.54128 -0.650855 0
          1.60466 -0.681516 0
          1.51737 -0.500892 0
          1.45865 -0.478268 0
          1.43739 -0.600602 0
          1.49646 -0.629174 0
          1.41713 -0.462271 0
          1.36242 -0.441189 0
          1.34058 -0.553773 0
          1.39562 -0.580399 0
          1.32373 -0.426282 0
          1.27274 -0.406636 0
          1.25036 -0.510135 0
          1.30166 -0.534946 0
          1.23669 -0.392745 0
          1.18918 -0.374438 0
          1.16629 -0.46947 0
          1.21409 -0.492591 0
          1.15558 -0.361493 0
          1.1113 -0.344433 0
          1.08795 -0.431575 0
          1.1325 -0.453121 0
          1.08 -0.33237 0
          1.03874 -0.316473 0
          1.01495 -0.396263 0
          1.05646 -0.41634 0
          1.00956 -0.305231 0
          0.971113 -0.290417 0
          0.946922 -0.363356 0
          0.985601 -0.382066 0
          4.92787 -2.63608 0
          4.73082 -2.52674 0
          4.72862 -2.98064 0
          4.92728 -3.10991 0
          4.59148 -2.44942 0
          4.40786 -2.34752 0
          4.40302 -2.76877 0
          4.58815 -2.88924 0
          4.27801 -2.27547 0
          4.1069 -2.18052 0
          4.0996 -2.57134 0
          4.27211 -2.68359 0
          3.9859 -2.11338 0
          3.82644 -2.0249 0
          3.81685 -2.38736 0
          3.97761 -2.49196 0
          3.71369 -1.96233 0
          3.5651 -1.87987 0
          3.55337 -2.21591 0
          3.70318 -2.31339 0
          3.46002 -1.82157 0
          3.32156 -1.74473 0
          3.30784 -2.05614 0
          3.44744 -2.14698 0
          3.22364 -1.6904 0
          3.09461 -1.6188 0
          3.07904 -1.90726 0
          3.20913 -1.99191 0
          3.00337 -1.56817 0
          2.88312 -1.50145 0
          2.86583 -1.76852 0
          2.98705 -1.84741 0
          2.7981 -1.45427 0
          2.68605 -1.39209 0
          2.66714 -1.63924 0
          2.78011 -1.71275 0
          2.60682 -1.34812 0
          2.5024 -1.29018 0
          2.48199 -1.51876 0
          2.58726 -1.58726 0
          2.42857 -1.24921 0
          2.33126 -1.19522 0
          2.30946 -1.4065 0
          2.40756 -1.47033 0
          2.26246 -1.15704 0
          2.17179 -1.10673 0
          2.14868 -1.30188 0
          2.2401 -1.36136 0
          2.10767 -1.07115 0
          2.02318 -1.02426 0
          1.99886 -1.20439 0
          2.08404 -1.25982 0
          1.96343 -0.991108 0
          1.88469 -0.947417 0
          1.85924 -1.11354 0
          1.93862 -1.16519 0
          1.82902 -0.916522 0
          1.75564 -0.875807 0
          1.72914 -1.02888 0
          1.80311 -1.07701 0
          1.70376 -0.847017 0
          1.63539 -0.809076 0
          1.6079 -0.949989 0
          1.67683 -0.994844 0
          1.58704 -0.782248 0
          1.52332 -0.746892 0
          1.49492 -0.876474 0
          1.55916 -0.918272 0
          1.47827 -0.721892 0
          1.4189 -0.688945 0
          1.38964 -0.807967 0
          1.4495 -0.846918 0
          1.37691 -0.665648 0
          1.32158 -0.634945 0
          1.29153 -0.744128 0
          1.34731 -0.780425 0
          1.28246 -0.613236 0
          1.2309 -0.584625 0
          1.20011 -0.684639 0
          1.25209 -0.718462 0
          1.19444 -0.564395 0
          1.1464 -0.537734 0
          1.11491 -0.629202 0
          1.16335 -0.660721 0
          1.11242 -0.518881 0
          1.06765 -0.494037 0
          1.03552 -0.577543 0
          1.08066 -0.606915 0
          1.03599 -0.476469 0
          0.994266 -0.453317 0
          0.961539 -0.529403 0
          1.0036 -0.556774 0
          0.964764 -0.436946 0
          0.925884 -0.415372 0
          0.892599 -0.484544 0
          0.931796 -0.510049 0
          4.9268 -3.45675 0
          4.72681 -3.31281 0
          4.72404 -3.76639 0
          4.92606 -3.9305 0
          4.58539 -3.21102 0
          4.39902 -3.07689 0
          4.39295 -3.49742 0
          4.5812 -3.65035 0
          4.26724 -2.98204 0
          4.09357 -2.85704 0
          4.08441 -3.24678 0
          4.25983 -3.38929 0
          3.97077 -2.76866 0
          3.80894 -2.65218 0
          3.79689 -3.01322 0
          3.96036 -3.14602 0
          3.6945 -2.56981 0
          3.54369 -2.46127 0
          3.52897 -2.79557 0
          3.6813 -2.91932 0
          3.43705 -2.38452 0
          3.29652 -2.28337 0
          3.27929 -2.59275 0
          3.42125 -2.70807 0
          3.19714 -2.21184 0
          3.06619 -2.11759 0
          3.04663 -2.40375 0
          3.17891 -2.51121 0
          2.97358 -2.05094 0
          2.85155 -1.9631 0
          2.82982 -2.22762 0
          2.95309 -2.32776 0
          2.76525 -1.90099 0
          2.65153 -1.81914 0
          2.62778 -2.0635 0
          2.74266 -2.15681 0
          2.57112 -1.76127 0
          2.46514 -1.68499 0
          2.43951 -1.91056 0
          2.54656 -1.99751 0
          2.39021 -1.63106 0
          2.29146 -1.55998 0
          2.26407 -1.76803 0
          2.36382 -1.84907 0
          2.22163 -1.50972 0
          2.1296 -1.44349 0
          2.10058 -1.63522 0
          2.19353 -1.71073 0
          2.06453 -1.39665 0
          1.97877 -1.33493 0
          1.94822 -1.51146 0
          2.03485 -1.58183 0
          1.91814 -1.29129 0
          1.83822 -1.23377 0
          1.80625 -1.39613 0
          1.88697 -1.4617 0
          1.78172 -1.1931 0
          1.70725 -1.1395 0
          1.67395 -1.28866 0
          1.74917 -1.34976 0
          1.65459 -1.1016 0
          1.5852 -1.05166 0
          1.55067 -1.1885 0
          1.62076 -1.24545 0
          1.53613 -1.01634 0
          1.47146 -0.969797 0
          1.43578 -1.09518 0
          1.5011 -1.14824 0
          1.42574 -0.936886 0
          1.36548 -0.893514 0
          1.32873 -1.00821 0
          1.38959 -1.05766 0
          1.32287 -0.862845 0
          1.26671 -0.822429 0
          1.22896 -0.927167 0
          1.28568 -0.973245 0
          1.227 -0.79385 0
          1.17468 -0.756187 0
          1.136 -0.851646 0
          1.18885 -0.894585 0
          1.13767 -0.729555 0
          1.08891 -0.694458 0
          1.04936 -0.781271 0
          1.09862 -0.821284 0
          1.05443 -0.66964 0
          1.00899 -0.636935 0
          0.968633 -0.71569 0
          1.01453 -0.752977 0
          0.976858 -0.613808 0
          0.934513 -0.583331 0
          0.893404 -0.654578 0
          0.936177 -0.689324 0
          0.904571 -0.56178 0
          0.865111 -0.533379 0
          0.8233 -0.597629 0
          0.863159 -0.630008 0
          4.92547 -4.27726 0
          4.72183 -4.09829 0
          4.71855 -4.55148 0
          4.92459 -4.7509 0
          4.57784 -3.97174 0
          4.38808 -3.80496 0
          4.38087 -4.22462 0
          4.57287 -4.41046 0
          4.2539 -3.68703 0
          4.07707 -3.53161 0
          4.06619 -3.92004 0
          4.24511 -4.09322 0
          3.95203 -3.42172 0
          3.78725 -3.27689 0
          3.77296 -3.63621 0
          3.93968 -3.79758 0
          3.67073 -3.17448 0
          3.51718 -3.03952 0
          3.4997 -3.37171 0
          3.65507 -3.5221 0
          3.4086 -2.94409 0
          3.26551 -2.81833 0
          3.24506 -3.12524 0
          3.38984 -3.26538 0
          3.16432 -2.7294 0
          3.03098 -2.61221 0
          3.00777 -2.89556 0
          3.14269 -3.02615 0
          2.93669 -2.52934 0
          2.81243 -2.42013 0
          2.78665 -2.68153 0
          2.91237 -2.80322 0
          2.72457 -2.3429 0
          2.60878 -2.24113 0
          2.58059 -2.48208 0
          2.69775 -2.59548 0
          2.5269 -2.16917 0
          2.419 -2.07433 0
          2.38858 -2.29622 0
          2.49775 -2.4019 0
          2.3427 -2.00727 0
          2.24214 -1.9189 0
          2.20964 -2.12303 0
          2.31138 -2.2215 0
          2.17104 -1.85641 0
          2.07734 -1.77406 0
          2.0429 -1.96163 0
          2.1377 -2.0534 0
          2.01109 -1.71582 0
          1.92377 -1.63908 0
          1.88751 -1.81123 0
          1.97586 -1.89674 0
          1.86203 -1.58482 0
          1.78066 -1.5133 0
          1.74272 -1.67108 0
          1.82504 -1.75077 0
          1.72313 -1.46274 0
          1.6473 -1.3961 0
          1.60779 -1.54048 0
          1.6845 -1.61473 0
          1.59369 -1.34897 0
          1.52303 -1.28687 0
          1.48205 -1.41877 0
          1.55354 -1.48797 0
          1.47307 -1.24296 0
          1.40722 -1.18509 0
          1.36488 -1.30536 0
          1.4315 -1.36984 0
          1.36067 -1.14417 0
          1.29931 -1.09025 0
          1.25569 -1.19967 0
          1.31777 -1.25976 0
          1.25592 -1.05211 0
          1.19875 -1.00186 0
          1.15394 -1.10119 0
          1.21179 -1.15718 0
          1.15832 -0.966327 0
          1.10503 -0.919498 0
          1.05913 -1.00941 0
          1.11304 -1.06159 0
          1.06736 -0.886385 0
          1.01771 -0.842747 0
          0.970772 -0.923892 0
          1.02101 -0.972517 0
          0.982599 -0.81189 0
          0.936331 -0.771226 0
          0.888437 -0.844197 0
          0.93525 -0.889509 0
          0.903615 -0.742471 0
          0.860499 -0.704577 0
          0.811711 -0.769932 0
          0.855334 -0.812156 0
          0.830011 -0.677782 0
          0.789833 -0.642469 0
          0.740212 -0.700726 0
          0.780864 -0.740074 0
          -4.92461 -4.73514 0
          -4.71865 -4.53639 0
          -4.72221 -4.04198 0
          -4.92557 -4.21844 0
          -4.57302 -4.39585 0
          -4.38109 -4.21064 0
          -4.3889 -3.75278 0
          -4.57841 -3.91721 0
          -4.24538 -4.07968 0
          -4.06653 -3.90709 0
          -4.07831 -3.48328 0
          -4.2549 -3.63651 0
          -3.94006 -3.78505 0
          -3.77339 -3.62422 0
          -3.78888 -3.23215 0
          -3.95344 -3.37493 0
          -3.65554 -3.51049 0
          -3.50023 -3.36062 0
          -3.51917 -2.99812 0
          -3.67252 -3.13118 0
          -3.39041 -3.25464 0
          -3.24569 -3.11498 0
          -3.26783 -2.78004 0
          -3.41073 -2.90403 0
          -3.14335 -3.01623 0
          -3.00848 -2.88608 0
          -3.03362 -2.57682 0
          -3.16679 -2.69236 0
          -2.91311 -2.79405 0
          -2.78744 -2.67277 0
          -2.81537 -2.38744 0
          -2.93946 -2.49511 0
          -2.69857 -2.58702 0
          -2.58145 -2.474 0
          -2.61198 -2.21097 0
          -2.72762 -2.3113 0
          -2.49864 -2.39409 0
          -2.3895 -2.28877 0
          -2.42246 -2.04652 0
          -2.53022 -2.14002 0
          -2.31233 -2.2143 0
          -2.21063 -2.11616 0
          -2.24585 -1.89327 0
          -2.34626 -1.9804 0
          -2.13872 -2.04676 0
          -2.04395 -1.95531 0
          -2.08126 -1.75047 0
          -2.17484 -1.83166 0
          -1.97693 -1.89064 0
          -1.88862 -1.80542 0
          -1.9279 -1.61739 0
          -2.0151 -1.69305 0
          -1.82617 -1.74516 0
          -1.74388 -1.66574 0
          -1.78498 -1.49338 0
          -1.86624 -1.56389 0
          -1.68568 -1.60959 0
          -1.60899 -1.53558 0
          -1.6518 -1.37783 0
          -1.72752 -1.44353 0
          -1.55476 -1.48325 0
          -1.4833 -1.41429 0
          -1.52769 -1.27014 0
          -1.59826 -1.33137 0
          -1.43277 -1.36552 0
          -1.36617 -1.30126 0
          -1.41204 -1.16979 0
          -1.4778 -1.22685 0
          -1.31908 -1.25582 0
          -1.25702 -1.19593 0
          -1.30427 -1.07628 0
          -1.36555 -1.12945 0
          -1.21314 -1.15359 0
          -1.15531 -1.09778 0
          -1.20385 -0.98914 0
          -1.26095 -1.03869 0
          -1.11442 -1.05832 0
          -1.06053 -1.00632 0
          -1.11026 -0.907937 0
          -1.16347 -0.954106 0
          -1.02242 -0.969544 0
          -0.972204 -0.921084 0
          -1.02305 -0.832267 0
          -1.07264 -0.87529 0
          -0.936694 -0.886817 0
          -0.889898 -0.841658 0
          -0.941784 -0.761752 0
          -0.98799 -0.801844 0
          -0.856807 -0.809726 0
          -0.813199 -0.767644 0
          -0.866053 -0.696041 0
          -0.909111 -0.733402 0
          -0.782363 -0.737888 0
          -0.741726 -0.698673 0
          -0.795483 -0.634808 0
          -0.835607 -0.669623 0
          -4.9262 -3.84014 0
          -4.72458 -3.67988 0
          -4.72751 -3.18501 0
          -4.92699 -3.32331 0
          -4.58201 -3.56657 0
          -4.39412 -3.41723 0
          -4.40058 -2.95835 0
          -4.58646 -3.08722 0
          -4.26127 -3.31163 0
          -4.08619 -3.17247 0
          -4.09591 -2.74713 0
          -4.26913 -2.86722 0
          -3.96238 -3.07407 0
          -3.79923 -2.94439 0
          -3.81201 -2.5503 0
          -3.97343 -2.66221 0
          -3.68386 -2.85269 0
          -3.53182 -2.73185 0
          -3.54745 -2.36687 0
          -3.69787 -2.47116 0
          -3.42431 -2.6464 0
          -3.28263 -2.53379 0
          -3.30091 -2.19595 0
          -3.44109 -2.29313 0
          -3.18245 -2.45416 0
          -3.05042 -2.34922 0
          -3.07118 -2.03667 0
          -3.2018 -2.12723 0
          -2.95706 -2.27502 0
          -2.83403 -2.17723 0
          -2.85709 -1.88825 0
          -2.97881 -1.97264 0
          -2.74703 -2.10808 0
          -2.63239 -2.01695 0
          -2.65759 -1.74993 0
          -2.77102 -1.82857 0
          -2.55132 -1.95252 0
          -2.44448 -1.8676 0
          -2.47169 -1.62105 0
          -2.57739 -1.69433 0
          -2.36893 -1.80755 0
          -2.26937 -1.72842 0
          -2.29845 -1.50094 0
          -2.39694 -1.56923 0
          -2.19898 -1.67247 0
          -2.1062 -1.59873 0
          -2.13701 -1.38901 0
          -2.2288 -1.45265 0
          -2.0406 -1.54659 0
          -1.95414 -1.47787 0
          -1.98657 -1.28471 0
          -2.07211 -1.34401 0
          -1.89301 -1.42928 0
          -1.81245 -1.36525 0
          -1.84638 -1.18752 0
          -1.92609 -1.24278 0
          -1.75548 -1.31997 0
          -1.68041 -1.2603 0
          -1.71575 -1.09695 0
          -1.79002 -1.14845 0
          -1.62732 -1.2181 0
          -1.55736 -1.1625 0
          -1.59401 -1.01255 0
          -1.66323 -1.06054 0
          -1.50789 -1.12318 0
          -1.4427 -1.07136 0
          -1.48057 -0.933902 0
          -1.54507 -0.978619 0
          -1.3966 -1.03472 0
          -1.33585 -0.986432 0
          -1.37486 -0.860611 0
          -1.43496 -0.902282 0
          -1.29289 -0.952288 0
          -1.23628 -0.907291 0
          -1.27635 -0.792314 0
          -1.33236 -0.831145 0
          -1.19625 -0.875473 0
          -1.14349 -0.833542 0
          -1.18455 -0.72867 0
          -1.23674 -0.764856 0
          -1.10619 -0.803892 0
          -1.05703 -0.764818 0
          -1.09901 -0.669362 0
          -1.14764 -0.703083 0
          -1.02227 -0.737188 0
          -0.976455 -0.700777 0
          -1.01929 -0.614095 0
          -1.06461 -0.645518 0
          -0.944061 -0.675029 0
          -0.901371 -0.641098 0
          -0.945007 -0.562594 0
          -0.987242 -0.591876 0
          -0.871185 -0.617105 0
          -0.831403 -0.585486 0
          -0.875784 -0.514602 0
          -0.915142 -0.541889 0
          -4.9275 -2.94493 0
          -4.72941 -2.82261 0
          -4.73166 -2.32737 0
          -4.9281 -2.42801 0
          -4.58934 -2.73611 0
          -4.40475 -2.62213 0
          -4.40971 -2.16243 0
          -4.59276 -2.25621 0
          -4.27422 -2.54152 0
          -4.10221 -2.4353 0
          -4.10969 -2.00873 0
          -4.28027 -2.09612 0
          -3.98058 -2.36019 0
          -3.82028 -2.26121 0
          -3.83011 -1.8655 0
          -3.98907 -1.94693 0
          -3.70694 -2.19121 0
          -3.55757 -2.09897 0
          -3.56958 -1.73202 0
          -3.71771 -1.80791 0
          -3.45194 -2.03375 0
          -3.31275 -1.94779 0
          -3.3268 -1.60765 0
          -3.46483 -1.67836 0
          -3.21432 -1.88701 0
          -3.08461 -1.80691 0
          -3.10056 -1.49174 0
          -3.22919 -1.55764 0
          -2.99289 -1.75027 0
          -2.87202 -1.67563 0
          -2.88974 -1.38374 0
          -3.0096 -1.44514 0
          -2.78655 -1.62285 0
          -2.67391 -1.5533 0
          -2.69328 -1.28309 0
          -2.80498 -1.34031 0
          -2.59426 -1.50411 0
          -2.4893 -1.43929 0
          -2.5102 -1.1893 0
          -2.61429 -1.24262 0
          -2.41508 -1.39346 0
          -2.31726 -1.33306 0
          -2.3396 -1.1019 0
          -2.4366 -1.15159 0
          -2.2481 -1.29035 0
          -2.15695 -1.23406 0
          -2.18062 -1.02045 0
          -2.27101 -1.06676 0
          -2.0925 -1.19426 0
          -2.00756 -1.14181 0
          -2.03248 -0.944555 0
          -2.11671 -0.987707 0
          -1.9475 -1.10472 0
          -1.86835 -1.05585 0
          -1.89443 -0.87383 0
          -1.97292 -0.914042 0
          -1.81238 -1.02129 0
          -1.73862 -0.975738 0
          -1.76578 -0.807924 0
          -1.83892 -0.845396 0
          -1.68647 -0.943531 0
          -1.61774 -0.901087 0
          -1.6459 -0.746507 0
          -1.71406 -0.781426 0
          -1.56913 -0.871075 0
          -1.50508 -0.831523 0
          -1.53418 -0.689276 0
          -1.5977 -0.721816 0
          -1.45979 -0.803555 0
          -1.40011 -0.766698 0
          -1.43008 -0.635943 0
          -1.48927 -0.666266 0
          -1.3579 -0.740636 0
          -1.30228 -0.70629 0
          -1.33307 -0.586245 0
          -1.38823 -0.614502 0
          -1.26295 -0.682003 0
          -1.21113 -0.649997 0
          -1.24267 -0.539932 0
          -1.29407 -0.566264 0
          -1.17448 -0.627366 0
          -1.12618 -0.59754 0
          -1.15843 -0.496775 0
          -1.20633 -0.521313 0
          -1.09203 -0.576451 0
          -1.04702 -0.548657 0
          -1.07993 -0.456559 0
          -1.12456 -0.479424 0
          -1.01519 -0.529005 0
          -0.973251 -0.503105 0
          -1.00678 -0.419082 0
          -1.04837 -0.44039 0
          -0.943594 -0.484791 0
          -0.90451 -0.460656 0
          -0.938611 -0.384159 0
          -0.977369 -0.404015 0
          -4.92847 -2.04956 0
          -4.73305 -1.96473 0
          -4.73457 -1.46922 0
          -4.92888 -1.53256 0
          -4.59486 -1.90474 0
          -4.41275 -1.82569 0
          -4.41611 -1.3654 0
          -4.59718 -1.42443 0
          -4.28398 -1.76979 0
          -4.11428 -1.69612 0
          -4.11935 -1.26865 0
          -4.28808 -1.32366 0
          -3.99428 -1.64403 0
          -3.83614 -1.57538 0
          -3.8428 -1.17849 0
          -4.00004 -1.22975 0
          -3.72432 -1.52684 0
          -3.57696 -1.46287 0
          -3.5851 -1.09448 0
          -3.73162 -1.14225 0
          -3.47275 -1.41764 0
          -3.33543 -1.35802 0
          -3.34496 -1.01619 0
          -3.48149 -1.0607 0
          -3.23832 -1.31587 0
          -3.11036 -1.26032 0
          -3.12117 -0.943236 0
          -3.24841 -0.984716 0
          -3.01987 -1.22104 0
          -2.90062 -1.16927 0
          -2.91264 -0.875251 0
          -3.0312 -0.913905 0
          -2.8163 -1.13267 0
          -2.70517 -1.08443 0
          -2.71831 -0.811899 0
          -2.8288 -0.847919 0
          -2.6266 -1.05032 0
          -2.52304 -1.00537 0
          -2.53722 -0.752862 0
          -2.64018 -0.786428 0
          -2.44982 -0.973582 0
          -2.35332 -0.931693 0
          -2.36847 -0.697849 0
          -2.46442 -0.729128 0
          -2.28509 -0.902072 0
          -2.19516 -0.863037 0
          -2.21122 -0.646583 0
          -2.30063 -0.675731 0
          -2.13158 -0.835434 0
          -2.04778 -0.799058 0
          -2.06468 -0.59881 0
          -2.148 -0.625972 0
          -1.98853 -0.773336 0
          -1.91044 -0.739439 0
          -1.92813 -0.554292 0
          -2.00577 -0.579604 0
          -1.85523 -0.71547 0
          -1.78246 -0.683882 0
          -1.80088 -0.512808 0
          -1.87323 -0.536394 0
          -1.73101 -0.661545 0
          -1.6632 -0.63211 0
          -1.6823 -0.47415 0
          -1.74972 -0.496129 0
          -1.61525 -0.611295 0
          -1.55206 -0.583865 0
          -1.57179 -0.438125 0
          -1.63462 -0.458607 0
          -1.50738 -0.564469 0
          -1.44849 -0.538908 0
          -1.46882 -0.404555 0
          -1.52737 -0.423642 0
          -1.40686 -0.520833 0
          -1.35199 -0.497013 0
          -1.37287 -0.373273 0
          -1.42742 -0.391059 0
          -1.31318 -0.48017 0
          -1.26205 -0.457973 0
          -1.28345 -0.344121 0
          -1.33429 -0.360696 0
          -1.22589 -0.442277 0
          -1.17825 -0.421593 0
          -1.20012 -0.316956 0
          -1.2475 -0.332401 0
          -1.14455 -0.406967 0
          -1.10015 -0.387691 0
          -1.12247 -0.291642 0
          -1.16662 -0.306035 0
          -1.06875 -0.374062 0
          -1.02737 -0.3561 0
          -1.05011 -0.268052 0
          -1.09125 -0.281465 0
          -0.998116 -0.343399 0
          -0.959558 -0.326661 0
          -0.982685 -0.24607 0
          -1.02102 -0.258569 0
          -4.92911 -1.15408 0
          -4.73542 -1.10642 0
          -4.73619 -0.610745 0
          -4.92931 -0.637036 0
          -4.59846 -1.07272 0
          -4.41796 -1.02831 0
          -4.41966 -0.567654 0
          -4.59963 -0.592154 0
          -4.29034 -0.996904 0
          -4.12214 -0.955518 0
          -4.1247 -0.527499 0
          -4.29241 -0.55033 0
          -4.00321 -0.926254 0
          -3.84647 -0.887688 0
          -3.84984 -0.490081 0
          -4.00612 -0.511356 0
          -3.73564 -0.860417 0
          -3.58959 -0.824479 0
          -3.5937 -0.455211 0
          -3.73933 -0.475037 0
          -3.48631 -0.799066 0
          -3.3502 -0.765576 0
          -3.35502 -0.422718 0
          -3.49073 -0.441192 0
          -3.25396 -0.741895 0
          -3.12713 -0.710687 0
          -3.1326 -0.392438 0
          -3.25906 -0.409654 0
          -3.03745 -0.68862 0
          -2.91926 -0.659538 0
          -2.92533 -0.364221 0
          -3.04317 -0.380264 0
          -2.83568 -0.638974 0
          -2.72555 -0.611873 0
          -2.73218 -0.337927 0
          -2.842 -0.352877 0
          -2.64767 -0.59271 0
          -2.54503 -0.567457 0
          -2.55219 -0.313424 0
          -2.65453 -0.327356 0
          -2.47246 -0.549599 0
          -2.37682 -0.526066 0
          -2.38447 -0.290591 0
          -2.47983 -0.303573 0
          -2.30919 -0.509425 0
          -2.22006 -0.487495 0
          -2.22817 -0.269313 0
          -2.31704 -0.281411 0
          -2.15704 -0.471988 0
          -2.07399 -0.451553 0
          -2.08253 -0.249486 0
          -2.16534 -0.260759 0
          -2.01526 -0.437102 0
          -1.93787 -0.418059 0
          -1.9468 -0.231009 0
          -2.02397 -0.241514 0
          -1.88314 -0.404593 0
          -1.81102 -0.386847 0
          -1.82033 -0.213791 0
          -1.89224 -0.22358 0
          -1.76003 -0.374299 0
          -1.69282 -0.357762 0
          -1.70247 -0.197746 0
          -1.76948 -0.206868 0
          -1.6453 -0.346069 0
          -1.58267 -0.330659 0
          -1.59264 -0.182794 0
          -1.65508 -0.191295 0
          -1.53838 -0.319762 0
          -1.48002 -0.305402 0
          -1.49029 -0.168861 0
          -1.54848 -0.176783 0
          -1.43875 -0.295247 0
          -1.38437 -0.281866 0
          -1.39492 -0.155877 0
          -1.44914 -0.163259 0
          -1.34591 -0.272403 0
          -1.29523 -0.259933 0
          -1.30604 -0.143778 0
          -1.35657 -0.150657 0
          -1.2594 -0.251115 0
          -1.21217 -0.239495 0
          -1.22322 -0.132503 0
          -1.27031 -0.138914 0
          -1.17878 -0.231278 0
          -1.13477 -0.220449 0
          -1.14605 -0.121997 0
          -1.18993 -0.127971 0
          -1.10365 -0.212792 0
          -1.06264 -0.202701 0
          -1.07413 -0.112206 0
          -1.11502 -0.117773 0
          -1.03364 -0.195566 0
          -0.995426 -0.186163 0
          -1.00711 -0.103082 0
          -1.04521 -0.10827 0
          -4.92939 -0.258529 0
          -4.73647 -0.247865 0
          -4.73647 0.247865 0
          -4.92939 0.258529 0
          -4.60006 -0.240325 0
          -4.42028 -0.230388 0
          -4.42028 0.230388 0
          -4.60006 0.240325 0
          -4.29316 -0.223361 0
          -4.12564 -0.214101 0
          -4.12564 0.214101 0
          -4.29316 0.223361 0
          -4.00718 -0.207553 0
          -3.85107 -0.198924 0
          -3.85107 0.198924 0
          -4.00718 0.207553 0
          -3.74068 -0.192822 0
          -3.59521 -0.184781 0
          -3.59521 0.184781 0
          -3.74068 0.192822 0
          -3.49234 -0.179095 0
          -3.35678 -0.171602 0
          -3.35678 0.171602 0
          -3.49234 0.179095 0
          -3.26092 -0.166303 0
          -3.13459 -0.15932 0
          -3.13459 0.15932 0
          -3.26092 0.166303 0
          -3.04527 -0.154382 0
          -2.92755 -0.147875 0
          -2.92755 0.147875 0
          -3.04527 0.154382 0
          -2.84431 -0.143274 0
          -2.73461 -0.137211 0
          -2.73461 0.137211 0
          -2.84431 0.143274 0
          -2.65704 -0.132923 0
          -2.55481 -0.127272 0
          -2.55481 0.127272 0
          -2.65704 0.132923 0
          -2.48253 -0.123277 0
          -2.38727 -0.118011 0
          -2.38727 0.118011 0
          -2.48253 0.123277 0
          -2.31991 -0.114288 0
          -2.23114 -0.109381 0
          -2.23114 0.109381 0
          -2.31991 0.114288 0
          -2.16837 -0.105911 0
          -2.08565 -0.101339 0
          -2.08565 0.101339 0
          -2.16837 0.105911 0
          -2.02716 -0.0981055 0
          -1.95007 -0.0938446 0
          -1.95007 0.0938446 0
          -2.02716 0.0981055 0
          -1.89556 -0.0908316 0
          -1.82373 -0.086861 0
          -1.82373 0.086861 0
          -1.89556 0.0908316 0
          -1.77294 -0.0840533 0
          -1.706 -0.0803532 0
          -1.706 0.0803532 0
          -1.77294 0.0840533 0
          -1.65866 -0.0777368 0
          -1.59629 -0.0742887 0
          -1.59629 0.0742887 0
          -1.65866 0.0777368 0
          -1.55218 -0.0718506 0
          -1.49405 -0.0686375 0
          -1.49405 0.0686375 0
          -1.55218 0.0718506 0
          -1.45295 -0.0663655 0
          -1.39878 -0.0633713 0
          -1.39878 0.0633713 0
          -1.45295 0.0663655 0
          -1.36048 -0.0612541 0
          -1.31 -0.058464 0
          -1.31 0.058464 0
          -1.36048 0.0612541 0
          -1.27431 -0.056491 0
          -1.22727 -0.0538909 0
          -1.22727 0.0538909 0
          -1.27431 0.056491 0
          -1.19401 -0.0520524 0
          -1.15017 -0.0496295 0
          -1.15017 0.0496295 0
          -1.19401 0.0520524 0
          -1.11918 -0.0479162 0
          -1.07833 -0.0456584 0
          -1.07833 0.0456584 0
          -1.11918 0.0479162 0
          -1.04945 -0.0440618 0
          -1.01138 -0.0419578 0
          -1.01138 0.0419578 0
          -1.04945 0.0440618 0
          -4.92931 0.637036 0
          -4.73619 0.610745 0
          -4.73542 1.10642 0
          -4.92911 1.15408 0
          -4.59963 0.592154 0
          -4.41966 0.567654 0
          -4.41796 1.02831 0
          -4.59846 1.07272 0
          -4.29241 0.55033 0
          -4.1247 0.527499 0
          -4.12214 0.955518 0
          -4.29034 0.996904 0
          -4.00612 0.511356 0
          -3.84984 0.490081 0
          -3.84647 0.887688 0
          -4.00321 0.926254 0
          -3.73933 0.475037 0
          -3.5937 0.455211 0
          -3.58959 0.824479 0
          -3.73564 0.860417 0
          -3.49073 0.441192 0
          -3.35502 0.422718 0
          -3.3502 0.765576 0
          -3.48631 0.799066 0
          -3.25906 0.409654 0
          -3.1326 0.392438 0
          -3.12713 0.710687 0
          -3.25396 0.741895 0
          -3.04317 0.380264 0
          -2.92533 0.364221 0
          -2.91926 0.659538 0
          -3.03745 0.68862 0
          -2.842 0.352877 0
          -2.73218 0.337927 0
          -2.72555 0.611873 0
          -2.83568 0.638974 0
          -2.65453 0.327356 0
          -2.55219 0.313424 0
          -2.54503 0.567457 0
          -2.64767 0.59271 0
          -2.47983 0.303573 0
          -2.38447 0.290591 0
          -2.37682 0.526066 0
          -2.47246 0.549599 0
          -2.31704 0.281411 0
          -2.22817 0.269313 0
          -2.22006 0.487495 0
          -2.30919 0.509425 0
          -2.16534 0.260759 0
          -2.08253 0.249486 0
          -2.07399 0.451553 0
          -2.15704 0.471988 0
          -2.02397 0.241514 0
          -1.9468 0.231009 0
          -1.93787 0.418059 0
          -2.01526 0.437102 0
          -1.89224 0.22358 0
          -1.82033 0.213791 0
          -1.81102 0.386847 0
          -1.88314 0.404593 0
          -1.76948 0.206868 0
          -1.70247 0.197746 0
          -1.69282 0.357762 0
          -1.76003 0.374299 0
          -1.65508 0.191295 0
          -1.59264 0.182794 0
          -1.58267 0.330659 0
          -1.6453 0.346069 0
          -1.54848 0.176783 0
          -1.49029 0.168861 0
          -1.48002 0.305402 0
          -1.53838 0.319762 0
          -1.44914 0.163259 0
          -1.39492 0.155877 0
          -1.38437 0.281866 0
          -1.43875 0.295247 0
          -1.35657 0.150657 0
          -1.30604 0.143778 0
          -1.29523 0.259933 0
          -1.34591 0.272403 0
          -1.27031 0.138914 0
          -1.22322 0.132503 0
          -1.21217 0.239495 0
          -1.2594 0.251115 0
          -1.18993 0.127971 0
          -1.14605 0.121997 0
          -1.13477 0.220449 0
          -1.17878 0.231278 0
          -1.11502 0.117773 0
          -1.07413 0.112206 0
          -1.06264 0.202701 0
          -1.10365 0.212792 0
          -1.04521 0.10827 0
          -1.00711 0.103082 0
          -0.995426 0.186163 0
          -1.03364 0.195566 0
          -4.92888 1.53256 0
          -4.73457 1.46922 0
          -4.73305 1.96473 0
          -4.92847 2.04956 0
          -4.59718 1.42443 0
          -4.41611 1.3654 0
          -4.41275 1.82569 0
          -4.59486 1.90474 0
          -4.28808 1.32366 0
          -4.11935 1.26865 0
          -4.11428 1.69612 0
          -4.28398 1.76979 0
          -4.00004 1.22975 0
          -3.8428 1.17849 0
          -3.83614 1.57538 0
          -3.99428 1.64403 0
          -3.73162 1.14225 0
          -3.5851 1.09448 0
          -3.57696 1.46287 0
          -3.72432 1.52684 0
          -3.48149 1.0607 0
          -3.34496 1.01619 0
          -3.33543 1.35802 0
          -3.47275 1.41764 0
          -3.24841 0.984716 0
          -3.12117 0.943236 0
          -3.11036 1.26032 0
          -3.23832 1.31587 0
          -3.0312 0.913905 0
          -2.91264 0.875251 0
          -2.90062 1.16927 0
          -3.01987 1.22104 0
          -2.8288 0.847919 0
          -2.71831 0.811899 0
          -2.70517 1.08443 0
          -2.8163 1.13267 0
          -2.64018 0.786428 0
          -2.53722 0.752862 0
          -2.52304 1.00537 0
          -2.6266 1.05032 0
          -2.46442 0.729128 0
          -2.36847 0.697849 0
          -2.35332 0.931693 0
          -2.44982 0.973582 0
          -2.30063 0.675731 0
          -2.21122 0.646583 0
          -2.19516 0.863037 0
          -2.28509 0.902072 0
          -2.148 0.625972 0
          -2.06468 0.59881 0
          -2.04778 0.799058 0
          -2.13158 0.835434 0
          -2.00577 0.579604 0
          -1.92813 0.554292 0
          -1.91044 0.739439 0
          -1.98853 0.773336 0
          -1.87323 0.536394 0
          -1.80088 0.512808 0
          -1.78246 0.683882 0
          -1.85523 0.71547 0
          -1.74972 0.496129 0
          -1.6823 0.47415 0
          -1.6632 0.63211 0
          -1.73101 0.661545 0
          -1.63462 0.458607 0
          -1.57179 0.438125 0
          -1.55206 0.583865 0
          -1.61525 0.611295 0
          -1.52737 0.423642 0
          -1.46882 0.404555 0
          -1.44849 0.538908 0
          -1.50738 0.564469 0
          -1.42742 0.391059 0
          -1.37287 0.373273 0
          -1.35199 0.497013 0
          -1.40686 0.520833 0
          -1.33429 0.360696 0
          -1.28345 0.344121 0
          -1.26205 0.457973 0
          -1.31318 0.48017 0
          -1.2475 0.332401 0
          -1.20012 0.316956 0
          -1.17825 0.421593 0
          -1.22589 0.442277 0
          -1.16662 0.306035 0
          -1.12247 0.291642 0
          -1.10015 0.387691 0
          -1.14455 0.406967 0
          -1.09125 0.281465 0
          -1.05011 0.268052 0
          -1.02737 0.3561 0
          -1.06875 0.374062 0
          -1.02102 0.258569 0
          -0.982685 0.24607 0
          -0.959558 0.326661 0
          -0.998116 0.343399 0
          -4.9281 2.42801 0
          -4.73166 2.32737 0
          -4.72941 2.82261 0
          -4.9275 2.94493 0
          -4.59276 2.25621 0
          -4.40971 2.16243 0
          -4.40475 2.62213 0
          -4.58934 2.73611 0
          -4.28027 2.09612 0
          -4.10969 2.00873 0
          -4.10221 2.4353 0
          -4.27422 2.54152 0
          -3.98907 1.94693 0
          -3.83011 1.8655 0
          -3.82028 2.26121 0
          -3.98058 2.36019 0
          -3.71771 1.80791 0
          -3.56958 1.73202 0
          -3.55757 2.09897 0
          -3.70694 2.19121 0
          -3.46483 1.67836 0
          -3.3268 1.60765 0
          -3.31275 1.94779 0
          -3.45194 2.03375 0
          -3.22919 1.55764 0
          -3.10056 1.49174 0
          -3.08461 1.80691 0
          -3.21432 1.88701 0
          -3.0096 1.44514 0
          -2.88974 1.38374 0
          -2.87202 1.67563 0
          -2.99289 1.75027 0
          -2.80498 1.34031 0
          -2.69328 1.28309 0
          -2.67391 1.5533 0
          -2.78655 1.62285 0
          -2.61429 1.24262 0
          -2.5102 1.1893 0
          -2.4893 1.43929 0
          -2.59426 1.50411 0
          -2.4366 1.15159 0
          -2.3396 1.1019 0
          -2.31726 1.33306 0
          -2.41508 1.39346 0
          -2.27101 1.06676 0
          -2.18062 1.02045 0
          -2.15695 1.23406 0
          -2.2481 1.29035 0
          -2.11671 0.987707 0
          -2.03248 0.944555 0
          -2.00756 1.14181 0
          -2.0925 1.19426 0
          -1.97292 0.914042 0
          -1.89443 0.87383 0
          -1.86835 1.05585 0
          -1.9475 1.10472 0
          -1.83892 0.845396 0
          -1.76578 0.807924 0
          -1.73862 0.975738 0
          -1.81238 1.02129 0
          -1.71406 0.781426 0
          -1.6459 0.746507 0
          -1.61774 0.901087 0
          -1.68647 0.943531 0
          -1.5977 0.721816 0
          -1.53418 0.689276 0
          -1.50508 0.831523 0
          -1.56913 0.871075 0
          -1.48927 0.666266 0
          -1.43008 0.635943 0
          -1.40011 0.766698 0
          -1.45979 0.803555 0
          -1.38823 0.614502 0
          -1.33307 0.586245 0
          -1.30228 0.70629 0
          -1.3579 0.740636 0
          -1.29407 0.566264 0
          -1.24267 0.539932 0
          -1.21113 0.649997 0
          -1.26295 0.682003 0
          -1.20633 0.521313 0
          -1.15843 0.496775 0
          -1.12618 0.59754 0
          -1.17448 0.627366 0
          -1.12456 0.479424 0
          -1.07993 0.456559 0
          -1.04702 0.548657 0
          -1.09203 0.576451 0
          -1.04837 0.44039 0
          -1.00678 0.419082 0
          -0.973251 0.503105 0
          -1.01519 0.529005 0
          -0.977369 0.404015 0
          -0.938611 0.384159 0
          -0.90451 0.460656 0
          -0.943594 0.484791 0
          -4.92699 3.32331 0
          -4.72751 3.18501 0
          -4.72458 3.67988 0
          -4.9262 3.84014 0
          -4.58646 3.08722 0
          -4.40058 2.95835 0
          -4.39412 3.41723 0
          -4.58201 3.56657 0
          -4.26913 2.86722 0
          -4.09591 2.74713 0
          -4.08619 3.17247 0
          -4.26127 3.31163 0
          -3.97343 2.66221 0
          -3.81201 2.5503 0
          -3.79923 2.94439 0
          -3.96238 3.07407 0
          -3.69787 2.47116 0
          -3.54745 2.36687 0
          -3.53182 2.73185 0
          -3.68386 2.85269 0
          -3.44109 2.29313 0
          -3.30091 2.19595 0
          -3.28263 2.53379 0
          -3.42431 2.6464 0
          -3.2018 2.12723 0
          -3.07118 2.03667 0
          -3.05042 2.34922 0
          -3.18245 2.45416 0
          -2.97881 1.97264 0
          -2.85709 1.88825 0
          -2.83403 2.17723 0
          -2.95706 2.27502 0
          -2.77102 1.82857 0
          -2.65759 1.74993 0
          -2.63239 2.01695 0
          -2.74703 2.10808 0
          -2.57739 1.69433 0
          -2.47169 1.62105 0
          -2.44448 1.8676 0
          -2.55132 1.95252 0
          -2.39694 1.56923 0
          -2.29845 1.50094 0
          -2.26937 1.72842 0
          -2.36893 1.80755 0
          -2.2288 1.45265 0
          -2.13701 1.38901 0
          -2.1062 1.59873 0
          -2.19898 1.67247 0
          -2.07211 1.34401 0
          -1.98657 1.28471 0
          -1.95414 1.47787 0
          -2.0406 1.54659 0
          -1.92609 1.24278 0
          -1.84638 1.18752 0
          -1.81245 1.36525 0
          -1.89301 1.42928 0
          -1.79002 1.14845 0
          -1.71575 1.09695 0
          -1.68041 1.2603 0
          -1.75548 1.31997 0
          -1.66323 1.06054 0
          -1.59401 1.01255 0
          -1.55736 1.1625 0
          -1.62732 1.2181 0
          -1.54507 0.978619 0
          -1.48057 0.933902 0
          -1.4427 1.07136 0
          -1.50789 1.12318 0
          -1.43496 0.902282 0
          -1.37486 0.860611 0
          -1.33585 0.986432 0
          -1.3966 1.03472 0
          -1.33236 0.831145 0
          -1.27635 0.792314 0
          -1.23628 0.907291 0
          -1.29289 0.952288 0
          -1.23674 0.764856 0
          -1.18455 0.72867 0
          -1.14349 0.833542 0
          -1.19625 0.875473 0
          -1.14764 0.703083 0
          -1.09901 0.669362 0
          -1.05703 0.764818 0
          -1.10619 0.803892 0
          -1.06461 0.645518 0
          -1.01929 0.614095 0
          -0.976455 0.700777 0
          -1.02227 0.737188 0
          -0.987242 0.591876 0
          -0.945007 0.562594 0
          -0.901371 0.641098 0
          -0.944061 0.675029 0
          -0.915142 0.541889 0
          -0.875784 0.514602 0
          -0.831403 0.585486 0
          -0.871185 0.617105 0
          -4.92557 4.21844 0
          -4.72221 4.04198 0
          -4.71865 4.53639 0
          -4.92461 4.73514 0
          -4.57841 3.91721 0
          -4.3889 3.75278 0
          -4.38109 4.21064 0
          -4.57302 4.39585 0
          -4.2549 3.63651 0
          -4.07831 3.48328 0
          -4.06653 3.90709 0
          -4.24538 4.07968 0
          -3.95344 3.37493 0
          -3.78888 3.23215 0
          -3.77339 3.62422 0
          -3.94006 3.78505 0
          -3.67252 3.13118 0
          -3.51917 2.99812 0
          -3.50023 3.36062 0
          -3.65554 3.51049 0
          -3.41073 2.90403 0
          -3.26783 2.78004 0
          -3.24569 3.11498 0
          -3.39041 3.25464 0
          -3.16679 2.69236 0
          -3.03362 2.57682 0
          -3.00848 2.88608 0
          -3.14335 3.01623 0
          -2.93946 2.49511 0
          -2.81537 2.38744 0
          -2.78744 2.67277 0
          -2.91311 2.79405 0
          -2.72762 2.3113 0
          -2.61198 2.21097 0
          -2.58145 2.474 0
          -2.69857 2.58702 0
          -2.53022 2.14002 0
          -2.42246 2.04652 0
          -2.3895 2.28877 0
          -2.49864 2.39409 0
          -2.34626 1.9804 0
          -2.24585 1.89327 0
          -2.21063 2.11616 0
          -2.31233 2.2143 0
          -2.17484 1.83166 0
          -2.08126 1.75047 0
          -2.04395 1.95531 0
          -2.13872 2.04676 0
          -2.0151 1.69305 0
          -1.9279 1.61739 0
          -1.88862 1.80542 0
          -1.97693 1.89064 0
          -1.86624 1.56389 0
          -1.78498 1.49338 0
          -1.74388 1.66574 0
          -1.82617 1.74516 0
          -1.72752 1.44353 0
          -1.6518 1.37783 0
          -1.60899 1.53558 0
          -1.68568 1.60959 0
          -1.59826 1.33137 0
          -1.52769 1.27014 0
          -1.4833 1.41429 0
          -1.55476 1.48325 0
          -1.4778 1.22685 0
          -1.41204 1.16979 0
          -1.36617 1.30126 0
          -1.43277 1.36552 0
          -1.36555 1.12945 0
          -1.30427 1.07628 0
          -1.25702 1.19593 0
          -1.31908 1.25582 0
          -1.26095 1.03869 0
          -1.20385 0.98914 0
          -1.15531 1.09778 0
          -1.21314 1.15359 0
          -1.16347 0.954106 0
          -1.11026 0.907937 0
          -1.06053 1.00632 0
          -1.11442 1.05832 0
          -1.07264 0.87529 0
          -1.02305 0.832267 0
          -0.972204 0.921084 0
          -1.02242 0.969544 0
          -0.98799 0.801844 0
          -0.941784 0.761752 0
          -0.889898 0.841658 0
          -0.936694 0.886817 0
          -0.909111 0.733402 0
          -0.866053 0.696041 0
          -0.813199 0.767644 0
          -0.856807 0.809726 0
          -0.835607 0.669623 0
          -0.795483 0.634808 0
          -0.741726 0.698673 0
          -0.782363 0.737888 0
          -0.698673 -0.741726 0
          -0.737888 -0.782363 0
          -0.669623 -0.835607 0
          -0.634808 -0.795483 0
          -0.767644 -0.813199 0
          -0.809726 -0.856807 0
          -0.733402 -0.909111 0
          -0.696041 -0.866053 0
          -0.841658 -0.889898 0
          -0.886817 -0.936694 0
          -0.801844 -0.98799 0
          -0.761752 -0.941784 0
          -0.921084 -0.972204 0
          -0.969544 -1.02242 0
          -0.87529 -1.07264 0
          -0.832267 -1.02305 0
          -1.00632 -1.06053 0
          -1.05832 -1.11442 0
          -0.954106 -1.16347 0
          -0.907937 -1.11026 0
          -1.09778 -1.15531 0
          -1.15359 -1.21314 0
          -1.03869 -1.26095 0
          -0.98914 -1.20385 0
          -1.19593 -1.25702 0
          -1.25582 -1.31908 0
          -1.12945 -1.36555 0
          -1.07628 -1.30427 0
          -1.30126 -1.36617 0
          -1.36552 -1.43277 0
          -1.22685 -1.4778 0
          -1.16979 -1.41204 0
          -1.41429 -1.4833 0
          -1.48325 -1.55476 0
          -1.33137 -1.59826 0
          -1.27014 -1.52769 0
          -1.53558 -1.60899 0
          -1.60959 -1.68568 0
          -1.44353 -1.72752 0
          -1.37783 -1.6518 0
          -1.66574 -1.74388 0
          -1.74516 -1.82617 0
          -1.56389 -1.86624 0
          -1.49338 -1.78498 0
          -1.80542 -1.88862 0
          -1.89064 -1.97693 0
          -1.69305 -2.0151 0
          -1.61739 -1.9279 0
          -1.95531 -2.04395 0
          -2.04676 -2.13872 0
          -1.83166 -2.17484 0
          -1.75047 -2.08126 0
          -2.11616 -2.21063 0
          -2.2143 -2.31233 0
          -1.9804 -2.34626 0
          -1.89327 -2.24585 0
          -2.28877 -2.3895 0
          -2.39409 -2.49864 0
          -2.14002 -2.53022 0
          -2.04652 -2.42246 0
          -2.474 -2.58145 0
          -2.58702 -2.69857 0
          -2.3113 -2.72762 0
          -2.21097 -2.61198 0
          -2.67277 -2.78744 0
          -2.79405 -2.91311 0
          -2.49511 -2.93946 0
          -2.38744 -2.81537 0
          -2.88608 -3.00848 0
          -3.01623 -3.14335 0
          -2.69236 -3.16679 0
          -2.57682 -3.03362 0
          -3.11498 -3.24569 0
          -3.25464 -3.39041 0
          -2.90403 -3.41073 0
          -2.78004 -3.26783 0
          -3.36062 -3.50023 0
          -3.51049 -3.65554 0
          -3.13118 -3.67252 0
          -2.99812 -3.51917 0
          -3.62422 -3.77339 0
          -3.78505 -3.94006 0
          -3.37493 -3.95344 0
          -3.23215 -3.78888 0
          -3.90709 -4.06653 0
          -4.07968 -4.24538 0
          -3.63651 -4.2549 0
          -3.48328 -4.07831 0
          -4.21064 -4.38109 0
          -4.39585 -4.57302 0
          -3.91721 -4.57841 0
          -3.75278 -4.3889 0
          -4.53639 -4.71865 0
          -4.73514 -4.92461 0
          -4.21844 -4.92557 0
          -4.04198 -4.72221 0
          -0.585486 -0.831403 0
          -0.617105 -0.871185 0
          -0.541889 -0.915142 0
          -0.514602 -0.875784 0
          -0.641098 -0.901371 0
          -0.675029 -0.944061 0
          -0.591876 -0.987242 0
          -0.562594 -0.945007 0
          -0.700777 -0.976455 0
          -0.737188 -1.02227 0
          -0.645518 -1.06461 0
          -0.614095 -1.01929 0
          -0.764818 -1.05703 0
          -0.803892 -1.10619 0
          -0.703083 -1.14764 0
          -0.669362 -1.09901 0
          -0.833542 -1.14349 0
          -0.875473 -1.19625 0
          -0.764856 -1.23674 0
          -0.72867 -1.18455 0
          -0.907291 -1.23628 0
          -0.952288 -1.29289 0
          -0.831145 -1.33236 0
          -0.792314 -1.27635 0
          -0.986432 -1.33585 0
          -1.03472 -1.3966 0
          -0.902282 -1.43496 0
          -0.860611 -1.37486 0
          -1.07136 -1.4427 0
          -1.12318 -1.50789 0
          -0.978619 -1.54507 0
          -0.933902 -1.48057 0
          -1.1625 -1.55736 0
          -1.2181 -1.62732 0
          -1.06054 -1.66323 0
          -1.01255 -1.59401 0
          -1.2603 -1.68041 0
          -1.31997 -1.75548 0
          -1.14845 -1.79002 0
          -1.09695 -1.71575 0
          -1.36525 -1.81245 0
          -1.42928 -1.89301 0
          -1.24278 -1.92609 0
          -1.18752 -1.84638 0
          -1.47787 -1.95414 0
          -1.54659 -2.0406 0
          -1.34401 -2.07211 0
          -1.28471 -1.98657 0
          -1.59873 -2.1062 0
          -1.67247 -2.19898 0
          -1.45265 -2.2288 0
          -1.38901 -2.13701 0
          -1.72842 -2.26937 0
          -1.80755 -2.36893 0
          -1.56923 -2.39694 0
          -1.50094 -2.29845 0
          -1.8676 -2.44448 0
          -1.95252 -2.55132 0
          -1.69433 -2.57739 0
          -1.62105 -2.47169 0
          -2.01695 -2.63239 0
          -2.10808 -2.74703 0
          -1.82857 -2.77102 0
          -1.74993 -2.65759 0
          -2.17723 -2.83403 0
          -2.27502 -2.95706 0
          -1.97264 -2.97881 0
          -1.88825 -2.85709 0
          -2.34922 -3.05042 0
          -2.45416 -3.18245 0
          -2.12723 -3.2018 0
          -2.03667 -3.07118 0
          -2.53379 -3.28263 0
          -2.6464 -3.42431 0
          -2.29313 -3.44109 0
          -2.19595 -3.30091 0
          -2.73185 -3.53182 0
          -2.85269 -3.68386 0
          -2.47116 -3.69787 0
          -2.36687 -3.54745 0
          -2.94439 -3.79923 0
          -3.07407 -3.96238 0
          -2.66221 -3.97343 0
          -2.5503 -3.81201 0
          -3.17247 -4.08619 0
          -3.31163 -4.26127 0
          -2.86722 -4.26913 0
          -2.74713 -4.09591 0
          -3.41723 -4.39412 0
          -3.56657 -4.58201 0
          -3.08722 -4.58646 0
          -2.95835 -4.40058 0
          -3.67988 -4.72458 0
          -3.84014 -4.9262 0
          -3.32331 -4.92699 0
          -3.18501 -4.72751 0
          -0.460656 -0.90451 0
          -0.484791 -0.943594 0
          -0.404015 -0.977369 0
          -0.384159 -0.938611 0
          -0.503105 -0.973251 0
          -0.529005 -1.01519 0
          -0.44039 -1.04837 0
          -0.419082 -1.00678 0
          -0.548657 -1.04702 0
          -0.576451 -1.09203 0
          -0.479424 -1.12456 0
          -0.456559 -1.07993 0
          -0.59754 -1.12618 0
          -0.627366 -1.17448 0
          -0.521313 -1.20633 0
          -0.496775 -1.15843 0
          -0.649997 -1.21113 0
          -0.682003 -1.26295 0
          -0.566264 -1.29407 0
          -0.539932 -1.24267 0
          -0.70629 -1.30228 0
          -0.740636 -1.3579 0
          -0.614502 -1.38823 0
          -0.586245 -1.33307 0
          -0.766698 -1.40011 0
          -0.803555 -1.45979 0
          -0.666266 -1.48927 0
          -0.635943 -1.43008 0
          -0.831523 -1.50508 0
          -0.871075 -1.56913 0
          -0.721816 -1.5977 0
          -0.689276 -1.53418 0
          -0.901087 -1.61774 0
          -0.943531 -1.68647 0
          -0.781426 -1.71406 0
          -0.746507 -1.6459 0
          -0.975738 -1.73862 0
          -1.02129 -1.81238 0
          -0.845396 -1.83892 0
          -0.807924 -1.76578 0
          -1.05585 -1.86835 0
          -1.10472 -1.9475 0
          -0.914042 -1.97292 0
          -0.87383 -1.89443 0
          -1.14181 -2.00756 0
          -1.19426 -2.0925 0
          -0.987707 -2.11671 0
          -0.944555 -2.03248 0
          -1.23406 -2.15695 0
          -1.29035 -2.2481 0
          -1.06676 -2.27101 0
          -1.02045 -2.18062 0
          -1.33306 -2.31726 0
          -1.39346 -2.41508 0
          -1.15159 -2.4366 0
          -1.1019 -2.3396 0
          -1.43929 -2.4893 0
          -1.50411 -2.59426 0
          -1.24262 -2.61429 0
          -1.1893 -2.5102 0
          -1.5533 -2.67391 0
          -1.62285 -2.78655 0
          -1.34031 -2.80498 0
          -1.28309 -2.69328 0
          -1.67563 -2.87202 0
          -1.75027 -2.99289 0
          -1.44514 -3.0096 0
          -1.38374 -2.88974 0
          -1.80691 -3.08461 0
          -1.88701 -3.21432 0
          -1.55764 -3.22919 0
          -1.49174 -3.10056 0
          -1.94779 -3.31275 0
          -2.03375 -3.45194 0
          -1.67836 -3.46483 0
          -1.60765 -3.3268 0
          -2.09897 -3.55757 0
          -2.19121 -3.70694 0
          -1.80791 -3.71771 0
          -1.73202 -3.56958 0
          -2.26121 -3.82028 0
          -2.36019 -3.98058 0
          -1.94693 -3.98907 0
          -1.8655 -3.83011 0
          -2.4353 -4.10221 0
          -2.54152 -4.27422 0
          -2.09612 -4.28027 0
          -2.00873 -4.10969 0
          -2.62213 -4.40475 0
          -2.73611 -4.58934 0
          -2.25621 -4.59276 0
          -2.16243 -4.40971 0
          -2.82261 -4.72941 0
          -2.94493 -4.9275 0
          -2.42801 -4.9281 0
          -2.32737 -4.73166 0
          -0.326661 -0.959558 0
          -0.343399 -0.998116 0
          -0.258569 -1.02102 0
          -0.24607 -0.982685 0
          -0.3561 -1.02737 0
          -0.374062 -1.06875 0
          -0.281465 -1.09125 0
          -0.268052 -1.05011 0
          -0.387691 -1.10015 0
          -0.406967 -1.14455 0
          -0.306035 -1.16662 0
          -0.291642 -1.12247 0
          -0.421593 -1.17825 0
          -0.442277 -1.22589 0
          -0.332401 -1.2475 0
          -0.316956 -1.20012 0
          -0.457973 -1.26205 0
          -0.48017 -1.31318 0
          -0.360696 -1.33429 0
          -0.344121 -1.28345 0
          -0.497013 -1.35199 0
          -0.520833 -1.40686 0
          -0.391059 -1.42742 0
          -0.373273 -1.37287 0
          -0.538908 -1.44849 0
          -0.564469 -1.50738 0
          -0.423642 -1.52737 0
          -0.404555 -1.46882 0
          -0.583865 -1.55206 0
          -0.611295 -1.61525 0
          -0.458607 -1.63462 0
          -0.438125 -1.57179 0
          -0.63211 -1.6632 0
          -0.661545 -1.73101 0
          -0.496129 -1.74972 0
          -0.47415 -1.6823 0
          -0.683882 -1.78246 0
          -0.71547 -1.85523 0
          -0.536394 -1.87323 0
          -0.512808 -1.80088 0
          -0.739439 -1.91044 0
          -0.773336 -1.98853 0
          -0.579604 -2.00577 0
          -0.554292 -1.92813 0
          -0.799058 -2.04778 0
          -0.835434 -2.13158 0
          -0.625972 -2.148 0
          -0.59881 -2.06468 0
          -0.863037 -2.19516 0
          -0.902072 -2.28509 0
          -0.675731 -2.30063 0
          -0.646583 -2.21122 0
          -0.931693 -2.35332 0
          -0.973582 -2.44982 0
          -0.729128 -2.46442 0
          -0.697849 -2.36847 0
          -1.00537 -2.52304 0
          -1.05032 -2.6266 0
          -0.786428 -2.64018 0
          -0.752862 -2.53722 0
          -1.08443 -2.70517 0
          -1.13267 -2.8163 0
          -0.847919 -2.8288 0
          -0.811899 -2.71831 0
          -1.16927 -2.90062 0
          -1.22104 -3.01987 0
          -0.913905 -3.0312 0
          -0.875251 -2.91264 0
          -1.26032 -3.11036 0
          -1.31587 -3.23832 0
          -0.984716 -3.24841 0
          -0.943236 -3.12117 0
          -1.35802 -3.33543 0
          -1.41764 -3.47275 0
          -1.0607 -3.48149 0
          -1.01619 -3.34496 0
          -1.46287 -3.57696 0
          -1.52684 -3.72432 0
          -1.14225 -3.73162 0
          -1.09448 -3.5851 0
          -1.57538 -3.83614 0
          -1.64403 -3.99428 0
          -1.22975 -4.00004 0
          -1.17849 -3.8428 0
          -1.69612 -4.11428 0
          -1.76979 -4.28398 0
          -1.32366 -4.28808 0
          -1.26865 -4.11935 0
          -1.82569 -4.41275 0
          -1.90474 -4.59486 0
          -1.42443 -4.59718 0
          -1.3654 -4.41611 0
          -1.96473 -4.73305 0
          -2.04956 -4.92847 0
          -1.53256 -4.92888 0
          -1.46922 -4.73457 0
          -0.186163 -0.995426 0
          -0.195566 -1.03364 0
          -0.10827 -1.04521 0
          -0.103082 -1.00711 0
          -0.202701 -1.06264 0
          -0.212792 -1.10365 0
          -0.117773 -1.11502 0
          -0.112206 -1.07413 0
          -0.220449 -1.13477 0
          -0.231278 -1.17878 0
          -0.127971 -1.18993 0
          -0.121997 -1.14605 0
          -0.239495 -1.21217 0
          -0.251115 -1.2594 0
          -0.138914 -1.27031 0
          -0.132503 -1.22322 0
          -0.259933 -1.29523 0
          -0.272403 -1.34591 0
          -0.150657 -1.35657 0
          -0.143778 -1.30604 0
          -0.281866 -1.38437 0
          -0.295247 -1.43875 0
          -0.163259 -1.44914 0
          -0.155877 -1.39492 0
          -0.305402 -1.48002 0
          -0.319762 -1.53838 0
          -0.176783 -1.54848 0
          -0.168861 -1.49029 0
          -0.330659 -1.58267 0
          -0.346069 -1.6453 0
          -0.191295 -1.65508 0
          -0.182794 -1.59264 0
          -0.357762 -1.69282 0
          -0.374299 -1.76003 0
          -0.206868 -1.76948 0
          -0.197746 -1.70247 0
          -0.386847 -1.81102 0
          -0.404593 -1.88314 0
          -0.22358 -1.89224 0
          -0.213791 -1.82033 0
          -0.418059 -1.93787 0
          -0.437102 -2.01526 0
          -0.241514 -2.02397 0
          -0.231009 -1.9468 0
          -0.451553 -2.07399 0
          -0.471988 -2.15704 0
          -0.260759 -2.16534 0
          -0.249486 -2.08253 0
          -0.487495 -2.22006 0
          -0.509425 -2.30919 0
          -0.281411 -2.31704 0
          -0.269313 -2.22817 0
          -0.526066 -2.37682 0
          -0.549599 -2.47246 0
          -0.303573 -2.47983 0
          -0.290591 -2.38447 0
          -0.567457 -2.54503 0
          -0.59271 -2.64767 0
          -0.327356 -2.65453 0
          -0.313424 -2.55219 0
          -0.611873 -2.72555 0
          -0.638974 -2.83568 0
          -0.352877 -2.842 0
          -0.337927 -2.73218 0
          -0.659538 -2.91926 0
          -0.68862 -3.03745 0
          -0.380264 -3.04317 0
          -0.364221 -2.92533 0
          -0.710687 -3.12713 0
          -0.741895 -3.25396 0
          -0.409654 -3.25906 0
          -0.392438 -3.1326 0
          -0.765576 -3.3502 0
          -0.799066 -3.48631 0
          -0.441192 -3.49073 0
          -0.422718 -3.35502 0
          -0.824479 -3.58959 0
          -0.860417 -3.73564 0
          -0.475037 -3.73933 0
          -0.455211 -3.5937 0
          -0.887688 -3.84647 0
          -0.926254 -4.00321 0
          -0.511356 -4.00612 0
          -0.490081 -3.84984 0
          -0.955518 -4.12214 0
          -0.996904 -4.29034 0
          -0.55033 -4.29241 0
          -0.527499 -4.1247 0
          -1.02831 -4.41796 0
          -1.07272 -4.59846 0
          -0.592154 -4.59963 0
          -0.567654 -4.41966 0
          -1.10642 -4.73542 0
          -1.15408 -4.92911 0
          -0.637036 -4.92931 0
          -0.610745 -4.73619 0
          -0.0419578 -1.01138 0
          -0.0440618 -1.04945 0
          0.0440618 -1.04945 0
          0.0419578 -1.01138 0
          -0.0456584 -1.07833 0
          -0.0479162 -1.11918 0
          0.0479162 -1.11918 0
          0.0456584 -1.07833 0
          -0.0496295 -1.15017 0
          -0.0520524 -1.19401 0
          0.0520524 -1.19401 0
          0.0496295 -1.15017 0
          -0.0538909 -1.22727 0
          -0.056491 -1.27431 0
          0.056491 -1.27431 0
          0.0538909 -1.22727 0
          -0.058464 -1.31 0
          -0.0612541 -1.36048 0
          0.0612541 -1.36048 0
          0.058464 -1.31 0
          -0.0633713 -1.39878 0
          -0.0663655 -1.45295 0
          0.0663655 -1.45295 0
          0.0633713 -1.39878 0
          -0.0686375 -1.49405 0
          -0.0718506 -1.55218 0
          0.0718506 -1.55218 0
          0.0686375 -1.49405 0
          -0.0742887 -1.59629 0
          -0.0777368 -1.65866 0
          0.0777368 -1.65866 0
          0.0742887 -1.59629 0
          -0.0803532 -1.706 0
          -0.0840533 -1.77294 0
          0.0840533 -1.77294 0
          0.0803532 -1.706 0
          -0.086861 -1.82373 0
          -0.0908316 -1.89556 0
          0.0908316 -1.89556 0
          0.086861 -1.82373 0
          -0.0938446 -1.95007 0
          -0.0981055 -2.02716 0
          0.0981055 -2.02716 0
          0.0938446 -1.95007 0
          -0.101339 -2.08565 0
          -0.105911 -2.16837 0
          0.105911 -2.16837 0
          0.101339 -2.08565 0
          -0.109381 -2.23114 0
          -0.114288 -2.31991 0
          0.114288 -2.31991 0
          0.109381 -2.23114 0
          -0.118011 -2.38727 0
          -0.123277 -2.48253 0
          0.123277 -2.48253 0
          0.118011 -2.38727 0
          -0.127272 -2.55481 0
          -0.132923 -2.65704 0
          0.132923 -2.65704 0
          0.127272 -2.55481 0
          -0.137211 -2.73461 0
          -0.143274 -2.84431 0
          0.143274 -2.84431 0
          0.137211 -2.73461 0
          -0.147875 -2.92755 0
          -0.154382 -3.04527 0
          0.154382 -3.04527 0
          0.147875 -2.92755 0
          -0.15932 -3.13459 0
          -0.166303 -3.26092 0
          0.166303 -3.26092 0
          0.15932 -3.13459 0
          -0.171602 -3.35678 0
          -0.179095 -3.49234 0
          0.179095 -3.49234 0
          0.171602 -3.35678 0
          -0.184781 -3.59521 0
          -0.192822 -3.74068 0
          0.192822 -3.74068 0
          0.184781 -3.59521 0
          -0.198924 -3.85107 0
          -0.207553 -4.00718 0
          0.207553 -4.00718 0
          0.198924 -3.85107 0
          -0.214101 -4.12564 0
          -0.223361 -4.29316 0
          0.223361 -4.29316 0
          0.214101 -4.12564 0
          -0.230388 -4.42028 0
          -0.240325 -4.60006 0
          0.240325 -4.60006 0
          0.230388 -4.42028 0
          -0.247865 -4.73647 0
          -0.258529 -4.92939 0
          0.258529 -4.92939 0
          0.247865 -4.73647 0
          0.103082 -1.00711 0
          0.10827 -1.04521 0
          0.195566 -1.03364 0
          0.186163 -0.995426 0
          0.112206 -1.07413 0
          0.117773 -1.11502 0
          0.212792 -1.10365 0
          0.202701 -1.06264 0
          0.121997 -1.14605 0
          0.127971 -1.18993 0
          0.231278 -1.17878 0
          0.220449 -1.13477 0
          0.132503 -1.22322 0
          0.138914 -1.27031 0
          0.251115 -1.2594 0
          0.239495 -1.21217 0
          0.143778 -1.30604 0
          0.150657 -1.35657 0
          0.272403 -1.34591 0
          0.259933 -1.29523 0
          0.155877 -1.39492 0
          0.163259 -1.44914 0
          0.295247 -1.43875 0
          0.281866 -1.38437 0
          0.168861 -1.49029 0
          0.176783 -1.54848 0
          0.319762 -1.53838 0
          0.305402 -1.48002 0
          0.182794 -1.59264 0
          0.191295 -1.65508 0
          0.346069 -1.6453 0
          0.330659 -1.58267 0
          0.197746 -1.70247 0
          0.206868 -1.76948 0
          0.374299 -1.76003 0
          0.357762 -1.69282 0
          0.213791 -1.82033 0
          0.22358 -1.89224 0
          0.404593 -1.88314 0
          0.386847 -1.81102 0
          0.231009 -1.9468 0
          0.241514 -2.02397 0
          0.437102 -2.01526 0
          0.418059 -1.93787 0
          0.249486 -2.08253 0
          0.260759 -2.16534 0
          0.471988 -2.15704 0
          0.451553 -2.07399 0
          0.269313 -2.22817 0
          0.281411 -2.31704 0
          0.509425 -2.30919 0
          0.487495 -2.22006 0
          0.290591 -2.38447 0
          0.303573 -2.47983 0
          0.549599 -2.47246 0
          0.526066 -2.37682 0
          0.313424 -2.55219 0
          0.327356 -2.65453 0
          0.59271 -2.64767 0
          0.567457 -2.54503 0
          0.337927 -2.73218 0
          0.352877 -2.842 0
          0.638974 -2.83568 0
          0.611873 -2.72555 0
          0.364221 -2.92533 0
          0.380264 -3.04317 0
          0.68862 -3.03745 0
          0.659538 -2.91926 0
          0.392438 -3.1326 0
          0.409654 -3.25906 0
          0.741895 -3.25396 0
          0.710687 -3.12713 0
          0.422718 -3.35502 0
          0.441192 -3.49073 0
          0.799066 -3.48631 0
          0.765576 -3.3502 0
          0.455211 -3.5937 0
          0.475037 -3.73933 0
          0.860417 -3.73564 0
          0.824479 -3.58959 0
          0.490081 -3.84984 0
          0.511356 -4.00612 0
          0.926254 -4.00321 0
          0.887688 -3.84647 0
          0.527499 -4.1247 0
          0.55033 -4.29241 0
          0.996904 -4.29034 0
          0.955518 -4.12214 0
          0.567654 -4.41966 0
          0.592154 -4.59963 0
          1.07272 -4.59846 0
          1.02831 -4.41796 0
          0.610745 -4.73619 0
          0.637036 -4.92931 0
          1.15408 -4.92911 0
          1.10642 -4.73542 0
          0.24607 -0.982685 0
          0.258569 -1.02102 0
          0.343399 -0.998116 0
          0.326661 -0.959558 0
          0.268052 -1.05011 0
          0.281465 -1.09125 0
          0.374062 -1.06875 0
          0.3561 -1.02737 0
          0.291642 -1.12247 0
          0.306035 -1.16662 0
          0.406967 -1.14455 0
          0.387691 -1.10015 0
          0.316956 -1.20012 0
          0.332401 -1.2475 0
          0.442277 -1.22589 0
          0.421593 -1.17825 0
          0.344121 -1.28345 0
          0.360696 -1.33429 0
          0.48017 -1.31318 0
          0.457973 -1.26205 0
          0.373273 -1.37287 0
          0.391059 -1.42742 0
          0.520833 -1.40686 0
          0.497013 -1.35199 0
          0.404555 -1.46882 0
          0.423642 -1.52737 0
          0.564469 -1.50738 0
          0.538908 -1.44849 0
          0.438125 -1.57179 0
          0.458607 -1.63462 0
          0.611295 -1.61525 0
          0.583865 -1.55206 0
          0.47415 -1.6823 0
          0.496129 -1.74972 0
          0.661545 -1.73101 0
          0.63211 -1.6632 0
          0.512808 -1.80088 0
          0.536394 -1.87323 0
          0.71547 -1.85523 0
          0.683882 -1.78246 0
          0.554292 -1.92813 0
          0.579604 -2.00577 0
          0.773336 -1.98853 0
          0.739439 -1.91044 0
          0.59881 -2.06468 0
          0.625972 -2.148 0
          0.835434 -2.13158 0
          0.799058 -2.04778 0
          0.646583 -2.21122 0
          0.675731 -2.30063 0
          0.902072 -2.28509 0
          0.863037 -2.19516 0
          0.697849 -2.36847 0
          0.729128 -2.46442 0
          0.973582 -2.44982 0
          0.931693 -2.35332 0
          0.752862 -2.53722 0
          0.786428 -2.64018 0
          1.05032 -2.6266 0
          1.00537 -2.52304 0
          0.811899 -2.71831 0
          0.847919 -2.8288 0
          1.13267 -2.8163 0
          1.08443 -2.70517 0
          0.875251 -2.91264 0
          0.913905 -3.0312 0
          1.22104 -3.01987 0
          1.16927 -2.90062 0
          0.943236 -3.12117 0
          0.984716 -3.24841 0
          1.31587 -3.23832 0
          1.26032 -3.11036 0
          1.01619 -3.34496 0
          1.0607 -3.48149 0
          1.41764 -3.47275 0
          1.35802 -3.33543 0
          1.09448 -3.5851 0
          1.14225 -3.73162 0
          1.52684 -3.72432 0
          1.46287 -3.57696 0
          1.17849 -3.8428 0
          1.22975 -4.00004 0
          1.64403 -3.99428 0
          1.57538 -3.83614 0
          1.26865 -4.11935 0
          1.32366 -4.28808 0
          1.76979 -4.28398 0
          1.69612 -4.11428 0
          1.3654 -4.41611 0
          1.42443 -4.59718 0
          1.90474 -4.59486 0
          1.82569 -4.41275 0
          1.46922 -4.73457 0
          1.53256 -4.92888 0
          2.04956 -4.92847 0
          1.96473 -4.73305 0
          0.384159 -0.938611 0
          0.404015 -0.977369 0
          0.484791 -0.943594 0
          0.460656 -0.90451 0
          0.419082 -1.00678 0
          0.44039 -1.04837 0
          0.529005 -1.01519 0
          0.503105 -0.973251 0
          0.456559 -1.07993 0
          0.479424 -1.12456 0
          0.576451 -1.09203 0
          0.548657 -1.04702 0
          0.496775 -1.15843 0
          0.521313 -1.20633 0
          0.627366 -1.17448 0
          0.59754 -1.12618 0
          0.539932 -1.24267 0
          0.566264 -1.29407 0
          0.682003 -1.26295 0
          0.649997 -1.21113 0
          0.586245 -1.33307 0
          0.614502 -1.38823 0
          0.740636 -1.3579 0
          0.70629 -1.30228 0
          0.635943 -1.43008 0
          0.666266 -1.48927 0
          0.803555 -1.45979 0
          0.766698 -1.40011 0
          0.689276 -1.53418 0
          0.721816 -1.5977 0
          0.871075 -1.56913 0
          0.831523 -1.50508 0
          0.746507 -1.6459 0
          0.781426 -1.71406 0
          0.943531 -1.68647 0
          0.901087 -1.61774 0
          0.807924 -1.76578 0
          0.845396 -1.83892 0
          1.02129 -1.81238 0
          0.975738 -1.73862 0
          0.87383 -1.89443 0
          0.914042 -1.97292 0
          1.10472 -1.9475 0
          1.05585 -1.86835 0
          0.944555 -2.03248 0
          0.987707 -2.11671 0
          1.19426 -2.0925 0
          1.14181 -2.00756 0
          1.02045 -2.18062 0
          1.06676 -2.27101 0
          1.29035 -2.2481 0
          1.23406 -2.15695 0
          1.1019 -2.3396 0
          1.15159 -2.4366 0
          1.39346 -2.41508 0
          1.33306 -2.31726 0
          1.1893 -2.5102 0
          1.24262 -2.61429 0
          1.50411 -2.59426 0
          1.43929 -2.4893 0
          1.28309 -2.69328 0
          1.34031 -2.80498 0
          1.62285 -2.78655 0
          1.5533 -2.67391 0
          1.38374 -2.88974 0
          1.44514 -3.0096 0
          1.75027 -2.99289 0
          1.67563 -2.87202 0
          1.49174 -3.10056 0
          1.55764 -3.22919 0
          1.88701 -3.21432 0
          1.80691 -3.08461 0
          1.60765 -3.3268 0
          1.67836 -3.46483 0
          2.03375 -3.45194 0
          1.94779 -3.31275 0
          1.73202 -3.56958 0
          1.80791 -3.71771 0
          2.19121 -3.70694 0
          2.09897 -3.55757 0
          1.8655 -3.83011 0
          1.94693 -3.98907 0
          2.36019 -3.98058 0
          2.26121 -3.82028 0
          2.00873 -4.10969 0
          2.09612 -4.28027 0
          2.54152 -4.27422 0
          2.4353 -4.10221 0
          2.16243 -4.40971 0
          2.25621 -4.59276 0
          2.73611 -4.58934 0
          2.62213 -4.40475 0
          2.32737 -4.73166 0
          2.42801 -4.9281 0
          2.94493 -4.9275 0
          2.82261 -4.72941 0
          0.514602 -0.875784 0
          0.541889 -0.915142 0
          0.617105 -0.871185 0
          0.585486 -0.831403 0
          0.562594 -0.945007 0
          0.591876 -0.987242 0
          0.675029 -0.944061 0
          0.641098 -0.901371 0
          0.614095 -1.01929 0
          0.645518 -1.06461 0
          0.737188 -1.02227 0
          0.700777 -0.976455 0
          0.669362 -1.09901 0
          0.703083 -1.14764 0
          0.803892 -1.10619 0
          0.764818 -1.05703 0
          0.72867 -1.18455 0
          0.764856 -1.23674 0
          0.875473 -1.19625 0
          0.833542 -1.14349 0
          0.792314 -1.27635 0
          0.831145 -1.33236 0
          0.952288 -1.29289 0
          0.907291 -1.23628 0
          0.860611 -1.37486 0
          0.902282 -1.43496 0
          1.03472 -1.3966 0
          0.986432 -1.33585 0
          0.933902 -1.48057 0
          0.978619 -1.54507 0
          1.12318 -1.50789 0
          1.07136 -1.4427 0
          1.01255 -1.59401 0
          1.06054 -1.66323 0
          1.2181 -1.62732 0
          1.1625 -1.55736 0
          1.09695 -1.71575 0
          1.14845 -1.79002 0
          1.31997 -1.75548 0
          1.2603 -1.68041 0
          1.18752 -1.84638 0
          1.24278 -1.92609 0
          1.42928 -1.89301 0
          1.36525 -1.81245 0
          1.28471 -1.98657 0
          1.34401 -2.07211 0
          1.54659 -2.0406 0
          1.47787 -1.95414 0
          1.38901 -2.13701 0
          1.45265 -2.2288 0
          1.67247 -2.19898 0
          1.59873 -2.1062 0
          1.50094 -2.29845 0
          1.56923 -2.39694 0
          1.80755 -2.36893 0
          1.72842 -2.26937 0
          1.62105 -2.47169 0
          1.69433 -2.57739 0
          1.95252 -2.55132 0
          1.8676 -2.44448 0
          1.74993 -2.65759 0
          1.82857 -2.77102 0
          2.10808 -2.74703 0
          2.01695 -2.63239 0
          1.88825 -2.85709 0
          1.97264 -2.97881 0
          2.27502 -2.95706 0
          2.17723 -2.83403 0
          2.03667 -3.07118 0
          2.12723 -3.2018 0
          2.45416 -3.18245 0
          2.34922 -3.05042 0
          2.19595 -3.30091 0
          2.29313 -3.44109 0
          2.6464 -3.42431 0
          2.53379 -3.28263 0
          2.36687 -3.54745 0
          2.47116 -3.69787 0
          2.85269 -3.68386 0
          2.73185 -3.53182 0
          2.5503 -3.81201 0
          2.66221 -3.97343 0
          3.07407 -3.96238 0
          2.94439 -3.79923 0
          2.74713 -4.09591 0
          2.86722 -4.26913 0
          3.31163 -4.26127 0
          3.17247 -4.08619 0
          2.95835 -4.40058 0
          3.08722 -4.58646 0
          3.56657 -4.58201 0
          3.41723 -4.39412 0
          3.18501 -4.72751 0
          3.32331 -4.92699 0
          3.84014 -4.9262 0
          3.67988 -4.72458 0
          0.634808 -0.795483 0
          0.669623 -0.835607 0
          0.737888 -0.782363 0
          0.698673 -0.741726 0
          0.696041 -0.866053 0
          0.733402 -0.909111 0
          0.809726 -0.856807 0
          0.767644 -0.813199 0
          0.761752 -0.941784 0
          0.801844 -0.98799 0
          0.886817 -0.936694 0
          0.841658 -0.889898 0
          0.832267 -1.02305 0
          0.87529 -1.07264 0
          0.969544 -1.02242 0
          0.921084 -0.972204 0
          0.907937 -1.11026 0
          0.954106 -1.16347 0
          1.05832 -1.11442 0
          1.00632 -1.06053 0
          0.98914 -1.20385 0
          1.03869 -1.26095 0
          1.15359 -1.21314 0
          1.09778 -1.15531 0
          1.07628 -1.30427 0
          1.12945 -1.36555 0
          1.25582 -1.31908 0
          1.19593 -1.25702 0
          1.16979 -1.41204 0
          1.22685 -1.4778 0
          1.36552 -1.43277 0
          1.30126 -1.36617 0
          1.27014 -1.52769 0
          1.33137 -1.59826 0
          1.48325 -1.55476 0
          1.41429 -1.4833 0
          1.37783 -1.6518 0
          1.44353 -1.72752 0
          1.60959 -1.68568 0
          1.53558 -1.60899 0
          1.49338 -1.78498 0
          1.56389 -1.86624 0
          1.74516 -1.82617 0
          1.66574 -1.74388 0
          1.61739 -1.9279 0
          1.69305 -2.0151 0
          1.89064 -1.97693 0
          1.80542 -1.88862 0
          1.75047 -2.08126 0
          1.83166 -2.17484 0
          2.04676 -2.13872 0
          1.95531 -2.04395 0
          1.89327 -2.24585 0
          1.9804 -2.34626 0
          2.2143 -2.31233 0
          2.11616 -2.21063 0
          2.04652 -2.42246 0
          2.14002 -2.53022 0
          2.39409 -2.49864 0
          2.28877 -2.3895 0
          2.21097 -2.61198 0
          2.3113 -2.72762 0
          2.58702 -2.69857 0
          2.474 -2.58145 0
          2.38744 -2.81537 0
          2.49511 -2.93946 0
          2.79405 -2.91311 0
          2.67277 -2.78744 0
          2.57682 -3.03362 0
          2.69236 -3.16679 0
          3.01623 -3.14335 0
          2.88608 -3.00848 0
          2.78004 -3.26783 0
          2.90403 -3.41073 0
          3.25464 -3.39041 0
          3.11498 -3.24569 0
          2.99812 -3.51917 0
          3.13118 -3.67252 0
          3.51049 -3.65554 0
          3.36062 -3.50023 0
          3.23215 -3.78888 0
          3.37493 -3.95344 0
          3.78505 -3.94006 0
          3.62422 -3.77339 0
          3.48328 -4.07831 0
          3.63651 -4.2549 0
          4.07968 -4.24538 0
          3.90709 -4.06653 0
          3.75278 -4.3889 0
          3.91721 -4.57841 0
          4.39585 -4.57302 0
          4.21064 -4.38109 0
          4.04198 -4.72221 0
          4.21844 -4.92557 0
          4.73514 -4.92461 0
          4.53639 -4.71865 0
        </DataArray>
      </Points>
      <Cells>
        <DataArray type="Int32" Name="connectivity" format="ascii">
          0
          1
          2
          3
          4
          5
          6
          7
          8
          9
          10
          11
          12
          13
          14
          15
          16
          17
          18
          19
          20
          21
          22
          23
          24
          25
          26
          27
          28
          29
          30
          31
          32
          33
          34
          35
          36
          37
          38
          39
          40
          41
          42
          43
          44
          45
          46
          47
          48
          49
          50
          51
          52
          53
          54
          55
          56
          57
          58
          59
          60
          61
          62
          63
          64
          65
          66
          67
          68
          69
          70
          71
          72
          73
          74
          75
          76
          77
          78
          79
          80
          81
          82
          83
          84
          85
          86
          87
          88
          89
          90
          91
          92
          93
          94
          95
          96
          97
          98
          99
          100
          101
          102
          103
          104
          105
          106
          107
          108
          109
          110
          111
          112
          113
          114
          115
          116
          117
          118
          119
          120
          121
          122
          123
          124
          125
          126
          127
          128
          129
          130
          131
          132
          133
          134
          135
          136
          137
          138
          139
          140
          141
          142
          143
          144
          145
          146
          147
          148
          149
          150
          151
          152
          153
          154
          155
          156
          157
          158
          159
          160
          161
          162
          163
          164
          165
          166
          167
          168
          169
          170
          171
          172
          173
          174
          175
          176
          177
          178
          179
          180
          181
          182
          183
          184
          185
          186
          187
          188
          189
          190
          191
          192
          193
          194
          195
          196
          197
          198
          199
          200
          201
          202
          203
          204
          205
          206
          207
          208
          209
          210
          211
          212
          213
          214
          215
          216
          217
          218
          219
          220
          221
          222
          223
          224
          225
          226
          227
          228
          229
          230
          231
          232
          233
          234
          235
          236
          237
          238
          239
          240
          241
          242
          243
          244
          245
          246
          247
          248
          249
          250
          251
          252
          253
          254
          255
          256
          257
          258
          259
          260
          261
          262
          263
          264
          265
          266
          267
          268
          269
          270
          271
          272
          273
          274
          275
          276
          277
          278
          279
          280
          281
          282
          283
          284
          285
          286
          287
          288
          289
          290
          291
          292
          293
          294
          295
          296
          297
          298
          299
          300
          301
          302
          303
          304
          305
          306
          307
          308
          309
          310
          311
          312
          313
          314
          315
          316
          317
          318
          319
          320
          321
          322
          323
          324
          325
          326
          327
          328
          329
          330
          331
          332
          333
          334
          335
          336
          337
          338
          339
          340
          341
          342
          343
          344
          345
          346
          347
          348
          349
          350
          351
          352
          353
          354
          355
          356
          357
          358
          359
          360
          361
          362
          363
          364
          365
          366
          367
          368
          369
          370
          371
          372
          373
          374
          375
          376
          377
          378
          379
          380
          381
          382
          383
          384
          385
          386
          387
          388
          389
          390
          391
          392
          393
          394
          395
          396
          397
          398
          399
          400
          401
          402
          403
          404
          405
          406
          407
          408
          409
          410
          411
          412
          413
          414
          415
          416
          417
          418
          419
          420
          421
          422
          423
          424
          425
          426
          427
          428
          429
          430
          431
          432
          433
          434
          435
          436
          437
          438
          439
          440
          441
          442
          443
          444
          445
          446
          447
          448
          449
          450
          451
          452
          453
          454
          455
          456
          457
          458
          459
          460
          461
          462
          463
          464
          465
          466
          467
          468
          469
          470
          471
          472
          473
          474
          475
          476
          477
          478
          479
          480
          481
          482
          483
          484
          485
          486
          487
          488
          489
          490
          491
          492
          493
          494
          495
          496
          497
          498
          499
          500
          501
          502
          503
          504
          505
          506
          507
          508
          509
          510
          511
          512
          513
          514
          515
          516
          517
          518
          519
          520
          521
          522
          523
          524
          525
          526
          527
          528
          529
          530
          531
          532
          533
          534
          535
          536
          537
          538
          539
          540
          541
          542
          543
          544
          545
          546
          547
          548
          549
          550
          551
          552
          553
          554
          555
          556
          557
          558
          559
          560
          561
          562
          563
          564
          565
          566
          567
          568
          569
          570
          571
          572
          573
          574
          575
          576
          577
          578
          579
          580
          581
          582
          583
          584
          585
          586
          587
          588
          589
          590
          591
          592
          593
          594
          595
          596
          597
          598
          599
          600
          601
          602
          603
          604
          605
          606
          607
          608
          609
          610
          611
          612
          613
          614
          615
          616
          617
          618
          619
          620
          621
          622
          623
          624
          625
          626
          627
          628
          629
          630
          631
          632
          633
          634
          635
          636
          637
          638
          639
          640
          641
          642
          643
          644
          645
          646
          647
          648
          649
          650
          651
          652
          653
          654
          655
          656
          657
          658
          659
          660
          661
          662
          663
          664
          665
          666
          667
          668
          669
          670
          671
          672
          673
          674
          675
          676
          677
          678
          679
          680
          681
          682
          683
          684
          685
          686
          687
          688
          689
          690
          691
          692
          693
          694
          695
          696
          697
          698
          699
          700
          701
          702
          703
          704
          705
          706
          707
          708
          709
          710
          711
          712
          713
          714
          715
          716
          717
          718
          719
          720
          721
          722
          723
          724
          725
          726
          727
          728
          729
          730
          731
          732
          733
          734
          735
          736
          737
          738
          739
          740
          741
          742
          743
          744
          745
          746
          747
          748
          749
          750
          751
          752
          753
          754
          755
          756
          757
          758
          759
          760
          761
          762
          763
          764
          765
          766
          767
          768
          769
          770
          771
          772
          773
          774
          775
          776
          777
          778
          779
          780
          781
          782
          783
          784
          785
          786
          787
          788
          789
          790
          791
          792
          793
          794
          795
          796
          797
          798
          799
          800
          801
          802
          803
          804
          805
          806
          807
          808
          809
          810
          811
          812
          813
          814
          815
          816
          817
          818
          819
          820
          821
          822
          823
          824
          825
          826
          827
          828
          829
          830
          831
          832
          833
          834
          835
          836
          837
          838
          839
          840
          841
          842
          843
          844
          845
          846
          847
          848
          849
          850
          851
          852
          853
          854
          855
          856
          857
          858
          859
          860
          861
          862
          863
          864
          865
          866
          867
          868
          869
          870
          871
          872
          873
          874
          875
          876
          877
          878
          879
          880
          881
          882
          883
          884
          885
          886
          887
          888
          889
          890
          891
          892
          893
          894
          895
          896
          897
          898
          899
          900
          901
          902
          903
          904
          905
          906
          907
          908
          909
          910
          911
          912
          913
          914
          915
          916
          917
          918
          919
          920
          921
          922
          923
          924
          925
          926
          927
          928
          929
          930
          931
          932
          933
          934
          935
          936
          937
          938
          939
          940
          941
          942
          943
          944
          945
          946
          947
          948
          949
          950
          951
          952
          953
          954
          955
          956
          957
          958
          959
          960
          961
          962
          963
          964
          965
          966
          967
          968
          969
          970
          971
          972
          973
          974
          975
          976
          977
          978
          979
          980
          981
          982
          983
          984
          985
          986
          987
          988
          989
          990
          991
          992
          993
          994
          995
          996
          997
          998
          999
          1000
          1001
          1002
          1003
          1004
          1005
          1006
          1007
          1008
          1009
          1010
          1011
          1012
          1013
          1014
          1015
          1016
          1017
          1018
          1019
          1020
          1021
          1022
          1023
          1024
          1025
          1026
          1027
          1028
          1029
          1030
          1031
          1032
          1033
          1034
          1035
          1036
          1037
          1038
          1039
          1040
          1041
          1042
          1043
          1044
          1045
          1046
          1047
          1048
          1049
          1050
          1051
          1052
          1053
          1054
          1055
          1056
          1057
          1058
          1059
          1060
          1061
          1062
          1063
          1064
          1065
          1066
          1067
          1068
          1069
          1070
          1071
          1072
          1073
          1074
          1075
          1076
          1077
          1078
          1079
          1080
          1081
          1082
          1083
          1084
          1085
          1086
          1087
          1088
          1089
          1090
          1091
          1092
          1093
          1094
          1095
          1096
          1097
          1098
          1099
          1100
          1101
          1102
          1103
          1104
          1105
          1106
          1107
          1108
          1109
          1110
          1111
          1112
          1113
          1114
          1115
          1116
          1117
          1118
          1119
          1120
          1121
          1122
          1123
          1124
          1125
          1126
          1127
          1128
          1129
          1130
          1131
          1132
          1133
          1134
          1135
          1136
          1137
          1138
          1139
          1140
          1141
          1142
          1143
          1144
          1145
          1146
          1147
          1148
          1149
          1150
          1151
          1152
          1153
          1154
          1155
          1156
          1157
          1158
          1159
          1160
          1161
          1162
          1163
          1164
          1165
          1166
          1167
          1168
          1169
          1170
          1171
          1172
          1173
          1174
          1175
          1176
          1177
          1178
          1179
          1180
          1181
          1182
          1183
          1184
          1185
          1186
          1187
          1188
          1189
          1190
          1191
          1192
          1193
          1194
          1195
          1196
          1197
          1198
          1199
          1200
          1201
          1202
          1203
          1204
          1205
          1206
          1207
          1208
          1209
          1210
          1211
          1212
          1213
          1214
          1215
          1216
          1217
          1218
          1219
          1220
          1221
          1222
          1223
          1224
          1225
          1226
          1227
          1228
          1229
          1230
          1231
          1232
          1233
          1234
          1235
          1236
          1237
          1238
          1239
          1240
          1241
          1242
          1243
          1244
          1245
          1246
          1247
          1248
          1249
          1250
          1251
          1252
          1253
          1254
          1255
          1256
          1257
          1258
          1259
          1260
          1261
          1262
          1263
          1264
          1265
          1266
          1267
          1268
          1269
          1270
          1271
          1272
          1273
          1274
          1275
          1276
          1277
          1278
          1279
          1280
          1281
          1282
          1283
          1284
          1285
          1286
          1287
          1288
          1289
          1290
          1291
          1292
          1293
          1294
          1295
          1296
          1297
          1298
          1299
          1300
          1301
          1302
          1303
          1304
          1305
          1306
          1307
          1308
          1309
          1310
          1311
          1312
          1313
          1314
          1315
          1316
          1317
          1318
          1319
          1320
          1321
          1322
          1323
          1324
          1325
          1326
          1327
          1328
          1329
          1330
          1331
          1332
          1333
          1334
          1335
          1336
          1337
          1338
          1339
          1340
          1341
          1342
          1343
          1344
          1345
          1346
          1347
          1348
          1349
          1350
          1351
          1352
          1353
          1354
          1355
          1356
          1357
          1358
          1359
          1360
          1361
          1362
          1363
          1364
          1365
          1366
          1367
          1368
          1369
          1370
          1371
          1372
          1373
          1374
          1375
          1376
          1377
          1378
          1379
          1380
          1381
          1382
          1383
          1384
          1385
          1386
          1387
          1388
          1389
          1390
          1391
          1392
          1393
          1394
          1395
          1396
          1397
          1398
          1399
          1400
          1401
          1402
          1403
          1404
          1405
          1406
          1407
          1408
          1409
          1410
          1411
          1412
          1413
          1414
          1415
          1416
          1417
          1418
          1419
          1420
          1421
          1422
          1423
          1424
          1425
          1426
          1427
          1428
          1429
          1430
          1431
          1432
          1433
          1434
          1435
          1436
          1437
          1438
          1439
          1440
          1441
          1442
          1443
          1444
          1445
          1446
          1447
          1448
          1449
          1450
          1451
          1452
          1453
          1454
          1455
          1456
          1457
          1458
          1459
          1460
          1461
          1462
          1463
          1464
          1465
          1466
          1467
          1468
          1469
          1470
          1471
          1472
          1473
          1474
          1475
          1476
          1477
          1478
          1479
          1480
          1481
          1482
          1483
          1484
          1485
          1486
          1487
          1488
          1489
          1490
          1491
          1492
          1493
          1494
          1495
          1496
          1497
          1498
          1499
          1500
          1501
          1502
          1503
          1504
          1505
          1506
          1507
          1508
          1509
          1510
          1511
          1512
          1513
          1514
          1515
          1516
          1517
          1518
          1519
          1520
          1521
          1522
          1523
          1524
          1525
          1526
          1527
          1528
          1529
          1530
          1531
          1532
          1533
          1534
          1535
          1536
          1537
          1538
          1539
          1540
          1541
          1542
          1543
          1544
          1545
          1546
          1547
          1548
          1549
          1550
          1551
          1552
          1553
          1554
          1555
          1556
          1557
          1558
          1559
          1560
          1561
          1562
          1563
          1564
          1565
          1566
          1567
          1568
          1569
          1570
          1571
          1572
          1573
          1574
          1575
          1576
          1577
          1578
          1579
          1580
          1581
          1582
          1583
          1584
          1585
          1586
          1587
          1588
          1589
          1590
          1591
          1592
          1593
          1594
          1595
          1596
          1597
          1598
          1599
          1600
          1601
          1602
          1603
          1604
          1605
          1606
          1607
          1608
          1609
          1610
          1611
          1612
          1613
          1614
          1615
          1616
          1617
          1618
          1619
          1620
          1621
          1622
          1623
          1624
          1625
          1626
          1627
          1628
          1629
          1630
          1631
          1632
          1633
          1634
          1635
          1636
          1637
          1638
          1639
          1640
          1641
          1642
          1643
          1644
          1645
          1646
          1647
          1648
          1649
          1650
          1651
          1652
          1653
          1654
          1655
          1656
          1657
          1658
          1659
          1660
          1661
          1662
          1663
          1664
          1665
          1666
          1667
          1668
          1669
          1670
          1671
          1672
          1673
          1674
          1675
          1676
          1677
          1678
          1679
          1680
          1681
          1682
          1683
          1684
          1685
          1686
          1687
          1688
          1689
          1690
          1691
          1692
          1693
          1694
          1695
          1696
          1697
          1698
          1699
          1700
          1701
          1702
          1703
          1704
          1705
          1706
          1707
          1708
          1709
          1710
          1711
          1712
          1713
          1714
          1715
          1716
          1717
          1718
          1719
          1720
          1721
          1722
          1723
          1724
          1725
          1726
          1727
          1728
          1729
          1730
          1731
          1732
          1733
          1734
          1735
          1736
          1737
          1738
          1739
          1740
          1741
          1742
          1743
          1744
          1745
          1746
          1747
          1748
          1749
          1750
          1751
          1752
          1753
          1754
          1755
          1756
          1757
          1758
          1759
          1760
          1761
          1762
          1763
          1764
          1765
          1766
          1767
          1768
          1769
          1770
          1771
          1772
          1773
          1774
          1775
          1776
          1777
          1778
          1779
          1780
          1781
          1782
          1783
          1784
          1785
          1786
          1787
          1788
          1789
          1790
          1791
          1792
          1793
          1794
          1795
          1796
          1797
          1798
          1799
          1800
          1801
          1802
          1803
          1804
          1805
          1806
          1807
          1808
          1809
          1810
          1811
          1812
          1813
          1814
          1815
          1816
          1817
          1818
          1819
          1820
          1821
          1822
          1823
          1824
          1825
          1826
          1827
          1828
          1829
          1830
          1831
          1832
          1833
          1834
          1835
          1836
          1837
          1838
          1839
          1840
          1841
          1842
          1843
          1844
          1845
          1846
          1847
          1848
          1849
          1850
          1851
          1852
          1853
          1854
          1855
          1856
          1857
          1858
          1859
          1860
          1861
          1862
          1863
          1864
          1865
          1866
          1867
          1868
          1869
          1870
          1871
          1872
          1873
          1874
          1875
          1876
          1877
          1878
          1879
          1880
          1881
          1882
          1883
          1884
          1885
          1886
          1887
          1888
          1889
          1890
          1891
          1892
          1893
          1894
          1895
          1896
          1897
          1898
          1899
          1900
          1901
          1902
          1903
          1904
          1905
          1906
          1907
          1908
          1909
          1910
          1911
          1912
          1913
          1914
          1915
          1916
          1917
          1918
          1919
          1920
          1921
          1922
          1923
          1924
          1925
          1926
          1927
          1928
          1929
          1930
          1931
          1932
          1933
          1934
          1935
          1936
          1937
          1938
          1939
          1940
          1941
          1942
          1943
          1944
          1945
          1946
          1947
          1948
          1949
          1950
          1951
          1952
          1953
          1954
          1955
          1956
          1957
          1958
          1959
          1960
          1961
          1962
          1963
          1964
          1965
          1966
          1967
          1968
          1969
          1970
          1971
          1972
          1973
          1974
          1975
          1976
          1977
          1978
          1979
          1980
          1981
          1982
          1983
          1984
          1985
          1986
          1987
          1988
          1989
          1990
          1991
          1992
          1993
          1994
          1995
          1996
          1997
          1998
          1999
          2000
          2001
          2002
          2003
          2004
          2005
          2006
          2007
          2008
          2009
          2010
          2011
          2012
          2013
          2014
          2015
          2016
          2017
          2018
          2019
          2020
          2021
          2022
          2023
          2024
          2025
          2026
          2027
          2028
          2029
          2030
          2031
          2032
          2033
          2034
          2035
          2036
          2037
          2038
          2039
          2040
          2041
          2042
          2043
          2044
          2045
          2046
          2047
          2048
          2049
          2050
          2051
          2052
          2053
          2054
          2055
          2056
          2057
          2058
          2059
          2060
          2061
          2062
          2063
          2064
          2065
          2066
          2067
          2068
          2069
          2070
          2071
          2072
          2073
          2074
          2075
          2076
          2077
          2078
          2079
          2080
          2081
          2082
          2083
          2084
          2085
          2086
          2087
          2088
          2089
          2090
          2091
          2092
          2093
          2094
          2095
          2096
          2097
          2098
          2099
          2100
          2101
          2102
          2103
          2104
          2105
          2106
          2107
          2108
          2109
          2110
          2111
          2112
          2113
          2114
          2115
          2116
          2117
          2118
          2119
          2120
          2121
          2122
          2123
          2124
          2125
          2126
          2127
          2128
          2129
          2130
          2131
          2132
          2133
          2134
          2135
          2136
          2137
          2138
          2139
          2140
          2141
          2142
          2143
          2144
          2145
          2146
          2147
          2148
          2149
          2150
          2151
          2152
          2153
          2154
          2155
          2156
          2157
          2158
          2159
          2160
          2161
          2162
          2163
          2164
          2165
          2166
          2167
          2168
          2169
          2170
          2171
          2172
          2173
          2174
          2175
          2176
          2177
          2178
          2179
          2180
          2181
          2182
          2183
          2184
          2185
          2186
          2187
          2188
          2189
          2190
          2191
          2192
          2193
          2194
          2195
          2196
          2197
          2198
          2199
          2200
          2201
          2202
          2203
          2204
          2205
          2206
          2207
          2208
          2209
          2210
          2211
          2212
          2213
          2214
          2215
          2216
          2217
          2218
          2219
          2220
          2221
          2222
          2223
          2224
          2225
          2226
          2227
          2228
          2229
          2230
          2231
          2232
          2233
          2234
          2235
          2236
          2237
          2238
          2239
          2240
          2241
          2242
          2243
          2244
          2245
          2246
          2247
          2248
          2249
          2250
          2251
          2252
          2253
          2254
          2255
          2256
          2257
          2258
          2259
          2260
          2261
          2262
          2263
          2264
          2265
          2266
          2267
          2268
          2269
          2270
          2271
          2272
          2273
          2274
          2275
          2276
          2277
          2278
          2279
          2280
          2281
          2282
          2283
          2284
          2285
          2286
          2287
          2288
          2289
          2290
          2291
          2292
          2293
          2294
          2295
          2296
          2297
          2298
          2299
          2300
          2301
          2302
          2303
          2304
          2305
          2306
          2307
          2308
          2309
          2310
          2311
          2312
          2313
          2314
          2315
          2316
          2317
          2318
          2319
          2320
          2321
          2322
          2323
          2324
          2325
          2326
          2327
          2328
          2329
          2330
          2331
          2332
          2333
          2334
          2335
          2336
          2337
          2338
          2339
          2340
          2341
          2342
          2343
          2344
          2345
          2346
          2347
          2348
          2349
          2350
          2351
          2352
          2353
          2354
          2355
          2356
          2357
          2358
          2359
          2360
          2361
          2362
          2363
          2364
          2365
          2366
          2367
          2368
          2369
          2370
          2371
          2372
          2373
          2374
          2375
          2376
          2377
          2378
          2379
          2380
          2381
          2382
          2383
          2384
          2385
          2386
          2387
          2388
          2389
          2390
          2391
          2392
          2393
          2394
          2395
          2396
          2397
          2398
          2399
          2400
          2401
          2402
          2403
          2404
          2405
          2406
          2407
          2408
          2409
          2410
          2411
          2412
          2413
          2414
          2415
          2416
          2417
          2418
          2419
          2420
          2421
          2422
          2423
          2424
          2425
          2426
          2427
          2428
          2429
          2430
          2431
          2432
          2433
          2434
          2435
          2436
          2437
          2438
          2439
          2440
          2441
          2442
          2443
          2444
          2445
          2446
          2447
          2448
          2449
          2450
          2451
          2452
          2453
          2454
          2455
          2456
          2457
          2458
          2459
          2460
          2461
          2462
          2463
          2464
          2465
          2466
          2467
          2468
          2469
          2470
          2471
          2472
          2473
          2474
          2475
          2476
          2477
          2478
          2479
          2480
          2481
          2482
          2483
          2484
          2485
          2486
          2487
          2488
          2489
          2490
          2491
          2492
          2493
          2494
          2495
          2496
          2497
          2498
          2499
          2500
          2501
          2502
          2503
          2504
          2505
          2506
          2507
          2508
          2509
          2510
          2511
          2512
          2513
          2514
          2515
          2516
          2517
          2518
          2519
          2520
          2521
          2522
          2523
          2524
          2525
          2526
          2527
          2528
          2529
          2530
          2531
          2532
          2533
          2534
          2535
          2536
          2537
          2538
          2539
          2540
          2541
          2542
          2543
          2544
          2545
          2546
          2547
          2548
          2549
          2550
          2551
          2552
          2553
          2554
          2555
          2556
          2557
          2558
          2559
          2560
          2561
          2562
          2563
          2564
          2565
          2566
          2567
          2568
          2569
          2570
          2571
          2572
          2573
          2574
          2575
          2576
          2577
          2578
          2579
          2580
          2581
          2582
          2583
          2584
          2585
          2586
          2587
          2588
          2589
          2590
          2591
          2592
          2593
          2594
          2595
          2596
          2597
          2598
          2599
          2600
          2601
          2602
          2603
          2604
          2605
          2606
          2607
          2608
          2609
          2610
          2611
          2612
          2613
          2614
          2615
          2616
          2617
          2618
          2619
          2620
          2621
          2622
          2623
          2624
          2625
          2626
          2627
          2628
          2629
          2630
          2631
          2632
          2633
          2634
          2635
          2636
          2637
          2638
          2639
          2640
          2641
          2642
          2643
          2644
          2645
          2646
          2647
          2648
          2649
          2650
          2651
          2652
          2653
          2654
          2655
          2656
          2657
          2658
          2659
          2660
          2661
          2662
          2663
          2664
          2665
          2666
          2667
          2668
          2669
          2670
          2671
          2672
          2673
          2674
          2675
          2676
          2677
          2678
          2679
          2680
          2681
          2682
          2683
          2684
          2685
          2686
          2687
          2688
          2689
          2690
          2691
          2692
          2693
          2694
          2695
          2696
          2697
          2698
          2699
          2700
          2701
          2702
          2703
          2704
          2705
          2706
          2707
          2708
          2709
          2710
          2711
          2712
          2713
          2714
          2715
          2716
          2717
          2718
          2719
          2720
          2721
          2722
          2723
          2724
          2725
          2726
          2727
          2728
          2729
          2730
          2731
          2732
          2733
          2734
          2735
          2736
          2737
          2738
          2739
          2740
          2741
          2742
          2743
          2744
          2745
          2746
          2747
          2748
          2749
          2750
          2751
          2752
          2753
          2754
          2755
          2756
          2757
          2758
          2759
          2760
          2761
          2762
          2763
          2764
          2765
          2766
          2767
          2768
          2769
          2770
          2771
          2772
          2773
          2774
          2775
          2776
          2777
          2778
          2779
          2780
          2781
          2782
          2783
          2784
          2785
          2786
          2787
          2788
          2789
          2790
          2791
          2792
          2793
          2794
          2795
          2796
          2797
          2798
          2799
          2800
          2801
          2802
          2803
          2804
          2805
          2806
          2807
          2808
          2809
          2810
          2811
          2812
          2813
          2814
          2815
          2816
          2817
          2818
          2819
          2820
          2821
          2822
          2823
          2824
          2825
          2826
          2827
          2828
          2829
          2830
          2831
          2832
          2833
          2834
          2835
          2836
          2837
          2838
          2839
          2840
          2841
          2842
          2843
          2844
          2845
          2846
          2847
          2848
          2849
          2850
          2851
          2852
          2853
          2854
          2855
          2856
          2857
          2858
          2859
          2860
          2861
          2862
          2863
          2864
          2865
          2866
          2867
          2868
          2869
          2870
          2871
          2872
          2873
          2874
          2875
          2876
          2877
          2878
          2879
          2880
          2881
          2882
          2883
          2884
          2885
          2886
          2887
          2888
          2889
          2890
          2891
          2892
          2893
          2894
          2895
          2896
          2897
          2898
          2899
          2900
          2901
          2902
          2903
          2904
          2905
          2906
          2907
          2908
          2909
          2910
          2911
          2912
          2913
          2914
          2915
          2916
          2917
          2918
          2919
          2920
          2921
          2922
          2923
          2924
          2925
          2926
          2927
          2928
          2929
          2930
          2931
          2932
          2933
          2934
          2935
          2936
          2937
          2938
          2939
          2940
          2941
          2942
          2943
          2944
          2945
          2946
          2947
          2948
          2949
          2950
          2951
          2952
          2953
          2954
          2955
          2956
          2957
          2958
          2959
          2960
          2961
          2962
          2963
          2964
          2965
          2966
          2967
          2968
          2969
          2970
          2971
          2972
          2973
          2974
          2975
          2976
          2977
          2978
          2979
          2980
          2981
          2982
          2983
          2984
          2985
          2986
          2987
          2988
          2989
          2990
          2991
          2992
          2993
          2994
          2995
          2996
          2997
          2998
          2999
          3000
          3001
          3002
          3003
          3004
          3005
          3006
          3007
          3008
          3009
          3010
          3011
          3012
          3013
          3014
          3015
          3016
          3017
          3018
          3019
          3020
          3021
          3022
          3023
          3024
          3025
          3026
          3027
          3028
          3029
          3030
          3031
          3032
          3033
          3034
          3035
          3036
          3037
          3038
          3039
          3040
          3041
          3042
          3043
          3044
          3045
          3046
          3047
          3048
          3049
          3050
          3051
          3052
          3053
          3054
          3055
          3056
          3057
          3058
          3059
          3060
          3061
          3062
          3063
          3064
          3065
          3066
          3067
          3068
          3069
          3070
          3071
          3072
          3073
          3074
          3075
          3076
          3077
          3078
          3079
          3080
          3081
          3082
          3083
          3084
          3085
          3086
          3087
          3088
          3089
          3090
          3091
          3092
          3093
          3094
          3095
          3096
          3097
          3098
          3099
          3100
          3101
          3102
          3103
          3104
          3105
          3106
          3107
          3108
          3109
          3110
          3111
          3112
          3113
          3114
          3115
          3116
          3117
          3118
          3119
          3120
          3121
          3122
          3123
          3124
          3125
          3126
          3127
          3128
          3129
          3130
          3131
          3132
          3133
          3134
          3135
          3136
          3137
          3138
          3139
          3140
          3141
          3142
          3143
          3144
          3145
          3146
          3147
          3148
          3149
          3150
          3151
          3152
          3153
          3154
          3155
          3156
          3157
          3158
          3159
          3160
          3161
          3162
          3163
          3164
          3165
          3166
          3167
          3168
          3169
          3170
          3171
          3172
          3173
          3174
          3175
          3176
          3177
          3178
          3179
          3180
          3181
          3182
          3183
          3184
          3185
          3186
          3187
          3188
          3189
          3190
          3191
          3192
          3193
          3194
          3195
          3196
          3197
          3198
          3199
          3200
          3201
          3202
          3203
          3204
          3205
          3206
          3207
          3208
          3209
          3210
          3211
          3212
          3213
          3214
          3215
          3216
          3217
          3218
          3219
          3220
          3221
          3222
          3223
          3224
          3225
          3226
          3227
          3228
          3229
          3230
          3231
          3232
          3233
          3234
          3235
          3236
          3237
          3238
          3239
          3240
          3241
          3242
          3243
          3244
          3245
          3246
          3247
          3248
          3249
          3250
          3251
          3252
          3253
          3254
          3255
          3256
          3257
          3258
          3259
          3260
          3261
          3262
          3263
          3264
          3265
          3266
          3267
          3268
          3269
          3270
          3271
          3272
          3273
          3274
          3275
          3276
          3277
          3278
          3279
          3280
          3281
          3282
          3283
          3284
          3285
          3286
          3287
          3288
          3289
          3290
          3291
          3292
          3293
          3294
          3295
          3296
          3297
          3298
          3299
          3300
          3301
          3302
          3303
          3304
          3305
          3306
          3307
          3308
          3309
          3310
          3311
          3312
          3313
          3314
          3315
          3316
          3317
          3318
          3319
          3320
          3321
          3322
          3323
          3324
          3325
          3326
          3327
          3328
          3329
          3330
          3331
          3332
          3333
          3334
          3335
          3336
          3337
          3338
          3339
          3340
          3341
          3342
          3343
          3344
          3345
          3346
          3347
          3348
          3349
          3350
          3351
          3352
          3353
          3354
          3355
          3356
          3357
          3358
          3359
          3360
          3361
          3362
          3363
          3364
          3365
          3366
          3367
          3368
          3369
          3370
          3371
          3372
          3373
          3374
          3375
          3376
          3377
          3378
          3379
          3380
          3381
          3382
          3383
          3384
          3385
          3386
          3387
          3388
          3389
          3390
          3391
          3392
          3393
          3394
          3395
          3396
          3397
          3398
          3399
          3400
          3401
          3402
          3403
          3404
          3405
          3406
          3407
          3408
          3409
          3410
          3411
          3412
          3413
          3414
          3415
          3416
          3417
          3418
          3419
          3420
          3421
          3422
          3423
          3424
          3425
          3426
          3427
          3428
          3429
          3430
          3431
          3432
          3433
          3434
          3435
          3436
          3437
          3438
          3439
          3440
          3441
          3442
          3443
          3444
          3445
          3446
          3447
          3448
          3449
          3450
          3451
          3452
          3453
          3454
          3455
          3456
          3457
          3458
          3459
          3460
          3461
          3462
          3463
          3464
          3465
          3466
          3467
          3468
          3469
          3470
          3471
          3472
          3473
          3474
          3475
          3476
          3477
          3478
          3479
          3480
          3481
          3482
          3483
          3484
          3485
          3486
          3487
          3488
          3489
          3490
          3491
          3492
          3493
          3494
          3495
          3496
          3497
          3498
          3499
          3500
          3501
          3502
          3503
          3504
          3505
          3506
          3507
          3508
          3509
          3510
          3511
          3512
          3513
          3514
          3515
          3516
          3517
          3518
          3519
          3520
          3521
          3522
          3523
          3524
          3525
          3526
          3527
          3528
          3529
          3530
          3531
          3532
          3533
          3534
          3535
          3536
          3537
          3538
          3539
          3540
          3541
          3542
          3543
          3544
          3545
          3546
          3547
          3548
          3549
          3550
          3551
          3552
          3553
          3554
          3555
          3556
          3557
          3558
          3559
          3560
          3561
          3562
          3563
          3564
          3565
          3566
          3567
          3568
          3569
          3570
          3571
          3572
          3573
          3574
          3575
          3576
          3577
          3578
          3579
          3580
          3581
          3582
          3583
          3584
          3585
          3586
          3587
          3588
          3589
          3590
          3591
          3592
          3593
          3594
          3595
          3596
          3597
          3598
          3599
          3600
          3601
          3602
          3603
          3604
          3605
          3606
          3607
          3608
          3609
          3610
          3611
          3612
          3613
          3614
          3615
          3616
          3617
          3618
          3619
          3620
          3621
          3622
          3623
          3624
          3625
          3626
          3627
          3628
          3629
          3630
          3631
          3632
          3633
          3634
          3635
          3636
          3637
          3638
          3639
          3640
          3641
          3642
          3643
          3644
          3645
          3646
          3647
          3648
          3649
          3650
          3651
          3652
          3653
          3654
          3655
          3656
          3657
          3658
          3659
          3660
          3661
          3662
          3663
          3664
          3665
          3666
          3667
          3668
          3669
          3670
          3671
          3672
          3673
          3674
          3675
          3676
          3677
          3678
          3679
          3680
          3681
          3682
          3683
          3684
          3685
          3686
          3687
          3688
          3689
          3690
          3691
          3692
          3693
          3694
          3695
          3696
          3697
          3698
          3699
          3700
          3701
          3702
          3703
          3704
          3705
          3706
          3707
          3708
          3709
          3710
          3711
          3712
          3713
          3714
          3715
          3716
          3717
          3718
          3719
          3720
          3721
          3722
          3723
          3724
          3725
          3726
          3727
          3728
          3729
          3730
          3731
          3732
          3733
          3734
          3735
          3736
          3737
          3738
          3739
          3740
          3741
          3742
          3743
          3744
          3745
          3746
          3747
          3748
          3749
          3750
          3751
          3752
          3753
          3754
          3755
          3756
          3757
          3758
          3759
          3760
          3761
          3762
          3763
          3764
          3765
          3766
          3767
          3768
          3769
          3770
          3771
          3772
          3773
          3774
          3775
          3776
          3777
          3778
          3779
          3780
          3781
          3782
          3783
          3784
          3785
          3786
          3787
          3788
          3789
          3790
          3791
          3792
          3793
          3794
          3795
          3796
          3797
          3798
          3799
          3800
          3801
          3802
          3803
          3804
          3805
          3806
          3807
          3808
          3809
          3810
          3811
          3812
          3813
          3814
          3815
          3816
          3817
          3818
          3819
          3820
          3821
          3822
          3823
          3824
          3825
          3826
          3827
          3828
          3829
          3830
          3831
          3832
          3833
          3834
          3835
          3836
          3837
          3838
          3839
          3840
          3841
          3842
          3843
          3844
          3845
          3846
          3847
          3848
          3849
          3850
          3851
          3852
          3853
          3854
          3855
          3856
          3857
          3858
          3859
          3860
          3861
          3862
          3863
          3864
          3865
          3866
          3867
          3868
          3869
          3870
          3871
          3872
          3873
          3874
          3875
          3876
          3877
          3878
          3879
          3880
          3881
          3882
          3883
          3884
          3885
          3886
          3887
          3888
          3889
          3890
          3891
          3892
          3893
          3894
          3895
          3896
          3897
          3898
          3899
          3900
          3901
          3902
          3903
          3904
          3905
          3906
          3907
          3908
          3909
          3910
          3911
          3912
          3913
          3914
          3915
          3916
          3917
          3918
          3919
          3920
          3921
          3922
          3923
          3924
          3925
          3926
          3927
          3928
          3929
          3930
          3931
          3932
          3933
          3934
          3935
          3936
          3937
          3938
          3939
          3940
          3941
          3942
          3943
          3944
          3945
          3946
          3947
          3948
          3949
          3950
          3951
          3952
          3953
          3954
          3955
          3956
          3957
          3958
          3959
          3960
          3961
          3962
          3963
          3964
          3965
          3966
          3967
          3968
          3969
          3970
          3971
          3972
          3973
          3974
          3975
          3976
          3977
          3978
          3979
          3980
          3981
          3982
          3983
          3984
          3985
          3986
          3987
          3988
          3989
          3990
          3991
          3992
          3993
          3994
          3995
          3996
          3997
          3998
          3999
          4000
          4001
          4002
          4003
          4004
          4005
          4006
          4007
          4008
          4009
          4010
          4011
          4012
          4013
          4014
          4015
          4016
          4017
          4018
          4019
          4020
          4021
          4022
          4023
          4024
          4025
          4026
          4027
          4028
          4029
          4030
          4031
          4032
          4033
          4034
          4035
          4036
          4037
          4038
          4039
          4040
          4041
          4042
          4043
          4044
          4045
          4046
          4047
          4048
          4049
          4050
          4051
          4052
          4053
          4054
          4055
          4056
          4057
          4058
          4059
          4060
          4061
          4062
          4063
          4064
          4065
          4066
          4067
          4068
          4069
          4070
          4071
          4072
          4073
          4074
          4075
          4076
          4077
          4078
          4079
          4080
          4081
          4082
          4083
          4084
          4085
          4086
          4087
          4088
          4089
          4090
          4091
          4092
          4093
          4094
          4095
          4096
          4097
          4098
          4099
          4100
          4101
          4102
          4103
          4104
          4105
          4106
          4107
          4108
          4109
          4110
          4111
          4112
          4113
          4114
          4115
          4116
          4117
          4118
          4119
          4120
          4121
          4122
          4123
          4124
          4125
          4126
          4127
          4128
          4129
          4130
          4131
          4132
          4133
          4134
          4135
          4136
          4137
          4138
          4139
          4140
          4141
          4142
          4143
          4144
          4145
          4146
          4147
          4148
          4149
          4150
          4151
          4152
          4153
          4154
          4155
          4156
          4157
          4158
          4159
          4160
          4161
          4162
          4163
          4164
          4165
          4166
          4167
          4168
          4169
          4170
          4171
          4172
          4173
          4174
          4175
          4176
          4177
          4178
          4179
          4180
          4181
          4182
          4183
          4184
          4185
          4186
          4187
          4188
          4189
          4190
          4191
          4192
          4193
          4194
          4195
          4196
          4197
          4198
          4199
          4200
          4201
          4202
          4203
          4204
          4205
          4206
          4207
          4208
          4209
          4210
          4211
          4212
          4213
          4214
          4215
          4216
          4217
          4218
          4219
          4220
          4221
          4222
          4223
          4224
          4225
          4226
          4227
          4228
          4229
          4230
          4231
          4232
          4233
          4234
          4235
          4236
          4237
          4238
          4239
          4240
          4241
          4242
          4243
          4244
          4245
          4246
          4247
          4248
          4249
          4250
          4251
          4252
          4253
          4254
          4255
          4256
          4257
          4258
          4259
          4260
          4261
          4262
          4263
          4264
          4265
          4266
          4267
          4268
          4269
          4270
          4271
          4272
          4273
          4274
          4275
          4276
          4277
          4278
          4279
          4280
          4281
          4282
          4283
          4284
          4285
          4286
          4287
          4288
          4289
          4290
          4291
          4292
          4293
          4294
          4295
          4296
          4297
          4298
          4299
          4300
          4301
          4302
          4303
          4304
          4305
          4306
          4307
          4308
          4309
          4310
          4311
          4312
          4313
          4314
          4315
          4316
          4317
          4318
          4319
        </DataArray>
        <DataArray type="Int32" Name="offsets" format="ascii">
          1
          2
          3
          4
          5
          6
          7
          8
          9
          10
          11
          12
          13
          14
          15
          16
          17
          18
          19
          20
          21
          22
          23
          24
          25
          26
          27
          28
          29
          30
          31
          32
          33
          34
          35
          36
          37
          38
          39
          40
          41
          42
          43
          44
          45
          46
          47
          48
          49
          50
          51
          52
          53
          54
          55
          56
          57
          58
          59
          60
          61
          62
          63
          64
          65
          66
          67
          68
          69
          70
          71
          72
          73
          74
          75
          76
          77
          78
          79
          80
          81
          82
          83
          84
          85
          86
          87
          88
          89
          90
          91
          92
          93
          94
          95
          96
          97
          98
          99
          100
          101
          102
          103
          104
          105
          106
          107
          108
          109
          110
          111
          112
          113
          114
          115
          116
          117
          118
          119
          120
          121
          122
          123
          124
          125
          126
          127
          128
          129
          130
          131
          132
          133
          134
          135
          136
          137
          138
          139
          140
          141
          142
          143
          144
          145
          146
          147
          148
          149
          150
          151
          152
          153
          154
          155
          156
          157
          158
          159
          160
          161
          162
          163
          164
          165
          166
          167
          168
          169
          170
          171
          172
          173
          174
          175
          176
          177
          178
          179
          180
          181
          182
          183
          184
          185
          186
          187
          188
          189
          190
          191
          192
          193
          194
          195
          196
          197
          198
          199
          200
          201
          202
          203
          204
          205
          206
          207
          208
          209
          210
          211
          212
          213
          214
          215
          216
          217
          218
          219
          220
          221
          222
          223
          224
          225
          226
          227
          228
          229
          230
          231
          232
          233
          234
          235
          236
          237
          238
          239
          240
          241
          242
          243
          244
          245
          246
          247
          248
          249
          250
          251
          252
          253
          254
          255
          256
          257
          258
          259
          260
          261
          262
          263
          264
          265
          266
          267
          268
          269
          270
          271
          272
          273
          274
          275
          276
          277
          278
          279
          280
          281
          282
          283
          284
          285
          286
          287
          288
          289
          290
          291
          292
          293
          294
          295
          296
          297
          298
          299
          300
          301
          302
          303
          304
          305
          306
          307
          308
          309
          310
          311
          312
          313
          314
          315
          316
          317
          318
          319
          320
          321
          322
          323
          324
          325
          326
          327
          328
          329
          330
          331
          332
          333
          334
          335
          336
          337
          338
          339
          340
          341
          342
          343
          344
          345
          346
          347
          348
          349
          350
          351
          352
          353
          354
          355
          356
          357
          358
          359
          360
          361
          362
          363
          364
          365
          366
          367
          368
          369
          370
          371
          372
          373
          374
          375
          376
          377
          378
          379
          380
          381
          382
          383
          384
          385
          386
          387
          388
          389
          390
          391
          392
          393
          394
          395
          396
          397
          398
          399
          400
          401
          402
          403
          404
          405
          406
          407
          408
          409
          410
          411
          412
          413
          414
          415
          416
          417
          418
          419
          420
          421
          422
          423
          424
          425
          426
          427
          428
          429
          430
          431
          432
          433
          434
          435
          436
          437
          438
          439
          440
          441
          442
          443
          444
          445
          446
          447
          448
          449
          450
          451
          452
          453
          454
          455
          456
          457
          458
          459
          460
          461
          462
          463
          464
          465
          466
          467
          468
          469
          470
          471
          472
          473
          474
          475
          476
          477
          478
          479
          480
          481
          482
          483
          484
          485
          486
          487
          488
          489
          490
          491
          492
          493
          494
          495
          496
          497
          498
          499
          500
          501
          502
          503
          504
          505
          506
          507
          508
          509
          510
          511
          512
          513
          514
          515
          516
          517
          518
          519
          520
          521
          522
          523
          524
          525
          526
          527
          528
          529
          530
          531
          532
          533
          534
          535
          536
          537
          538
          539
          540
          541
          542
          543
          544
          545
          546
          547
          548
          549
          550
          551
          552
          553
          554
          555
          556
          557
          558
          559
          560
          561
          562
          563
          564
          565
          566
          567
          568
          569
          570
          571
          572
          573
          574
          575
          576
          577
          578
          579
          580
          581
          582
          583
          584
          585
          586
          587
          588
          589
          590
          591
          592
          593
          594
          595
          596
          597
          598
          599
          600
          601
          602
          603
          604
          605
          606
          607
          608
          609
          610
          611
          612
          613
          614
          615
          616
          617
          618
          619
          620
          621
          622
          623
          624
          625
          626
          627
          628
          629
          630
          631
          632
          633
          634
          635
          636
          637
          638
          639
          640
          641
          642
          643
          644
          645
          646
          647
          648
          649
          650
          651
          652
          653
          654
          655
          656
          657
          658
          659
          660
          661
          662
          663
          664
          665
          666
          667
          668
          669
          670
          671
          672
          673
          674
          675
          676
          677
          678
          679
          680
          681
          682
          683
          684
          685
          686
          687
          688
          689
          690
          691
          692
          693
          694
          695
          696
          697
          698
          699
          700
          701
          702
          703
          704
          705
          706
          707
          708
          709
          710
          711
          712
          713
          714
          715
          716
          717
          718
          719
          720
          721
          722
          723
          724
          725
          726
          727
          728
          729
          730
          731
          732
          733
          734
          735
          736
          737
          738
          739
          740
          741
          742
          743
          744
          745
          746
          747
          748
          749
          750
          751
          752
          753
          754
          755
          756
          757
          758
          759
          760
          761
          762
          763
          764
          765
          766
          767
          768
          769
          770
          771
          772
          773
          774
          775
          776
          777
          778
          779
          780
          781
          782
          783
          784
          785
          786
          787
          788
          789
          790
          791
          792
          793
          794
          795
          796
          797
          798
          799
          800
          801
          802
          803
          804
          805
          806
          807
          808
          809
          810
          811
          812
          813
          814
          815
          816
          817
          818
          819
          820
          821
          822
          823
          824
          825
          826
          827
          828
          829
          830
          831
          832
          833
          834
          835
          836
          837
          838
          839
          840
          841
          842
          843
          844
          845
          846
          847
          848
          849
          850
          851
          852
          853
          854
          855
          856
          857
          858
          859
          860
          861
          862
          863
          864
          865
          866
          867
          868
          869
          870
          871
          872
          873
          874
          875
          876
          877
          878
          879
          880
          881
          882
          883
          884
          885
          886
          887
          888
          889
          890
          891
          892
          893
          894
          895
          896
          897
          898
          899
          900
          901
          902
          903
          904
          905
          906
          907
          908
          909
          910
          911
          912
          913
          914
          915
          916
          917
          918
          919
          920
          921
          922
          923
          924
          925
          926
          927
          928
          929
          930
          931
          932
          933
          934
          935
          936
          937
          938
          939
          940
          941
          942
          943
          944
          945
          946
          947
          948
          949
          950
          951
          952
          953
          954
          955
          956
          957
          958
          959
          960
          961
          962
          963
          964
          965
          966
          967
          968
          969
          970
          971
          972
          973
          974
          975
          976
          977
          978
          979
          980
          981
          982
          983
          984
          985
          986
          987
          988
          989
          990
          991
          992
          993
          994
          995
          996
          997
          998
          999
          1000
          1001
          1002
          1003
          1004
          1005
          1006
          1007
          1008
          1009
          1010
          1011
          1012
          1013
          1014
          1015
          1016
          1017
          1018
          1019
          1020
          1021
          1022
          1023
          1024
          1025
          1026
          1027
          1028
          1029
          1030
          1031
          1032
          1033
          1034
          1035
          1036
          1037
          1038
          1039
          1040
          1041
          1042
          1043
          1044
          1045
          1046
          1047
          1048
          1049
          1050
          1051
          1052
          1053
          1054
          1055
          1056
          1057
          1058
          1059
          1060
          1061
          1062
          1063
          1064
          1065
          1066
          1067
          1068
          1069
          1070
          1071
          1072
          1073
          1074
          1075
          1076
          1077
          1078
          1079
          1080
          1081
          1082
          1083
          1084
          1085
          1086
          1087
          1088
          1089
          1090
          1091
          1092
          1093
          1094
          1095
          1096
          1097
          1098
          1099
          1100
          1101
          1102
          1103
          1104
          1105
          1106
          1107
          1108
          1109
          1110
          1111
          1112
          1113
          1114
          1115
          1116
          1117
          1118
          1119
          1120
          1121
          1122
          1123
          1124
          1125
          1126
          1127
          1128
          1129
          1130
          1131
          1132
          1133
          1134
          1135
          1136
          1137
          1138
          1139
          1140
          1141
          1142
          1143
          1144
          1145
          1146
          1147
          1148
          1149
          1150
          1151
          1152
          1153
          1154
          1155
          1156
          1157
          1158
          1159
          1160
          1161
          1162
          1163
          1164
          1165
          1166
          1167
          1168
          1169
          1170
          1171
          1172
          1173
          1174
          1175
          1176
          1177
          1178
          1179
          1180
          1181
          1182
          1183
          1184
          1185
          1186
          1187
          1188
          1189
          1190
          1191
          1192
          1193
          1194
          1195
          1196
          1197
          1198
          1199
          1200
          1201
          1202
          1203
          1204
          1205
          1206
          1207
          1208
          1209
          1210
          1211
          1212
          1213
          1214
          1215
          1216
          1217
          1218
          1219
          1220
          1221
          1222
          1223
          1224
          1225
          1226
          1227
          1228
          1229
          1230
          1231
          1232
          1233
          1234
          1235
          1236
          1237
          1238
          1239
          1240
          1241
          1242
          1243
          1244
          1245
          1246
          1247
          1248
          1249
          1250
          1251
          1252
          1253
          1254
          1255
          1256
          1257
          1258
          1259
          1260
          1261
          1262
          1263
          1264
          1265
          1266
          1267
          1268
          1269
          1270
          1271
          1272
          1273
          1274
          1275
          1276
          1277
          1278
          1279
          1280
          1281
          1282
          1283
          1284
          1285
          1286
          1287
          1288
          1289
          1290
          1291
          1292
          1293
          1294
          1295
          1296
          1297
          1298
          1299
          1300
          1301
          1302
          1303
          1304
          1305
          1306
          1307
          1308
          1309
          1310
          1311
          1312
          1313
          1314
          1315
          1316
          1317
          1318
          1319
          1320
          1321
          1322
          1323
          1324
          1325
          1326
          1327
          1328
          1329
          1330
          1331
          1332
          1333
          1334
          1335
          1336
          1337
          1338
          1339
          1340
          1341
          1342
          1343
          1344
          1345
          1346
          1347
          1348
          1349
          1350
          1351
          1352
          1353
          1354
          1355
          1356
          1357
          1358
          1359
          1360
          1361
          1362
          1363
          1364
          1365
          1366
          1367
          1368
          1369
          1370
          1371
          1372
          1373
          1374
          1375
          1376
          1377
          1378
          1379
          1380
          1381
          1382
          1383
          1384
          1385
          1386
          1387
          1388
          1389
          1390
          1391
          1392
          1393
          1394
          1395
          1396
          1397
          1398
          1399
          1400
          1401
          1402
          1403
          1404
          1405
          1406
          1407
          1408
          1409
          1410
          1411
          1412
          1413
          1414
          1415
          1416
          1417
          1418
          1419
          1420
          1421
          1422
          1423
          1424
          1425
          1426
          1427
          1428
          1429
          1430
          1431
          1432
          1433
          1434
          1435
          1436
          1437
          1438
          1439
          1440
          1441
          1442
          1443
          1444
          1445
          1446
          1447
          1448
          1449
          1450
          1451
          1452
          1453
          1454
          1455
          1456
          1457
          1458
          1459
          1460
          1461
          1462
          1463
          1464
          1465
          1466
          1467
          1468
          1469
          1470
          1471
          1472
          1473
          1474
          1475
          1476
          1477
          1478
          1479
          1480
          1481
          1482
          1483
          1484
          1485
          1486
          1487
          1488
          1489
          1490
          1491
          1492
          1493
          1494
          1495
          1496
          1497
          1498
          1499
          1500
          1501
          1502
          1503
          1504
          1505
          1506
          1507
          1508
          1509
          1510
          1511
          1512
          1513
          1514
          1515
          1516
          1517
          1518
          1519
          1520
          1521
          1522
          1523
          1524
          1525
          1526
          1527
          1528
          1529
          1530
          1531
          1532
          1533
          1534
          1535
          1536
          1537
          1538
          1539
          1540
          1541
          1542
          1543
          1544
          1545
          1546
          1547
          1548
          1549
          1550
          1551
          1552
          1553
          1554
          1555
          1556
          1557
          1558
          1559
          1560
          1561
          1562
          1563
          1564
          1565
          1566
          1567
          1568
          1569
          1570
          1571
          1572
          1573
          1574
          1575
          1576
          1577
          1578
          1579
          1580
          1581
          1582
          1583
          1584
          1585
          1586
          1587
          1588
          1589
          1590
          1591
          1592
          1593
          1594
          1595
          1596
          1597
          1598
          1599
          1600
          1601
          1602
          1603
          1604
          1605
          1606
          1607
          1608
          1609
          1610
          1611
          1612
          1613
          1614
          1615
          1616
          1617
          1618
          1619
          1620
          1621
          1622
          1623
          1624
          1625
          1626
          1627
          1628
          1629
          1630
          1631
          1632
          1633
          1634
          1635
          1636
          1637
          1638
          1639
          1640
          1641
          1642
          1643
          1644
          1645
          1646
          1647
          1648
          1649
          1650
          1651
          1652
          1653
          1654
          1655
          1656
          1657
          1658
          1659
          1660
          1661
          1662
          1663
          1664
          1665
          1666
          1667
          1668
          1669
          1670
          1671
          1672
          1673
          1674
          1675
          1676
          1677
          1678
          1679
          1680
          1681
          1682
          1683
          1684
          1685
          1686
          1687
          1688
          1689
          1690
          1691
          1692
          1693
          1694
          1695
          1696
          1697
          1698
          1699
          1700
          1701
          1702
          1703
          1704
          1705
          1706
          1707
          1708
          1709
          1710
          1711
          1712
          1713
          1714
          1715
          1716
          1717
          1718
          1719
          1720
          1721
          1722
          1723
          1724
          1725
          1726
          1727
          1728
          1729
          1730
          1731
          1732
          1733
          1734
          1735
          1736
          1737
          1738
          1739
          1740
          1741
          1742
          1743
          1744
          1745
          1746
          1747
          1748
          1749
          1750
          1751
          1752
          1753
          1754
          1755
          1756
          1757
          1758
          1759
          1760
          1761
          1762
          1763
          1764
          1765
          1766
          1767
          1768
          1769
          1770
          1771
          1772
          1773
          1774
          1775
          1776
          1777
          1778
          1779
          1780
          1781
          1782
          1783
          1784
          1785
          1786
          1787
          1788
          1789
          1790
          1791
          1792
          1793
          1794
          1795
          1796
          1797
          1798
          1799
          1800
          1801
          1802
          1803
          1804
          1805
          1806
          1807
          1808
          1809
          1810
          1811
          1812
          1813
          1814
          1815
          1816
          1817
          1818
          1819
          1820
          1821
          1822
          1823
          1824
          1825
          1826
          1827
          1828
          1829
          1830
          1831
          1832
          1833
          1834
          1835
          1836
          1837
          1838
          1839
          1840
          1841
          1842
          1843
          1844
          1845
          1846
          1847
          1848
          1849
          1850
          1851
          1852
          1853
          1854
          1855
          1856
          1857
          1858
          1859
          1860
          1861
          1862
          1863
          1864
          1865
          1866
          1867
          1868
          1869
          1870
          1871
          1872
          1873
          1874
          1875
          1876
          1877
          1878
          1879
          1880
          1881
          1882
          1883
          1884
          1885
          1886
          1887
          1888
          1889
          1890
          1891
          1892
          1893
          1894
          1895
          1896
          1897
          1898
          1899
          1900
          1901
          1902
          1903
          1904
          1905
          1906
          1907
          1908
          1909
          1910
          1911
          1912
          1913
          1914
          1915
          1916
          1917
          1918
          1919
          1920
          1921
          1922
          1923
          1924
          1925
          1926
          1927
          1928
          1929
          1930
          1931
          1932
          1933
          1934
          1935
          1936
          1937
          1938
          1939
          1940
          1941
          1942
          1943
          1944
          1945
          1946
          1947
          1948
          1949
          1950
          1951
          1952
          1953
          1954
          1955
          1956
          1957
          1958
          1959
          1960
          1961
          1962
          1963
          1964
          1965
          1966
          1967
          1968
          1969
          1970
          1971
          1972
          1973
          1974
          1975
          1976
          1977
          1978
          1979
          1980
          1981
          1982
          1983
          1984
          1985
          1986
          1987
          1988
          1989
          1990
          1991
          1992
          1993
          1994
          1995
          1996
          1997
          1998
          1999
          2000
          2001
          2002
          2003
          2004
          2005
          2006
          2007
          2008
          2009
          2010
          2011
          2012
          2013
          2014
          2015
          2016
          2017
          2018
          2019
          2020
          2021
          2022
          2023
          2024
          2025
          2026
          2027
          2028
          2029
          2030
          2031
          2032
          2033
          2034
          2035
          2036
          2037
          2038
          2039
          2040
          2041
          2042
          2043
          2044
          2045
          2046
          2047
          2048
          2049
          2050
          2051
          2052
          2053
          2054
          2055
          2056
          2057
          2058
          2059
          2060
          2061
          2062
          2063
          2064
          2065
          2066
          2067
          2068
          2069
          2070
          2071
          2072
          2073
          2074
          2075
          2076
          2077
          2078
          2079
          2080
          2081
          2082
          2083
          2084
          2085
          2086
          2087
          2088
          2089
          2090
          2091
          2092
          2093
          2094
          2095
          2096
          2097
          2098
          2099
          2100
          2101
          2102
          2103
          2104
          2105
          2106
          2107
          2108
          2109
          2110
          2111
          2112
          2113
          2114
          2115
          2116
          2117
          2118
          2119
          2120
          2121
          2122
          2123
          2124
          2125
          2126
          2127
          2128
          2129
          2130
          2131
          2132
          2133
          2134
          2135
          2136
          2137
          2138
          2139
          2140
          2141
          2142
          2143
          2144
          2145
          2146
          2147
          2148
          2149
          2150
          2151
          2152
          2153
          2154
          2155
          2156
          2157
          2158
          2159
          2160
          2161
          2162
          2163
          2164
          2165
          2166
          2167
          2168
          2169
          2170
          2171
          2172
          2173
          2174
          2175
          2176
          2177
          2178
          2179
          2180
          2181
          2182
          2183
          2184
          2185
          2186
          2187
          2188
          2189
          2190
          2191
          2192
          2193
          2194
          2195
          2196
          2197
          2198
          2199
          2200
          2201
          2202
          2203
          2204
          2205
          2206
          2207
          2208
          2209
          2210
          2211
          2212
          2213
          2214
          2215
          2216
          2217
          2218
          2219
          2220
          2221
          2222
          2223
          2224
          2225
          2226
          2227
          2228
          2229
          2230
          2231
          2232
          2233
          2234
          2235
          2236
          2237
          2238
          2239
          2240
          2241
          2242
          2243
          2244
          2245
          2246
          2247
          2248
          2249
          2250
          2251
          2252
          2253
          2254
          2255
          2256
          2257
          2258
          2259
          2260
          2261
          2262
          2263
          2264
          2265
          2266
          2267
          2268
          2269
          2270
          2271
          2272
          2273
          2274
          2275
          2276
          2277
          2278
          2279
          2280
          2281
          2282
          2283
          2284
          2285
          2286
          2287
          2288
          2289
          2290
          2291
          2292
          2293
          2294
          2295
          2296
          2297
          2298
          2299
          2300
          2301
          2302
          2303
          2304
          2305
          2306
          2307
          2308
          2309
          2310
          2311
          2312
          2313
          2314
          2315
          2316
          2317
          2318
          2319
          2320
          2321
          2322
          2323
          2324
          2325
          2326
          2327
          2328
          2329
          2330
          2331
          2332
          2333
          2334
          2335
          2336
          2337
          2338
          2339
          2340
          2341
          2342
          2343
          2344
          2345
          2346
          2347
          2348
          2349
          2350
          2351
          2352
          2353
          2354
          2355
          2356
          2357
          2358
          2359
          2360
          2361
          2362
          2363
          2364
          2365
          2366
          2367
          2368
          2369
          2370
          2371
          2372
          2373
          2374
          2375
          2376
          2377
          2378
          2379
          2380
          2381
          2382
          2383
          2384
          2385
          2386
          2387
          2388
          2389
          2390
          2391
          2392
          2393
          2394
          2395
          2396
          2397
          2398
          2399
          2400
          2401
          2402
          2403
          2404
          2405
          2406
          2407
          2408
          2409
          2410
          2411
          2412
          2413
          2414
          2415
          2416
          2417
          2418
          2419
          2420
          2421
          2422
          2423
          2424
          2425
          2426
          2427
          2428
          2429
          2430
          2431
          2432
          2433
          2434
          2435
          2436
          2437
          2438
          2439
          2440
          2441
          2442
          2443
          2444
          2445
          2446
          2447
          2448
          2449
          2450
          2451
          2452
          2453
          2454
          2455
          2456
          2457
          2458
          2459
          2460
          2461
          2462
          2463
          2464
          2465
          2466
          2467
          2468
          2469
          2470
          2471
          2472
          2473
          2474
          2475
          2476
          2477
          2478
          2479
          2480
          2481
          2482
          2483
          2484
          2485
          2486
          2487
          2488
          2489
          2490
          2491
          2492
          2493
          2494
          2495
          2496
          2497
          2498
          2499
          2500
          2501
          2502
          2503
          2504
          2505
          2506
          2507
          2508
          2509
          2510
          2511
          2512
          2513
          2514
          2515
          2516
          2517
          2518
          2519
          2520
          2521
          2522
          2523
          2524
          2525
          2526
          2527
          2528
          2529
          2530
          2531
          2532
          2533
          2534
          2535
          2536
          2537
          2538
          2539
          2540
          2541
          2542
          2543
          2544
          2545
          2546
          2547
          2548
          2549
          2550
          2551
          2552
          2553
          2554
          2555
          2556
          2557
          2558
          2559
          2560
          2561
          2562
          2563
          2564
          2565
          2566
          2567
          2568
          2569
          2570
          2571
          2572
          2573
          2574
          2575
          2576
          2577
          2578
          2579
          2580
          2581
          2582
          2583
          2584
          2585
          2586
          2587
          2588
          2589
          2590
          2591
          2592
          2593
          2594
          2595
          2596
          2597
          2598
          2599
          2600
          2601
          2602
          2603
          2604
          2605
          2606
          2607
          2608
          2609
          2610
          2611
          2612
          2613
          2614
          2615
          2616
          2617
          2618
          2619
          2620
          2621
          2622
          2623
          2624
          2625
          2626
          2627
          2628
          2629
          2630
          2631
          2632
          2633
          2634
          2635
          2636
          2637
          2638
          2639
          2640
          2641
          2642
          2643
          2644
          2645
          2646
          2647
          2648
          2649
          2650
          2651
          2652
          2653
          2654
          2655
          2656
          2657
          2658
          2659
          2660
          2661
          2662
          2663
          2664
          2665
          2666
          2667
          2668
          2669
          2670
          2671
          2672
          2673
          2674
          2675
          2676
          2677
          2678
          2679
          2680
          2681
          2682
          2683
          2684
          2685
          2686
          2687
          2688
          2689
          2690
          2691
          2692
          2693
          2694
          2695
          2696
          2697
          2698
          2699
          2700
          2701
          2702
          2703
          2704
          2705
          2706
          2707
          2708
          2709
          2710
          2711
          2712
          2713
          2714
          2715
          2716
          2717
          2718
          2719
          2720
          2721
          2722
          2723
          2724
          2725
          2726
          2727
          2728
          2729
          2730
          2731
          2732
          2733
          2734
          2735
          2736
          2737
          2738
          2739
          2740
          2741
          2742
          2743
          2744
          2745
          2746
          2747
          2748
          2749
          2750
          2751
          2752
          2753
          2754
          2755
          2756
          2757
          2758
          2759
          2760
          2761
          2762
          2763
          2764
          2765
          2766
          2767
          2768
          2769
          2770
          2771
          2772
          2773
          2774
          2775
          2776
          2777
          2778
          2779
          2780
          2781
          2782
          2783
          2784
          2785
          2786
          2787
          2788
          2789
          2790
          2791
          2792
          2793
          2794
          2795
          2796
          2797
          2798
          2799
          2800
          2801
          2802
          2803
          2804
          2805
          2806
          2807
          2808
          2809
          2810
          2811
          2812
          2813
          2814
          2815
          2816
          2817
          2818
          2819
          2820
          2821
          2822
          2823
          2824
          2825
          2826
          2827
          2828
          2829
          2830
          2831
          2832
          2833
          2834
          2835
          2836
          2837
          2838
          2839
          2840
          2841
          2842
          2843
          2844
          2845
          2846
          2847
          2848
          2849
          2850
          2851
          2852
          2853
          2854
          2855
          2856
          2857
          2858
          2859
          2860
          2861
          2862
          2863
          2864
          2865
          2866
          2867
          2868
          2869
          2870
          2871
          2872
          2873
          2874
          2875
          2876
          2877
          2878
          2879
          2880
          2881
          2882
          2883
          2884
          2885
          2886
          2887
          2888
          2889
          2890
          2891
          2892
          2893
          2894
          2895
          2896
          2897
          2898
          2899
          2900
          2901
          2902
          2903
          2904
          2905
          2906
          2907
          2908
          2909
          2910
          2911
          2912
          2913
          2914
          2915
          2916
          2917
          2918
          2919
          2920
          2921
          2922
          2923
          2924
          2925
          2926
          2927
          2928
          2929
          2930
          2931
          2932
          2933
          2934
          2935
          2936
          2937
          2938
          2939
          2940
          2941
          2942
          2943
          2944
          2945
          2946
          2947
          2948
          2949
          2950
          2951
          2952
          2953
          2954
          2955
          2956
          2957
          2958
          2959
          2960
          2961
          2962
          2963
          2964
          2965
          2966
          2967
          2968
          2969
          2970
          2971
          2972
          2973
          2974
          2975
          2976
          2977
          2978
          2979
          2980
          2981
          2982
          2983
          2984
          2985
          2986
          2987
          2988
          2989
          2990
          2991
          2992
          2993
          2994
          2995
          2996
          2997
          2998
          2999
          3000
          3001
          3002
          3003
          3004
          3005
          3006
          3007
          3008
          3009
          3010
          3011
          3012
          3013
          3014
          3015
          3016
          3017
          3018
          3019
          3020
          3021
          3022
          3023
          3024
          3025
          3026
          3027
          3028
          3029
          3030
          3031
          3032
          3033
          3034
          3035
          3036
          3037
          3038
          3039
          3040
          3041
          3042
          3043
          3044
          3045
          3046
          3047
          3048
          3049
          3050
          3051
          3052
          3053
          3054
          3055
          3056
          3057
          3058
          3059
          3060
          3061
          3062
          3063
          3064
          3065
          3066
          3067
          3068
          3069
          3070
          3071
          3072
          3073
          3074
          3075
          3076
          3077
          3078
          3079
          3080
          3081
          3082
          3083
          3084
          3085
          3086
          3087
          3088
          3089
          3090
          3091
          3092
          3093
          3094
          3095
          3096
          3097
          3098
          3099
          3100
          3101
          3102
          3103
          3104
          3105
          3106
          3107
          3108
          3109
          3110
          3111
          3112
          3113
          3114
          3115
          3116
          3117
          3118
          3119
          3120
          3121
          3122
          3123
          3124
          3125
          3126
          3127
          3128
          3129
          3130
          3131
          3132
          3133
          3134
          3135
          3136
          3137
          3138
          3139
          3140
          3141
          3142
          3143
          3144
          3145
          3146
          3147
          3148
          3149
          3150
          3151
          3152
          3153
          3154
          3155
          3156
          3157
          3158
          3159
          3160
          3161
          3162
          3163
          3164
          3165
          3166
          3167
          3168
          3169
          3170
          3171
          3172
          3173
          3174
          3175
          3176
          3177
          3178
          3179
          3180
          3181
          3182
          3183
          3184
          3185
          3186
          3187
          3188
          3189
          3190
          3191
          3192
          3193
          3194
          3195
          3196
          3197
          3198
          3199
          3200
          3201
          3202
          3203
          3204
          3205
          3206
          3207
          3208
          3209
          3210
          3211
          3212
          3213
          3214
          3215
          3216
          3217
          3218
          3219
          3220
          3221
          3222
          3223
          3224
          3225
          3226
          3227
          3228
          3229
          3230
          3231
          3232
          3233
          3234
          3235
          3236
          3237
          3238
          3239
          3240
          3241
          3242
          3243
          3244
          3245
          3246
          3247
          3248
          3249
          3250
          3251
          3252
          3253
          3254
          3255
          3256
          3257
          3258
          3259
          3260
          3261
          3262
          3263
          3264
          3265
          3266
          3267
          3268
          3269
          3270
          3271
          3272
          3273
          3274
          3275
          3276
          3277
          3278
          3279
          3280
          3281
          3282
          3283
          3284
          3285
          3286
          3287
          3288
          3289
          3290
          3291
          3292
          3293
          3294
          3295
          3296
          3297
          3298
          3299
          3300
          3301
          3302
          3303
          3304
          3305
          3306
          3307
          3308
          3309
          3310
          3311
          3312
          3313
          3314
          3315
          3316
          3317
          3318
          3319
          3320
          3321
          3322
          3323
          3324
          3325
          3326
          3327
          3328
          3329
          3330
          3331
          3332
          3333
          3334
          3335
          3336
          3337
          3338
          3339
          3340
          3341
          3342
          3343
          3344
          3345
          3346
          3347
          3348
          3349
          3350
          3351
          3352
          3353
          3354
          3355
          3356
          3357
          3358
          3359
          3360
          3361
          3362
          3363
          3364
          3365
          3366
          3367
          3368
          3369
          3370
          3371
          3372
          3373
          3374
          3375
          3376
          3377
          3378
          3379
          3380
          3381
          3382
          3383
          3384
          3385
          3386
          3387
          3388
          3389
          3390
          3391
          3392
          3393
          3394
          3395
          3396
          3397
          3398
          3399
          3400
          3401
          3402
          3403
          3404
          3405
          3406
          3407
          3408
          3409
          3410
          3411
          3412
          3413
          3414
          3415
          3416
          3417
          3418
          3419
          3420
          3421
          3422
          3423
          3424
          3425
          3426
          3427
          3428
          3429
          3430
          3431
          3432
          3433
          3434
          3435
          3436
          3437
          3438
          3439
          3440
          3441
          3442
          3443
          3444
          3445
          3446
          3447
          3448
          3449
          3450
          3451
          3452
          3453
          3454
          3455
          3456
          3457
          3458
          3459
          3460
          3461
          3462
          3463
          3464
          3465
          3466
          3467
          3468
          3469
          3470
          3471
          3472
          3473
          3474
          3475
          3476
          3477
          3478
          3479
          3480
          3481
          3482
          3483
          3484
          3485
          3486
          3487
          3488
          3489
          3490
          3491
          3492
          3493
          3494
          3495
          3496
          3497
          3498
          3499
          3500
          3501
          3502
          3503
          3504
          3505
          3506
          3507
          3508
          3509
          3510
          3511
          3512
          3513
          3514
          3515
          3516
          3517
          3518
          3519
          3520
          3521
          3522
          3523
          3524
          3525
          3526
          3527
          3528
          3529
          3530
          3531
          3532
          3533
          3534
          3535
          3536
          3537
          3538
          3539
          3540
          3541
          3542
          3543
          3544
          3545
          3546
          3547
          3548
          3549
          3550
          3551
          3552
          3553
          3554
          3555
          3556
          3557
          3558
          3559
          3560
          3561
          3562
          3563
          3564
          3565
          3566
          3567
          3568
          3569
          3570
          3571
          3572
          3573
          3574
          3575
          3576
          3577
          3578
          3579
          3580
          3581
          3582
          3583
          3584
          3585
          3586
          3587
          3588
          3589
          3590
          3591
          3592
          3593
          3594
          3595
          3596
          3597
          3598
          3599
          3600
          3601
          3602
          3603
          3604
          3605
          3606
          3607
          3608
          3609
          3610
          3611
          3612
          3613
          3614
          3615
          3616
          3617
          3618
          3619
          3620
          3621
          3622
          3623
          3624
          3625
          3626
          3627
          3628
          3629
          3630
          3631
          3632
          3633
          3634
          3635
          3636
          3637
          3638
          3639
          3640
          3641
          3642
          3643
          3644
          3645
          3646
          3647
          3648
          3649
          3650
          3651
          3652
          3653
          3654
          3655
          3656
          3657
          3658
          3659
          3660
          3661
          3662
          3663
          3664
          3665
          3666
          3667
          3668
          3669
          3670
          3671
          3672
          3673
          3674
          3675
          3676
          3677
          3678
          3679
          3680
          3681
          3682
          3683
          3684
          3685
          3686
          3687
          3688
          3689
          3690
          3691
          3692
          3693
          3694
          3695
          3696
          3697
          3698
          3699
          3700
          3701
          3702
          3703
          3704
          3705
          3706
          3707
          3708
          3709
          3710
          3711
          3712
          3713
          3714
          3715
          3716
          3717
          3718
          3719
          3720
          3721
          3722
          3723
          3724
          3725
          3726
          3727
          3728
          3729
          3730
          3731
          3732
          3733
          3734
          3735
          3736
          3737
          3738
          3739
          3740
          3741
          3742
          3743
          3744
          3745
          3746
          3747
          3748
          3749
          3750
          3751
          3752
          3753
          3754
          3755
          3756
          3757
          3758
          3759
          3760
          3761
          3762
          3763
          3764
          3765
          3766
          3767
          3768
          3769
          3770
          3771
          3772
          3773
          3774
          3775
          3776
          3777
          3778
          3779
          3780
          3781
          3782
          3783
          3784
          3785
          3786
          3787
          3788
          3789
          3790
          3791
          3792
          3793
          3794
          3795
          3796
          3797
          3798
          3799
          3800
          3801
          3802
          3803
          3804
          3805
          3806
          3807
          3808
          3809
          3810
          3811
          3812
          3813
          3814
          3815
          3816
          3817
          3818
          3819
          3820
          3821
          3822
          3823
          3824
          3825
          3826
          3827
          3828
          3829
          3830
          3831
          3832
          3833
          3834
          3835
          3836
          3837
          3838
          3839
          3840
          3841
          3842
          3843
          3844
          3845
          3846
          3847
          3848
          3849
          3850
          3851
          3852
          3853
          3854
          3855
          3856
          3857
          3858
          3859
          3860
          3861
          3862
          3863
          3864
          3865
          3866
          3867
          3868
          3869
          3870
          3871
          3872
          3873
          3874
          3875
          3876
          3877
          3878
          3879
          3880
          3881
          3882
          3883
          3884
          3885
          3886
          3887
          3888
          3889
          3890
          3891
          3892
          3893
          3894
          3895
          3896
          3897
          3898
          3899
          3900
          3901
          3902
          3903
          3904
          3905
          3906
          3907
          3908
          3909
          3910
          3911
          3912
          3913
          3914
          3915
          3916
          3917
          3918
          3919
          3920
          3921
          3922
          3923
          3924
          3925
          3926
          3927
          3928
          3929
          3930
          3931
          3932
          3933
          3934
          3935
          3936
          3937
          3938
          3939
          3940
          3941
          3942
          3943
          3944
          3945
          3946
          3947
          3948
          3949
          3950
          3951
          3952
          3953
          3954
          3955
          3956
          3957
          3958
          3959
          3960
          3961
          3962
          3963
          3964
          3965
          3966
          3967
          3968
          3969
          3970
          3971
          3972
          3973
          3974
          3975
          3976
          3977
          3978
          3979
          3980
          3981
          3982
          3983
          3984
          3985
          3986
          3987
          3988
          3989
          3990
          3991
          3992
          3993
          3994
          3995
          3996
          3997
          3998
          3999
          4000
          4001
          4002
          4003
          4004
          4005
          4006
          4007
          4008
          4009
          4010
          4011
          4012
          4013
          4014
          4015
          4016
          4017
          4018
          4019
          4020
          4021
          4022
          4023
          4024
          4025
          4026
          4027
          4028
          4029
          4030
          4031
          4032
          4033
          4034
          4035
          4036
          4037
          4038
          4039
          4040
          4041
          4042
          4043
          4044
          4045
          4046
          4047
          4048
          4049
          4050
          4051
          4052
          4053
          4054
          4055
          4056
          4057
          4058
          4059
          4060
          4061
          4062
          4063
          4064
          4065
          4066
          4067
          4068
          4069
          4070
          4071
          4072
          4073
          4074
          4075
          4076
          4077
          4078
          4079
          4080
          4081
          4082
          4083
          4084
          4085
          4086
          4087
          4088
          4089
          4090
          4091
          4092
          4093
          4094
          4095
          4096
          4097
          4098
          4099
          4100
          4101
          4102
          4103
          4104
          4105
          4106
          4107
          4108
          4109
          4110
          4111
          4112
          4113
          4114
          4115
          4116
          4117
          4118
          4119
          4120
          4121
          4122
          4123
          4124
          4125
          4126
          4127
          4128
          4129
          4130
          4131
          4132
          4133
          4134
          4135
          4136
          4137
          4138
          4139
          4140
          4141
          4142
          4143
          4144
          4145
          4146
          4147
          4148
          4149
          4150
          4151
          4152
          4153
          4154
          4155
          4156
          4157
          4158
          4159
          4160
          4161
          4162
          4163
          4164
          4165
          4166
          4167
          4168
          4169
          4170
          4171
          4172
          4173
          4174
          4175
          4176
          4177
          4178
          4179
          4180
          4181
          4182
          4183
          4184
          4185
          4186
          4187
          4188
          4189
          4190
          4191
          4192
          4193
          4194
          4195
          4196
          4197
          4198
          4199
          4200
          4201
          4202
          4203
          4204
          4205
          4206
          4207
          4208
          4209
          4210
          4211
          4212
          4213
          4214
          4215
          4216
          4217
          4218
          4219
          4220
          4221
          4222
          4223
          4224
          4225
          4226
          4227
          4228
          4229
          4230
          4231
          4232
          4233
          4234
          4235
          4236
          4237
          4238
          4239
          4240
          4241
          4242
          4243
          4244
          4245
          4246
          4247
          4248
          4249
          4250
          4251
          4252
          4253
          4254
          4255
          4256
          4257
          4258
          4259
          4260
          4261
          4262
          4263
          4264
          4265
          4266
          4267
          4268
          4269
          4270
          4271
          4272
          4273
          4274
          4275
          4276
          4277
          4278
          4279
          4280
          4281
          4282
          4283
          4284
          4285
          4286
          4287
          4288
          4289
          4290
          4291
          4292
          4293
          4294
          4295
          4296
          4297
          4298
          4299
          4300
          4301
          4302
          4303
          4304
          4305
          4306
          4307
          4308
          4309
          4310
          4311
          4312
          4313
          4314
          4315
          4316
          4317
          4318
          4319
          4320
        </DataArray>
        <DataArray type="UInt8" Name="types" format="ascii">
          1
          1
          1
          1
          1
          1
          1
          1
          1
          1
          1
          1
          1
          1
          1
          1
          1
          1
          1
          1
          1
          1
          1
          1
          1
          1
          1
          1
          1
          1
          1
          1
          1
          1
          1
          1
          1
          1
          1
          1
          1
          1
          1
          1
          1
          1
          1
          1
          1
          1
          1
          1
          1
          1
          1
          1
          1
          1
          1
          1
          1
          1
          1
          1
          1
          1
          1
          1
          1
          1
          1
          1
          1
          1
          1
          1
          1
          1
          1
          1
          1
          1
          1
          1
          1
          1
          1
          1
          1
          1
          1
          1
          1
          1
          1
          1
          1
          1
          1
          1
          1
          1
          1
          1
          1
          1
          1
          1
          1
          1
          1
          1
          1
          1
          1
          1
          1
          1
          1
          1
          1
          1
          1
          1
          1
          1
          1
          1
          1
          1
          1
          1
          1
          1
          1
          1
          1
          1
          1
          1
          1
          1
          1
          1
          1
          1
          1
          1
          1
          1
          1
          1
          1
          1
          1
          1
          1
          1
          1
          1
          1
          1
          1
          1
          1
          1
          1
          1
          1
          1
          1
          1
          1
          1
          1
          1
          1
          1
          1
          1
          1
          1
          1
          1
          1
          1
          1
          1
          1
          1
          1
          1
          1
          1
          1
          1
          1
          1
          1
          1
          1
          1
          1
          1
          1
          1
          1
          1
          1
          1
          1
          1
          1
          1
          1
          1
          1
          1
          1
          1
          1
          1
          1
          1
          1
          1
          1
          1
          1
          1
          1
          1
          1
          1
          1
          1
          1
          1
          1
          1
          1
          1
          1
          1
          1
          1
          1
          1
          1
          1
          1
          1
          1
          1
          1
          1
          1
          1
          1
          1
          1
          1
          1
          1
          1
          1
          1
          1
          1
          1
          1
          1
          1
          1
          1
          1
          1
          1
          1
          1
          1
          1
          1
          1
          1
          1
          1
          1
          1
          1
          1
          1
          1
          1
          1
          1
          1
          1
          1
          1
          1
          1
          1
          1
          1
          1
          1
          1
          1
          1
          1
          1
          1
          1
          1
          1
          1
          1
          1
          1
          1
          1
          1
          1
          1
          1
          1
          1
          1
          1
          1
          1
          1
          1
          1
          1
          1
          1
          1
          1
          1
          1
          1
          1
          1
          1
          1
          1
          1
          1
          1
          1
          1
          1
          1
          1
          1
          1
          1
          1
          1
          1
          1
          1
          1
          1
          1
          1
          1
          1
          1
          1
          1
          1
          1
          1
          1
          1
          1
          1
          1
          1
          1
          1
          1
          1
          1
          1
          1
          1
          1
          1
          1
          1
          1
          1
          1
          1
          1
          1
          1
          1
          1
          1
          1
          1
          1
          1
          1
          1
          1
          1
          1
          1
          1
          1
          1
          1
          1
          1
          1
          1
          1
          1
          1
          1
          1
          1
          1
          1
          1
          1
          1
          1
          1
          1
          1
          1
          1
          1
          1
          1
          1
          1
          1
          1
          1
          1
          1
          1
          1
          1
          1
          1
          1
          1
          1
          1
          1
          1
          1
          1
          1
          1
          1
          1
          1
          1
          1
          1
          1
          1
          1
          1
          1
          1
          1
          1
          1
          1
          1
          1
          1
          1
          1
          1
          1
          1
          1
          1
          1
          1
          1
          1
          1
          1
          1
          1
          1
          1
          1
          1
          1
          1
          1
          1
          1
          1
          1
          1
          1
          1
          1
          1
          1
          1
          1
          1
          1
          1
          1
          1
          1
          1
          1
          1
          1
          1
          1
          1
          1
          1
          1
          1
          1
          1
          1
          1
          1
          1
          1
          1
          1
          1
          1
          1
          1
          1
          1
          1
          1
          1
          1
          1
          1
          1
          1
          1
          1
          1
          1
          1
          1
          1
          1
          1
          1
          1
          1
          1
          1
          1
          1
          1
          1
          1
          1
          1
          1
          1
          1
          1
          1
          1
          1
          1
          1
          1
          1
          1
          1
          1
          1
          1
          1
          1
          1
          1
          1
          1
          1
          1
          1
          1
          1
          1
          1
          1
          1
          1
          1
          1
          1
          1
          1
          1
          1
          1
          1
          1
          1
          1
          1
          1
          1
          1
          1
          1
          1
          1
          1
          1
          1
          1
          1
          1
          1
          1
          1
          1
          1
          1
          1
          1
          1
          1
          1
          1
          1
          1
          1
          1
          1
          1
          1
          1
          1
          1
          1
          1
          1
          1
          1
          1
          1
          1
          1
          1
          1
          1
          1
          1
          1
          1
          1
          1
          1
          1
          1
          1
          1
          1
          1
          1
          1
          1
          1
          1
          1
          1
          1
          1
          1
          1
          1
          1
          1
          1
          1
          1
          1
          1
          1
          1
          1
          1
          1
          1
          1
          1
          1
          1
          1
          1
          1
          1
          1
          1
          1
          1
          1
          1
          1
          1
          1
          1
          1
          1
          1
          1
          1
          1
          1
          1
          1
          1
          1
          1
          1
          1
          1
          1
          1
          1
          1
          1
          1
          1
          1
          1
          1
          1
          1
          1
          1
          1
          1
          1
          1
          1
          1
          1
          1
          1
          1
          1
          1
          1
          1
          1
          1
          1
          1
          1
          1
          1
          1
          1
          1
          1
          1
          1
          1
          1
          1
          1
          1
          1
          1
          1
          1
          1
          1
          1
          1
          1
          1
          1
          1
          1
          1
          1
          1
          1
          1
          1
          1
          1
          1
          1
          1
          1
          1
          1
          1
          1
          1
          1
          1
          1
          1
          1
          1
          1
          1
          1
          1
          1
          1
          1
          1
          1
          1
          1
          1
          1
          1
          1
          1
          1
          1
          1
          1
          1
          1
          1
          1
          1
          1
          1
          1
          1
          1
          1
          1
          1
          1
          1
          1
          1
          1
          1
          1
          1
          1
          1
          1
          1
          1
          1
          1
          1
          1
          1
          1
          1
          1
          1
          1
          1
          1
          1
          1
          1
          1
          1
          1
          1
          1
          1
          1
          1
          1
          1
          1
          1
          1
          1
          1
          1
          1
          1
          1
          1
          1
          1
          1
          1
          1
          1
          1
          1
          1
          1
          1
          1
          1
          1
          1
          1
          1
          1
          1
          1
          1
          1
          1
          1
          1
          1
          1
          1
          1
          1
          1
          1
          1
          1
          1
          1
          1
          1
          1
          1
          1
          1
          1
          1
          1
          1
          1
          1
          1
          1
          1
          1
          1
          1
          1
          1
          1
          1
          1
          1
          1
          1
          1
          1
          1
          1
          1
          1
          1
          1
          1
          1
          1
          1
          1
          1
          1
          1
          1
          1
          1
          1
          1
          1
          1
          1
          1
          1
          1
          1
          1
          1
          1
          1
          1
          1
          1
          1
          1
          1
          1
          1
          1
          1
          1
          1
          1
          1
          1
          1
          1
          1
          1
          1
          1
          1
          1
          1
          1
          1
          1
          1
          1
          1
          1
          1
          1
          1
          1
          1
          1
          1
          1
          1
          1
          1
          1
          1
          1
          1
          1
          1
          1
          1
          1
          1
          1
          1
          1
          1
          1
          1
          1
          1
          1
          1
          1
          1
          1
          1
          1
          1
          1
          1
          1
          1
          1
          1
          1
          1
          1
          1
          1
          1
          1
          1
          1
          1
          1
          1
          1
          1
          1
          1
          1
          1
          1
          1
          1
          1
          1
          1
          1
          1
          1
          1
          1
          1
          1
          1
          1
          1
          1
          1
          1
          1
          1
          1
          1
          1
          1
          1
          1
          1
          1
          1
          1
          1
          1
          1
          1
          1
          1
          1
          1
          1
          1
          1
          1
          1
          1
          1
          1
          1
          1
          1
          1
          1
          1
          1
          1
          1
          1
          1
          1
          1
          1
          1
          1
          1
          1
          1
          1
          1
          1
          1
          1
          1
          1
          1
          1
          1
          1
          1
          1
          1
          1
          1
          1
          1
          1
          1
          1
          1
          1
          1
          1
          1
          1
          1
          1
          1
          1
          1
          1
          1
          1
          1
          1
          1
          1
          1
          1
          1
          1
          1
          1
          1
          1
          1
          1
          1
          1
          1
          1
          1
          1
          1
          1
          1
          1
          1
          1
          1
          1
          1
          1
          1
          1
          1
          1
          1
          1
          1
          1
          1
          1
          1
          1
          1
          1
          1
          1
          1
          1
          1
          1
          1
          1
          1
          1
          1
          1
          1
          1
          1
          1
          1
          1
          1
          1
          1
          1
          1
          1
          1
          1
          1
          1
          1
          1
          1
          1
          1
          1
          1
          1
          1
          1
          1
          1
          1
          1
          1
          1
          1
          1
          1
          1
          1
          1
          1
          1
          1
          1
          1
          1
          1
          1
          1
          1
          1
          1
          1
          1
          1
          1
          1
          1
          1
          1
          1
          1
          1
          1
          1
          1
          1
          1
          1
          1
          1
          1
          1
          1
          1
          1
          1
          1
          1
          1
          1
          1
          1
          1
          1
          1
          1
          1
          1
          1
          1
          1
          1
          1
          1
          1
          1
          1
          1
          1
          1
          1
          1
          1
          1
          1
          1
          1
          1
          1
          1
          1
          1
          1
          1
          1
          1
          1
          1
          1
          1
          1
          1
          1
          1
          1
          1
          1
          1
          1
          1
          1
          1
          1
          1
          1
          1
          1
          1
          1
          1
          1
          1
          1
          1
          1
          1
          1
          1
          1
          1
          1
          1
          1
          1
          1
          1
          1
          1
          1
          1
          1
          1
          1
          1
          1
          1
          1
          1
          1
          1
          1
          1
          1
          1
          1
          1
          1
          1
          1
          1
          1
          1
          1
          1
          1
          1
          1
          1
          1
          1
          1
          1
          1
          1
          1
          1
          1
          1
          1
          1
          1
          1
          1
          1
          1
          1
          1
          1
          1
          1
          1
          1
          1
          1
          1
          1
          1
          1
          1
          1
          1
          1
          1
          1
          1
          1
          1
          1
          1
          1
          1
          1
          1
          1
          1
          1
          1
          1
          1
          1
          1
          1
          1
          1
          1
          1
          1
          1
          1
          1
          1
          1
          1
          1
          1
          1
          1
          1
          1
          1
          1
          1
          1
          1
          1
          1
          1
          1
          1
          1
          1
          1
          1
          1
          1
          1
          1
          1
          1
          1
          1
          1
          1
          1
          1
          1
          1
          1
          1
          1
          1
          1
          1
          1
          1
          1
          1
          1
          1
          1
          1
          1
          1
          1
          1
          1
          1
          1
          1
          1
          1
          1
          1
          1
          1
          1
          1
          1
          1
          1
          1
          1
          1
          1
          1
          1
          1
          1
          1
          1
          1
          1
          1
          1
          1
          1
          1
          1
          1
          1
          1
          1
          1
          1
          1
          1
          1
          1
          1
          1
          1
          1
          1
          1
          1
          1
          1
          1
          1
          1
          1
          1
          1
          1
          1
          1
          1
          1
          1
          1
          1
          1
          1
          1
          1
          1
          1
          1
          1
          1
          1
          1
          1
          1
          1
          1
          1
          1
          1
          1
          1
          1
          1
          1
          1
          1
          1
          1
          1
          1
          1
          1
          1
          1
          1
          1
          1
          1
          1
          1
          1
          1
          1
          1
          1
          1
          1
          1
          1
          1
          1
          1
          1
          1
          1
          1
          1
          1
          1
          1
          1
          1
          1
          1
          1
          1
          1
          1
          1
          1
          1
          1
          1
          1
          1
          1
          1
          1
          1
          1
          1
          1
          1
          1
          1
          1
          1
          1
          1
          1
          1
          1
          1
          1
          1
          1
          1
          1
          1
          1
          1
          1
          1
          1
          1
          1
          1
          1
          1
          1
          1
          1
          1
          1
          1
          1
          1
          1
          1
          1
          1
          1
          1
          1
          1
          1
          1
          1
          1
          1
          1
          1
          1
          1
          1
          1
          1
          1
          1
          1
          1
          1
          1
          1
          1
          1
          1
          1
          1
          1
          1
          1
          1
          1
          1
          1
          1
          1
          1
          1
          1
          1
          1
          1
          1
          1
          1
          1
          1
          1
          1
          1
          1
          1
          1
          1
          1
          1
          1
          1
          1
          1
          1
          1
          1
          1
          1
          1
          1
          1
          1
          1
          1
          1
          1
          1
          1
          1
          1
          1
          1
          1
          1
          1
          1
          1
          1
          1
          1
          1
          1
          1
          1
          1
          1
          1
          1
          1
          1
          1
          1
          1
          1
          1
          1
          1
          1
          1
          1
          1
          1
          1
          1
          1
          1
          1
          1
          1
          1
          1
          1
          1
          1
          1
          1
          1
          1
          1
          1
          1
          1
          1
          1
          1
          1
          1
          1
          1
          1
          1
          1
          1
          1
          1
          1
          1
          1
          1
          1
          1
          1
          1
          1
          1
          1
          1
          1
          1
          1
          1
          1
          1
          1
          1
          1
          1
          1
          1
          1
          1
          1
          1
          1
          1
          1
          1
          1
          1
          1
          1
          1
          1
          1
          1
          1
          1
          1
          1
          1
          1
          1
          1
          1
          1
          1
          1
          1
          1
          1
          1
          1
          1
          1
          1
          1
          1
          1
          1
          1
          1
          1
          1
          1
          1
          1
          1
          1
          1
          1
          1
          1
          1
          1
          1
          1
          1
          1
          1
          1
          1
          1
          1
          1
          1
          1
          1
          1
          1
          1
          1
          1
          1
          1
          1
          1
          1
          1
          1
          1
          1
          1
          1
          1
          1
          1
          1
          1
          1
          1
          1
          1
          1
          1
          1
          1
          1
          1
          1
          1
          1
          1
          1
          1
          1
          1
          1
          1
          1
          1
          1
          1
          1
          1
          1
          1
          1
          1
          1
          1
          1
          1
          1
          1
          1
          1
          1
          1
          1
          1
          1
          1
          1
          1
          1
          1
          1
          1
          1
          1
          1
          1
          1
          1
          1
          1
          1
          1
          1
          1
          1
          1
          1
          1
          1
          1
          1
          1
          1
          1
          1
          1
          1
          1
          1
          1
          1
          1
          1
          1
          1
          1
          1
          1
          1
          1
          1
          1
          1
          1
          1
          1
          1
          1
          1
          1
          1
          1
          1
          1
          1
          1
          1
          1
          1
          1
          1
          1
          1
          1
          1
          1
          1
          1
          1
          1
          1
          1
          1
          1
          1
          1
          1
          1
          1
          1
          1
          1
          1
          1
          1
          1
          1
          1
          1
          1
          1
          1
          1
          1
          1
          1
          1
          1
          1
          1
          1
          1
          1
          1
          1
          1
          1
          1
          1
          1
          1
          1
          1
          1
          1
          1
          1
          1
          1
          1
          1
          1
          1
          1
          1
          1
          1
          1
          1
          1
          1
          1
          1
          1
          1
          1
          1
          1
          1
          1
          1
          1
          1
          1
          1
          1
          1
          1
          1
          1
          1
          1
          1
          1
          1
          1
          1
          1
          1
          1
          1
          1
          1
          1
          1
          1
          1
          1
          1
          1
          1
          1
          1
          1
          1
          1
          1
          1
          1
          1
          1
          1
          1
          1
          1
          1
          1
          1
          1
          1
          1
          1
          1
          1
          1
          1
          1
          1
          1
          1
          1
          1
          1
          1
          1
          1
          1
          1
          1
          1
          1
          1
          1
          1
          1
          1
          1
          1
          1
          1
          1
          1
          1
          1
          1
          1
          1
          1
          1
          1
          1
          1
          1
          1
          1
          1
          1
          1
          1
          1
          1
          1
          1
          1
          1
          1
          1
          1
          1
          1
          1
          1
          1
          1
          1
          1
          1
          1
          1
          1
          1
          1
          1
          1
          1
          1
          1
          1
          1
          1
          1
          1
          1
          1
          1
          1
          1
          1
          1
          1
          1
          1
          1
          1
          1
          1
          1
          1
          1
          1
          1
          1
          1
          1
          1
          1
          1
          1
          1
          1
          1
          1
          1
          1
          1
          1
          1
          1
          1
          1
          1
          1
          1
          1
          1
          1
          1
          1
          1
          1
          1
          1
          1
          1
          1
          1
          1
          1
          1
          1
          1
          1
          1
          1
          1
          1
          1
          1
          1
          1
          1
          1
          1
          1
          1
          1
          1
          1
          1
          1
          1
          1
          1
          1
          1
          1
          1
          1
          1
          1
          1
          1
          1
          1
          1
          1
          1
          1
          1
          1
          1
          1
          1
          1
          1
          1
          1
          1
          1
          1
          1
          1
          1
          1
          1
          1
          1
          1
          1
          1
          1
          1
          1
          1
          1
          1
          1
          1
          1
          1
          1
          1
          1
          1
          1
          1
          1
          1
          1
          1
          1
          1
          1
          1
          1
          1
          1
          1
          1
          1
          1
          1
          1
          1
          1
          1
          1
          1
          1
          1
          1
          1
          1
          1
          1
          1
          1
          1
          1
          1
          1
          1
          1
          1
          1
          1
          1
          1
          1
          1
          1
          1
          1
          1
          1
          1
          1
          1
          1
          1
          1
          1
          1
          1
          1
          1
          1
          1
          1
          1
          1
          1
          1
          1
          1
          1
          1
          1
          1
          1
          1
          1
          1
          1
          1
          1
          1
          1
          1
          1
          1
          1
          1
          1
          1
          1
          1
          1
          1
          1
          1
          1
          1
          1
          1
          1
          1
          1
          1
          1
          1
          1
          1
          1
          1
          1
          1
          1
          1
          1
          1
          1
          1
          1
          1
          1
          1
          1
          1
          1
          1
          1
          1
          1
          1
          1
          1
          1
          1
          1
          1
          1
          1
          1
          1
          1
          1
          1
          1
          1
          1
          1
          1
          1
          1
          1
          1
          1
          1
          1
          1
          1
          1
          1
          1
          1
          1
          1
          1
          1
          1
          1
          1
          1
          1
          1
          1
          1
          1
          1
          1
          1
          1
          1
          1
          1
          1
          1
          1
          1
          1
          1
          1
          1
          1
          1
          1
          1
          1
          1
          1
          1
          1
          1
          1
          1
          1
          1
          1
          1
          1
          1
          1
          1
          1
          1
          1
          1
          1
          1
          1
          1
          1
          1
          1
          1
          1
          1
          1
          1
          1
          1
          1
          1
          1
          1
          1
          1
          1
          1
          1
          1
          1
          1
          1
          1
          1
          1
          1
          1
          1
          1
          1
          1
          1
          1
          1
          1
          1
          1
          1
          1
          1
          1
          1
          1
          1
          1
          1
          1
          1
          1
          1
          1
          1
          1
          1
          1
          1
          1
          1
          1
          1
          1
          1
          1
          1
          1
          1
          1
          1
          1
          1
          1
          1
          1
          1
          1
          1
          1
          1
          1
          1
          1
          1
          1
          1
          1
          1
          1
          1
          1
          1
          1
          1
          1
          1
          1
          1
          1
          1
          1
          1
          1
          1
          1
          1
          1
          1
          1
          1
          1
          1
          1
          1
          1
          1
          1
          1
          1
          1
          1
          1
          1
          1
          1
          1
          1
          1
          1
          1
          1
          1
          1
          1
          1
          1
          1
          1
          1
          1
          1
          1
          1
          1
          1
          1
          1
          1
          1
          1
          1
          1
          1
          1
          1
          1
          1
          1
          1
          1
          1
          1
          1
          1
          1
          1
          1
          1
          1
          1
          1
          1
          1
          1
          1
          1
          1
          1
          1
          1
          1
          1
          1
          1
          1
          1
          1
          1
          1
          1
          1
          1
          1
          1
          1
          1
          1
          1
          1
          1
          1
          1
          1
          1
          1
          1
          1
          1
          1
          1
          1
          1
          1
          1
          1
          1
          1
          1
          1
          1
          1
          1
          1
          1
          1
          1
          1
          1
          1
          1
          1
          1
          1
          1
          1
          1
          1
          1
          1
          1
          1
          1
          1
          1
          1
          1
          1
          1
          1
          1
          1
          1
          1
          1
          1
          1
          1
          1
          1
          1
          1
          1
          1
          1
          1
          1
          1
          1
          1
          1
          1
          1
          1
          1
          1
          1
          1
          1
          1
          1
          1
          1
          1
          1
          1
          1
          1
          1
          1
          1
          1
          1
          1
          1
          1
          1
          1
          1
          1
          1
          1
          1
          1
          1
          1
          1
          1
          1
          1
          1
          1
          1
          1
          1
          1
          1
          1
          1
          1
          1
          1
          1
          1
          1
          1
          1
          1
          1
          1
          1
          1
          1
          1
          1
          1
          1
          1
          1
          1
          1
          1
          1
          1
          1
          1
          1
          1
          1
          1
          1
          1
          1
          1
          1
          1
          1
          1
          1
          1
          1
          1
          1
          1
          1
          1
          1
          1
          1
          1
          1
          1
          1
          1
          1
          1
          1
          1
          1
          1
          1
          1
          1
          1
          1
          1
          1
          1
          1
          1
          1
          1
          1
          1
          1
          1
          1
          1
          1
          1
          1
          1
          1
          1
          1
          1
          1
          1
          1
          1
          1
          1
          1
          1
          1
          1
          1
          1
          1
          1
          1
          1
          1
          1
          1
          1
          1
          1
          1
          1
          1
          1
          1
          1
          1
          1
          1
          1
          1
          1
          1
          1
          1
          1
          1
          1
          1
          1
          1
          1
          1
          1
          1
          1
          1
          1
          1
          1
          1
          1
          1
          1
          1
          1
          1
          1
          1
          1
          1
          1
          1
          1
          1
          1
          1
          1
          1
          1
          1
          1
          1
          1
          1
          1
          1
          1
          1
          1
          1
          1
          1
          1
          1
          1
          1
          1
          1
          1
          1
          1
          1
          1
          1
          1
          1
          1
          1
          1
          1
          1
          1
          1
          1
          1
          1
          1
          1
          1
          1
          1
          1
          1
          1
          1
          1
          1
          1
          1
          1
          1
          1
          1
          1
          1
          1
          1
          1
          1
          1
          1
          1
          1
          1
          1
          1
          1
          1
          1
          1
          1
          1
          1
          1
          1
          1
          1
          1
          1
          1
          1
          1
          1
          1
          1
          1
          1
          1
          1
          1
          1
          1
          1
          1
          1
          1
          1
          1
          1
          1
          1
          1
          1
          1
          1
          1
          1
          1
          1
          1
          1
          1
          1
          1
          1
          1
          1
          1
          1
          1
          1
          1
          1
          1
          1
          1
          1
          1
          1
          1
          1
          1
          1
          1
          1
          1
          1
          1
          1
          1
          1
          1
          1
          1
          1
          1
          1
          1
          1
          1
          1
          1
          1
          1
          1
          1
          1
          1
          1
          1
          1
          1
          1
          1
          1
          1
          1
          1
          1
          1
          1
          1
          1
          1
          1
          1
          1
          1
          1
          1
          1
          1
          1
          1
          1
          1
          1
          1
          1
          1
          1
          1
          1
          1
          1
          1
          1
          1
          1
          1
          1
          1
          1
          1
          1
          1
          1
          1
          1
          1
          1
          1
          1
          1
          1
          1
          1
          1
          1
          1
          1
          1
          1
          1
          1
          1
          1
          1
          1
          1
          1
          1
          1
          1
          1
          1
          1
          1
          1
          1
          1
          1
          1
          1
          1
          1
          1
          1
          1
          1
          1
          1
          1
          1
          1
          1
          1
          1
          1
          1
          1
          1
          1
          1
          1
          1
          1
          1
          1
          1
          1
          1
          1
          1
          1
          1
          1
          1
          1
          1
          1
          1
          1
          1
          1
          1
          1
          1
          1
          1
          1
          1
          1
          1
          1
          1
          1
          1
          1
          1
          1
          1
          1
          1
          1
          1
          1
          1
          1
          1
          1
          1
          1
          1
          1
          1
          1
          1
          1
          1
          1
          1
          1
          1
          1
          1
          1
          1
          1
          1
          1
          1
          1
          1
          1
          1
          1
          1
          1
          1
          1
          1
          1
          1
          1
          1
          1
          1
          1
          1
          1
          1
          1
          1
          1
          1
          1
          1
          1
          1
          1
          1
          1
          1
          1
          1
          1
          1
          1
          1
          1
          1
          1
          1
          1
          1
          1
          1
          1
          1
          1
          1
          1
          1
          1
          1
          1
          1
          1
          1
          1
          1
          1
          1
          1
          1
          1
          1
          1
          1
          1
          1
          1
          1
          1
          1
          1
          1
          1
          1
          1
          1
          1
          1
          1
          1
          1
          1
          1
          1
          1
          1
          1
          1
          1
          1
          1
          1
          1
          1
          1
          1
          1
          1
          1
          1
          1
          1
          1
          1
          1
          1
          1
          1
          1
          1
          1
          1
          1
          1
          1
          1
          1
          1
          1
          1
          1
          1
          1
          1
          1
          1
          1
          1
          1
          1
          1
          1
          1
          1
          1
          1
          1
          1
          1
          1
          1
          1
          1
          1
          1
          1
          1
          1
          1
          1
          1
          1
          1
          1
          1
          1
          1
          1
          1
          1
          1
          1
          1
          1
          1
          1
          1
          1
          1
          1
          1
          1
          1
          1
          1
          1
          1
          1
          1
          1
          1
          1
          1
          1
          1
          1
          1
          1
          1
          1
          1
          1
          1
          1
          1
          1
          1
          1
          1
          1
          1
          1
          1
          1
          1
          1
          1
          1
          1
          1
          1
          1
          1
          1
          1
          1
          1
          1
          1
          1
          1
          1
          1
          1
          1
          1
          1
          1
          1
          1
          1
          1
          1
          1
          1
          1
          1
          1
          1
          1
          1
          1
          1
          1
          1
          1
          1
          1
          1
          1
          1
          1
          1
          1
          1
          1
          1
          1
          1
          1
          1
          1
          1
          1
          1
          1
          1
          1
          1
          1
          1
          1
          1
          1
          1
          1
          1
          1
          1
          1
          1
          1
          1
          1
          1
          1
          1
          1
          1
          1
          1
          1
          1
          1
          1
          1
          1
          1
          1
          1
          1
          1
          1
          1
          1
          1
          1
          1
          1
          1
          1
          1
          1
          1
          1
          1
          1
          1
          1
          1
          1
          1
          1
          1
          1
          1
          1
          1
          1
          1
          1
          1
          1
          1
          1
          1
          1
          1
          1
          1
          1
          1
          1
          1
          1
          1
          1
          1
          1
          1
          1
          1
          1
          1
          1
          1
          1
          1
          1
          1
          1
          1
          1
          1
          1
          1
          1
          1
          1
          1
          1
          1
          1
          1
          1
          1
          1
          1
          1
          1
          1
          1
          1
          1
          1
          1
          1
          1
          1
          1
          1
          1
          1
          1
          1
          1
          1
          1
          1
          1
          1
          1
          1
          1
          1
          1
          1
          1
          1
          1
          1
          1
          1
          1
          1
          1
          1
          1
          1
          1
          1
          1
          1
          1
          1
          1
          1
          1
          1
          1
          1
          1
          1
          1
          1
          1
          1
          1
          1
          1
          1
          1
          1
          1
          1
          1
          1
          1
          1
          1
          1
          1
          1
          1
          1
          1
          1
          1
          1
          1
          1
          1
          1
          1
          1
          1
          1
          1
          1
          1
          1
          1
          1
          1
          1
          1
          1
          1
          1
          1
          1
          1
          1
          1
          1
          1
          1
          1
          1
          1
          1
          1
          1
          1
          1
          1
          1
          1
          1
          1
          1
          1
          1
          1
          1
          1
          1
          1
          1
          1
          1
          1
          1
          1
          1
          1
          1
          1
          1
          1
          1
          1
          1
          1
          1
          1
          1
          1
          1
          1
          1
          1
          1
          1
          1
          1
          1
          1
          1
          1
          1
          1
          1
          1
          1
          1
          1
          1
          1
          1
          1
          1
          1
          1
          1
          1
          1
          1
          1
          1
          1
          1
          1
          1
          1
          1
          1
          1
          1
          1
          1
          1
          1
          1
          1
          1
          1
          1
          1
          1
          1
          1
          1
          1
          1
          1
          1
          1
          1
          1
          1
          1
          1
          1
          1
          1
          1
          1
          1
          1
          1
          1
          1
          1
          1
          1
          1
          1
          1
          1
          1
          1
          1
          1
          1
          1
          1
          1
          1
          1
          1
          1
          1
          1
          1
          1
          1
          1
          1
          1
          1
          1
          1
          1
          1
          1
          1
          1
          1
          1
          1
          1
          1
          1
          1
          1
          1
          1
          1
          1
          1
          1
          1
          1
          1
          1
          1
          1
          1
          1
          1
          1
          1
          1
          1
          1
          1
          1
          1
          1
          1
          1
          1
          1
          1
          1
          1
          1
          1
          1
          1
          1
          1
          1
          1
          1
          1
          1
          1
          1
          1
          1
          1
          1
          1
          1
          1
          1
          1
          1
          1
          1
          1
          1
          1
          1
          1
          1
          1
          1
          1
          1
          1
          1
          1
          1
          1
          1
          1
          1
          1
          1
          1
          1
          1
          1
          1
          1
          1
          1
          1
          1
          1
          1
          1
          1
          1
          1
          1
          1
          1
          1
          1
          1
          1
          1
          1
          1
          1
          1
          1
          1
          1
          1
          1
          1
          1
          1
          1
          1
          1
          1
          1
          1
          1
          1
          1
          1
          1
          1
          1
          1
          1
          1
          1
          1
          1
          1
          1
          1
          1
          1
          1
          1
          1
          1
          1
          1
          1
          1
          1
          1
          1
          1
          1
          1
          1
          1
          1
          1
          1
          1
          1
          1
          1
          1
          1
          1
          1
          1
          1
          1
          1
          1
          1
          1
          1
          1
          1
          1
          1
          1
          1
          1
          1
          1
          1
          1
          1
          1
          1
          1
          1
          1
          1
          1
          1
          1
          1
          1
          1
          1
          1
          1
        </DataArray>
      </Cells>
      <PointData>
        <DataArray type="Int32" Name="ElementID" format="ascii">
          1
          1
          1
          1
          2
          2
          2
          2
          3
          3
          3
          3
          4
          4
          4
          4
          5
          5
          5
          5
          6
          6
          6
          6
          7
          7
          7
          7
          8
          8
          8
          8
          9
          9
          9
          9
          10
          10
          10
          10
          11
          11
          11
          11
          12
          12
          12
          12
          13
          13
          13
          13
          14
          14
          14
          14
          15
          15
          15
          15
          16
          16
          16
          16
          17
          17
          17
          17
          18
          18
          18
          18
          19
          19
          19
          19
          20
          20
          20
          20
          21
          21
          21
          21
          22
          22
          22
          22
          23
          23
          23
          23
          24
          24
          24
          24
          25
          25
          25
          25
          26
          26
          26
          26
          27
          27
          27
          27
          28
          28
          28
          28
          29
          29
          29
          29
          30
          30
          30
          30
          31
          31
          31
          31
          32
          32
          32
          32
          33
          33
          33
          33
          34
          34
          34
          34
          35
          35
          35
          35
          36
          36
          36
          36
          37
          37
          37
          37
          38
          38
          38
          38
          39
          39
          39
          39
          40
          40
          40
          40
          41
          41
          41
          41
          42
          42
          42
          42
          43
          43
          43
          43
          44
          44
          44
          44
          45
          45
          45
          45
          46
          46
          46
          46
          47
          47
          47
          47
          48
          48
          48
          48
          49
          49
          49
          49
          50
          50
          50
          50
          51
          51
          51
          51
          52
          52
          52
          52
          53
          53
          53
          53
          54
          54
          54
          54
          55
          55
          55
          55
          56
          56
          56
          56
          57
          57
          57
          57
          58
          58
          58
          58
          59
          59
          59
          59
          60
          60
          60
          60
          61
          61
          61
          61
          62
          62
          62
          62
          63
          63
          63
          63
          64
          64
          64
          64
          65
          65
          65
          65
          66
          66
          66
          66
          67
          67
          67
          67
          68
          68
          68
          68
          69
          69
          69
          69
          70
          70
          70
          70
          71
          71
          71
          71
          72
          72
          72
          72
          73
          73
          73
          73
          74
          74
          74
          74
          75
          75
          75
          75
          76
          76
          76
          76
          77
          77
          77
          77
          78
          78
          78
          78
          79
          79
          79
          79
          80
          80
          80
          80
          81
          81
          81
          81
          82
          82
          82
          82
          83
          83
          83
          83
          84
          84
          84
          84
          85
          85
          85
          85
          86
          86
          86
          86
          87
          87
          87
          87
          88
          88
          88
          88
          89
          89
          89
          89
          90
          90
          90
          90
          91
          91
          91
          91
          92
          92
          92
          92
          93
          93
          93
          93
          94
          94
          94
          94
          95
          95
          95
          95
          96
          96
          96
          96
          97
          97
          97
          97
          98
          98
          98
          98
          99
          99
          99
          99
          100
          100
          100
          100
          101
          101
          101
          101
          102
          102
          102
          102
          103
          103
          103
          103
          104
          104
          104
          104
          105
          105
          105
          105
          106
          106
          106
          106
          107
          107
          107
          107
          108
          108
          108
          108
          109
          109
          109
          109
          110
          110
          110
          110
          111
          111
          111
          111
          112
          112
          112
          112
          113
          113
          113
          113
          114
          114
          114
          114
          115
          115
          115
          115
          116
          116
          116
          116
          117
          117
          117
          117
          118
          118
          118
          118
          119
          119
          119
          119
          120
          120
          120
          120
          121
          121
          121
          121
          122
          122
          122
          122
          123
          123
          123
          123
          124
          124
          124
          124
          125
          125
          125
          125
          126
          126
          126
          126
          127
          127
          127
          127
          128
          128
          128
          128
          129
          129
          129
          129
          130
          130
          130
          130
          131
          131
          131
          131
          132
          132
          132
          132
          133
          133
          133
          133
          134
          134
          134
          134
          135
          135
          135
          135
          136
          136
          136
          136
          137
          137
          137
          137
          138
          138
          138
          138
          139
          139
          139
          139
          140
          140
          140
          140
          141
          141
          141
          141
          142
          142
          142
          142
          143
          143
          143
          143
          144
          144
          144
          144
          145
          145
          145
          145
          146
          146
          146
          146
          147
          147
          147
          147
          148
          148
          148
          148
          149
          149
          149
          149
          150
          150
          150
          150
          151
          151
          151
          151
          152
          152
          152
          152
          153
          153
          153
          153
          154
          154
          154
          154
          155
          155
          155
          155
          156
          156
          156
          156
          157
          157
          157
          157
          158
          158
          158
          158
          159
          159
          159
          159
          160
          160
          160
          160
          161
          161
          161
          161
          162
          162
          162
          162
          163
          163
          163
          163
          164
          164
          164
          164
          165
          165
          165
          165
          166
          166
          166
          166
          167
          167
          167
          167
          168
          168
          168
          168
          169
          169
          169
          169
          170
          170
          170
          170
          171
          171
          171
          171
          172
          172
          172
          172
          173
          173
          173
          173
          174
          174
          174
          174
          175
          175
          175
          175
          176
          176
          176
          176
          177
          177
          177
          177
          178
          178
          178
          178
          179
          179
          179
          179
          180
          180
          180
          180
          181
          181
          181
          181
          182
          182
          182
          182
          183
          183
          183
          183
          184
          184
          184
          184
          185
          185
          185
          185
          186
          186
          186
          186
          187
          187
          187
          187
          188
          188
          188
          188
          189
          189
          189
          189
          190
          190
          190
          190
          191
          191
          191
          191
          192
          192
          192
          192
          193
          193
          193
          193
          194
          194
          194
          194
          195
          195
          195
          195
          196
          196
          196
          196
          197
          197
          197
          197
          198
          198
          198
          198
          199
          199
          199
          199
          200
          200
          200
          200
          201
          201
          201
          201
          202
          202
          202
          202
          203
          203
          203
          203
          204
          204
          204
          204
          205
          205
          205
          205
          206
          206
          206
          206
          207
          207
          207
          207
          208
          208
          208
          208
          209
          209
          209
          209
          210
          210
          210
          210
          211
          211
          211
          211
          212
          212
          212
          212
          213
          213
          213
          213
          214
          214
          214
          214
          215
          215
          215
          215
          216
          216
          216
          216
          217
          217
          217
          217
          218
          218
          218
          218
          219
          219
          219
          219
          220
          220
          220
          220
          221
          221
          221
          221
          222
          222
          222
          222
          223
          223
          223
          223
          224
          224
          224
          224
          225
          225
          225
          225
          226
          226
          226
          226
          227
          227
          227
          227
          228
          228
          228
          228
          229
          229
          229
          229
          230
          230
          230
          230
          231
          231
          231
          231
          232
          232
          232
          232
          233
          233
          233
          233
          234
          234
          234
          234
          235
          235
          235
          235
          236
          236
          236
          236
          237
          237
          237
          237
          238
          238
          238
          238
          239
          239
          239
          239
          240
          240
          240
          240
          241
          241
          241
          241
          242
          242
          242
          242
          243
          243
          243
          243
          244
          244
          244
          244
          245
          245
          245
          245
          246
          246
          246
          246
          247
          247
          247
          247
          248
          248
          248
          248
          249
          249
          249
          249
          250
          250
          250
          250
          251
          251
          251
          251
          252
          252
          252
          252
          253
          253
          253
          253
          254
          254
          254
          254
          255
          255
          255
          255
          256
          256
          256
          256
          257
          257
          257
          257
          258
          258
          258
          258
          259
          259
          259
          259
          260
          260
          260
          260
          261
          261
          261
          261
          262
          262
          262
          262
          263
          263
          263
          263
          264
          264
          264
          264
          265
          265
          265
          265
          266
          266
          266
          266
          267
          267
          267
          267
          268
          268
          268
          268
          269
          269
          269
          269
          270
          270
          270
          270
          271
          271
          271
          271
          272
          272
          272
          272
          273
          273
          273
          273
          274
          274
          274
          274
          275
          275
          275
          275
          276
          276
          276
          276
          277
          277
          277
          277
          278
          278
          278
          278
          279
          279
          279
          279
          280
          280
          280
          280
          281
          281
          281
          281
          282
          282
          282
          282
          283
          283
          283
          283
          284
          284
          284
          284
          285
          285
          285
          285
          286
          286
          286
          286
          287
          287
          287
          287
          288
          288
          288
          288
          289
          289
          289
          289
          290
          290
          290
          290
          291
          291
          291
          291
          292
          292
          292
          292
          293
          293
          293
          293
          294
          294
          294
          294
          295
          295
          295
          295
          296
          296
          296
          296
          297
          297
          297
          297
          298
          298
          298
          298
          299
          299
          299
          299
          300
          300
          300
          300
          301
          301
          301
          301
          302
          302
          302
          302
          303
          303
          303
          303
          304
          304
          304
          304
          305
          305
          305
          305
          306
          306
          306
          306
          307
          307
          307
          307
          308
          308
          308
          308
          309
          309
          309
          309
          310
          310
          310
          310
          311
          311
          311
          311
          312
          312
          312
          312
          313
          313
          313
          313
          314
          314
          314
          314
          315
          315
          315
          315
          316
          316
          316
          316
          317
          317
          317
          317
          318
          318
          318
          318
          319
          319
          319
          319
          320
          320
          320
          320
          321
          321
          321
          321
          322
          322
          322
          322
          323
          323
          323
          323
          324
          324
          324
          324
          325
          325
          325
          325
          326
          326
          326
          326
          327
          327
          327
          327
          328
          328
          328
          328
          329
          329
          329
          329
          330
          330
          330
          330
          331
          331
          331
          331
          332
          332
          332
          332
          333
          333
          333
          333
          334
          334
          334
          334
          335
          335
          335
          335
          336
          336
          336
          336
          337
          337
          337
          337
          338
          338
          338
          338
          339
          339
          339
          339
          340
          340
          340
          340
          341
          341
          341
          341
          342
          342
          342
          342
          343
          343
          343
          343
          344
          344
          344
          344
          345
          345
          345
          345
          346
          346
          346
          346
          347
          347
          347
          347
          348
          348
          348
          348
          349
          349
          349
          349
          350
          350
          350
          350
          351
          351
          351
          351
          352
          352
          352
          352
          353
          353
          353
          353
          354
          354
          354
          354
          355
          355
          355
          355
          356
          356
          356
          356
          357
          357
          357
          357
          358
          358
          358
          358
          359
          359
          359
          359
          360
          360
          360
          360
          361
          361
          361
          361
          362
          362
          362
          362
          363
          363
          363
          363
          364
          364
          364
          364
          365
          365
          365
          365
          366
          366
          366
          366
          367
          367
          367
          367
          368
          368
          368
          368
          369
          369
          369
          369
          370
          370
          370
          370
          371
          371
          371
          371
          372
          372
          372
          372
          373
          373
          373
          373
          374
          374
          374
          374
          375
          375
          375
          375
          376
          376
          376
          376
          377
          377
          377
          377
          378
          378
          378
          378
          379
          379
          379
          379
          380
          380
          380
          380
          381
          381
          381
          381
          382
          382
          382
          382
          383
          383
          383
          383
          384
          384
          384
          384
          385
          385
          385
          385
          386
          386
          386
          386
          387
          387
          387
          387
          388
          388
          388
          388
          389
          389
          389
          389
          390
          390
          390
          390
          391
          391
          391
          391
          392
          392
          392
          392
          393
          393
          393
          393
          394
          394
          394
          394
          395
          395
          395
          395
          396
          396
          396
          396
          397
          397
          397
          397
          398
          398
          398
          398
          399
          399
          399
          399
          400
          400
          400
          400
          401
          401
          401
          401
          402
          402
          402
          402
          403
          403
          403
          403
          404
          404
          404
          404
          405
          405
          405
          405
          406
          406
          406
          406
          407
          407
          407
          407
          408
          408
          408
          408
          409
          409
          409
          409
          410
          410
          410
          410
          411
          411
          411
          411
          412
          412
          412
          412
          413
          413
          413
          413
          414
          414
          414
          414
          415
          415
          415
          415
          416
          416
          416
          416
          417
          417
          417
          417
          418
          418
          418
          418
          419
          419
          419
          419
          420
          420
          420
          420
          421
          421
          421
          421
          422
          422
          422
          422
          423
          423
          423
          423
          424
          424
          424
          424
          425
          425
          425
          425
          426
          426
          426
          426
          427
          427
          427
          427
          428
          428
          428
          428
          429
          429
          429
          429
          430
          430
          430
          430
          431
          431
          431
          431
          432
          432
          432
          432
          433
          433
          433
          433
          434
          434
          434
          434
          435
          435
          435
          435
          436
          436
          436
          436
          437
          437
          437
          437
          438
          438
          438
          438
          439
          439
          439
          439
          440
          440
          440
          440
          441
          441
          441
          441
          442
          442
          442
          442
          443
          443
          443
          443
          444
          444
          444
          444
          445
          445
          445
          445
          446
          446
          446
          446
          447
          447
          447
          447
          448
          448
          448
          448
          449
          449
          449
          449
          450
          450
          450
          450
          451
          451
          451
          451
          452
          452
          452
          452
          453
          453
          453
          453
          454
          454
          454
          454
          455
          455
          455
          455
          456
          456
          456
          456
          457
          457
          457
          457
          458
          458
          458
          458
          459
          459
          459
          459
          460
          460
          460
          460
          461
          461
          461
          461
          462
          462
          462
          462
          463
          463
          463
          463
          464
          464
          464
          464
          465
          465
          465
          465
          466
          466
          466
          466
          467
          467
          467
          467
          468
          468
          468
          468
          469
          469
          469
          469
          470
          470
          470
          470
          471
          471
          471
          471
          472
          472
          472
          472
          473
          473
          473
          473
          474
          474
          474
          474
          475
          475
          475
          475
          476
          476
          476
          476
          477
          477
          477
          477
          478
          478
          478
          478
          479
          479
          479
          479
          480
          480
          480
          480
          481
          481
          481
          481
          482
          482
          482
          482
          483
          483
          483
          483
          484
          484
          484
          484
          485
          485
          485
          485
          486
          486
          486
          486
          487
          487
          487
          487
          488
          488
          488
          488
          489
          489
          489
          489
          490
          490
          490
          490
          491
          491
          491
          491
          492
          492
          492
          492
          493
          493
          493
          493
          494
          494
          494
          494
          495
          495
          495
          495
          496
          496
          496
          496
          497
          497
          497
          497
          498
          498
          498
          498
          499
          499
          499
          499
          500
          500
          500
          500
          501
          501
          501
          501
          502
          502
          502
          502
          503
          503
          503
          503
          504
          504
          504
          504
          505
          505
          505
          505
          506
          506
          506
          506
          507
          507
          507
          507
          508
          508
          508
          508
          509
          509
          509
          509
          510
          510
          510
          510
          511
          511
          511
          511
          512
          512
          512
          512
          513
          513
          513
          513
          514
          514
          514
          514
          515
          515
          515
          515
          516
          516
          516
          516
          517
          517
          517
          517
          518
          518
          518
          518
          519
          519
          519
          519
          520
          520
          520
          520
          521
          521
          521
          521
          522
          522
          522
          522
          523
          523
          523
          523
          524
          524
          524
          524
          525
          525
          525
          525
          526
          526
          526
          526
          527
          527
          527
          527
          528
          528
          528
          528
          529
          529
          529
          529
          530
          530
          530
          530
          531
          531
          531
          531
          532
          532
          532
          532
          533
          533
          533
          533
          534
          534
          534
          534
          535
          535
          535
          535
          536
          536
          536
          536
          537
          537
          537
          537
          538
          538
          538
          538
          539
          539
          539
          539
          540
          540
          540
          540
          541
          541
          541
          541
          542
          542
          542
          542
          543
          543
          543
          543
          544
          544
          544
          544
          545
          545
          545
          545
          546
          546
          546
          546
          547
          547
          547
          547
          548
          548
          548
          548
          549
          549
          549
          549
          550
          550
          550
          550
          551
          551
          551
          551
          552
          552
          552
          552
          553
          553
          553
          553
          554
          554
          554
          554
          555
          555
          555
          555
          556
          556
          556
          556
          557
          557
          557
          557
          558
          558
          558
          558
          559
          559
          559
          559
          560
          560
          560
          560
          561
          561
          561
          561
          562
          562
          562
          562
          563
          563
          563
          563
          564
          564
          564
          564
          565
          565
          565
          565
          566
          566
          566
          566
          567
          567
          567
          567
          568
          568
          568
          568
          569
          569
          569
          569
          570
          570
          570
          570
          571
          571
          571
          571
          572
          572
          572
          572
          573
          573
          573
          573
          574
          574
          574
          574
          575
          575
          575
          575
          576
          576
          576
          576
          577
          577
          577
          577
          578
          578
          578
          578
          579
          579
          579
          579
          580
          580
          580
          580
          581
          581
          581
          581
          582
          582
          582
          582
          583
          583
          583
          583
          584
          584
          584
          584
          585
          585
          585
          585
          586
          586
          586
          586
          587
          587
          587
          587
          588
          588
          588
          588
          589
          589
          589
          589
          590
          590
          590
          590
          591
          591
          591
          591
          592
          592
          592
          592
          593
          593
          593
          593
          594
          594
          594
          594
          595
          595
          595
          595
          596
          596
          596
          596
          597
          597
          597
          597
          598
          598
          598
          598
          599
          599
          599
          599
          600
          600
          600
          600
          601
          601
          601
          601
          602
          602
          602
          602
          603
          603
          603
          603
          604
          604
          604
          604
          605
          605
          605
          605
          606
          606
          606
          606
          607
          607
          607
          607
          608
          608
          608
          608
          609
          609
          609
          609
          610
          610
          610
          610
          611
          611
          611
          611
          612
          612
          612
          612
          613
          613
          613
          613
          614
          614
          614
          614
          615
          615
          615
          615
          616
          616
          616
          616
          617
          617
          617
          617
          618
          618
          618
          618
          619
          619
          619
          619
          620
          620
          620
          620
          621
          621
          621
          621
          622
          622
          622
          622
          623
          623
          623
          623
          624
          624
          624
          624
          625
          625
          625
          625
          626
          626
          626
          626
          627
          627
          627
          627
          628
          628
          628
          628
          629
          629
          629
          629
          630
          630
          630
          630
          631
          631
          631
          631
          632
          632
          632
          632
          633
          633
          633
          633
          634
          634
          634
          634
          635
          635
          635
          635
          636
          636
          636
          636
          637
          637
          637
          637
          638
          638
          638
          638
          639
          639
          639
          639
          640
          640
          640
          640
          641
          641
          641
          641
          642
          642
          642
          642
          643
          643
          643
          643
          644
          644
          644
          644
          645
          645
          645
          645
          646
          646
          646
          646
          647
          647
          647
          647
          648
          648
          648
          648
          649
          649
          649
          649
          650
          650
          650
          650
          651
          651
          651
          651
          652
          652
          652
          652
          653
          653
          653
          653
          654
          654
          654
          654
          655
          655
          655
          655
          656
          656
          656
          656
          657
          657
          657
          657
          658
          658
          658
          658
          659
          659
          659
          659
          660
          660
          660
          660
          661
          661
          661
          661
          662
          662
          662
          662
          663
          663
          663
          663
          664
          664
          664
          664
          665
          665
          665
          665
          666
          666
          666
          666
          667
          667
          667
          667
          668
          668
          668
          668
          669
          669
          669
          669
          670
          670
          670
          670
          671
          671
          671
          671
          672
          672
          672
          672
          673
          673
          673
          673
          674
          674
          674
          674
          675
          675
          675
          675
          676
          676
          676
          676
          677
          677
          677
          677
          678
          678
          678
          678
          679
          679
          679
          679
          680
          680
          680
          680
          681
          681
          681
          681
          682
          682
          682
          682
          683
          683
          683
          683
          684
          684
          684
          684
          685
          685
          685
          685
          686
          686
          686
          686
          687
          687
          687
          687
          688
          688
          688
          688
          689
          689
          689
          689
          690
          690
          690
          690
          691
          691
          691
          691
          692
          692
          692
          692
          693
          693
          693
          693
          694
          694
          694
          694
          695
          695
          695
          695
          696
          696
          696
          696
          697
          697
          697
          697
          698
          698
          698
          698
          699
          699
          699
          699
          700
          700
          700
          700
          701
          701
          701
          701
          702
          702
          702
          702
          703
          703
          703
          703
          704
          704
          704
          704
          705
          705
          705
          705
          706
          706
          706
          706
          707
          707
          707
          707
          708
          708
          708
          708
          709
          709
          709
          709
          710
          710
          710
          710
          711
          711
          711
          711
          712
          712
          712
          712
          713
          713
          713
          713
          714
          714
          714
          714
          715
          715
          715
          715
          716
          716
          716
          716
          717
          717
          717
          717
          718
          718
          718
          718
          719
          719
          719
          719
          720
          720
          720
          720
          721
          721
          721
          721
          722
          722
          722
          722
          723
          723
          723
          723
          724
          724
          724
          724
          725
          725
          725
          725
          726
          726
          726
          726
          727
          727
          727
          727
          728
          728
          728
          728
          729
          729
          729
          729
          730
          730
          730
          730
          731
          731
          731
          731
          732
          732
          732
          732
          733
          733
          733
          733
          734
          734
          734
          734
          735
          735
          735
          735
          736
          736
          736
          736
          737
          737
          737
          737
          738
          738
          738
          738
          739
          739
          739
          739
          740
          740
          740
          740
          741
          741
          741
          741
          742
          742
          742
          742
          743
          743
          743
          743
          744
          744
          744
          744
          745
          745
          745
          745
          746
          746
          746
          746
          747
          747
          747
          747
          748
          748
          748
          748
          749
          749
          749
          749
          750
          750
          750
          750
          751
          751
          751
          751
          752
          752
          752
          752
          753
          753
          753
          753
          754
          754
          754
          754
          755
          755
          755
          755
          756
          756
          756
          756
          757
          757
          757
          757
          758
          758
          758
          758
          759
          759
          759
          759
          760
          760
          760
          760
          761
          761
          761
          761
          762
          762
          762
          762
          763
          763
          763
          763
          764
          764
          764
          764
          765
          765
          765
          765
          766
          766
          766
          766
          767
          767
          767
          767
          768
          768
          768
          768
          769
          769
          769
          769
          770
          770
          770
          770
          771
          771
          771
          771
          772
          772
          772
          772
          773
          773
          773
          773
          774
          774
          774
          774
          775
          775
          775
          775
          776
          776
          776
          776
          777
          777
          777
          777
          778
          778
          778
          778
          779
          779
          779
          779
          780
          780
          780
          780
          781
          781
          781
          781
          782
          782
          782
          782
          783
          783
          783
          783
          784
          784
          784
          784
          785
          785
          785
          785
          786
          786
          786
          786
          787
          787
          787
          787
          788
          788
          788
          788
          789
          789
          789
          789
          790
          790
          790
          790
          791
          791
          791
          791
          792
          792
          792
          792
          793
          793
          793
          793
          794
          794
          794
          794
          795
          795
          795
          795
          796
          796
          796
          796
          797
          797
          797
          797
          798
          798
          798
          798
          799
          799
          799
          799
          800
          800
          800
          800
          801
          801
          801
          801
          802
          802
          802
          802
          803
          803
          803
          803
          804
          804
          804
          804
          805
          805
          805
          805
          806
          806
          806
          806
          807
          807
          807
          807
          808
          808
          808
          808
          809
          809
          809
          809
          810
          810
          810
          810
          811
          811
          811
          811
          812
          812
          812
          812
          813
          813
          813
          813
          814
          814
          814
          814
          815
          815
          815
          815
          816
          816
          816
          816
          817
          817
          817
          817
          818
          818
          818
          818
          819
          819
          819
          819
          820
          820
          820
          820
          821
          821
          821
          821
          822
          822
          822
          822
          823
          823
          823
          823
          824
          824
          824
          824
          825
          825
          825
          825
          826
          826
          826
          826
          827
          827
          827
          827
          828
          828
          828
          828
          829
          829
          829
          829
          830
          830
          830
          830
          831
          831
          831
          831
          832
          832
          832
          832
          833
          833
          833
          833
          834
          834
          834
          834
          835
          835
          835
          835
          836
          836
          836
          836
          837
          837
          837
          837
          838
          838
          838
          838
          839
          839
          839
          839
          840
          840
          840
          840
          841
          841
          841
          841
          842
          842
          842
          842
          843
          843
          843
          843
          844
          844
          844
          844
          845
          845
          845
          845
          846
          846
          846
          846
          847
          847
          847
          847
          848
          848
          848
          848
          849
          849
          849
          849
          850
          850
          850
          850
          851
          851
          851
          851
          852
          852
          852
          852
          853
          853
          853
          853
          854
          854
          854
          854
          855
          855
          855
          855
          856
          856
          856
          856
          857
          857
          857
          857
          858
          858
          858
          858
          859
          859
          859
          859
          860
          860
          860
          860
          861
          861
          861
          861
          862
          862
          862
          862
          863
          863
          863
          863
          864
          864
          864
          864
          865
          865
          865
          865
          866
          866
          866
          866
          867
          867
          867
          867
          868
          868
          868
          868
          869
          869
          869
          869
          870
          870
          870
          870
          871
          871
          871
          871
          872
          872
          872
          872
          873
          873
          873
          873
          874
          874
          874
          874
          875
          875
          875
          875
          876
          876
          876
          876
          877
          877
          877
          877
          878
          878
          878
          878
          879
          879
          879
          879
          880
          880
          880
          880
          881
          881
          881
          881
          882
          882
          882
          882
          883
          883
          883
          883
          884
          884
          884
          884
          885
          885
          885
          885
          886
          886
          886
          886
          887
          887
          887
          887
          888
          888
          888
          888
          889
          889
          889
          889
          890
          890
          890
          890
          891
          891
          891
          891
          892
          892
          892
          892
          893
          893
          893
          893
          894
          894
          894
          894
          895
          895
          895
          895
          896
          896
          896
          896
          897
          897
          897
          897
          898
          898
          898
          898
          899
          899
          899
          899
          900
          900
          900
          900
          901
          901
          901
          901
          902
          902
          902
          902
          903
          903
          903
          903
          904
          904
          904
          904
          905
          905
          905
          905
          906
          906
          906
          906
          907
          907
          907
          907
          908
          908
          908
          908
          909
          909
          909
          909
          910
          910
          910
          910
          911
          911
          911
          911
          912
          912
          912
          912
          913
          913
          913
          913
          914
          914
          914
          914
          915
          915
          915
          915
          916
          916
          916
          916
          917
          917
          917
          917
          918
          918
          918
          918
          919
          919
          919
          919
          920
          920
          920
          920
          921
          921
          921
          921
          922
          922
          922
          922
          923
          923
          923
          923
          924
          924
          924
          924
          925
          925
          925
          925
          926
          926
          926
          926
          927
          927
          927
          927
          928
          928
          928
          928
          929
          929
          929
          929
          930
          930
          930
          930
          931
          931
          931
          931
          932
          932
          932
          932
          933
          933
          933
          933
          934
          934
          934
          934
          935
          935
          935
          935
          936
          936
          936
          936
          937
          937
          937
          937
          938
          938
          938
          938
          939
          939
          939
          939
          940
          940
          940
          940
          941
          941
          941
          941
          942
          942
          942
          942
          943
          943
          943
          943
          944
          944
          944
          944
          945
          945
          945
          945
          946
          946
          946
          946
          947
          947
          947
          947
          948
          948
          948
          948
          949
          949
          949
          949
          950
          950
          950
          950
          951
          951
          951
          951
          952
          952
          952
          952
          953
          953
          953
          953
          954
          954
          954
          954
          955
          955
          955
          955
          956
          956
          956
          956
          957
          957
          957
          957
          958
          958
          958
          958
          959
          959
          959
          959
          960
          960
          960
          960
          961
          961
          961
          961
          962
          962
          962
          962
          963
          963
          963
          963
          964
          964
          964
          964
          965
          965
          965
          965
          966
          966
          966
          966
          967
          967
          967
          967
          968
          968
          968
          968
          969
          969
          969
          969
          970
          970
          970
          970
          971
          971
          971
          971
          972
          972
          972
          972
          973
          973
          973
          973
          974
          974
          974
          974
          975
          975
          975
          975
          976
          976
          976
          976
          977
          977
          977
          977
          978
          978
          978
          978
          979
          979
          979
          979
          980
          980
          980
          980
          981
          981
          981
          981
          982
          982
          982
          982
          983
          983
          983
          983
          984
          984
          984
          984
          985
          985
          985
          985
          986
          986
          986
          986
          987
          987
          987
          987
          988
          988
          988
          988
          989
          989
          989
          989
          990
          990
          990
          990
          991
          991
          991
          991
          992
          992
          992
          992
          993
          993
          993
          993
          994
          994
          994
          994
          995
          995
          995
          995
          996
          996
          996
          996
          997
          997
          997
          997
          998
          998
          998
          998
          999
          999
          999
          999
          1000
          1000
          1000
          1000
          1001
          1001
          1001
          1001
          1002
          1002
          1002
          1002
          1003
          1003
          1003
          1003
          1004
          1004
          1004
          1004
          1005
          1005
          1005
          1005
          1006
          1006
          1006
          1006
          1007
          1007
          1007
          1007
          1008
          1008
          1008
          1008
          1009
          1009
          1009
          1009
          1010
          1010
          1010
          1010
          1011
          1011
          1011
          1011
          1012
          1012
          1012
          1012
          1013
          1013
          1013
          1013
          1014
          1014
          1014
          1014
          1015
          1015
          1015
          1015
          1016
          1016
          1016
          1016
          1017
          1017
          1017
          1017
          1018
          1018
          1018
          1018
          1019
          1019
          1019
          1019
          1020
          1020
          1020
          1020
          1021
          1021
          1021
          1021
          1022
          1022
          1022
          1022
          1023
          1023
          1023
          1023
          1024
          1024
          1024
          1024
          1025
          1025
          1025
          1025
          1026
          1026
          1026
          1026
          1027
          1027
          1027
          1027
          1028
          1028
          1028
          1028
          1029
          1029
          1029
          1029
          1030
          1030
          1030
          1030
          1031
          1031
          1031
          1031
          1032
          1032
          1032
          1032
          1033
          1033
          1033
          1033
          1034
          1034
          1034
          1034
          1035
          1035
          1035
          1035
          1036
          1036
          1036
          1036
          1037
          1037
          1037
          1037
          1038
          1038
          1038
          1038
          1039
          1039
          1039
          1039
          1040
          1040
          1040
          1040
          1041
          1041
          1041
          1041
          1042
          1042
          1042
          1042
          1043
          1043
          1043
          1043
          1044
          1044
          1044
          1044
          1045
          1045
          1045
          1045
          1046
          1046
          1046
          1046
          1047
          1047
          1047
          1047
          1048
          1048
          1048
          1048
          1049
          1049
          1049
          1049
          1050
          1050
          1050
          1050
          1051
          1051
          1051
          1051
          1052
          1052
          1052
          1052
          1053
          1053
          1053
          1053
          1054
          1054
          1054
          1054
          1055
          1055
          1055
          1055
          1056
          1056
          1056
          1056
          1057
          1057
          1057
          1057
          1058
          1058
          1058
          1058
          1059
          1059
          1059
          1059
          1060
          1060
          1060
          1060
          1061
          1061
          1061
          1061
          1062
          1062
          1062
          1062
          1063
          1063
          1063
          1063
          1064
          1064
          1064
          1064
          1065
          1065
          1065
          1065
          1066
          1066
          1066
          1066
          1067
          1067
          1067
          1067
          1068
          1068
          1068
          1068
          1069
          1069
          1069
          1069
          1070
          1070
          1070
          1070
          1071
          1071
          1071
          1071
          1072
          1072
          1072
          1072
          1073
          1073
          1073
          1073
          1074
          1074
          1074
          1074
          1075
          1075
          1075
          1075
          1076
          1076
          1076
          1076
          1077
          1077
          1077
          1077
          1078
          1078
          1078
          1078
          1079
          1079
          1079
          1079
          1080
          1080
          1080
          1080
        </DataArray>
        <DataArray type="Int32" Name="GaussPointID" format="ascii">
          1
          2
          3
          4
          1
          2
          3
          4
          1
          2
          3
          4
          1
          2
          3
          4
          1
          2
          3
          4
          1
          2
          3
          4
          1
          2
          3
          4
          1
          2
          3
          4
          1
          2
          3
          4
          1
          2
          3
          4
          1
          2
          3
          4
          1
          2
          3
          4
          1
          2
          3
          4
          1
          2
          3
          4
          1
          2
          3
          4
          1
          2
          3
          4
          1
          2
          3
          4
          1
          2
          3
          4
          1
          2
          3
          4
          1
          2
          3
          4
          1
          2
          3
          4
          1
          2
          3
          4
          1
          2
          3
          4
          1
          2
          3
          4
          1
          2
          3
          4
          1
          2
          3
          4
          1
          2
          3
          4
          1
          2
          3
          4
          1
          2
          3
          4
          1
          2
          3
          4
          1
          2
          3
          4
          1
          2
          3
          4
          1
          2
          3
          4
          1
          2
          3
          4
          1
          2
          3
          4
          1
          2
          3
          4
          1
          2
          3
          4
          1
          2
          3
          4
          1
          2
          3
          4
          1
          2
          3
          4
          1
          2
          3
          4
          1
          2
          3
          4
          1
          2
          3
          4
          1
          2
          3
          4
          1
          2
          3
          4
          1
          2
          3
          4
          1
          2
          3
          4
          1
          2
          3
          4
          1
          2
          3
          4
          1
          2
          3
          4
          1
          2
          3
          4
          1
          2
          3
          4
          1
          2
          3
          4
          1
          2
          3
          4
          1
          2
          3
          4
          1
          2
          3
          4
          1
          2
          3
          4
          1
          2
          3
          4
          1
          2
          3
          4
          1
          2
          3
          4
          1
          2
          3
          4
          1
          2
          3
          4
          1
          2
          3
          4
          1
          2
          3
          4
          1
          2
          3
          4
          1
          2
          3
          4
          1
          2
          3
          4
          1
          2
          3
          4
          1
          2
          3
          4
          1
          2
          3
          4
          1
          2
          3
          4
          1
          2
          3
          4
          1
          2
          3
          4
          1
          2
          3
          4
          1
          2
          3
          4
          1
          2
          3
          4
          1
          2
          3
          4
          1
          2
          3
          4
          1
          2
          3
          4
          1
          2
          3
          4
          1
          2
          3
          4
          1
          2
          3
          4
          1
          2
          3
          4
          1
          2
          3
          4
          1
          2
          3
          4
          1
          2
          3
          4
          1
          2
          3
          4
          1
          2
          3
          4
          1
          2
          3
          4
          1
          2
          3
          4
          1
          2
          3
          4
          1
          2
          3
          4
          1
          2
          3
          4
          1
          2
          3
          4
          1
          2
          3
          4
          1
          2
          3
          4
          1
          2
          3
          4
          1
          2
          3
          4
          1
          2
          3
          4
          1
          2
          3
          4
          1
          2
          3
          4
          1
          2
          3
          4
          1
          2
          3
          4
          1
          2
          3
          4
          1
          2
          3
          4
          1
          2
          3
          4
          1
          2
          3
          4
          1
          2
          3
          4
          1
          2
          3
          4
          1
          2
          3
          4
          1
          2
          3
          4
          1
          2
          3
          4
          1
          2
          3
          4
          1
          2
          3
          4
          1
          2
          3
          4
          1
          2
          3
          4
          1
          2
          3
          4
          1
          2
          3
          4
          1
          2
          3
          4
          1
          2
          3
          4
          1
          2
          3
          4
          1
          2
          3
          4
          1
          2
          3
          4
          1
          2
          3
          4
          1
          2
          3
          4
          1
          2
          3
          4
          1
          2
          3
          4
          1
          2
          3
          4
          1
          2
          3
          4
          1
          2
          3
          4
          1
          2
          3
          4
          1
          2
          3
          4
          1
          2
          3
          4
          1
          2
          3
          4
          1
          2
          3
          4
          1
          2
          3
          4
          1
          2
          3
          4
          1
          2
          3
          4
          1
          2
          3
          4
          1
          2
          3
          4
          1
          2
          3
          4
          1
          2
          3
          4
          1
          2
          3
          4
          1
          2
          3
          4
          1
          2
          3
          4
          1
          2
          3
          4
          1
          2
          3
          4
          1
          2
          3
          4
          1
          2
          3
          4
          1
          2
          3
          4
          1
          2
          3
          4
          1
          2
          3
          4
          1
          2
          3
          4
          1
          2
          3
          4
          1
          2
          3
          4
          1
          2
          3
          4
          1
          2
          3
          4
          1
          2
          3
          4
          1
          2
          3
          4
          1
          2
          3
          4
          1
          2
          3
          4
          1
          2
          3
          4
          1
          2
          3
          4
          1
          2
          3
          4
          1
          2
          3
          4
          1
          2
          3
          4
          1
          2
          3
          4
          1
          2
          3
          4
          1
          2
          3
          4
          1
          2
          3
          4
          1
          2
          3
          4
          1
          2
          3
          4
          1
          2
          3
          4
          1
          2
          3
          4
          1
          2
          3
          4
          1
          2
          3
          4
          1
          2
          3
          4
          1
          2
          3
          4
          1
          2
          3
          4
          1
          2
          3
          4
          1
          2
          3
          4
          1
          2
          3
          4
          1
          2
          3
          4
          1
          2
          3
          4
          1
          2
          3
          4
          1
          2
          3
          4
          1
          2
          3
          4
          1
          2
          3
          4
          1
          2
          3
          4
          1
          2
          3
          4
          1
          2
          3
          4
          1
          2
          3
          4
          1
          2
          3
          4
          1
          2
          3
          4
          1
          2
          3
          4
          1
          2
          3
          4
          1
          2
          3
          4
          1
          2
          3
          4
          1
          2
          3
          4
          1
          2
          3
          4
          1
          2
          3
          4
          1
          2
          3
          4
          1
          2
          3
          4
          1
          2
          3
          4
          1
          2
          3
          4
          1
          2
          3
          4
          1
          2
          3
          4
          1
          2
          3
          4
          1
          2
          3
          4
          1
          2
          3
          4
          1
          2
          3
          4
          1
          2
          3
          4
          1
          2
          3
          4
          1
          2
          3
          4
          1
          2
          3
          4
          1
          2
          3
          4
          1
          2
          3
          4
          1
          2
          3
          4
          1
          2
          3
          4
          1
          2
          3
          4
          1
          2
          3
          4
          1
          2
          3
          4
          1
          2
          3
          4
          1
          2
          3
          4
          1
          2
          3
          4
          1
          2
          3
          4
          1
          2
          3
          4
          1
          2
          3
          4
          1
          2
          3
          4
          1
          2
          3
          4
          1
          2
          3
          4
          1
          2
          3
          4
          1
          2
          3
          4
          1
          2
          3
          4
          1
          2
          3
          4
          1
          2
          3
          4
          1
          2
          3
          4
          1
          2
          3
          4
          1
          2
          3
          4
          1
          2
          3
          4
          1
          2
          3
          4
          1
          2
          3
          4
          1
          2
          3
          4
          1
          2
          3
          4
          1
          2
          3
          4
          1
          2
          3
          4
          1
          2
          3
          4
          1
          2
          3
          4
          1
          2
          3
          4
          1
          2
          3
          4
          1
          2
          3
          4
          1
          2
          3
          4
          1
          2
          3
          4
          1
          2
          3
          4
          1
          2
          3
          4
          1
          2
          3
          4
          1
          2
          3
          4
          1
          2
          3
          4
          1
          2
          3
          4
          1
          2
          3
          4
          1
          2
          3
          4
          1
          2
          3
          4
          1
          2
          3
          4
          1
          2
          3
          4
          1
          2
          3
          4
          1
          2
          3
          4
          1
          2
          3
          4
          1
          2
          3
          4
          1
          2
          3
          4
          1
          2
          3
          4
          1
          2
          3
          4
          1
          2
          3
          4
          1
          2
          3
          4
          1
          2
          3
          4
          1
          2
          3
          4
          1
          2
          3
          4
          1
          2
          3
          4
          1
          2
          3
          4
          1
          2
          3
          4
          1
          2
          3
          4
          1
          2
          3
          4
          1
          2
          3
          4
          1
          2
          3
          4
          1
          2
          3
          4
          1
          2
          3
          4
          1
          2
          3
          4
          1
          2
          3
          4
          1
          2
          3
          4
          1
          2
          3
          4
          1
          2
          3
          4
          1
          2
          3
          4
          1
          2
          3
          4
          1
          2
          3
          4
          1
          2
          3
          4
          1
          2
          3
          4
          1
          2
          3
          4
          1
          2
          3
          4
          1
          2
          3
          4
          1
          2
          3
          4
          1
          2
          3
          4
          1
          2
          3
          4
          1
          2
          3
          4
          1
          2
          3
          4
          1
          2
          3
          4
          1
          2
          3
          4
          1
          2
          3
          4
          1
          2
          3
          4
          1
          2
          3
          4
          1
          2
          3
          4
          1
          2
          3
          4
          1
          2
          3
          4
          1
          2
          3
          4
          1
          2
          3
          4
          1
          2
          3
          4
          1
          2
          3
          4
          1
          2
          3
          4
          1
          2
          3
          4
          1
          2
          3
          4
          1
          2
          3
          4
          1
          2
          3
          4
          1
          2
          3
          4
          1
          2
          3
          4
          1
          2
          3
          4
          1
          2
          3
          4
          1
          2
          3
          4
          1
          2
          3
          4
          1
          2
          3
          4
          1
          2
          3
          4
          1
          2
          3
          4
          1
          2
          3
          4
          1
          2
          3
          4
          1
          2
          3
          4
          1
          2
          3
          4
          1
          2
          3
          4
          1
          2
          3
          4
          1
          2
          3
          4
          1
          2
          3
          4
          1
          2
          3
          4
          1
          2
          3
          4
          1
          2
          3
          4
          1
          2
          3
          4
          1
          2
          3
          4
          1
          2
          3
          4
          1
          2
          3
          4
          1
          2
          3
          4
          1
          2
          3
          4
          1
          2
          3
          4
          1
          2
          3
          4
          1
          2
          3
          4
          1
          2
          3
          4
          1
          2
          3
          4
          1
          2
          3
          4
          1
          2
          3
          4
          1
          2
          3
          4
          1
          2
          3
          4
          1
          2
          3
          4
          1
          2
          3
          4
          1
          2
          3
          4
          1
          2
          3
          4
          1
          2
          3
          4
          1
          2
          3
          4
          1
          2
          3
          4
          1
          2
          3
          4
          1
          2
          3
          4
          1
          2
          3
          4
          1
          2
          3
          4
          1
          2
          3
          4
          1
          2
          3
          4
          1
          2
          3
          4
          1
          2
          3
          4
          1
          2
          3
          4
          1
          2
          3
          4
          1
          2
          3
          4
          1
          2
          3
          4
          1
          2
          3
          4
          1
          2
          3
          4
          1
          2
          3
          4
          1
          2
          3
          4
          1
          2
          3
          4
          1
          2
          3
          4
          1
          2
          3
          4
          1
          2
          3
          4
          1
          2
          3
          4
          1
          2
          3
          4
          1
          2
          3
          4
          1
          2
          3
          4
          1
          2
          3
          4
          1
          2
          3
          4
          1
          2
          3
          4
          1
          2
          3
          4
          1
          2
          3
          4
          1
          2
          3
          4
          1
          2
          3
          4
          1
          2
          3
          4
          1
          2
          3
          4
          1
          2
          3
          4
          1
          2
          3
          4
          1
          2
          3
          4
          1
          2
          3
          4
          1
          2
          3
          4
          1
          2
          3
          4
          1
          2
          3
          4
          1
          2
          3
          4
          1
          2
          3
          4
          1
          2
          3
          4
          1
          2
          3
          4
          1
          2
          3
          4
          1
          2
          3
          4
          1
          2
          3
          4
          1
          2
          3
          4
          1
          2
          3
          4
          1
          2
          3
          4
          1
          2
          3
          4
          1
          2
          3
          4
          1
          2
          3
          4
          1
          2
          3
          4
          1
          2
          3
          4
          1
          2
          3
          4
          1
          2
          3
          4
          1
          2
          3
          4
          1
          2
          3
          4
          1
          2
          3
          4
          1
          2
          3
          4
          1
          2
          3
          4
          1
          2
          3
          4
          1
          2
          3
          4
          1
          2
          3
          4
          1
          2
          3
          4
          1
          2
          3
          4
          1
          2
          3
          4
          1
          2
          3
          4
          1
          2
          3
          4
          1
          2
          3
          4
          1
          2
          3
          4
          1
          2
          3
          4
          1
          2
          3
          4
          1
          2
          3
          4
          1
          2
          3
          4
          1
          2
          3
          4
          1
          2
          3
          4
          1
          2
          3
          4
          1
          2
          3
          4
          1
          2
          3
          4
          1
          2
          3
          4
          1
          2
          3
          4
          1
          2
          3
          4
          1
          2
          3
          4
          1
          2
          3
          4
          1
          2
          3
          4
          1
          2
          3
          4
          1
          2
          3
          4
          1
          2
          3
          4
          1
          2
          3
          4
          1
          2
          3
          4
          1
          2
          3
          4
          1
          2
          3
          4
          1
          2
          3
          4
          1
          2
          3
          4
          1
          2
          3
          4
          1
          2
          3
          4
          1
          2
          3
          4
          1
          2
          3
          4
          1
          2
          3
          4
          1
          2
          3
          4
          1
          2
          3
          4
          1
          2
          3
          4
          1
          2
          3
          4
          1
          2
          3
          4
          1
          2
          3
          4
          1
          2
          3
          4
          1
          2
          3
          4
          1
          2
          3
          4
          1
          2
          3
          4
          1
          2
          3
          4
          1
          2
          3
          4
          1
          2
          3
          4
          1
          2
          3
          4
          1
          2
          3
          4
          1
          2
          3
          4
          1
          2
          3
          4
          1
          2
          3
          4
          1
          2
          3
          4
          1
          2
          3
          4
          1
          2
          3
          4
          1
          2
          3
          4
          1
          2
          3
          4
          1
          2
          3
          4
          1
          2
          3
          4
          1
          2
          3
          4
          1
          2
          3
          4
          1
          2
          3
          4
          1
          2
          3
          4
          1
          2
          3
          4
          1
          2
          3
          4
          1
          2
          3
          4
          1
          2
          3
          4
          1
          2
          3
          4
          1
          2
          3
          4
          1
          2
          3
          4
          1
          2
          3
          4
          1
          2
          3
          4
          1
          2
          3
          4
          1
          2
          3
          4
          1
          2
          3
          4
          1
          2
          3
          4
          1
          2
          3
          4
          1
          2
          3
          4
          1
          2
          3
          4
          1
          2
          3
          4
          1
          2
          3
          4
          1
          2
          3
          4
          1
          2
          3
          4
          1
          2
          3
          4
          1
          2
          3
          4
          1
          2
          3
          4
          1
          2
          3
          4
          1
          2
          3
          4
          1
          2
          3
          4
          1
          2
          3
          4
          1
          2
          3
          4
          1
          2
          3
          4
          1
          2
          3
          4
          1
          2
          3
          4
          1
          2
          3
          4
          1
          2
          3
          4
          1
          2
          3
          4
          1
          2
          3
          4
          1
          2
          3
          4
          1
          2
          3
          4
          1
          2
          3
          4
          1
          2
          3
          4
          1
          2
          3
          4
          1
          2
          3
          4
          1
          2
          3
          4
          1
          2
          3
          4
          1
          2
          3
          4
          1
          2
          3
          4
          1
          2
          3
          4
          1
          2
          3
          4
          1
          2
          3
          4
          1
          2
          3
          4
          1
          2
          3
          4
          1
          2
          3
          4
          1
          2
          3
          4
          1
          2
          3
          4
          1
          2
          3
          4
          1
          2
          3
          4
          1
          2
          3
          4
          1
          2
          3
          4
          1
          2
          3
          4
          1
          2
          3
          4
          1
          2
          3
          4
          1
          2
          3
          4
          1
          2
          3
          4
          1
          2
          3
          4
          1
          2
          3
          4
          1
          2
          3
          4
          1
          2
          3
          4
          1
          2
          3
          4
          1
          2
          3
          4
          1
          2
          3
          4
          1
          2
          3
          4
          1
          2
          3
          4
          1
          2
          3
          4
          1
          2
          3
          4
          1
          2
          3
          4
          1
          2
          3
          4
          1
          2
          3
          4
          1
          2
          3
          4
          1
          2
          3
          4
          1
          2
          3
          4
          1
          2
          3
          4
          1
          2
          3
          4
          1
          2
          3
          4
          1
          2
          3
          4
          1
          2
          3
          4
          1
          2
          3
          4
          1
          2
          3
          4
          1
          2
          3
          4
          1
          2
          3
          4
          1
          2
          3
          4
          1
          2
          3
          4
          1
          2
          3
          4
          1
          2
          3
          4
          1
          2
          3
          4
          1
          2
          3
          4
          1
          2
          3
          4
          1
          2
          3
          4
          1
          2
          3
          4
          1
          2
          3
          4
          1
          2
          3
          4
          1
          2
          3
          4
          1
          2
          3
          4
          1
          2
          3
          4
          1
          2
          3
          4
          1
          2
          3
          4
          1
          2
          3
          4
          1
          2
          3
          4
          1
          2
          3
          4
          1
          2
          3
          4
          1
          2
          3
          4
          1
          2
          3
          4
          1
          2
          3
          4
          1
          2
          3
          4
          1
          2
          3
          4
          1
          2
          3
          4
          1
          2
          3
          4
          1
          2
          3
          4
          1
          2
          3
          4
          1
          2
          3
          4
          1
          2
          3
          4
          1
          2
          3
          4
          1
          2
          3
          4
          1
          2
          3
          4
          1
          2
          3
          4
          1
          2
          3
          4
          1
          2
          3
          4
          1
          2
          3
          4
          1
          2
          3
          4
          1
          2
          3
          4
          1
          2
          3
          4
          1
          2
          3
          4
          1
          2
          3
          4
          1
          2
          3
          4
          1
          2
          3
          4
          1
          2
          3
          4
          1
          2
          3
          4
          1
          2
          3
          4
          1
          2
          3
          4
          1
          2
          3
          4
          1
          2
          3
          4
          1
          2
          3
          4
          1
          2
          3
          4
          1
          2
          3
          4
          1
          2
          3
          4
          1
          2
          3
          4
          1
          2
          3
          4
          1
          2
          3
          4
          1
          2
          3
          4
          1
          2
          3
          4
          1
          2
          3
          4
          1
          2
          3
          4
          1
          2
          3
          4
          1
          2
          3
          4
          1
          2
          3
          4
          1
          2
          3
          4
          1
          2
          3
          4
          1
          2
          3
          4
          1
          2
          3
          4
          1
          2
          3
          4
          1
          2
          3
          4
          1
          2
          3
          4
          1
          2
          3
          4
          1
          2
          3
          4
          1
          2
          3
          4
          1
          2
          3
          4
          1
          2
          3
          4
          1
          2
          3
          4
          1
          2
          3
          4
          1
          2
          3
          4
          1
          2
          3
          4
          1
          2
          3
          4
          1
          2
          3
          4
          1
          2
          3
          4
          1
          2
          3
          4
          1
          2
          3
          4
          1
          2
          3
          4
          1
          2
          3
          4
          1
          2
          3
          4
          1
          2
          3
          4
          1
          2
          3
          4
          1
          2
          3
          4
          1
          2
          3
          4
          1
          2
          3
          4
          1
          2
          3
          4
          1
          2
          3
          4
          1
          2
          3
          4
          1
          2
          3
          4
          1
          2
          3
          4
          1
          2
          3
          4
          1
          2
          3
          4
          1
          2
          3
          4
          1
          2
          3
          4
          1
          2
          3
          4
          1
          2
          3
          4
          1
          2
          3
          4
          1
          2
          3
          4
          1
          2
          3
          4
          1
          2
          3
          4
          1
          2
          3
          4
          1
          2
          3
          4
          1
          2
          3
          4
          1
          2
          3
          4
          1
          2
          3
          4
          1
          2
          3
          4
          1
          2
          3
          4
          1
          2
          3
          4
          1
          2
          3
          4
          1
          2
          3
          4
          1
          2
          3
          4
          1
          2
          3
          4
          1
          2
          3
          4
          1
          2
          3
          4
          1
          2
          3
          4
          1
          2
          3
          4
          1
          2
          3
          4
          1
          2
          3
          4
          1
          2
          3
          4
          1
          2
          3
          4
          1
          2
          3
          4
          1
          2
          3
          4
          1
          2
          3
          4
          1
          2
          3
          4
          1
          2
          3
          4
          1
          2
          3
          4
          1
          2
          3
          4
          1
          2
          3
          4
          1
          2
          3
          4
          1
          2
          3
          4
          1
          2
          3
          4
          1
          2
          3
          4
          1
          2
          3
          4
          1
          2
          3
          4
          1
          2
          3
          4
          1
          2
          3
          4
          1
          2
          3
          4
          1
          2
          3
          4
          1
          2
          3
          4
          1
          2
          3
          4
          1
          2
          3
          4
          1
          2
          3
          4
          1
          2
          3
          4
          1
          2
          3
          4
          1
          2
          3
          4
          1
          2
          3
          4
          1
          2
          3
          4
          1
          2
          3
          4
          1
          2
          3
          4
          1
          2
          3
          4
          1
          2
          3
          4
          1
          2
          3
          4
          1
          2
          3
          4
          1
          2
          3
          4
          1
          2
          3
          4
          1
          2
          3
          4
          1
          2
          3
          4
          1
          2
          3
          4
          1
          2
          3
          4
          1
          2
          3
          4
          1
          2
          3
          4
          1
          2
          3
          4
          1
          2
          3
          4
          1
          2
          3
          4
          1
          2
          3
          4
          1
          2
          3
          4
          1
          2
          3
          4
          1
          2
          3
          4
          1
          2
          3
          4
          1
          2
          3
          4
          1
          2
          3
          4
          1
          2
          3
          4
          1
          2
          3
          4
          1
          2
          3
          4
          1
          2
          3
          4
          1
          2
          3
          4
          1
          2
          3
          4
          1
          2
          3
          4
          1
          2
          3
          4
          1
          2
          3
          4
          1
          2
          3
          4
          1
          2
          3
          4
          1
          2
          3
          4
          1
          2
          3
          4
          1
          2
          3
          4
          1
          2
          3
          4
          1
          2
          3
          4
          1
          2
          3
          4
          1
          2
          3
          4
          1
          2
          3
          4
          1
          2
          3
          4
          1
          2
          3
          4
          1
          2
          3
          4
          1
          2
          3
          4
          1
          2
          3
          4
          1
          2
          3
          4
          1
          2
          3
          4
          1
          2
          3
          4
          1
          2
          3
          4
          1
          2
          3
          4
          1
          2
          3
          4
          1
          2
          3
          4
          1
          2
          3
          4
          1
          2
          3
          4
          1
          2
          3
          4
          1
          2
          3
          4
          1
          2
          3
          4
          1
          2
          3
          4
          1
          2
          3
          4
          1
          2
          3
          4
          1
          2
          3
          4
          1
          2
          3
          4
          1
          2
          3
          4
          1
          2
          3
          4
          1
          2
          3
          4
          1
          2
          3
          4
          1
          2
          3
          4
          1
          2
          3
          4
          1
          2
          3
          4
          1
          2
          3
          4
          1
          2
          3
          4
          1
          2
          3
          4
          1
          2
          3
          4
          1
          2
          3
          4
          1
          2
          3
          4
          1
          2
          3
          4
          1
          2
          3
          4
          1
          2
          3
          4
          1
          2
          3
          4
          1
          2
          3
          4
          1
          2
          3
          4
          1
          2
          3
          4
          1
          2
          3
          4
          1
          2
          3
          4
          1
          2
          3
          4
          1
          2
          3
          4
          1
          2
          3
          4
          1
          2
          3
          4
          1
          2
          3
          4
          1
          2
          3
          4
          1
          2
          3
          4
          1
          2
          3
          4
          1
          2
          3
          4
          1
          2
          3
          4
          1
          2
          3
          4
          1
          2
          3
          4
          1
          2
          3
          4
          1
          2
          3
          4
          1
          2
          3
          4
          1
          2
          3
          4
          1
          2
          3
          4
          1
          2
          3
          4
          1
          2
          3
          4
          1
          2
          3
          4
          1
          2
          3
          4
          1
          2
          3
          4
          1
          2
          3
          4
          1
          2
          3
          4
          1
          2
          3
          4
          1
          2
          3
          4
          1
          2
          3
          4
          1
          2
          3
          4
          1
          2
          3
          4
          1
          2
          3
          4
          1
          2
          3
          4
          1
          2
          3
          4
          1
          2
          3
          4
          1
          2
          3
          4
          1
          2
          3
          4
          1
          2
          3
          4
          1
          2
          3
          4
          1
          2
          3
          4
          1
          2
          3
          4
          1
          2
          3
          4
          1
          2
          3
          4
          1
          2
          3
          4
          1
          2
          3
          4
          1
          2
          3
          4
          1
          2
          3
          4
          1
          2
          3
          4
          1
          2
          3
          4
          1
          2
          3
          4
          1
          2
          3
          4
          1
          2
          3
          4
          1
          2
          3
          4
          1
          2
          3
          4
          1
          2
          3
          4
          1
          2
          3
          4
          1
          2
          3
          4
          1
          2
          3
          4
          1
          2
          3
          4
          1
          2
          3
          4
          1
          2
          3
          4
          1
          2
          3
          4
          1
          2
          3
          4
          1
          2
          3
          4
          1
          2
          3
          4
          1
          2
          3
          4
          1
          2
          3
          4
          1
          2
          3
          4
          1
          2
          3
          4
          1
          2
          3
          4
          1
          2
          3
          4
          1
          2
          3
          4
          1
          2
          3
          4
          1
          2
          3
          4
          1
          2
          3
          4
          1
          2
          3
          4
          1
          2
          3
          4
          1
          2
          3
          4
          1
          2
          3
          4
          1
          2
          3
          4
          1
          2
          3
          4
          1
          2
          3
          4
          1
          2
          3
          4
          1
          2
          3
          4
          1
          2
          3
          4
          1
          2
          3
          4
          1
          2
          3
          4
          1
          2
          3
          4
          1
          2
          3
          4
          1
          2
          3
          4
          1
          2
          3
          4
          1
          2
          3
          4
          1
          2
          3
          4
          1
          2
          3
          4
          1
          2
          3
          4
          1
          2
          3
          4
          1
          2
          3
          4
          1
          2
          3
          4
          1
          2
          3
          4
          1
          2
          3
          4
          1
          2
          3
          4
          1
          2
          3
          4
          1
          2
          3
          4
          1
          2
          3
          4
          1
          2
          3
          4
          1
          2
          3
          4
          1
          2
          3
          4
          1
          2
          3
          4
          1
          2
          3
          4
          1
          2
          3
          4
          1
          2
          3
          4
          1
          2
          3
          4
          1
          2
          3
          4
          1
          2
          3
          4
          1
          2
          3
          4
          1
          2
          3
          4
          1
          2
          3
          4
          1
          2
          3
          4
          1
          2
          3
          4
          1
          2
          3
          4
          1
          2
          3
          4
          1
          2
          3
          4
          1
          2
          3
          4
          1
          2
          3
          4
          1
          2
          3
          4
          1
          2
          3
          4
          1
          2
          3
          4
          1
          2
          3
          4
          1
          2
          3
          4
          1
          2
          3
          4
          1
          2
          3
          4
          1
          2
          3
          4
          1
          2
          3
          4
          1
          2
          3
          4
          1
          2
          3
          4
          1
          2
          3
          4
          1
          2
          3
          4
          1
          2
          3
          4
          1
          2
          3
          4
          1
          2
          3
          4
          1
          2
          3
          4
          1
          2
          3
          4
          1
          2
          3
          4
          1
          2
          3
          4
          1
          2
          3
          4
          1
          2
          3
          4
          1
          2
          3
          4
          1
          2
          3
          4
          1
          2
          3
          4
          1
          2
          3
          4
          1
          2
          3
          4
          1
          2
          3
          4
          1
          2
          3
          4
          1
          2
          3
          4
          1
          2
          3
          4
          1
          2
          3
          4
          1
          2
          3
          4
          1
          2
          3
          4
          1
          2
          3
          4
          1
          2
          3
          4
          1
          2
          3
          4
          1
          2
          3
          4
          1
          2
          3
          4
          1
          2
          3
          4
          1
          2
          3
          4
          1
          2
          3
          4
          1
          2
          3
          4
          1
          2
          3
          4
          1
          2
          3
          4
          1
          2
          3
          4
          1
          2
          3
          4
          1
          2
          3
          4
          1
          2
          3
          4
          1
          2
          3
          4
          1
          2
          3
          4
          1
          2
          3
          4
          1
          2
          3
          4
          1
          2
          3
          4
          1
          2
          3
          4
          1
          2
          3
          4
          1
          2
          3
          4
          1
          2
          3
          4
          1
          2
          3
          4
          1
          2
          3
          4
          1
          2
          3
          4
          1
          2
          3
          4
          1
          2
          3
          4
          1
          2
          3
          4
          1
          2
          3
          4
          1
          2
          3
          4
          1
          2
          3
          4
          1
          2
          3
          4
          1
          2
          3
          4
          1
          2
          3
          4
          1
          2
          3
          4
          1
          2
          3
          4
          1
          2
          3
          4
          1
          2
          3
          4
          1
          2
          3
          4
          1
          2
          3
          4
          1
          2
          3
          4
          1
          2
          3
          4
          1
          2
          3
          4
          1
          2
          3
          4
          1
          2
          3
          4
          1
          2
          3
          4
          1
          2
          3
          4
          1
          2
          3
          4
          1
          2
          3
          4
          1
          2
          3
          4
          1
          2
          3
          4
          1
          2
          3
          4
          1
          2
          3
          4
          1
          2
          3
          4
          1
          2
          3
          4
          1
          2
          3
          4
          1
          2
          3
          4
          1
          2
          3
          4
          1
          2
          3
          4
          1
          2
          3
          4
          1
          2
          3
          4
          1
          2
          3
          4
          1
          2
          3
          4
          1
          2
          3
          4
          1
          2
          3
          4
          1
          2
          3
          4
          1
          2
          3
          4
          1
          2
          3
          4
          1
          2
          3
          4
          1
          2
          3
          4
          1
          2
          3
          4
          1
          2
          3
          4
          1
          2
          3
          4
          1
          2
          3
          4
          1
          2
          3
          4
          1
          2
          3
          4
          1
          2
          3
          4
          1
          2
          3
          4
          1
          2
          3
          4
          1
          2
          3
          4
          1
          2
          3
          4
          1
          2
          3
          4
          1
          2
          3
          4
          1
          2
          3
          4
          1
          2
          3
          4
          1
          2
          3
          4
          1
          2
          3
          4
          1
          2
          3
          4
          1
          2
          3
          4
          1
          2
          3
          4
          1
          2
          3
          4
          1
          2
          3
          4
          1
          2
          3
          4
          1
          2
          3
          4
          1
          2
          3
          4
          1
          2
          3
          4
          1
          2
          3
          4
          1
          2
          3
          4
          1
          2
          3
          4
        </DataArray>
        <DataArray type="Float64" Name="Sxx" format="ascii">
          97.57
          91.2696
          93.0421
          99.7885
          115.251
          110.604
          114.773
          119.836
          125.108
          121.375
          126.731
          130.859
          130.054
          126.9
          132.635
          136.16
          131.955
          129.202
          134.825
          137.917
          131.993
          129.543
          134.778
          137.533
          130.919
          128.713
          133.427
          135.902
          129.213
          127.208
          131.353
          133.593
          127.174
          125.335
          128.914
          130.957
          124.984
          123.28
          126.324
          128.203
          122.752
          121.15
          123.701
          125.453
          120.535
          119.003
          121.106
          122.766
          118.359
          116.867
          118.566
          120.165
          116.231
          114.752
          116.083
          117.653
          114.147
          112.658
          113.655
          115.22
          112.102
          110.589
          111.28
          112.855
          110.093
          108.558
          108.971
          110.556
          108.129
          106.594
          106.759
          108.332
          106.235
          104.751
          104.708
          106.218
          104.46
          103.107
          102.909
          104.278
          102.874
          101.755
          101.474
          102.601
          101.564
          100.771
          100.491
          101.284
          100.604
          100.163
          99.9537
          100.393
          100.015
          99.8278
          99.7164
          99.9012
          150.201
          135.953
          142.736
          158.045
          152.603
          142.839
          148.818
          159.327
          152.465
          145.459
          151.187
          158.761
          150.707
          145.451
          151.016
          156.733
          147.982
          143.872
          149.215
          153.713
          144.739
          141.404
          146.437
          150.106
          141.272
          138.479
          143.13
          146.214
          137.772
          135.369
          139.591
          142.248
          134.353
          132.237
          136.01
          138.347
          131.078
          129.175
          132.499
          134.594
          127.974
          126.229
          129.117
          131.028
          125.049
          123.415
          125.887
          127.664
          122.29
          120.73
          122.81
          124.493
          119.678
          118.16
          119.873
          121.496
          117.19
          115.685
          117.057
          118.65
          114.801
          113.288
          114.342
          115.928
          112.488
          110.957
          111.718
          113.309
          110.241
          108.694
          109.189
          110.782
          108.059
          106.52
          106.783
          108.357
          105.966
          104.486
          104.56
          106.065
          104.016
          102.68
          102.623
          103.975
          102.305
          101.227
          101.103
          102.19
          100.961
          100.256
          100.127
          100.835
          100.107
          99.7932
          99.6875
          100.001
          208.439
          187.293
          196.414
          218.952
          193.945
          178.855
          185.603
          201.645
          182
          171.065
          176.621
          188.24
          171.992
          163.911
          168.846
          177.444
          163.483
          157.381
          161.941
          168.453
          156.162
          151.446
          155.718
          160.772
          149.804
          146.07
          150.072
          154.091
          144.239
          141.208
          144.929
          148.204
          139.334
          136.813
          140.235
          142.968
          134.982
          132.831
          135.942
          138.277
          131.093
          129.211
          132.002
          134.046
          127.591
          125.9
          128.371
          130.202
          124.407
          122.848
          125.001
          126.681
          121.481
          120.005
          121.847
          123.428
          118.758
          117.325
          118.865
          120.387
          116.188
          114.766
          116.015
          117.512
          113.729
          112.291
          113.261
          114.761
          111.345
          109.874
          110.58
          112.1
          109.009
          107.502
          107.964
          109.509
          106.712
          105.185
          105.431
          106.986
          104.471
          102.974
          103.046
          104.563
          102.349
          100.985
          100.942
          102.318
          100.489
          99.4372
          99.3498
          100.408
          99.1511
          98.6798
          98.6089
          99.0813
          262.627
          236.135
          244.543
          272.341
          233.501
          213.709
          219.661
          240.359
          210.511
          195.687
          200.244
          215.713
          192.256
          181.1
          184.878
          196.511
          177.655
          169.199
          172.538
          181.358
          165.877
          159.411
          162.481
          169.235
          156.288
          151.291
          154.169
          159.403
          148.407
          144.495
          147.207
          151.318
          141.863
          138.754
          141.302
          144.582
          136.371
          133.855
          136.23
          138.894
          131.708
          129.627
          131.817
          134.027
          127.697
          125.933
          127.927
          129.805
          124.199
          122.658
          124.447
          126.087
          121.096
          119.707
          121.284
          122.759
          118.293
          116.996
          118.357
          119.729
          115.71
          114.454
          115.596
          116.915
          113.274
          112.018
          112.939
          114.248
          110.923
          109.629
          110.33
          111.666
          108.601
          107.238
          107.72
          109.116
          106.259
          104.802
          105.074
          106.554
          103.86
          102.3
          102.376
          103.951
          101.386
          99.7453
          99.6574
          101.306
          98.8702
          97.2474
          97.0564
          98.6817
          96.4708
          95.1461
          94.9568
          96.2815
          301.712
          271.81
          276.806
          307.498
          262.894
          239.861
          243.352
          266.94
          232.147
          214.436
          217.015
          235.124
          207.771
          194.165
          196.21
          210.106
          188.412
          177.962
          179.7
          190.369
          172.996
          164.962
          166.525
          174.729
          160.676
          154.485
          155.942
          162.269
          150.781
          145.993
          147.375
          152.277
          142.786
          139.061
          140.38
          144.201
          136.278
          133.356
          134.609
          137.614
          130.93
          128.61
          129.791
          132.184
          126.487
          124.613
          125.713
          127.651
          122.743
          121.193
          122.203
          123.808
          119.533
          118.212
          119.122
          120.492
          116.723
          115.552
          116.354
          117.568
          114.2
          113.113
          113.8
          114.923
          111.866
          110.807
          111.371
          112.461
          109.634
          108.548
          108.983
          110.094
          107.419
          106.253
          106.553
          107.738
          105.138
          103.831
          103.99
          105.309
          102.694
          101.177
          101.193
          102.716
          99.9738
          98.1592
          98.0371
          99.853
          96.8284
          94.5975
          94.3653
          96.5937
          93.0471
          90.2542
          90.002
          92.7927
          316.559
          285.431
          285.511
          316.644
          274.262
          250.039
          250.031
          274.253
          240.699
          221.894
          221.832
          240.634
          214.062
          199.493
          199.405
          213.97
          192.911
          181.643
          181.545
          192.809
          176.092
          167.387
          167.293
          175.994
          162.691
          155.967
          155.884
          162.604
          151.979
          146.78
          146.713
          151.908
          143.379
          139.351
          139.299
          143.325
          136.434
          133.3
          133.265
          136.398
          130.785
          128.329
          128.309
          130.764
          126.145
          124.198
          124.191
          126.137
          122.286
          120.717
          120.72
          122.289
          119.027
          117.73
          117.739
          119.036
          116.216
          115.106
          115.118
          116.229
          113.73
          112.734
          112.745
          113.741
          111.459
          110.513
          110.519
          111.466
          109.304
          108.346
          108.344
          109.302
          107.166
          106.132
          106.119
          107.153
          104.941
          103.754
          103.729
          104.915
          102.504
          101.065
          101.027
          102.465
          99.6923
          97.8536
          97.8049
          99.6415
          96.2646
          93.7881
          93.7333
          96.2075
          91.8179
          88.2442
          88.1843
          91.7554
          303.362
          273.338
          268.603
          297.861
          264.167
          241.053
          237.605
          260.173
          233.308
          215.521
          212.858
          230.249
          208.946
          195.256
          193.065
          206.46
          189.644
          179.097
          177.192
          187.515
          174.284
          166.143
          164.422
          172.386
          161.997
          155.695
          154.104
          160.263
          152.107
          147.21
          145.726
          150.505
          144.093
          140.268
          138.884
          142.609
          137.548
          134.54
          133.256
          136.179
          132.156
          129.769
          128.588
          130.902
          127.668
          125.751
          124.677
          126.532
          123.888
          122.323
          121.36
          122.871
          120.659
          119.351
          118.501
          119.762
          117.85
          116.725
          115.987
          117.074
          115.354
          114.346
          113.721
          114.696
          113.075
          112.125
          111.611
          112.534
          110.921
          109.972
          109.569
          110.496
          108.803
          107.792
          107.499
          108.493
          106.624
          105.479
          105.297
          106.429
          104.273
          102.908
          102.837
          104.195
          101.621
          99.9252
          99.9645
          101.656
          98.5106
          96.3405
          96.4682
          98.6366
          94.7702
          91.9867
          92.1409
          94.9224
          265.11
          238.543
          230.642
          255.967
          235.452
          215.585
          209.818
          228.814
          212.387
          197.45
          192.903
          207.209
          194.236
          182.922
          179.073
          189.916
          179.765
          171.118
          167.689
          175.971
          168.077
          161.4
          158.253
          164.638
          158.517
          153.304
          150.379
          155.353
          150.606
          146.487
          143.766
          147.685
          143.988
          140.693
          138.176
          141.301
          138.398
          135.727
          133.42
          135.945
          133.63
          131.435
          129.346
          131.417
          129.529
          127.697
          125.832
          127.556
          125.968
          124.414
          122.775
          124.237
          122.846
          121.503
          120.091
          121.355
          120.079
          118.893
          117.703
          118.824
          117.595
          116.519
          115.547
          116.569
          115.328
          114.32
          113.557
          114.522
          113.216
          112.233
          111.67
          112.619
          111.196
          110.193
          109.817
          110.795
          109.202
          108.128
          107.923
          108.979
          107.164
          105.964
          105.907
          107.095
          105.015
          103.651
          103.715
          105.072
          102.739
          101.256
          101.404
          102.884
          100.437
          98.9591
          99.0886
          100.563
          210.289
          189.332
          180.979
          200.648
          195.636
          180.572
          174.147
          188.315
          183.942
          172.892
          167.447
          177.841
          174.237
          165.943
          161.038
          168.826
          165.94
          159.565
          155.019
          160.99
          158.703
          153.687
          149.448
          154.13
          152.312
          148.278
          144.345
          148.097
          146.63
          143.319
          139.708
          142.778
          141.559
          138.793
          135.52
          138.079
          137.026
          134.678
          131.754
          133.924
          132.971
          130.95
          128.378
          130.248
          129.344
          127.583
          125.361
          126.993
          126.098
          124.548
          122.667
          124.109
          123.194
          121.815
          120.264
          121.554
          120.594
          119.357
          118.121
          119.287
          118.266
          117.146
          116.209
          117.273
          116.18
          115.157
          114.5
          115.481
          114.311
          113.37
          112.97
          113.882
          112.637
          111.765
          111.594
          112.448
          111.141
          110.326
          110.344
          111.15
          109.802
          109.025
          109.177
          109.952
          108.58
          107.783
          107.999
          108.797
          107.363
          106.415
          106.653
          107.602
          106.074
          105.223
          105.711
          106.574
          149.744
          136.051
          130.125
          142.874
          153.174
          143.556
          137.98
          146.912
          153.933
          146.825
          141.301
          147.869
          152.751
          147.243
          141.811
          146.872
          150.284
          145.845
          140.629
          144.686
          147.054
          143.364
          138.477
          141.837
          143.439
          140.297
          135.822
          138.678
          139.7
          136.976
          132.962
          135.439
          136.009
          133.617
          130.084
          132.264
          132.476
          130.355
          127.304
          129.244
          129.166
          127.271
          124.689
          126.429
          126.112
          124.412
          122.277
          123.849
          123.332
          121.802
          120.089
          121.514
          120.829
          119.451
          118.134
          119.429
          118.603
          117.365
          116.42
          117.595
          116.655
          115.552
          114.956
          116.014
          114.987
          114.024
          113.758
          114.692
          113.616
          112.809
          112.853
          113.648
          112.57
          111.951
          112.29
          112.913
          111.901
          111.521
          112.141
          112.54
          111.682
          111.609
          112.493
          112.601
          111.988
          112.246
          113.357
          113.147
          112.715
          112.925
          114.141
          113.984
          112.396
          109.38
          110.301
          113.322
          93.1597
          87.7561
          86.82
          91.8828
          114.157
          109.775
          106.019
          110.036
          125.833
          122.005
          116.911
          120.368
          131.597
          128.17
          122.654
          125.723
          133.715
          130.611
          125.201
          127.973
          133.627
          130.803
          125.786
          128.31
          132.253
          129.681
          125.197
          127.504
          130.18
          127.837
          123.939
          126.051
          127.779
          125.646
          122.334
          124.27
          125.283
          123.341
          120.591
          122.366
          122.834
          121.065
          118.84
          120.47
          120.521
          118.909
          117.167
          118.666
          118.394
          116.926
          115.63
          117.009
          116.488
          115.156
          114.272
          115.536
          114.827
          113.629
          113.132
          114.282
          113.438
          112.379
          112.253
          113.283
          112.353
          111.449
          111.693
          112.587
          111.622
          110.901
          111.534
          112.265
          111.316
          110.828
          111.908
          112.429
          111.553
          111.378
          113.025
          113.261
          112.528
          112.825
          115.276
          115.08
          114.643
          115.808
          119.511
          118.51
          118.977
          122.332
          128.088
          125.008
          129.489
          140.745
          149.679
          138.928
          100.017
          100.304
          99.774
          99.5048
          100.401
          100.724
          100.011
          99.7114
          101.161
          101.403
          100.644
          100.428
          102.323
          102.485
          101.653
          101.521
          103.818
          103.976
          102.94
          102.819
          105.541
          105.794
          104.389
          104.186
          107.395
          107.835
          105.908
          105.533
          109.307
          110.013
          107.43
          106.809
          111.233
          112.267
          108.919
          107.99
          113.148
          114.562
          110.356
          109.069
          115.038
          116.879
          111.731
          110.039
          116.893
          119.205
          113.036
          110.897
          118.694
          121.523
          114.261
          111.626
          120.406
          123.798
          115.377
          112.199
          121.961
          125.965
          116.333
          112.561
          123.244
          127.905
          117.039
          112.623
          124.063
          129.416
          117.347
          112.246
          124.116
          130.169
          117.018
          111.215
          122.93
          129.639
          115.677
          109.203
          119.777
          127.002
          112.737
          105.716
          113.537
          120.966
          107.287
          100.008
          102.484
          109.501
          97.8918
          90.9466
          83.9318
          89.383
          82.2837
          76.8027
          53.5392
          55.1563
          56.696
          54.9392
          100.384
          100.983
          99.7261
          99.17
          101.06
          101.516
          100.209
          99.7994
          102.061
          102.36
          101.075
          100.823
          103.296
          103.519
          102.136
          101.965
          104.659
          104.915
          103.241
          103.046
          106.06
          106.452
          104.289
          103.977
          107.436
          108.044
          105.226
          104.719
          108.742
          109.629
          106.021
          105.26
          109.949
          111.163
          106.659
          105.6
          111.037
          112.616
          107.131
          105.736
          111.983
          113.959
          107.421
          105.66
          112.755
          115.156
          107.51
          105.354
          113.307
          116.159
          107.361
          104.784
          113.565
          116.888
          106.92
          103.898
          113.419
          117.226
          106.102
          102.622
          112.707
          116.993
          104.785
          100.846
          111.195
          115.928
          102.795
          98.4219
          108.549
          113.647
          99.879
          95.1411
          104.296
          109.6
          95.6776
          90.7183
          97.7679
          102.995
          89.6779
          84.7605
          88.0303
          92.6993
          81.1447
          76.7259
          73.7797
          77.0955
          69.0202
          65.8668
          53.2138
          53.8791
          51.7693
          51.1528
          24.0171
          20.0252
          27.2282
          31.147
          100.67
          101.225
          99.8542
          99.3499
          101.339
          101.594
          100.369
          100.161
          102.171
          102.274
          101.051
          100.996
          103.031
          103.128
          101.657
          101.618
          103.826
          104.028
          102.073
          101.947
          104.493
          104.878
          102.256
          101.972
          104.993
          105.613
          102.191
          101.701
          105.299
          106.188
          101.871
          101.144
          105.387
          106.569
          101.29
          100.304
          105.231
          106.721
          100.433
          99.1724
          104.795
          106.606
          99.2765
          97.7305
          104.029
          106.169
          97.7864
          95.9468
          102.868
          105.337
          95.9134
          93.7776
          101.221
          104.01
          93.5927
          91.1663
          98.9656
          102.053
          90.74
          88.0418
          95.9447
          99.2828
          87.2473
          84.3169
          91.9521
          95.4585
          82.977
          79.8866
          86.7238
          90.2625
          77.755
          74.6264
          79.9254
          83.2818
          71.3616
          68.3901
          71.1399
          73.9844
          63.5197
          61.0105
          59.859
          61.6963
          53.8824
          52.3007
          45.4851
          45.5836
          42.0179
          42.0616
          27.367
          24.6709
          27.4026
          30.0946
          4.81451
          -2.19824
          9.39779
          16.2357
          100.593
          100.642
          99.9977
          99.9746
          100.81
          100.628
          100.178
          100.379
          100.997
          100.802
          100.141
          100.364
          101.028
          100.938
          99.78
          99.9173
          100.838
          100.916
          99.0822
          99.079
          100.394
          100.668
          98.057
          97.8871
          99.6723
          100.158
          96.7117
          96.3632
          98.6533
          99.3556
          95.0437
          94.512
          97.3111
          98.2312
          93.0401
          92.3245
          95.6127
          96.7487
          90.6783
          89.7804
          93.5155
          94.8624
          87.9271
          86.8513
          90.9666
          92.5146
          84.748
          83.5025
          87.9009
          89.6332
          81.0964
          79.6956
          84.2412
          86.1301
          76.9233
          75.3908
          79.8978
          81.8997
          72.1765
          70.55
          74.7691
          76.8171
          66.8038
          65.1415
          68.7441
          70.7389
          60.7566
          59.1462
          61.7076
          63.5043
          53.9958
          52.5664
          53.5504
          54.9418
          46.5008
          45.4392
          44.1872
          44.8821
          38.2824
          37.8547
          33.588
          33.1828
          29.4028
          29.9825
          21.8288
          19.7749
          20.0048
          22.1077
          9.16629
          4.72887
          10.3518
          14.6801
          -3.81846
          -11.5915
          0.893017
          8.37486
          100.203
          99.5328
          99.7575
          100.421
          99.6296
          99.0586
          99.3591
          99.9201
          98.8456
          98.4443
          98.3546
          98.7613
          97.7786
          97.5581
          96.8898
          97.1389
          96.4039
          96.3566
          95.0433
          95.1453
          94.7082
          94.8219
          92.8493
          92.8171
          92.6761
          92.9386
          90.3135
          90.1589
          90.2857
          90.686
          87.4237
          87.1574
          87.5084
          88.0361
          84.157
          83.7886
          84.3095
          84.9537
          80.4839
          80.0235
          80.6494
          81.3972
          76.3721
          75.8313
          76.4856
          77.32
          71.7898
          71.1835
          71.775
          72.6728
          66.7088
          66.0577
          66.4772
          67.4057
          61.1093
          60.4421
          60.5596
          61.4729
          54.9849
          54.3422
          54.0044
          54.838
          48.3504
          47.7892
          46.8187
          47.4835
          41.2514
          40.8511
          39.0491
          39.4232
          33.7777
          33.6474
          30.803
          30.7213
          26.0804
          26.3693
          22.2773
          21.5198
          18.3955
          19.3045
          13.7994
          12.0762
          11.0732
          12.8706
          5.88145
          2.81595
          4.61681
          7.65601
          -0.705841
          -5.59491
          -0.268671
          4.47152
          -4.85608
          -12.1769
          -2.61701
          4.41523
          100.004
          98.8348
          99.1067
          100.266
          98.7572
          98.0143
          98.2838
          99.0165
          97.1089
          96.6432
          96.7029
          97.1668
          95.1092
          94.8365
          94.6301
          94.9117
          92.781
          92.6512
          92.1726
          92.3226
          90.1242
          90.1057
          89.3649
          89.4144
          87.1228
          87.1946
          86.2051
          86.1747
          83.7511
          83.8978
          82.6734
          82.578
          79.9778
          80.1867
          78.7411
          78.593
          75.7693
          76.0281
          74.3765
          74.1873
          71.0933
          71.3883
          69.5487
          69.3315
          65.9216
          66.2359
          64.2319
          64.0027
          60.2351
          60.5466
          58.4097
          58.1895
          54.0288
          54.3079
          52.0806
          51.8974
          47.3196
          47.526
          45.2654
          45.1571
          40.1559
          40.2354
          38.0164
          38.0343
          32.6309
          32.5107
          30.4298
          30.6428
          24.8999
          24.483
          22.6615
          23.1617
          17.203
          16.3611
          14.9472
          15.8569
          9.89377
          8.45921
          7.62812
          9.1081
          3.47648
          1.23154
          1.18231
          3.44238
          -1.3483
          -4.68347
          -3.7362
          -0.424355
          -3.62821
          -8.41089
          -6.24904
          -1.53587
          -2.08621
          -8.76992
          -5.1942
          1.36795
          100.266
          99.1067
          98.8348
          100.004
          99.0165
          98.2838
          98.0143
          98.7572
          97.1668
          96.7029
          96.6432
          97.1089
          94.9117
          94.6301
          94.8365
          95.1092
          92.3226
          92.1726
          92.6512
          92.781
          89.4144
          89.3649
          90.1057
          90.1242
          86.1747
          86.2051
          87.1946
          87.1228
          82.578
          82.6734
          83.8978
          83.7511
          78.593
          78.7411
          80.1867
          79.9778
          74.1873
          74.3765
          76.0281
          75.7693
          69.3315
          69.5487
          71.3883
          71.0933
          64.0027
          64.2319
          66.2359
          65.9216
          58.1895
          58.4097
          60.5466
          60.2351
          51.8974
          52.0806
          54.3079
          54.0288
          45.1571
          45.2654
          47.526
          47.3196
          38.0343
          38.0164
          40.2354
          40.1559
          30.6428
          30.4298
          32.5107
          32.6309
          23.1617
          22.6615
          24.483
          24.8999
          15.8569
          14.9472
          16.3611
          17.203
          9.1081
          7.62812
          8.45921
          9.89377
          3.44238
          1.18231
          1.23154
          3.47648
          -0.424355
          -3.7362
          -4.68347
          -1.3483
          -1.53587
          -6.24904
          -8.41089
          -3.62821
          1.36795
          -5.1942
          -8.76992
          -2.08621
          100.421
          99.7575
          99.5328
          100.203
          99.9201
          99.3591
          99.0586
          99.6296
          98.7613
          98.3546
          98.4443
          98.8456
          97.1389
          96.8898
          97.5581
          97.7786
          95.1453
          95.0433
          96.3566
          96.4039
          92.8171
          92.8493
          94.8219
          94.7082
          90.1589
          90.3135
          92.9386
          92.6761
          87.1574
          87.4237
          90.686
          90.2857
          83.7886
          84.157
          88.0361
          87.5084
          80.0235
          80.4839
          84.9537
          84.3095
          75.8313
          76.3721
          81.3972
          80.6494
          71.1835
          71.7898
          77.32
          76.4856
          66.0577
          66.7088
          72.6728
          71.775
          60.4421
          61.1093
          67.4057
          66.4772
          54.3422
          54.9849
          61.4729
          60.5596
          47.7892
          48.3504
          54.838
          54.0044
          40.8511
          41.2514
          47.4835
          46.8187
          33.6474
          33.7777
          39.4232
          39.0491
          26.3693
          26.0804
          30.7213
          30.803
          19.3045
          18.3955
          21.5198
          22.2773
          12.8706
          11.0732
          12.0762
          13.7994
          7.65601
          4.61681
          2.81595
          5.88145
          4.47152
          -0.268671
          -5.59491
          -0.705841
          4.41523
          -2.61701
          -12.1769
          -4.85608
          99.9746
          99.9977
          100.642
          100.593
          100.379
          100.178
          100.628
          100.81
          100.364
          100.141
          100.802
          100.997
          99.9173
          99.78
          100.938
          101.028
          99.079
          99.0822
          100.916
          100.838
          97.8871
          98.057
          100.668
          100.394
          96.3632
          96.7117
          100.158
          99.6723
          94.512
          95.0437
          99.3556
          98.6533
          92.3245
          93.0401
          98.2312
          97.3111
          89.7804
          90.6783
          96.7487
          95.6127
          86.8513
          87.9271
          94.8624
          93.5155
          83.5025
          84.748
          92.5146
          90.9666
          79.6956
          81.0964
          89.6332
          87.9009
          75.3908
          76.9233
          86.1301
          84.2412
          70.55
          72.1765
          81.8997
          79.8978
          65.1415
          66.8038
          76.8171
          74.7691
          59.1462
          60.7566
          70.7389
          68.7441
          52.5664
          53.9958
          63.5043
          61.7076
          45.4392
          46.5008
          54.9418
          53.5504
          37.8547
          38.2824
          44.8821
          44.1872
          29.9825
          29.4028
          33.1828
          33.588
          22.1077
          20.0048
          19.7749
          21.8288
          14.6801
          10.3518
          4.72887
          9.16629
          8.37486
          0.893017
          -11.5915
          -3.81846
          99.3499
          99.8542
          101.225
          100.67
          100.161
          100.369
          101.594
          101.339
          100.996
          101.051
          102.274
          102.171
          101.618
          101.657
          103.128
          103.031
          101.947
          102.073
          104.028
          103.826
          101.972
          102.256
          104.878
          104.493
          101.701
          102.191
          105.613
          104.993
          101.144
          101.871
          106.188
          105.299
          100.304
          101.29
          106.569
          105.387
          99.1724
          100.433
          106.721
          105.231
          97.7305
          99.2765
          106.606
          104.795
          95.9468
          97.7864
          106.169
          104.029
          93.7776
          95.9134
          105.337
          102.868
          91.1663
          93.5927
          104.01
          101.221
          88.0418
          90.74
          102.053
          98.9656
          84.3169
          87.2473
          99.2828
          95.9447
          79.8866
          82.977
          95.4585
          91.9521
          74.6264
          77.755
          90.2625
          86.7238
          68.3901
          71.3616
          83.2818
          79.9254
          61.0105
          63.5197
          73.9844
          71.1399
          52.3007
          53.8824
          61.6963
          59.859
          42.0616
          42.0179
          45.5836
          45.4851
          30.0946
          27.4026
          24.6709
          27.367
          16.2357
          9.39779
          -2.19824
          4.81451
          99.17
          99.7261
          100.983
          100.384
          99.7994
          100.209
          101.516
          101.06
          100.823
          101.075
          102.36
          102.061
          101.965
          102.136
          103.519
          103.296
          103.046
          103.241
          104.915
          104.659
          103.977
          104.289
          106.452
          106.06
          104.719
          105.226
          108.044
          107.436
          105.26
          106.021
          109.629
          108.742
          105.6
          106.659
          111.163
          109.949
          105.736
          107.131
          112.616
          111.037
          105.66
          107.421
          113.959
          111.983
          105.354
          107.51
          115.156
          112.755
          104.784
          107.361
          116.159
          113.307
          103.898
          106.92
          116.888
          113.565
          102.622
          106.102
          117.226
          113.419
          100.846
          104.785
          116.993
          112.707
          98.4219
          102.795
          115.928
          111.195
          95.1411
          99.879
          113.647
          108.549
          90.7183
          95.6776
          109.6
          104.296
          84.7605
          89.6779
          102.995
          97.7679
          76.7259
          81.1447
          92.6993
          88.0303
          65.8668
          69.0202
          77.0955
          73.7797
          51.1528
          51.7693
          53.8791
          53.2138
          31.147
          27.2282
          20.0252
          24.0171
          99.5048
          99.774
          100.304
          100.017
          99.7114
          100.011
          100.724
          100.401
          100.428
          100.644
          101.403
          101.161
          101.521
          101.653
          102.485
          102.323
          102.819
          102.94
          103.976
          103.818
          104.186
          104.389
          105.794
          105.541
          105.533
          105.908
          107.835
          107.395
          106.809
          107.43
          110.013
          109.307
          107.99
          108.919
          112.267
          111.233
          109.069
          110.356
          114.562
          113.148
          110.039
          111.731
          116.879
          115.038
          110.897
          113.036
          119.205
          116.893
          111.626
          114.261
          121.523
          118.694
          112.199
          115.377
          123.798
          120.406
          112.561
          116.333
          125.965
          121.961
          112.623
          117.039
          127.905
          123.244
          112.246
          117.347
          129.416
          124.063
          111.215
          117.018
          130.169
          124.116
          109.203
          115.677
          129.639
          122.93
          105.716
          112.737
          127.002
          119.777
          100.008
          107.287
          120.966
          113.537
          90.9466
          97.8918
          109.501
          102.484
          76.8027
          82.2837
          89.383
          83.9318
          54.9392
          56.696
          55.1563
          53.5392
          128.97
          132.131
          117.84
          115.191
          118.186
          118.776
          114.122
          113.704
          113.768
          113.813
          111.776
          111.81
          111.545
          111.613
          110.05
          110.041
          110.416
          110.696
          108.837
          108.623
          109.98
          110.542
          108.077
          107.598
          110.037
          110.912
          107.708
          106.938
          110.469
          111.673
          107.662
          106.585
          111.191
          112.741
          107.878
          106.478
          112.142
          114.057
          108.297
          106.554
          113.271
          115.576
          108.868
          106.757
          114.528
          117.257
          109.541
          107.027
          115.859
          119.049
          110.261
          107.306
          117.192
          120.887
          110.966
          107.524
          118.429
          122.675
          111.573
          107.596
          119.425
          124.262
          111.966
          107.409
          119.965
          125.418
          111.977
          106.808
          119.725
          125.791
          111.356
          105.569
          118.222
          124.838
          109.726
          103.37
          114.73
          121.731
          106.521
          99.7435
          108.16
          115.201
          100.872
          93.9966
          96.868
          103.294
          91.4427
          85.1004
          78.353
          82.9735
          76.1449
          71.5077
          48.6182
          49.1262
          51.5206
          50.9002
          107.528
          107.933
          102.612
          102.413
          106.941
          107.292
          102.413
          102.252
          106.394
          106.947
          102.289
          101.913
          106.026
          106.782
          102.11
          101.528
          105.867
          106.819
          101.93
          101.157
          105.909
          107.06
          101.793
          100.832
          106.117
          107.479
          101.709
          100.551
          106.451
          108.043
          101.662
          100.292
          106.865
          108.71
          101.622
          100.021
          107.31
          109.433
          101.551
          99.6938
          107.733
          110.162
          101.404
          99.2643
          108.069
          110.833
          101.128
          98.6786
          108.241
          111.366
          100.66
          97.8749
          108.148
          111.655
          99.9224
          96.7793
          107.657
          111.555
          98.8149
          95.3008
          106.586
          110.866
          97.2056
          93.3244
          104.69
          109.312
          94.9181
          90.7024
          101.637
          106.508
          91.7131
          87.2424
          96.9701
          101.92
          87.2632
          82.6922
          90.0725
          94.807
          81.117
          76.7184
          80.1078
          84.1427
          72.6479
          68.8799
          65.953
          68.5122
          60.9813
          58.5922
          46.1186
          45.9678
          44.8863
          45.0861
          18.8393
          14.1227
          22.7012
          27.3421
          98.8673
          99.0064
          94.1823
          94.2364
          99.0085
          99.3715
          94.2702
          94.1095
          99.2092
          99.7991
          94.2839
          93.9107
          99.3155
          100.099
          94.2304
          93.6756
          99.3486
          100.298
          94.0925
          93.3828
          99.3207
          100.426
          93.8473
          92.9945
          99.2216
          100.486
          93.4674
          92.471
          99.0246
          100.458
          92.921
          91.7728
          98.6914
          100.31
          92.1724
          90.86
          98.1739
          99.9931
          91.1815
          89.6909
          97.4143
          99.4492
          89.9034
          88.2215
          96.3432
          98.6045
          88.2869
          86.4037
          94.8762
          97.3678
          86.2733
          84.1844
          92.9106
          95.625
          83.794
          81.5045
          90.3202
          93.2331
          80.7685
          78.2983
          86.9498
          90.0123
          77.102
          74.4926
          82.6097
          85.7369
          72.6822
          70.0078
          77.0701
          80.1253
          67.3771
          64.7588
          70.0563
          72.8303
          61.0316
          58.6587
          61.2498
          63.43
          53.4664
          51.6258
          50.2962
          51.4275
          44.4778
          43.5943
          36.8346
          36.2664
          33.8433
          34.5344
          20.574
          17.4037
          21.3418
          24.4798
          1.36554
          -5.63808
          6.77526
          13.5731
          90.9714
          91.1296
          86.327
          86.3641
          91.1942
          91.5069
          86.2791
          86.1783
          91.2437
          91.6594
          86.1567
          85.9637
          91.1267
          91.6288
          85.9011
          85.6306
          90.8145
          91.4026
          85.4492
          85.1016
          90.2804
          90.9604
          84.7461
          84.3168
          89.4949
          90.2754
          83.7465
          83.229
          88.4242
          89.314
          82.411
          81.7987
          87.0287
          88.0357
          80.7034
          79.9909
          85.2636
          86.3928
          78.5886
          77.7723
          83.0782
          84.3307
          76.0311
          75.1108
          80.4157
          81.7864
          72.9951
          71.9757
          77.213
          78.6887
          69.445
          68.3384
          73.4017
          74.9572
          65.3472
          64.1749
          68.9091
          70.5035
          60.6722
          59.4699
          63.6614
          65.2317
          55.3994
          54.2216
          57.5888
          59.0429
          49.5223
          48.4496
          50.6354
          51.8416
          43.0575
          42.206
          42.7733
          43.5484
          36.0565
          35.5899
          34.0275
          34.1207
          28.6222
          28.7673
          24.5125
          23.5876
          20.9325
          21.9982
          14.4889
          12.1047
          13.2715
          15.6706
          4.43525
          0.0240586
          6.07026
          10.3442
          -4.83735
          -11.983
          -0.038019
          6.80213
          83.5899
          83.7083
          80.3603
          80.3794
          83.6043
          83.6695
          80.1315
          80.2121
          83.3963
          83.4411
          79.8345
          79.9388
          82.923
          82.9773
          79.3193
          79.4166
          82.1428
          82.2291
          78.4954
          78.564
          81.015
          81.1494
          77.3026
          77.3282
          79.5031
          79.6959
          75.6972
          75.671
          77.573
          77.8299
          73.6446
          73.5624
          75.1917
          75.5143
          71.1156
          70.9769
          72.3267
          72.7125
          68.0846
          67.8926
          68.9458
          69.3881
          64.5299
          64.2917
          65.0193
          65.5055
          60.4348
          60.1622
          60.5216
          61.0322
          55.79
          55.5011
          55.4355
          55.942
          50.5983
          50.3189
          49.758
          50.2197
          44.8796
          44.6463
          43.508
          43.8687
          38.6793
          38.5426
          36.7376
          36.9206
          32.0783
          32.107
          29.5474
          29.45
          25.2062
          25.4933
          22.107
          21.5932
          18.2585
          18.9277
          14.6826
          13.575
          11.5172
          12.7317
          7.67188
          5.74249
          5.3775
          7.34961
          1.64855
          -1.39178
          0.379106
          3.38224
          -2.583
          -7.0956
          -2.75485
          1.62687
          -3.93086
          -10.3632
          -3.07268
          3.12621
          79.2309
          79.2516
          79.2516
          79.2309
          79.1193
          78.9786
          78.9786
          79.1193
          78.7962
          78.5899
          78.5899
          78.7962
          78.1672
          77.9472
          77.9472
          78.1672
          77.1681
          76.9644
          76.9644
          77.1681
          75.7546
          75.5843
          75.5843
          75.7546
          73.8923
          73.7643
          73.7643
          73.8923
          71.553
          71.4707
          71.4707
          71.553
          68.7124
          68.6746
          68.6746
          68.7124
          65.3496
          65.3512
          65.3512
          65.3496
          61.4482
          61.48
          61.48
          61.4482
          56.9983
          57.0468
          57.0468
          56.9983
          52.0005
          52.0462
          52.0462
          52.0005
          46.471
          46.4873
          46.4873
          46.471
          40.4485
          40.3993
          40.3993
          40.4485
          34.004
          33.8411
          33.8411
          34.004
          27.2531
          26.912
          26.912
          27.2531
          20.3712
          19.7673
          19.7673
          20.3712
          13.6131
          12.636
          12.636
          13.6131
          7.33744
          5.84397
          5.84397
          7.33744
          2.03476
          -0.158337
          -0.158337
          2.03476
          -1.63725
          -4.76305
          -4.76305
          -1.63725
          -2.81325
          -7.16622
          -7.16622
          -2.81325
          -0.367808
          -6.31844
          -6.31844
          -0.367808
          80.3794
          80.3603
          83.7083
          83.5899
          80.2121
          80.1315
          83.6695
          83.6043
          79.9388
          79.8345
          83.4411
          83.3963
          79.4166
          79.3193
          82.9773
          82.923
          78.564
          78.4954
          82.2291
          82.1428
          77.3282
          77.3026
          81.1494
          81.015
          75.671
          75.6972
          79.6959
          79.5031
          73.5624
          73.6446
          77.8299
          77.573
          70.9769
          71.1156
          75.5143
          75.1917
          67.8926
          68.0846
          72.7125
          72.3267
          64.2917
          64.5299
          69.3881
          68.9458
          60.1622
          60.4348
          65.5055
          65.0193
          55.5011
          55.79
          61.0322
          60.5216
          50.3189
          50.5983
          55.942
          55.4355
          44.6463
          44.8796
          50.2197
          49.758
          38.5426
          38.6793
          43.8687
          43.508
          32.107
          32.0783
          36.9206
          36.7376
          25.4933
          25.2062
          29.45
          29.5474
          18.9277
          18.2585
          21.5932
          22.107
          12.7317
          11.5172
          13.575
          14.6826
          7.34961
          5.3775
          5.74249
          7.67188
          3.38224
          0.379106
          -1.39178
          1.64855
          1.62687
          -2.75485
          -7.0956
          -2.583
          3.12621
          -3.07268
          -10.3632
          -3.93086
          86.3641
          86.327
          91.1296
          90.9714
          86.1783
          86.2791
          91.5069
          91.1942
          85.9637
          86.1567
          91.6594
          91.2437
          85.6306
          85.9011
          91.6288
          91.1267
          85.1016
          85.4492
          91.4026
          90.8145
          84.3168
          84.7461
          90.9604
          90.2804
          83.229
          83.7465
          90.2754
          89.4949
          81.7987
          82.411
          89.314
          88.4242
          79.9909
          80.7034
          88.0357
          87.0287
          77.7723
          78.5886
          86.3928
          85.2636
          75.1108
          76.0311
          84.3307
          83.0782
          71.9757
          72.9951
          81.7864
          80.4157
          68.3384
          69.445
          78.6887
          77.213
          64.1749
          65.3472
          74.9572
          73.4017
          59.4699
          60.6722
          70.5035
          68.9091
          54.2216
          55.3994
          65.2317
          63.6614
          48.4496
          49.5223
          59.0429
          57.5888
          42.206
          43.0575
          51.8416
          50.6354
          35.5899
          36.0565
          43.5484
          42.7733
          28.7673
          28.6222
          34.1207
          34.0275
          21.9982
          20.9325
          23.5876
          24.5125
          15.6706
          13.2715
          12.1047
          14.4889
          10.3442
          6.07026
          0.0240586
          4.43525
          6.80213
          -0.038019
          -11.983
          -4.83735
          94.2364
          94.1823
          99.0064
          98.8673
          94.1095
          94.2702
          99.3715
          99.0085
          93.9107
          94.2839
          99.7991
          99.2092
          93.6756
          94.2304
          100.099
          99.3155
          93.3828
          94.0925
          100.298
          99.3486
          92.9945
          93.8473
          100.426
          99.3207
          92.471
          93.4674
          100.486
          99.2216
          91.7728
          92.921
          100.458
          99.0246
          90.86
          92.1724
          100.31
          98.6914
          89.6909
          91.1815
          99.9931
          98.1739
          88.2215
          89.9034
          99.4492
          97.4143
          86.4037
          88.2869
          98.6045
          96.3432
          84.1844
          86.2733
          97.3678
          94.8762
          81.5045
          83.794
          95.625
          92.9106
          78.2983
          80.7685
          93.2331
          90.3202
          74.4926
          77.102
          90.0123
          86.9498
          70.0078
          72.6822
          85.7369
          82.6097
          64.7588
          67.3771
          80.1253
          77.0701
          58.6587
          61.0316
          72.8303
          70.0563
          51.6258
          53.4664
          63.43
          61.2498
          43.5943
          44.4778
          51.4275
          50.2962
          34.5344
          33.8433
          36.2664
          36.8346
          24.4798
          21.3418
          17.4037
          20.574
          13.5731
          6.77526
          -5.63808
          1.36554
          102.413
          102.612
          107.933
          107.528
          102.252
          102.413
          107.292
          106.941
          101.913
          102.289
          106.947
          106.394
          101.528
          102.11
          106.782
          106.026
          101.157
          101.93
          106.819
          105.867
          100.832
          101.793
          107.06
          105.909
          100.551
          101.709
          107.479
          106.117
          100.292
          101.662
          108.043
          106.451
          100.021
          101.622
          108.71
          106.865
          99.6938
          101.551
          109.433
          107.31
          99.2643
          101.404
          110.162
          107.733
          98.6786
          101.128
          110.833
          108.069
          97.8749
          100.66
          111.366
          108.241
          96.7793
          99.9224
          111.655
          108.148
          95.3008
          98.8149
          111.555
          107.657
          93.3244
          97.2056
          110.866
          106.586
          90.7024
          94.9181
          109.312
          104.69
          87.2424
          91.7131
          106.508
          101.637
          82.6922
          87.2632
          101.92
          96.9701
          76.7184
          81.117
          94.807
          90.0725
          68.8799
          72.6479
          84.1427
          80.1078
          58.5922
          60.9813
          68.5122
          65.953
          45.0861
          44.8863
          45.9678
          46.1186
          27.3421
          22.7012
          14.1227
          18.8393
          115.191
          117.84
          132.131
          128.97
          113.704
          114.122
          118.776
          118.186
          111.81
          111.776
          113.813
          113.768
          110.041
          110.05
          111.613
          111.545
          108.623
          108.837
          110.696
          110.416
          107.598
          108.077
          110.542
          109.98
          106.938
          107.708
          110.912
          110.037
          106.585
          107.662
          111.673
          110.469
          106.478
          107.878
          112.741
          111.191
          106.554
          108.297
          114.057
          112.142
          106.757
          108.868
          115.576
          113.271
          107.027
          109.541
          117.257
          114.528
          107.306
          110.261
          119.049
          115.859
          107.524
          110.966
          120.887
          117.192
          107.596
          111.573
          122.675
          118.429
          107.409
          111.966
          124.262
          119.425
          106.808
          111.977
          125.418
          119.965
          105.569
          111.356
          125.791
          119.725
          103.37
          109.726
          124.838
          118.222
          99.7435
          106.521
          121.731
          114.73
          93.9966
          100.872
          115.201
          108.16
          85.1004
          91.4427
          103.294
          96.868
          71.5077
          76.1449
          82.9735
          78.353
          50.9002
          51.5206
          49.1262
          48.6182
          91.8828
          86.82
          87.7561
          93.1597
          110.036
          106.019
          109.775
          114.157
          120.368
          116.911
          122.005
          125.833
          125.723
          122.654
          128.17
          131.597
          127.973
          125.201
          130.611
          133.715
          128.31
          125.786
          130.803
          133.627
          127.504
          125.197
          129.681
          132.253
          126.051
          123.939
          127.837
          130.18
          124.27
          122.334
          125.646
          127.779
          122.366
          120.591
          123.341
          125.283
          120.47
          118.84
          121.065
          122.834
          118.666
          117.167
          118.909
          120.521
          117.009
          115.63
          116.926
          118.394
          115.536
          114.272
          115.156
          116.488
          114.282
          113.132
          113.629
          114.827
          113.283
          112.253
          112.379
          113.438
          112.587
          111.693
          111.449
          112.353
          112.265
          111.534
          110.901
          111.622
          112.429
          111.908
          110.828
          111.316
          113.261
          113.025
          111.378
          111.553
          115.08
          115.276
          112.825
          112.528
          118.51
          119.511
          115.808
          114.643
          125.008
          128.088
          122.332
          118.977
          138.928
          149.679
          140.745
          129.489
          142.874
          130.125
          136.051
          149.744
          146.912
          137.98
          143.556
          153.174
          147.869
          141.301
          146.825
          153.933
          146.872
          141.811
          147.243
          152.751
          144.686
          140.629
          145.845
          150.284
          141.837
          138.477
          143.364
          147.054
          138.678
          135.822
          140.297
          143.439
          135.439
          132.962
          136.976
          139.7
          132.264
          130.084
          133.617
          136.009
          129.244
          127.304
          130.355
          132.476
          126.429
          124.689
          127.271
          129.166
          123.849
          122.277
          124.412
          126.112
          121.514
          120.089
          121.802
          123.332
          119.429
          118.134
          119.451
          120.829
          117.595
          116.42
          117.365
          118.603
          116.014
          114.956
          115.552
          116.655
          114.692
          113.758
          114.024
          114.987
          113.648
          112.853
          112.809
          113.616
          112.913
          112.29
          111.951
          112.57
          112.54
          112.141
          111.521
          111.901
          112.601
          112.493
          111.609
          111.682
          113.147
          113.357
          112.246
          111.988
          113.984
          114.141
          112.925
          112.715
          113.322
          110.301
          109.38
          112.396
          200.648
          180.979
          189.332
          210.289
          188.315
          174.147
          180.572
          195.636
          177.841
          167.447
          172.892
          183.942
          168.826
          161.038
          165.943
          174.237
          160.99
          155.019
          159.565
          165.94
          154.13
          149.448
          153.687
          158.703
          148.097
          144.345
          148.278
          152.312
          142.778
          139.708
          143.319
          146.63
          138.079
          135.52
          138.793
          141.559
          133.924
          131.754
          134.678
          137.026
          130.248
          128.378
          130.95
          132.971
          126.993
          125.361
          127.583
          129.344
          124.109
          122.667
          124.548
          126.098
          121.554
          120.264
          121.815
          123.194
          119.287
          118.121
          119.357
          120.594
          117.273
          116.209
          117.146
          118.266
          115.481
          114.5
          115.157
          116.18
          113.882
          112.97
          113.37
          114.311
          112.448
          111.594
          111.765
          112.637
          111.15
          110.344
          110.326
          111.141
          109.952
          109.177
          109.025
          109.802
          108.797
          107.999
          107.783
          108.58
          107.602
          106.653
          106.415
          107.363
          106.574
          105.711
          105.223
          106.074
          255.967
          230.642
          238.543
          265.11
          228.814
          209.818
          215.585
          235.452
          207.209
          192.903
          197.45
          212.387
          189.916
          179.073
          182.922
          194.236
          175.971
          167.689
          171.118
          179.765
          164.638
          158.253
          161.4
          168.077
          155.353
          150.379
          153.304
          158.517
          147.685
          143.766
          146.487
          150.606
          141.301
          138.176
          140.693
          143.988
          135.945
          133.42
          135.727
          138.398
          131.417
          129.346
          131.435
          133.63
          127.556
          125.832
          127.697
          129.529
          124.237
          122.775
          124.414
          125.968
          121.355
          120.091
          121.503
          122.846
          118.824
          117.703
          118.893
          120.079
          116.569
          115.547
          116.519
          117.595
          114.522
          113.557
          114.32
          115.328
          112.619
          111.67
          112.233
          113.216
          110.795
          109.817
          110.193
          111.196
          108.979
          107.923
          108.128
          109.202
          107.095
          105.907
          105.964
          107.164
          105.072
          103.715
          103.651
          105.015
          102.884
          101.404
          101.256
          102.739
          100.563
          99.0886
          98.9591
          100.437
          297.861
          268.603
          273.338
          303.362
          260.173
          237.605
          241.053
          264.167
          230.249
          212.858
          215.521
          233.308
          206.46
          193.065
          195.256
          208.946
          187.515
          177.192
          179.097
          189.644
          172.386
          164.422
          166.143
          174.284
          160.263
          154.104
          155.695
          161.997
          150.505
          145.726
          147.21
          152.107
          142.609
          138.884
          140.268
          144.093
          136.179
          133.256
          134.54
          137.548
          130.902
          128.588
          129.769
          132.156
          126.532
          124.677
          125.751
          127.668
          122.871
          121.36
          122.323
          123.888
          119.762
          118.501
          119.351
          120.659
          117.074
          115.987
          116.725
          117.85
          114.696
          113.721
          114.346
          115.354
          112.534
          111.611
          112.125
          113.075
          110.496
          109.569
          109.972
          110.921
          108.493
          107.499
          107.792
          108.803
          106.429
          105.297
          105.479
          106.624
          104.195
          102.837
          102.908
          104.273
          101.656
          99.9645
          99.9252
          101.621
          98.6366
          96.4682
          96.3405
          98.5106
          94.9224
          92.1409
          91.9867
          94.7702
          316.644
          285.511
          285.431
          316.559
          274.253
          250.031
          250.039
          274.262
          240.634
          221.832
          221.894
          240.699
          213.97
          199.405
          199.493
          214.062
          192.809
          181.545
          181.643
          192.911
          175.994
          167.293
          167.387
          176.092
          162.604
          155.884
          155.967
          162.691
          151.908
          146.713
          146.78
          151.979
          143.325
          139.299
          139.351
          143.379
          136.398
          133.265
          133.3
          136.434
          130.764
          128.309
          128.329
          130.785
          126.137
          124.191
          124.198
          126.145
          122.289
          120.72
          120.717
          122.286
          119.036
          117.739
          117.73
          119.027
          116.229
          115.118
          115.106
          116.216
          113.741
          112.745
          112.734
          113.73
          111.466
          110.519
          110.513
          111.459
          109.302
          108.344
          108.346
          109.304
          107.153
          106.119
          106.132
          107.166
          104.915
          103.729
          103.754
          104.941
          102.465
          101.027
          101.065
          102.504
          99.6415
          97.8049
          97.8536
          99.6923
          96.2075
          93.7333
          93.7881
          96.2646
          91.7554
          88.1843
          88.2442
          91.8179
          307.498
          276.806
          271.81
          301.712
          266.94
          243.352
          239.861
          262.894
          235.124
          217.015
          214.436
          232.147
          210.106
          196.21
          194.165
          207.771
          190.369
          179.7
          177.962
          188.412
          174.729
          166.525
          164.962
          172.996
          162.269
          155.942
          154.485
          160.676
          152.277
          147.375
          145.993
          150.781
          144.201
          140.38
          139.061
          142.786
          137.614
          134.609
          133.356
          136.278
          132.184
          129.791
          128.61
          130.93
          127.651
          125.713
          124.613
          126.487
          123.808
          122.203
          121.193
          122.743
          120.492
          119.122
          118.212
          119.533
          117.568
          116.354
          115.552
          116.723
          114.923
          113.8
          113.113
          114.2
          112.461
          111.371
          110.807
          111.866
          110.094
          108.983
          108.548
          109.634
          107.738
          106.553
          106.253
          107.419
          105.309
          103.99
          103.831
          105.138
          102.716
          101.193
          101.177
          102.694
          99.853
          98.0371
          98.1592
          99.9738
          96.5937
          94.3653
          94.5975
          96.8284
          92.7927
          90.002
          90.2542
          93.0471
          272.341
          244.543
          236.135
          262.627
          240.359
          219.661
          213.709
          233.501
          215.713
          200.244
          195.687
          210.511
          196.511
          184.878
          181.1
          192.256
          181.358
          172.538
          169.199
          177.655
          169.235
          162.481
          159.411
          165.877
          159.403
          154.169
          151.291
          156.288
          151.318
          147.207
          144.495
          148.407
          144.582
          141.302
          138.754
          141.863
          138.894
          136.23
          133.855
          136.371
          134.027
          131.817
          129.627
          131.708
          129.805
          127.927
          125.933
          127.697
          126.087
          124.447
          122.658
          124.199
          122.759
          121.284
          119.707
          121.096
          119.729
          118.357
          116.996
          118.293
          116.915
          115.596
          114.454
          115.71
          114.248
          112.939
          112.018
          113.274
          111.666
          110.33
          109.629
          110.923
          109.116
          107.72
          107.238
          108.601
          106.554
          105.074
          104.802
          106.259
          103.951
          102.376
          102.3
          103.86
          101.306
          99.6574
          99.7453
          101.386
          98.6817
          97.0564
          97.2474
          98.8702
          96.2815
          94.9568
          95.1461
          96.4708
          218.952
          196.414
          187.293
          208.439
          201.645
          185.603
          178.855
          193.945
          188.24
          176.621
          171.065
          182
          177.444
          168.846
          163.911
          171.992
          168.453
          161.941
          157.381
          163.483
          160.772
          155.718
          151.446
          156.162
          154.091
          150.072
          146.07
          149.804
          148.204
          144.929
          141.208
          144.239
          142.968
          140.235
          136.813
          139.334
          138.277
          135.942
          132.831
          134.982
          134.046
          132.002
          129.211
          131.093
          130.202
          128.371
          125.9
          127.591
          126.681
          125.001
          122.848
          124.407
          123.428
          121.847
          120.005
          121.481
          120.387
          118.865
          117.325
          118.758
          117.512
          116.015
          114.766
          116.188
          114.761
          113.261
          112.291
          113.729
          112.1
          110.58
          109.874
          111.345
          109.509
          107.964
          107.502
          109.009
          106.986
          105.431
          105.185
          106.712
          104.563
          103.046
          102.974
          104.471
          102.318
          100.942
          100.985
          102.349
          100.408
          99.3498
          99.4372
          100.489
          99.0813
          98.6089
          98.6798
          99.1511
          158.045
          142.736
          135.953
          150.201
          159.327
          148.818
          142.839
          152.603
          158.761
          151.187
          145.459
          152.465
          156.733
          151.016
          145.451
          150.707
          153.713
          149.215
          143.872
          147.982
          150.106
          146.437
          141.404
          144.739
          146.214
          143.13
          138.479
          141.272
          142.248
          139.591
          135.369
          137.772
          138.347
          136.01
          132.237
          134.353
          134.594
          132.499
          129.175
          131.078
          131.028
          129.117
          126.229
          127.974
          127.664
          125.887
          123.415
          125.049
          124.493
          122.81
          120.73
          122.29
          121.496
          119.873
          118.16
          119.678
          118.65
          117.057
          115.685
          117.19
          115.928
          114.342
          113.288
          114.801
          113.309
          111.718
          110.957
          112.488
          110.782
          109.189
          108.694
          110.241
          108.357
          106.783
          106.52
          108.059
          106.065
          104.56
          104.486
          105.966
          103.975
          102.623
          102.68
          104.016
          102.19
          101.103
          101.227
          102.305
          100.835
          100.127
          100.256
          100.961
          100.001
          99.6875
          99.7932
          100.107
          99.7885
          93.0421
          91.2696
          97.57
          119.836
          114.773
          110.604
          115.251
          130.859
          126.731
          121.375
          125.108
          136.16
          132.635
          126.9
          130.054
          137.917
          134.825
          129.202
          131.955
          137.533
          134.778
          129.543
          131.993
          135.902
          133.427
          128.713
          130.919
          133.593
          131.353
          127.208
          129.213
          130.957
          128.914
          125.335
          127.174
          128.203
          126.324
          123.28
          124.984
          125.453
          123.701
          121.15
          122.752
          122.766
          121.106
          119.003
          120.535
          120.165
          118.566
          116.867
          118.359
          117.653
          116.083
          114.752
          116.231
          115.22
          113.655
          112.658
          114.147
          112.855
          111.28
          110.589
          112.102
          110.556
          108.971
          108.558
          110.093
          108.332
          106.759
          106.594
          108.129
          106.218
          104.708
          104.751
          106.235
          104.278
          102.909
          103.107
          104.46
          102.601
          101.474
          101.755
          102.874
          101.284
          100.491
          100.771
          101.564
          100.393
          99.9537
          100.163
          100.604
          99.9012
          99.7164
          99.8278
          100.015
        </DataArray>
        <DataArray type="Float64" Name="Syy" format="ascii">
          50.0501
          41.8979
          31.4221
          39.6945
          17.1157
          14.2374
          12.8948
          15.889
          -2.48588
          -2.50714
          1.35096
          1.51398
          -13.7856
          -12.3077
          -5.66634
          -6.97471
          -19.8321
          -17.6521
          -9.74683
          -11.7373
          -22.5743
          -20.156
          -11.9241
          -14.1428
          -23.2618
          -20.8708
          -12.8757
          -15.0662
          -22.6967
          -20.4804
          -13.0471
          -15.0689
          -21.3904
          -19.4272
          -12.7304
          -14.5108
          -19.6657
          -17.9934
          -12.1161
          -13.621
          -17.7215
          -16.3555
          -11.3262
          -12.5426
          -15.6765
          -14.6204
          -10.4366
          -11.3627
          -13.5984
          -12.8495
          -9.49262
          -10.1323
          -11.5239
          -11.0759
          -8.51928
          -8.87931
          -9.47408
          -9.3175
          -7.52868
          -7.619
          -7.46702
          -7.58699
          -6.52593
          -6.36141
          -5.52884
          -5.90123
          -5.51415
          -5.1184
          -3.70442
          -4.29012
          -4.49931
          -3.91003
          -2.06598
          -2.80457
          -3.49564
          -2.77053
          -0.715656
          -1.52103
          -2.53181
          -1.75249
          0.227179
          -0.536516
          -1.65709
          -0.92557
          0.667325
          0.056137
          -0.943696
          -0.363149
          0.613415
          0.224729
          -0.472982
          -0.106725
          0.268513
          0.0822302
          -0.276773
          -0.10244
          59.1671
          47.1962
          31.1379
          43.1359
          31.9849
          25.6238
          19.2717
          25.7101
          13.6309
          10.7767
          10.8667
          13.8631
          1.51566
          0.809129
          4.96559
          5.87071
          -6.25433
          -5.68775
          0.866896
          0.539594
          -11.0095
          -9.73564
          -1.9389
          -2.94928
          -13.6884
          -12.0718
          -3.81926
          -5.16263
          -14.9504
          -13.2241
          -5.03869
          -6.49361
          -15.2563
          -13.5675
          -5.78698
          -7.2151
          -14.9253
          -13.3652
          -6.19967
          -7.51602
          -14.1761
          -12.7999
          -6.3726
          -7.52618
          -13.1558
          -11.996
          -6.3724
          -7.33364
          -11.9617
          -11.0362
          -6.24404
          -6.9968
          -10.6565
          -9.97375
          -6.01625
          -6.55303
          -9.28047
          -8.8421
          -5.70549
          -6.025
          -7.86128
          -7.66267
          -5.31893
          -5.42559
          -6.42236
          -6.45146
          -4.85696
          -4.76202
          -4.99113
          -5.22552
          -4.31572
          -4.03998
          -3.60661
          -4.00935
          -3.69063
          -3.26833
          -2.32575
          -2.84085
          -2.98222
          -2.4652
          -1.22521
          -1.77551
          -2.20654
          -1.66624
          -0.392289
          -0.885649
          -1.41289
          -0.934767
          0.104294
          -0.24961
          -0.707991
          -0.368643
          0.269492
          0.0730002
          -0.268711
          -0.0840628
          54.4868
          41.582
          23.2553
          35.9633
          39.5862
          31.3143
          21.227
          29.4192
          27.5951
          22.5812
          18.7381
          23.7878
          18.2473
          15.4743
          16.1235
          19.0288
          11.124
          9.85991
          13.5785
          15.0473
          5.79688
          5.52228
          11.2067
          11.7352
          1.88827
          2.23698
          9.05558
          8.9894
          -0.916747
          -0.201169
          7.1391
          6.7182
          -2.87197
          -1.96806
          5.45267
          4.84271
          -4.17729
          -3.20855
          3.98203
          3.29686
          -4.98719
          -4.03852
          2.70872
          2.02624
          -5.41902
          -4.54847
          1.61357
          0.986946
          -5.56039
          -4.80743
          0.678839
          0.144248
          -5.47558
          -4.86686
          -0.110477
          -0.528491
          -5.21102
          -4.76415
          -0.765681
          -1.05073
          -4.80021
          -4.52591
          -1.29365
          -1.43553
          -4.26828
          -4.17108
          -1.69614
          -1.69019
          -3.63668
          -3.7142
          -1.9691
          -1.81687
          -2.92845
          -3.16895
          -2.10219
          -1.81366
          -2.17451
          -2.55258
          -2.07924
          -1.67676
          -1.42112
          -1.89126
          -1.88133
          -1.4056
          -0.737297
          -1.2263
          -1.49724
          -1.01462
          -0.216357
          -0.61952
          -0.953
          -0.560005
          0.0464219
          -0.151729
          -0.383024
          -0.192825
          40.5083
          28.551
          12.6969
          24.3144
          38.9945
          30.4213
          20.0959
          28.4568
          35.7665
          29.7617
          24.0779
          29.9942
          31.7667
          27.679
          25.6934
          29.8001
          27.5725
          24.8926
          25.7137
          28.4982
          23.5121
          21.8491
          24.6956
          26.5264
          19.7562
          18.8142
          23.0354
          24.1881
          16.3807
          15.9381
          21.0108
          21.6899
          13.4066
          13.2981
          18.8131
          19.1698
          10.8237
          10.9268
          16.5711
          16.7169
          8.60616
          8.83039
          14.3692
          14.3863
          6.7215
          6.99993
          12.2605
          12.2095
          5.13602
          5.41902
          10.2762
          10.2023
          3.81799
          4.06846
          8.43288
          8.36989
          2.73934
          2.92909
          6.73797
          6.71179
          1.87634
          1.98359
          5.19351
          5.22438
          1.20972
          1.2173
          3.79958
          3.90363
          0.724103
          0.618627
          2.5572
          2.74731
          0.406771
          0.178689
          1.47126
          1.75697
          0.245008
          -0.109842
          0.553898
          0.940131
          0.220785
          -0.255519
          -0.171365
          0.312149
          0.299953
          -0.274064
          -0.665064
          -0.103719
          0.410547
          -0.199574
          -0.86812
          -0.282527
          0.403542
          -0.104166
          -0.718446
          -0.233806
          24.963
          14.4553
          5.4042
          15.6534
          33.4277
          25.4109
          18.9206
          26.7533
          37.6726
          31.608
          27.4366
          33.3925
          39.0106
          34.4639
          32.2816
          36.7882
          38.4111
          35.0344
          34.4779
          37.8725
          36.5757
          34.0926
          34.8046
          37.3511
          34.0022
          32.1953
          33.8489
          35.7528
          31.0369
          29.7367
          32.0479
          33.468
          27.9163
          26.9915
          29.7224
          30.7811
          24.798
          24.147
          27.1039
          27.8951
          21.7832
          21.3278
          24.3561
          24.9521
          18.9341
          18.6137
          21.5919
          22.0484
          16.2854
          16.0533
          18.8867
          19.247
          13.8538
          13.6731
          16.2883
          16.5865
          11.6441
          11.4852
          13.8249
          14.0883
          9.65392
          9.49245
          11.5111
          11.7624
          7.87744
          7.6923
          9.35255
          9.61148
          6.30785
          6.07973
          7.35031
          7.63505
          4.93968
          4.64961
          5.50396
          5.83254
          3.77048
          3.39846
          3.81596
          4.20765
          2.80188
          2.32558
          2.29749
          2.77441
          2.0385
          1.43235
          0.979206
          1.56797
          1.48001
          0.715609
          -0.0684479
          0.66475
          1.08771
          0.145621
          -0.670957
          0.238985
          15.1439
          5.4376
          5.69505
          15.4143
          27.9082
          20.3501
          20.3229
          27.8796
          35.7041
          29.8325
          29.6355
          35.4975
          39.8612
          35.3095
          35.0263
          39.5643
          41.4035
          37.8812
          37.5699
          41.0773
          41.1131
          38.3906
          38.0901
          40.7984
          39.5805
          37.4769
          37.2112
          39.3024
          37.2448
          35.6183
          35.4007
          37.0171
          34.4279
          33.1677
          33.0033
          34.2559
          31.3614
          30.3812
          30.2695
          31.2447
          28.2085
          27.4408
          27.3774
          28.1422
          25.0811
          24.4732
          24.4506
          25.0574
          22.0528
          21.5634
          21.5721
          22.0619
          19.17
          18.7659
          18.7952
          19.2006
          16.4589
          16.1132
          16.1513
          16.4987
          13.9325
          13.6224
          13.6571
          13.9687
          11.5949
          11.3001
          11.3194
          11.6151
          9.44546
          9.14653
          9.13961
          9.43824
          7.48263
          7.1591
          7.11733
          7.43904
          5.70785
          5.33588
          5.25425
          5.62267
          4.13137
          3.67985
          3.55813
          4.00438
          2.78233
          2.20561
          2.04946
          2.61944
          1.72826
          0.952177
          0.776601
          1.54511
          1.12178
          0.00305654
          -0.188972
          0.921489
          14.896
          4.8427
          14.1751
          24.504
          25.8083
          18.138
          24.4111
          32.2577
          32.3952
          26.5678
          30.2548
          36.1698
          35.8291
          31.4199
          33.0088
          37.4314
          37.0085
          33.6845
          33.6438
          36.9231
          36.6147
          34.1167
          32.8688
          35.2792
          35.159
          33.2863
          31.1943
          32.9501
          33.0197
          31.618
          28.9822
          30.2492
          30.4731
          29.424
          26.4847
          27.3906
          27.7171
          26.9301
          23.8746
          24.517
          24.8905
          24.2964
          21.2664
          21.7199
          22.0875
          21.6334
          18.7336
          19.055
          19.3699
          19.0151
          16.3199
          16.5527
          16.7755
          16.4882
          14.0492
          14.227
          14.3255
          14.0802
          11.9311
          12.0804
          12.0299
          11.8055
          9.96728
          10.1099
          9.89215
          9.66975
          8.15479
          8.30992
          7.913
          7.67428
          6.49014
          6.67622
          6.09474
          5.8201
          4.9727
          5.20937
          4.44542
          4.11225
          3.60804
          3.91804
          2.98492
          2.5659
          2.41044
          2.82115
          1.75525
          1.21707
          1.40076
          1.94492
          0.842097
          0.143227
          0.591526
          1.30731
          0.414478
          -0.478138
          0.0242354
          0.935602
          22.9743
          11.8145
          27.3652
          38.8662
          26.7388
          18.7359
          28.4871
          36.6873
          28.2065
          22.5551
          27.5986
          33.317
          28.137
          24.2144
          25.6181
          29.5005
          27.0725
          24.4062
          23.1239
          25.6679
          25.3956
          23.6316
          20.4702
          22.0539
          23.3726
          22.2482
          17.8626
          18.7696
          21.186
          20.5074
          15.4126
          15.8538
          18.9582
          18.5832
          13.1742
          13.3053
          16.7687
          16.5936
          11.1656
          11.1007
          14.6665
          14.6158
          9.38461
          9.20692
          12.6795
          12.6982
          7.81713
          7.58696
          10.8207
          10.869
          6.44335
          6.20427
          9.09388
          9.14275
          5.24132
          5.02478
          7.49708
          7.52501
          4.18934
          4.01822
          6.02607
          6.01666
          3.26761
          3.15892
          4.67735
          4.61743
          2.45946
          2.42635
          3.45123
          3.32942
          1.75253
          1.8058
          2.35537
          2.16106
          1.14015
          1.28923
          1.40868
          1.1316
          0.623431
          0.876636
          0.644651
          0.276021
          0.214836
          0.578094
          0.110453
          -0.350748
          -0.0557845
          0.414711
          -0.146619
          -0.671411
          -0.144242
          0.39948
          -0.107765
          -0.617984
          -0.194222
          0.330845
          33.8232
          21.9234
          39.3141
          51.4077
          27.2536
          19.6157
          28.8492
          36.5541
          21.8853
          17.1832
          20.3948
          25.0482
          17.5316
          14.8205
          13.7837
          16.3533
          14.0149
          12.6283
          8.75412
          9.93222
          11.1763
          10.6507
          5.01474
          5.2887
          8.88296
          8.89726
          2.2994
          2.01026
          7.02629
          7.35939
          0.381553
          -0.233507
          5.51844
          6.01887
          -0.924415
          -1.70167
          4.28861
          4.85346
          -1.76702
          -2.59451
          3.27987
          3.84
          -2.2631
          -3.06527
          2.4465
          2.95615
          -2.5034
          -3.23011
          1.75202
          2.18158
          -2.55759
          -3.1764
          1.16765
          1.49864
          -2.47863
          -2.96941
          0.671332
          0.893068
          -2.3064
          -2.65773
          0.247198
          0.354742
          -2.07082
          -2.27772
          -0.114477
          -0.121316
          -1.79457
          -1.85752
          -0.416875
          -0.533522
          -1.49582
          -1.42081
          -0.655651
          -0.871838
          -1.19103
          -0.990839
          -0.817363
          -1.11573
          -0.89815
          -0.594204
          -0.877396
          -1.23378
          -0.638359
          -0.261067
          -0.799532
          -1.19241
          -0.426354
          -0.00557251
          -0.552663
          -0.999566
          -0.190245
          0.286121
          -0.219369
          -0.774758
          0.794677
          1.41049
          40.2522
          29.4049
          44.1036
          54.9332
          23.7091
          17.9018
          23.4616
          29.1928
          12.6817
          9.99207
          9.53342
          12.0811
          5.43824
          4.62381
          0.438783
          1.05747
          0.771059
          1.04954
          -5.27485
          -5.78572
          -2.13887
          -1.26509
          -8.64032
          -9.76647
          -3.8529
          -2.69955
          -10.3905
          -11.802
          -4.75751
          -3.5233
          -11.0433
          -12.5303
          -5.11955
          -3.92761
          -10.9631
          -12.394
          -5.12346
          -4.04818
          -10.4046
          -11.6989
          -4.89648
          -3.98097
          -9.54443
          -10.6549
          -4.52598
          -3.79344
          -8.50344
          -9.4041
          -4.07149
          -3.53252
          -7.36312
          -8.04164
          -3.5731
          -3.23031
          -6.17707
          -6.6298
          -3.05758
          -2.90839
          -4.97966
          -5.20862
          -2.54316
          -2.58118
          -3.79247
          -3.80378
          -2.04374
          -2.25931
          -2.62965
          -2.4329
          -1.5735
          -1.95338
          -1.5029
          -1.11133
          -1.15261
          -1.67923
          -0.427096
          0.141743
          -0.814334
          -1.4649
          0.571751
          1.29509
          -0.61076
          -1.3571
          1.4424
          2.29191
          -0.60122
          -1.41652
          2.07461
          3.02116
          -0.75972
          -1.68038
          2.18108
          3.2477
          -0.606125
          -2.30677
          0.677164
          2.48023
          36.7966
          29.7039
          39.0803
          46.0832
          14.832
          12.3832
          13.232
          15.5775
          1.79123
          1.76458
          -2.09478
          -2.20299
          -5.72949
          -4.51666
          -10.8355
          -12.2112
          -9.76588
          -7.99897
          -15.3804
          -17.3285
          -11.6076
          -9.68087
          -17.2656
          -19.3813
          -12.0796
          -10.216
          -17.4861
          -19.5373
          -11.7125
          -10.0338
          -16.6881
          -18.5459
          -10.848
          -9.41613
          -15.2899
          -16.8866
          -9.7045
          -8.54716
          -13.5594
          -14.8637
          -8.42038
          -7.54573
          -11.6654
          -12.6664
          -7.08115
          -6.48704
          -9.71068
          -10.4084
          -5.73785
          -5.41732
          -7.75425
          -8.15431
          -4.41947
          -4.36416
          -5.82604
          -5.93553
          -3.1418
          -3.34457
          -3.93642
          -3.76119
          -1.91465
          -2.37242
          -2.08233
          -1.62377
          -0.74901
          -1.46707
          -0.250569
          0.499292
          0.33409
          -0.66574
          1.58146
          2.64873
          1.29051
          -0.0430587
          3.44876
          4.89379
          2.03201
          0.256972
          5.40872
          7.35476
          2.39105
          -0.0294683
          7.5676
          10.2476
          2.06315
          -1.34954
          10.1524
          13.9673
          0.543367
          -4.2903
          13.7364
          19.2155
          -2.5572
          -8.28017
          20.1694
          26.9471
          -0.145767
          0.13007
          -0.0319972
          -0.304865
          0.253085
          0.419258
          0.199456
          0.039635
          0.484121
          0.334889
          0.0836907
          0.244634
          0.296059
          -0.188664
          -0.496767
          0.00688949
          -0.352151
          -1.09022
          -1.50721
          -0.741594
          -1.38632
          -2.26894
          -2.85066
          -1.93101
          -2.69886
          -3.63077
          -4.42672
          -3.4478
          -4.19289
          -5.10543
          -6.15726
          -5.18731
          -5.79763
          -6.64777
          -7.99146
          -7.0731
          -7.4684
          -8.23232
          -9.90131
          -9.05782
          -9.18006
          -9.84585
          -11.8735
          -11.1161
          -10.9187
          -11.4798
          -13.9004
          -13.235
          -12.6727
          -13.1223
          -15.9709
          -15.4035
          -14.4237
          -14.7504
          -18.0597
          -17.6013
          -16.1357
          -16.3195
          -20.1145
          -19.7857
          -17.742
          -17.75
          -22.0385
          -21.8736
          -19.1252
          -18.9082
          -23.6654
          -23.7173
          -20.0897
          -19.5779
          -24.7216
          -25.0668
          -20.3179
          -19.4178
          -24.7701
          -25.5141
          -19.3031
          -17.8955
          -23.1249
          -24.4057
          -16.2422
          -14.1855
          -18.7177
          -20.7066
          -9.86393
          -7.00873
          -9.89136
          -12.7816
          1.85717
          5.63482
          5.9476
          1.96806
          22.2025
          26.7826
          32.6914
          27.6624
          0.549413
          1.21724
          0.831879
          0.172405
          1.42335
          1.57894
          1.17174
          1.03048
          1.57297
          1.24765
          0.823619
          1.16947
          1.05083
          0.389921
          -0.0982834
          0.590183
          0.031726
          -0.812461
          -1.42924
          -0.549373
          -1.3115
          -2.21885
          -3.02549
          -2.0733
          -2.84822
          -3.73658
          -4.7843
          -3.84103
          -4.49302
          -5.31164
          -6.64161
          -5.75725
          -6.1965
          -6.9168
          -8.56271
          -7.76518
          -7.93411
          -8.54127
          -10.532
          -9.83546
          -9.69605
          -10.1824
          -12.5436
          -11.9552
          -11.4789
          -11.8394
          -14.5935
          -14.118
          -13.2785
          -13.5072
          -16.6721
          -16.3152
          -15.0826
          -15.1706
          -18.7562
          -18.5269
          -16.863
          -16.7981
          -20.7999
          -20.7117
          -18.5657
          -18.3325
          -22.7233
          -22.7938
          -20.0967
          -19.6796
          -24.3973
          -24.6458
          -21.3023
          -20.6917
          -25.623
          -26.0645
          -21.9393
          -21.1445
          -26.1048
          -26.7378
          -21.631
          -20.7041
          -25.4152
          -26.1974
          -19.8004
          -18.8802
          -22.9513
          -23.7539
          -15.5673
          -14.9605
          -17.8878
          -18.41
          -7.58754
          -7.93317
          -9.16969
          -8.76127
          6.1931
          3.69135
          4.50136
          7.09677
          3.24653
          3.94773
          3.52625
          2.83614
          4.08966
          3.94407
          3.55584
          3.71832
          3.75803
          3.13108
          2.72031
          3.36975
          2.7315
          1.89051
          1.37668
          2.24695
          1.34081
          0.453826
          -0.234487
          0.689945
          -0.21626
          -1.05239
          -1.96947
          -1.08656
          -1.83237
          -2.5659
          -3.75063
          -2.96008
          -3.45574
          -4.06165
          -5.54159
          -4.8678
          -5.06692
          -5.5351
          -7.33019
          -6.78279
          -6.66434
          -6.99245
          -9.11726
          -8.69827
          -8.25532
          -8.44475
          -10.9092
          -10.6171
          -9.85037
          -9.9043
          -12.7131
          -12.5447
          -11.4591
          -11.3822
          -14.5327
          -14.4837
          -13.0872
          -12.8867
          -16.3656
          -16.4294
          -14.7326
          -14.4216
          -18.2002
          -18.3651
          -16.382
          -15.9846
          -20.0138
          -20.2574
          -18.0062
          -17.5667
          -21.7704
          -22.0505
          -19.5528
          -19.1506
          -23.4206
          -23.6603
          -20.9379
          -20.7113
          -24.9051
          -24.9676
          -22.0334
          -22.217
          -26.1648
          -25.8142
          -22.651
          -23.6351
          -27.165
          -26.0026
          -22.5198
          -24.9444
          -27.9468
          -25.3092
          -21.2606
          -26.148
          -28.7097
          -23.5218
          -18.359
          -27.3367
          -29.9901
          -20.5173
          9.1489
          8.93509
          8.73213
          8.95551
          8.60012
          7.76116
          7.60495
          8.45577
          7.1979
          6.19686
          5.95997
          6.97773
          5.51982
          4.56903
          4.16503
          5.13953
          3.81951
          3.00899
          2.3864
          3.22901
          2.19703
          1.55936
          0.68962
          1.36856
          0.681399
          0.222911
          -0.908935
          -0.399593
          -0.730893
          -1.01545
          -2.41653
          -2.07135
          -2.05817
          -2.17907
          -3.85171
          -3.6604
          -3.32562
          -3.29569
          -5.23855
          -5.18837
          -4.56206
          -4.39649
          -6.60436
          -6.68032
          -5.79905
          -5.51672
          -7.97941
          -8.16298
          -7.07131
          -6.69745
          -9.39801
          -9.66447
          -8.41806
          -7.98844
          -10.901
          -11.2152
          -9.88509
          -9.45221
          -12.5396
          -12.8498
          -11.5278
          -11.1699
          -14.3818
          -14.6105
          -13.4152
          -13.2494
          -16.5223
          -16.5524
          -15.6363
          -15.8371
          -19.0961
          -18.7521
          -18.3076
          -19.134
          -22.3021
          -21.3211
          -21.5853
          -23.4185
          -26.4354
          -24.427
          -25.6813
          -29.0784
          -31.938
          -28.3266
          -30.8861
          -36.652
          -39.4702
          -33.4156
          -37.5995
          -46.8866
          -50.0158
          -40.3029
          -46.3675
          -60.789
          -65.0073
          -49.9152
          17.3198
          15.2557
          15.3161
          17.3854
          14.0141
          12.2974
          12.3722
          14.0927
          11.1928
          9.87645
          9.82466
          11.1488
          8.86816
          7.9161
          7.68267
          8.64881
          6.96364
          6.32483
          5.89199
          6.55193
          5.39423
          5.0223
          4.38791
          4.78822
          4.08488
          3.94139
          3.10957
          3.28859
          2.97167
          3.02469
          2.00199
          1.99144
          1.99865
          2.21996
          1.01417
          0.842018
          1.11377
          1.47567
          0.0958887
          -0.210452
          0.264673
          0.736515
          -0.806118
          -1.21632
          -0.605471
          -0.0612988
          -1.75264
          -2.22945
          -1.56262
          -0.99551
          -2.8173
          -3.3117
          -2.6871
          -2.16436
          -4.09328
          -4.53827
          -4.08003
          -3.69487
          -5.70202
          -6.00453
          -5.87139
          -5.75348
          -7.80467
          -7.83479
          -8.23033
          -8.55973
          -10.6175
          -10.1941
          -11.3784
          -12.404
          -14.4325
          -13.3039
          -15.6066
          -17.6707
          -19.6448
          -17.4635
          -21.2977
          -24.867
          -26.789
          -23.0783
          -28.9535
          -34.66
          -36.5874
          -30.698
          -39.2308
          -47.9224
          -50.0112
          -41.0661
          -52.984
          -65.7857
          -68.3564
          -55.1836
          -71.3192
          -89.7102
          -93.3405
          -74.3863
          23.7016
          19.9988
          20.0778
          23.7819
          17.9481
          15.6117
          15.6871
          18.0235
          14.0451
          12.5629
          12.5726
          14.0565
          11.2757
          10.3684
          10.2961
          11.2079
          9.24546
          8.7509
          8.59594
          9.09779
          7.72023
          7.53869
          7.30481
          7.49646
          6.54993
          6.61584
          6.30794
          6.25483
          5.63005
          5.89611
          5.51908
          5.26836
          4.87993
          5.30733
          4.86597
          4.45629
          4.22955
          4.78108
          4.28031
          3.74872
          3.61016
          4.24461
          3.68987
          3.07744
          2.94687
          3.61364
          3.0113
          2.3685
          2.1516
          2.78481
          2.14249
          1.53507
          1.11548
          1.62706
          0.953879
          0.469837
          -0.299765
          -0.0286468
          -0.72213
          -0.963907
          -2.27242
          -2.40214
          -3.10431
          -2.94319
          -5.03379
          -5.77983
          -6.47915
          -5.69899
          -8.88439
          -10.5345
          -11.2216
          -9.53338
          -14.2141
          -17.1494
          -17.821
          -14.8411
          -21.5267
          -26.2486
          -26.9136
          -22.1364
          -31.4707
          -38.6327
          -39.3216
          -32.0868
          -44.8759
          -55.324
          -56.1033
          -45.554
          -62.7996
          -77.6211
          -78.6134
          -63.6449
          -86.5823
          -107.169
          -108.581
          -87.7761
          23.7819
          20.0778
          19.9988
          23.7016
          18.0235
          15.6871
          15.6117
          17.9481
          14.0565
          12.5726
          12.5629
          14.0451
          11.2079
          10.2961
          10.3684
          11.2757
          9.09779
          8.59594
          8.7509
          9.24546
          7.49646
          7.30481
          7.53869
          7.72023
          6.25483
          6.30794
          6.61584
          6.54993
          5.26836
          5.51908
          5.89611
          5.63005
          4.45629
          4.86597
          5.30733
          4.87993
          3.74872
          4.28031
          4.78108
          4.22955
          3.07744
          3.68987
          4.24461
          3.61016
          2.3685
          3.0113
          3.61364
          2.94687
          1.53507
          2.14249
          2.78481
          2.1516
          0.469837
          0.953879
          1.62706
          1.11548
          -0.963907
          -0.72213
          -0.0286468
          -0.299765
          -2.94319
          -3.10431
          -2.40214
          -2.27242
          -5.69899
          -6.47915
          -5.77983
          -5.03379
          -9.53338
          -11.2216
          -10.5345
          -8.88439
          -14.8411
          -17.821
          -17.1494
          -14.2141
          -22.1364
          -26.9136
          -26.2486
          -21.5267
          -32.0868
          -39.3216
          -38.6327
          -31.4707
          -45.554
          -56.1033
          -55.324
          -44.8759
          -63.6449
          -78.6134
          -77.6211
          -62.7996
          -87.7761
          -108.581
          -107.169
          -86.5823
          17.3854
          15.3161
          15.2557
          17.3198
          14.0927
          12.3722
          12.2974
          14.0141
          11.1488
          9.82466
          9.87645
          11.1928
          8.64881
          7.68267
          7.9161
          8.86816
          6.55193
          5.89199
          6.32483
          6.96364
          4.78822
          4.38791
          5.0223
          5.39423
          3.28859
          3.10957
          3.94139
          4.08488
          1.99144
          2.00199
          3.02469
          2.97167
          0.842018
          1.01417
          2.21996
          1.99865
          -0.210452
          0.0958887
          1.47567
          1.11377
          -1.21632
          -0.806118
          0.736515
          0.264673
          -2.22945
          -1.75264
          -0.0612988
          -0.605471
          -3.3117
          -2.8173
          -0.99551
          -1.56262
          -4.53827
          -4.09328
          -2.16436
          -2.6871
          -6.00453
          -5.70202
          -3.69487
          -4.08003
          -7.83479
          -7.80467
          -5.75348
          -5.87139
          -10.1941
          -10.6175
          -8.55973
          -8.23033
          -13.3039
          -14.4325
          -12.404
          -11.3784
          -17.4635
          -19.6448
          -17.6707
          -15.6066
          -23.0783
          -26.789
          -24.867
          -21.2977
          -30.698
          -36.5874
          -34.66
          -28.9535
          -41.0661
          -50.0112
          -47.9224
          -39.2308
          -55.1836
          -68.3564
          -65.7857
          -52.984
          -74.3863
          -93.3405
          -89.7102
          -71.3192
          8.95551
          8.73213
          8.93509
          9.1489
          8.45577
          7.60495
          7.76116
          8.60012
          6.97773
          5.95997
          6.19686
          7.1979
          5.13953
          4.16503
          4.56903
          5.51982
          3.22901
          2.3864
          3.00899
          3.81951
          1.36856
          0.68962
          1.55936
          2.19703
          -0.399593
          -0.908935
          0.222911
          0.681399
          -2.07135
          -2.41653
          -1.01545
          -0.730893
          -3.6604
          -3.85171
          -2.17907
          -2.05817
          -5.18837
          -5.23855
          -3.29569
          -3.32562
          -6.68032
          -6.60436
          -4.39649
          -4.56206
          -8.16298
          -7.97941
          -5.51672
          -5.79905
          -9.66447
          -9.39801
          -6.69745
          -7.07131
          -11.2152
          -10.901
          -7.98844
          -8.41806
          -12.8498
          -12.5396
          -9.45221
          -9.88509
          -14.6105
          -14.3818
          -11.1699
          -11.5278
          -16.5524
          -16.5223
          -13.2494
          -13.4152
          -18.7521
          -19.0961
          -15.8371
          -15.6363
          -21.3211
          -22.3021
          -19.134
          -18.3076
          -24.427
          -26.4354
          -23.4185
          -21.5853
          -28.3266
          -31.938
          -29.0784
          -25.6813
          -33.4156
          -39.4702
          -36.652
          -30.8861
          -40.3029
          -50.0158
          -46.8866
          -37.5995
          -49.9152
          -65.0073
          -60.789
          -46.3675
          2.83614
          3.52625
          3.94773
          3.24653
          3.71832
          3.55584
          3.94407
          4.08966
          3.36975
          2.72031
          3.13108
          3.75803
          2.24695
          1.37668
          1.89051
          2.7315
          0.689945
          -0.234487
          0.453826
          1.34081
          -1.08656
          -1.96947
          -1.05239
          -0.21626
          -2.96008
          -3.75063
          -2.5659
          -1.83237
          -4.8678
          -5.54159
          -4.06165
          -3.45574
          -6.78279
          -7.33019
          -5.5351
          -5.06692
          -8.69827
          -9.11726
          -6.99245
          -6.66434
          -10.6171
          -10.9092
          -8.44475
          -8.25532
          -12.5447
          -12.7131
          -9.9043
          -9.85037
          -14.4837
          -14.5327
          -11.3822
          -11.4591
          -16.4294
          -16.3656
          -12.8867
          -13.0872
          -18.3651
          -18.2002
          -14.4216
          -14.7326
          -20.2574
          -20.0138
          -15.9846
          -16.382
          -22.0505
          -21.7704
          -17.5667
          -18.0062
          -23.6603
          -23.4206
          -19.1506
          -19.5528
          -24.9676
          -24.9051
          -20.7113
          -20.9379
          -25.8142
          -26.1648
          -22.217
          -22.0334
          -26.0026
          -27.165
          -23.6351
          -22.651
          -25.3092
          -27.9468
          -24.9444
          -22.5198
          -23.5218
          -28.7097
          -26.148
          -21.2606
          -20.5173
          -29.9901
          -27.3367
          -18.359
          0.172405
          0.831879
          1.21724
          0.549413
          1.03048
          1.17174
          1.57894
          1.42335
          1.16947
          0.823619
          1.24765
          1.57297
          0.590183
          -0.0982834
          0.389921
          1.05083
          -0.549373
          -1.42924
          -0.812461
          0.031726
          -2.0733
          -3.02549
          -2.21885
          -1.3115
          -3.84103
          -4.7843
          -3.73658
          -2.84822
          -5.75725
          -6.64161
          -5.31164
          -4.49302
          -7.76518
          -8.56271
          -6.9168
          -6.1965
          -9.83546
          -10.532
          -8.54127
          -7.93411
          -11.9552
          -12.5436
          -10.1824
          -9.69605
          -14.118
          -14.5935
          -11.8394
          -11.4789
          -16.3152
          -16.6721
          -13.5072
          -13.2785
          -18.5269
          -18.7562
          -15.1706
          -15.0826
          -20.7117
          -20.7999
          -16.7981
          -16.863
          -22.7938
          -22.7233
          -18.3325
          -18.5657
          -24.6458
          -24.3973
          -19.6796
          -20.0967
          -26.0645
          -25.623
          -20.6917
          -21.3023
          -26.7378
          -26.1048
          -21.1445
          -21.9393
          -26.1974
          -25.4152
          -20.7041
          -21.631
          -23.7539
          -22.9513
          -18.8802
          -19.8004
          -18.41
          -17.8878
          -14.9605
          -15.5673
          -8.76127
          -9.16969
          -7.93317
          -7.58754
          7.09677
          4.50136
          3.69135
          6.1931
          -0.304865
          -0.0319972
          0.13007
          -0.145767
          0.039635
          0.199456
          0.419258
          0.253085
          0.244634
          0.0836907
          0.334889
          0.484121
          0.00688949
          -0.496767
          -0.188664
          0.296059
          -0.741594
          -1.50721
          -1.09022
          -0.352151
          -1.93101
          -2.85066
          -2.26894
          -1.38632
          -3.4478
          -4.42672
          -3.63077
          -2.69886
          -5.18731
          -6.15726
          -5.10543
          -4.19289
          -7.0731
          -7.99146
          -6.64777
          -5.79763
          -9.05782
          -9.90131
          -8.23232
          -7.4684
          -11.1161
          -11.8735
          -9.84585
          -9.18006
          -13.235
          -13.9004
          -11.4798
          -10.9187
          -15.4035
          -15.9709
          -13.1223
          -12.6727
          -17.6013
          -18.0597
          -14.7504
          -14.4237
          -19.7857
          -20.1145
          -16.3195
          -16.1357
          -21.8736
          -22.0385
          -17.75
          -17.742
          -23.7173
          -23.6654
          -18.9082
          -19.1252
          -25.0668
          -24.7216
          -19.5779
          -20.0897
          -25.5141
          -24.7701
          -19.4178
          -20.3179
          -24.4057
          -23.1249
          -17.8955
          -19.3031
          -20.7066
          -18.7177
          -14.1855
          -16.2422
          -12.7816
          -9.89136
          -7.00873
          -9.86393
          1.96806
          5.9476
          5.63482
          1.85717
          27.6624
          32.6914
          26.7826
          22.2025
          37.9532
          32.356
          27.7775
          33.6245
          24.1259
          20.9065
          19.3083
          22.6342
          17.0653
          14.9899
          14.2092
          16.3456
          12.6887
          11.2087
          10.5738
          12.1017
          9.5535
          8.40982
          7.67084
          8.86233
          7.04375
          6.10839
          5.15929
          6.148
          4.86233
          4.06916
          2.85872
          3.7135
          2.85263
          2.16585
          0.66385
          1.42204
          0.92601
          0.32563
          -1.4919
          -0.8093
          -0.970651
          -1.49523
          -3.65277
          -3.03428
          -2.86974
          -3.32237
          -5.84762
          -5.28855
          -4.78914
          -5.16763
          -8.09167
          -7.59347
          -6.73356
          -7.0292
          -10.3847
          -9.95547
          -8.69218
          -8.88867
          -12.7059
          -12.3618
          -10.6329
          -10.7047
          -15.0047
          -14.7719
          -12.4924
          -12.4028
          -17.1867
          -17.104
          -14.1602
          -13.8592
          -19.0917
          -19.2133
          -15.4539
          -14.8764
          -20.4608
          -20.8593
          -16.0804
          -15.1465
          -20.8876
          -21.655
          -15.5758
          -14.1946
          -19.744
          -20.99
          -13.2087
          -11.2915
          -16.07
          -17.9111
          -7.82536
          -5.31828
          -8.40892
          -10.9372
          2.41206
          5.45826
          5.45387
          2.23987
          20.5005
          23.6104
          28.6384
          25.1726
          32.3185
          28.8964
          27.1818
          30.7091
          26.0332
          22.8321
          21.1903
          24.4938
          20.2893
          17.9243
          16.3223
          18.7802
          15.8258
          14.0851
          12.464
          14.2922
          12.3012
          10.9729
          9.27092
          10.6856
          9.37964
          8.32537
          6.48941
          7.63237
          6.83121
          5.96886
          3.95428
          4.91028
          4.50868
          3.79148
          1.55941
          2.3772
          2.31822
          1.72092
          -0.764022
          -0.0576625
          0.19947
          -0.289847
          -3.06075
          -2.45264
          -1.88623
          -2.27076
          -5.35832
          -4.84429
          -3.962
          -4.23869
          -7.66981
          -7.25225
          -6.03761
          -6.19853
          -9.99354
          -9.68014
          -8.10865
          -8.14203
          -12.3102
          -12.1132
          -10.153
          -10.0446
          -14.5778
          -14.5126
          -12.1242
          -11.8596
          -16.7236
          -16.8071
          -13.9416
          -13.511
          -18.6335
          -18.8793
          -15.4742
          -14.8807
          -20.1376
          -20.5483
          -16.5182
          -15.7938
          -20.9935
          -21.5442
          -16.7626
          -15.9956
          -20.8652
          -21.4754
          -15.7386
          -15.123
          -19.3057
          -19.7869
          -12.743
          -12.6656
          -15.7492
          -15.7117
          -6.72448
          -7.93339
          -9.56741
          -8.23549
          3.88084
          0.0467568
          -0.163546
          3.88346
          29.8526
          27.0258
          25.4864
          28.3993
          25.0666
          22.7661
          21.1064
          23.4948
          21.04
          19.1771
          17.3628
          19.3171
          17.575
          16.0798
          14.1366
          15.726
          14.5718
          13.3641
          11.3004
          12.6052
          11.9164
          10.934
          8.74005
          9.82321
          9.51247
          8.71386
          6.36927
          7.27328
          7.28667
          6.64645
          4.12635
          4.87773
          5.18515
          4.68857
          1.96754
          2.58205
          3.16785
          2.80671
          -0.138442
          0.348243
          1.20423
          0.973926
          -2.21393
          -1.84989
          -0.729435
          -0.832311
          -4.27438
          -4.02931
          -2.6515
          -2.63155
          -6.32934
          -6.19877
          -4.57541
          -4.44144
          -8.38289
          -8.35863
          -6.50936
          -6.27867
          -10.434
          -10.4999
          -8.45531
          -8.16029
          -12.4776
          -12.6028
          -10.4074
          -10.1057
          -14.5067
          -14.6355
          -12.3498
          -12.1399
          -16.518
          -16.5535
          -14.2539
          -14.2993
          -18.5228
          -18.3015
          -16.0748
          -16.6412
          -20.568
          -19.82
          -17.7487
          -19.2599
          -22.774
          -21.0624
          -19.1896
          -22.3124
          -25.4033
          -22.0307
          -20.2904
          -26.0464
          -28.9606
          -22.8426
          -20.9341
          -30.8616
          -34.3563
          -23.8363
          27.7573
          25.9983
          24.4851
          26.3162
          24.7776
          23.3091
          21.6477
          23.1934
          22.1301
          20.8563
          19.0954
          20.45
          19.6926
          18.5825
          16.7394
          17.9333
          17.4171
          16.4672
          14.5439
          15.5804
          15.2902
          14.5009
          12.489
          13.3679
          13.3011
          12.6716
          10.5569
          11.2795
          11.4349
          10.9623
          8.72896
          9.2987
          9.67236
          9.35171
          6.98495
          7.40738
          7.99028
          7.81343
          5.30206
          5.58566
          6.36111
          6.31574
          3.65394
          3.81127
          4.75233
          4.81982
          2.00893
          2.05862
          3.12487
          3.2773
          0.327536
          0.297341
          1.43092
          1.62667
          -1.44119
          -1.51001
          -0.389234
          -0.21178
          -3.36509
          -3.41134
          -2.41156
          -2.34286
          -5.53667
          -5.4701
          -4.73425
          -4.90609
          -8.08452
          -7.77288
          -7.48581
          -8.0887
          -11.1899
          -10.4407
          -10.8362
          -12.1433
          -15.1106
          -13.6456
          -15.0116
          -17.4113
          -20.2149
          -17.6352
          -20.3147
          -24.3537
          -27.0298
          -22.7685
          -27.1507
          -33.5883
          -36.3033
          -29.5652
          -36.0603
          -45.937
          -49.0886
          -38.7723
          -47.7563
          -62.4678
          -66.8384
          -51.448
          25.8906
          25.3798
          24.333
          24.8884
          24.8776
          24.1442
          23.0329
          23.8145
          23.4803
          22.6611
          21.5226
          22.3917
          21.8905
          21.086
          19.9262
          20.7819
          20.2411
          19.5165
          18.3294
          19.1063
          18.6125
          18.0082
          16.7841
          17.442
          17.0495
          16.5876
          15.3164
          15.8337
          15.5707
          15.2592
          13.9323
          14.3011
          14.1745
          14.0105
          12.6214
          12.8449
          12.8435
          12.8139
          11.359
          11.4504
          11.5452
          11.6265
          10.106
          10.0889
          10.2328
          10.3888
          8.80716
          8.71773
          8.842
          9.02097
          7.38754
          7.2775
          7.28834
          7.41762
          5.74689
          5.68883
          5.4611
          5.44036
          3.75182
          3.84619
          3.21603
          2.90801
          1.2252
          1.6097
          0.365419
          -0.41613
          -2.06798
          -1.2059
          -3.33447
          -4.84033
          -6.43896
          -4.84604
          -8.19944
          -10.7645
          -12.2988
          -9.63548
          -14.637
          -18.7045
          -20.1883
          -16.003
          -23.1707
          -29.3216
          -30.8143
          -24.5122
          -34.4687
          -43.457
          -45.0958
          -35.9002
          -49.3785
          -62.1723
          -64.2164
          -51.1237
          -68.9689
          -86.802
          -89.6931
          -71.4152
          24.7408
          24.8072
          24.8072
          24.7408
          24.6485
          24.1977
          24.1977
          24.6485
          23.7766
          23.1152
          23.1152
          23.7766
          22.5318
          21.8265
          21.8265
          22.5318
          21.1328
          20.4799
          20.4799
          21.1328
          19.7035
          19.1576
          19.1576
          19.7035
          18.3107
          17.9006
          17.9006
          18.3107
          16.9847
          16.7209
          16.7209
          16.9847
          15.7301
          15.6088
          15.6088
          15.7301
          14.5304
          14.5354
          14.5354
          14.5304
          13.3512
          13.4533
          13.4533
          13.3512
          12.1392
          12.2946
          12.2946
          12.1392
          10.8203
          10.9668
          10.9668
          10.8203
          9.29505
          9.3474
          9.3474
          9.29505
          7.4327
          7.27521
          7.27521
          7.4327
          5.06217
          4.53979
          4.53979
          5.06217
          1.96105
          0.8678
          0.8678
          1.96105
          -2.15849
          -4.09397
          -4.09397
          -2.15849
          -7.6672
          -10.7992
          -10.7992
          -7.6672
          -15.0398
          -19.8266
          -19.8266
          -15.0398
          -24.8803
          -31.9095
          -31.9095
          -24.8803
          -37.9522
          -47.9708
          -47.9708
          -37.9522
          -55.2153
          -69.1671
          -69.1671
          -55.2153
          -77.8702
          -96.9428
          -96.9428
          -77.8702
          24.8884
          24.333
          25.3798
          25.8906
          23.8145
          23.0329
          24.1442
          24.8776
          22.3917
          21.5226
          22.6611
          23.4803
          20.7819
          19.9262
          21.086
          21.8905
          19.1063
          18.3294
          19.5165
          20.2411
          17.442
          16.7841
          18.0082
          18.6125
          15.8337
          15.3164
          16.5876
          17.0495
          14.3011
          13.9323
          15.2592
          15.5707
          12.8449
          12.6214
          14.0105
          14.1745
          11.4504
          11.359
          12.8139
          12.8435
          10.0889
          10.106
          11.6265
          11.5452
          8.71773
          8.80716
          10.3888
          10.2328
          7.2775
          7.38754
          9.02097
          8.842
          5.68883
          5.74689
          7.41762
          7.28834
          3.84619
          3.75182
          5.44036
          5.4611
          1.6097
          1.2252
          2.90801
          3.21603
          -1.2059
          -2.06798
          -0.41613
          0.365419
          -4.84604
          -6.43896
          -4.84033
          -3.33447
          -9.63548
          -12.2988
          -10.7645
          -8.19944
          -16.003
          -20.1883
          -18.7045
          -14.637
          -24.5122
          -30.8143
          -29.3216
          -23.1707
          -35.9002
          -45.0958
          -43.457
          -34.4687
          -51.1237
          -64.2164
          -62.1723
          -49.3785
          -71.4152
          -89.6931
          -86.802
          -68.9689
          26.3162
          24.4851
          25.9983
          27.7573
          23.1934
          21.6477
          23.3091
          24.7776
          20.45
          19.0954
          20.8563
          22.1301
          17.9333
          16.7394
          18.5825
          19.6926
          15.5804
          14.5439
          16.4672
          17.4171
          13.3679
          12.489
          14.5009
          15.2902
          11.2795
          10.5569
          12.6716
          13.3011
          9.2987
          8.72896
          10.9623
          11.4349
          7.40738
          6.98495
          9.35171
          9.67236
          5.58566
          5.30206
          7.81343
          7.99028
          3.81127
          3.65394
          6.31574
          6.36111
          2.05862
          2.00893
          4.81982
          4.75233
          0.297341
          0.327536
          3.2773
          3.12487
          -1.51001
          -1.44119
          1.62667
          1.43092
          -3.41134
          -3.36509
          -0.21178
          -0.389234
          -5.4701
          -5.53667
          -2.34286
          -2.41156
          -7.77288
          -8.08452
          -4.90609
          -4.73425
          -10.4407
          -11.1899
          -8.0887
          -7.48581
          -13.6456
          -15.1106
          -12.1433
          -10.8362
          -17.6352
          -20.2149
          -17.4113
          -15.0116
          -22.7685
          -27.0298
          -24.3537
          -20.3147
          -29.5652
          -36.3033
          -33.5883
          -27.1507
          -38.7723
          -49.0886
          -45.937
          -36.0603
          -51.448
          -66.8384
          -62.4678
          -47.7563
          28.3993
          25.4864
          27.0258
          29.8526
          23.4948
          21.1064
          22.7661
          25.0666
          19.3171
          17.3628
          19.1771
          21.04
          15.726
          14.1366
          16.0798
          17.575
          12.6052
          11.3004
          13.3641
          14.5718
          9.82321
          8.74005
          10.934
          11.9164
          7.27328
          6.36927
          8.71386
          9.51247
          4.87773
          4.12635
          6.64645
          7.28667
          2.58205
          1.96754
          4.68857
          5.18515
          0.348243
          -0.138442
          2.80671
          3.16785
          -1.84989
          -2.21393
          0.973926
          1.20423
          -4.02931
          -4.27438
          -0.832311
          -0.729435
          -6.19877
          -6.32934
          -2.63155
          -2.6515
          -8.35863
          -8.38289
          -4.44144
          -4.57541
          -10.4999
          -10.434
          -6.27867
          -6.50936
          -12.6028
          -12.4776
          -8.16029
          -8.45531
          -14.6355
          -14.5067
          -10.1057
          -10.4074
          -16.5535
          -16.518
          -12.1399
          -12.3498
          -18.3015
          -18.5228
          -14.2993
          -14.2539
          -19.82
          -20.568
          -16.6412
          -16.0748
          -21.0624
          -22.774
          -19.2599
          -17.7487
          -22.0307
          -25.4033
          -22.3124
          -19.1896
          -22.8426
          -28.9606
          -26.0464
          -20.2904
          -23.8363
          -34.3563
          -30.8616
          -20.9341
          30.7091
          27.1818
          28.8964
          32.3185
          24.4938
          21.1903
          22.8321
          26.0332
          18.7802
          16.3223
          17.9243
          20.2893
          14.2922
          12.464
          14.0851
          15.8258
          10.6856
          9.27092
          10.9729
          12.3012
          7.63237
          6.48941
          8.32537
          9.37964
          4.91028
          3.95428
          5.96886
          6.83121
          2.3772
          1.55941
          3.79148
          4.50868
          -0.0576625
          -0.764022
          1.72092
          2.31822
          -2.45264
          -3.06075
          -0.289847
          0.19947
          -4.84429
          -5.35832
          -2.27076
          -1.88623
          -7.25225
          -7.66981
          -4.23869
          -3.962
          -9.68014
          -9.99354
          -6.19853
          -6.03761
          -12.1132
          -12.3102
          -8.14203
          -8.10865
          -14.5126
          -14.5778
          -10.0446
          -10.153
          -16.8071
          -16.7236
          -11.8596
          -12.1242
          -18.8793
          -18.6335
          -13.511
          -13.9416
          -20.5483
          -20.1376
          -14.8807
          -15.4742
          -21.5442
          -20.9935
          -15.7938
          -16.5182
          -21.4754
          -20.8652
          -15.9956
          -16.7626
          -19.7869
          -19.3057
          -15.123
          -15.7386
          -15.7117
          -15.7492
          -12.6656
          -12.743
          -8.23549
          -9.56741
          -7.93339
          -6.72448
          3.88346
          -0.163546
          0.0467568
          3.88084
          33.6245
          27.7775
          32.356
          37.9532
          22.6342
          19.3083
          20.9065
          24.1259
          16.3456
          14.2092
          14.9899
          17.0653
          12.1017
          10.5738
          11.2087
          12.6887
          8.86233
          7.67084
          8.40982
          9.5535
          6.148
          5.15929
          6.10839
          7.04375
          3.7135
          2.85872
          4.06916
          4.86233
          1.42204
          0.66385
          2.16585
          2.85263
          -0.8093
          -1.4919
          0.32563
          0.92601
          -3.03428
          -3.65277
          -1.49523
          -0.970651
          -5.28855
          -5.84762
          -3.32237
          -2.86974
          -7.59347
          -8.09167
          -5.16763
          -4.78914
          -9.95547
          -10.3847
          -7.0292
          -6.73356
          -12.3618
          -12.7059
          -8.88867
          -8.69218
          -14.7719
          -15.0047
          -10.7047
          -10.6329
          -17.104
          -17.1867
          -12.4028
          -12.4924
          -19.2133
          -19.0917
          -13.8592
          -14.1602
          -20.8593
          -20.4608
          -14.8764
          -15.4539
          -21.655
          -20.8876
          -15.1465
          -16.0804
          -20.99
          -19.744
          -14.1946
          -15.5758
          -17.9111
          -16.07
          -11.2915
          -13.2087
          -10.9372
          -8.40892
          -5.31828
          -7.82536
          2.23987
          5.45387
          5.45826
          2.41206
          25.1726
          28.6384
          23.6104
          20.5005
          46.0832
          39.0803
          29.7039
          36.7966
          15.5775
          13.232
          12.3832
          14.832
          -2.20299
          -2.09478
          1.76458
          1.79123
          -12.2112
          -10.8355
          -4.51666
          -5.72949
          -17.3285
          -15.3804
          -7.99897
          -9.76588
          -19.3813
          -17.2656
          -9.68087
          -11.6076
          -19.5373
          -17.4861
          -10.216
          -12.0796
          -18.5459
          -16.6881
          -10.0338
          -11.7125
          -16.8866
          -15.2899
          -9.41613
          -10.848
          -14.8637
          -13.5594
          -8.54716
          -9.7045
          -12.6664
          -11.6654
          -7.54573
          -8.42038
          -10.4084
          -9.71068
          -6.48704
          -7.08115
          -8.15431
          -7.75425
          -5.41732
          -5.73785
          -5.93553
          -5.82604
          -4.36416
          -4.41947
          -3.76119
          -3.93642
          -3.34457
          -3.1418
          -1.62377
          -2.08233
          -2.37242
          -1.91465
          0.499292
          -0.250569
          -1.46707
          -0.74901
          2.64873
          1.58146
          -0.66574
          0.33409
          4.89379
          3.44876
          -0.0430587
          1.29051
          7.35476
          5.40872
          0.256972
          2.03201
          10.2476
          7.5676
          -0.0294683
          2.39105
          13.9673
          10.1524
          -1.34954
          2.06315
          19.2155
          13.7364
          -4.2903
          0.543367
          26.9471
          20.1694
          -8.28017
          -2.5572
          54.9332
          44.1036
          29.4049
          40.2522
          29.1928
          23.4616
          17.9018
          23.7091
          12.0811
          9.53342
          9.99207
          12.6817
          1.05747
          0.438783
          4.62381
          5.43824
          -5.78572
          -5.27485
          1.04954
          0.771059
          -9.76647
          -8.64032
          -1.26509
          -2.13887
          -11.802
          -10.3905
          -2.69955
          -3.8529
          -12.5303
          -11.0433
          -3.5233
          -4.75751
          -12.394
          -10.9631
          -3.92761
          -5.11955
          -11.6989
          -10.4046
          -4.04818
          -5.12346
          -10.6549
          -9.54443
          -3.98097
          -4.89648
          -9.4041
          -8.50344
          -3.79344
          -4.52598
          -8.04164
          -7.36312
          -3.53252
          -4.07149
          -6.6298
          -6.17707
          -3.23031
          -3.5731
          -5.20862
          -4.97966
          -2.90839
          -3.05758
          -3.80378
          -3.79247
          -2.58118
          -2.54316
          -2.4329
          -2.62965
          -2.25931
          -2.04374
          -1.11133
          -1.5029
          -1.95338
          -1.5735
          0.141743
          -0.427096
          -1.67923
          -1.15261
          1.29509
          0.571751
          -1.4649
          -0.814334
          2.29191
          1.4424
          -1.3571
          -0.61076
          3.02116
          2.07461
          -1.41652
          -0.60122
          3.2477
          2.18108
          -1.68038
          -0.75972
          2.48023
          0.677164
          -2.30677
          -0.606125
          51.4077
          39.3141
          21.9234
          33.8232
          36.5541
          28.8492
          19.6157
          27.2536
          25.0482
          20.3948
          17.1832
          21.8853
          16.3533
          13.7837
          14.8205
          17.5316
          9.93222
          8.75412
          12.6283
          14.0149
          5.2887
          5.01474
          10.6507
          11.1763
          2.01026
          2.2994
          8.89726
          8.88296
          -0.233507
          0.381553
          7.35939
          7.02629
          -1.70167
          -0.924415
          6.01887
          5.51844
          -2.59451
          -1.76702
          4.85346
          4.28861
          -3.06527
          -2.2631
          3.84
          3.27987
          -3.23011
          -2.5034
          2.95615
          2.4465
          -3.1764
          -2.55759
          2.18158
          1.75202
          -2.96941
          -2.47863
          1.49864
          1.16765
          -2.65773
          -2.3064
          0.893068
          0.671332
          -2.27772
          -2.07082
          0.354742
          0.247198
          -1.85752
          -1.79457
          -0.121316
          -0.114477
          -1.42081
          -1.49582
          -0.533522
          -0.416875
          -0.990839
          -1.19103
          -0.871838
          -0.655651
          -0.594204
          -0.89815
          -1.11573
          -0.817363
          -0.261067
          -0.638359
          -1.23378
          -0.877396
          -0.00557251
          -0.426354
          -1.19241
          -0.799532
          0.286121
          -0.190245
          -0.999566
          -0.552663
          1.41049
          0.794677
          -0.774758
          -0.219369
          38.8662
          27.3652
          11.8145
          22.9743
          36.6873
          28.4871
          18.7359
          26.7388
          33.317
          27.5986
          22.5551
          28.2065
          29.5005
          25.6181
          24.2144
          28.137
          25.6679
          23.1239
          24.4062
          27.0725
          22.0539
          20.4702
          23.6316
          25.3956
          18.7696
          17.8626
          22.2482
          23.3726
          15.8538
          15.4126
          20.5074
          21.186
          13.3053
          13.1742
          18.5832
          18.9582
          11.1007
          11.1656
          16.5936
          16.7687
          9.20692
          9.38461
          14.6158
          14.6665
          7.58696
          7.81713
          12.6982
          12.6795
          6.20427
          6.44335
          10.869
          10.8207
          5.02478
          5.24132
          9.14275
          9.09388
          4.01822
          4.18934
          7.52501
          7.49708
          3.15892
          3.26761
          6.01666
          6.02607
          2.42635
          2.45946
          4.61743
          4.67735
          1.8058
          1.75253
          3.32942
          3.45123
          1.28923
          1.14015
          2.16106
          2.35537
          0.876636
          0.623431
          1.1316
          1.40868
          0.578094
          0.214836
          0.276021
          0.644651
          0.414711
          -0.0557845
          -0.350748
          0.110453
          0.39948
          -0.144242
          -0.671411
          -0.146619
          0.330845
          -0.194222
          -0.617984
          -0.107765
          24.504
          14.1751
          4.8427
          14.896
          32.2577
          24.4111
          18.138
          25.8083
          36.1698
          30.2548
          26.5678
          32.3952
          37.4314
          33.0088
          31.4199
          35.8291
          36.9231
          33.6438
          33.6845
          37.0085
          35.2792
          32.8688
          34.1167
          36.6147
          32.9501
          31.1943
          33.2863
          35.159
          30.2492
          28.9822
          31.618
          33.0197
          27.3906
          26.4847
          29.424
          30.4731
          24.517
          23.8746
          26.9301
          27.7171
          21.7199
          21.2664
          24.2964
          24.8905
          19.055
          18.7336
          21.6334
          22.0875
          16.5527
          16.3199
          19.0151
          19.3699
          14.227
          14.0492
          16.4882
          16.7755
          12.0804
          11.9311
          14.0802
          14.3255
          10.1099
          9.96728
          11.8055
          12.0299
          8.30992
          8.15479
          9.66975
          9.89215
          6.67622
          6.49014
          7.67428
          7.913
          5.20937
          4.9727
          5.8201
          6.09474
          3.91804
          3.60804
          4.11225
          4.44542
          2.82115
          2.41044
          2.5659
          2.98492
          1.94492
          1.40076
          1.21707
          1.75525
          1.30731
          0.591526
          0.143227
          0.842097
          0.935602
          0.0242354
          -0.478138
          0.414478
          15.4143
          5.69505
          5.4376
          15.1439
          27.8796
          20.3229
          20.3501
          27.9082
          35.4975
          29.6355
          29.8325
          35.7041
          39.5643
          35.0263
          35.3095
          39.8612
          41.0773
          37.5699
          37.8812
          41.4035
          40.7984
          38.0901
          38.3906
          41.1131
          39.3024
          37.2112
          37.4769
          39.5805
          37.0171
          35.4007
          35.6183
          37.2448
          34.2559
          33.0033
          33.1677
          34.4279
          31.2447
          30.2695
          30.3812
          31.3614
          28.1422
          27.3774
          27.4408
          28.2085
          25.0574
          24.4506
          24.4732
          25.0811
          22.0619
          21.5721
          21.5634
          22.0528
          19.2006
          18.7952
          18.7659
          19.17
          16.4987
          16.1513
          16.1132
          16.4589
          13.9687
          13.6571
          13.6224
          13.9325
          11.6151
          11.3194
          11.3001
          11.5949
          9.43824
          9.13961
          9.14653
          9.44546
          7.43904
          7.11733
          7.1591
          7.48263
          5.62267
          5.25425
          5.33588
          5.70785
          4.00438
          3.55813
          3.67985
          4.13137
          2.61944
          2.04946
          2.20561
          2.78233
          1.54511
          0.776601
          0.952177
          1.72826
          0.921489
          -0.188972
          0.00305654
          1.12178
          15.6534
          5.4042
          14.4553
          24.963
          26.7533
          18.9206
          25.4109
          33.4277
          33.3925
          27.4366
          31.608
          37.6726
          36.7882
          32.2816
          34.4639
          39.0106
          37.8725
          34.4779
          35.0344
          38.4111
          37.3511
          34.8046
          34.0926
          36.5757
          35.7528
          33.8489
          32.1953
          34.0022
          33.468
          32.0479
          29.7367
          31.0369
          30.7811
          29.7224
          26.9915
          27.9163
          27.8951
          27.1039
          24.147
          24.798
          24.9521
          24.3561
          21.3278
          21.7832
          22.0484
          21.5919
          18.6137
          18.9341
          19.247
          18.8867
          16.0533
          16.2854
          16.5865
          16.2883
          13.6731
          13.8538
          14.0883
          13.8249
          11.4852
          11.6441
          11.7624
          11.5111
          9.49245
          9.65392
          9.61148
          9.35255
          7.6923
          7.87744
          7.63505
          7.35031
          6.07973
          6.30785
          5.83254
          5.50396
          4.64961
          4.93968
          4.20765
          3.81596
          3.39846
          3.77048
          2.77441
          2.29749
          2.32558
          2.80188
          1.56797
          0.979206
          1.43235
          2.0385
          0.66475
          -0.0684479
          0.715609
          1.48001
          0.238985
          -0.670957
          0.145621
          1.08771
          24.3144
          12.6969
          28.551
          40.5083
          28.4568
          20.0959
          30.4213
          38.9945
          29.9942
          24.0779
          29.7617
          35.7665
          29.8001
          25.6934
          27.679
          31.7667
          28.4982
          25.7137
          24.8926
          27.5725
          26.5264
          24.6956
          21.8491
          23.5121
          24.1881
          23.0354
          18.8142
          19.7562
          21.6899
          21.0108
          15.9381
          16.3807
          19.1698
          18.8131
          13.2981
          13.4066
          16.7169
          16.5711
          10.9268
          10.8237
          14.3863
          14.3692
          8.83039
          8.60616
          12.2095
          12.2605
          6.99993
          6.7215
          10.2023
          10.2762
          5.41902
          5.13602
          8.36989
          8.43288
          4.06846
          3.81799
          6.71179
          6.73797
          2.92909
          2.73934
          5.22438
          5.19351
          1.98359
          1.87634
          3.90363
          3.79958
          1.2173
          1.20972
          2.74731
          2.5572
          0.618627
          0.724103
          1.75697
          1.47126
          0.178689
          0.406771
          0.940131
          0.553898
          -0.109842
          0.245008
          0.312149
          -0.171365
          -0.255519
          0.220785
          -0.103719
          -0.665064
          -0.274064
          0.299953
          -0.282527
          -0.86812
          -0.199574
          0.410547
          -0.233806
          -0.718446
          -0.104166
          0.403542
          35.9633
          23.2553
          41.582
          54.4868
          29.4192
          21.227
          31.3143
          39.5862
          23.7878
          18.7381
          22.5812
          27.5951
          19.0288
          16.1235
          15.4743
          18.2473
          15.0473
          13.5785
          9.85991
          11.124
          11.7352
          11.2067
          5.52228
          5.79688
          8.9894
          9.05558
          2.23698
          1.88827
          6.7182
          7.1391
          -0.201169
          -0.916747
          4.84271
          5.45267
          -1.96806
          -2.87197
          3.29686
          3.98203
          -3.20855
          -4.17729
          2.02624
          2.70872
          -4.03852
          -4.98719
          0.986946
          1.61357
          -4.54847
          -5.41902
          0.144248
          0.678839
          -4.80743
          -5.56039
          -0.528491
          -0.110477
          -4.86686
          -5.47558
          -1.05073
          -0.765681
          -4.76415
          -5.21102
          -1.43553
          -1.29365
          -4.52591
          -4.80021
          -1.69019
          -1.69614
          -4.17108
          -4.26828
          -1.81687
          -1.9691
          -3.7142
          -3.63668
          -1.81366
          -2.10219
          -3.16895
          -2.92845
          -1.67676
          -2.07924
          -2.55258
          -2.17451
          -1.4056
          -1.88133
          -1.89126
          -1.42112
          -1.01462
          -1.49724
          -1.2263
          -0.737297
          -0.560005
          -0.953
          -0.61952
          -0.216357
          -0.192825
          -0.383024
          -0.151729
          0.0464219
          43.1359
          31.1379
          47.1962
          59.1671
          25.7101
          19.2717
          25.6238
          31.9849
          13.8631
          10.8667
          10.7767
          13.6309
          5.87071
          4.96559
          0.809129
          1.51566
          0.539594
          0.866896
          -5.68775
          -6.25433
          -2.94928
          -1.9389
          -9.73564
          -11.0095
          -5.16263
          -3.81926
          -12.0718
          -13.6884
          -6.49361
          -5.03869
          -13.2241
          -14.9504
          -7.2151
          -5.78698
          -13.5675
          -15.2563
          -7.51602
          -6.19967
          -13.3652
          -14.9253
          -7.52618
          -6.3726
          -12.7999
          -14.1761
          -7.33364
          -6.3724
          -11.996
          -13.1558
          -6.9968
          -6.24404
          -11.0362
          -11.9617
          -6.55303
          -6.01625
          -9.97375
          -10.6565
          -6.025
          -5.70549
          -8.8421
          -9.28047
          -5.42559
          -5.31893
          -7.66267
          -7.86128
          -4.76202
          -4.85696
          -6.45146
          -6.42236
          -4.03998
          -4.31572
          -5.22552
          -4.99113
          -3.26833
          -3.69063
          -4.00935
          -3.60661
          -2.4652
          -2.98222
          -2.84085
          -2.32575
          -1.66624
          -2.20654
          -1.77551
          -1.22521
          -0.934767
          -1.41289
          -0.885649
          -0.392289
          -0.368643
          -0.707991
          -0.24961
          0.104294
          -0.0840628
          -0.268711
          0.0730002
          0.269492
          39.6945
          31.4221
          41.8979
          50.0501
          15.889
          12.8948
          14.2374
          17.1157
          1.51398
          1.35096
          -2.50714
          -2.48588
          -6.97471
          -5.66634
          -12.3077
          -13.7856
          -11.7373
          -9.74683
          -17.6521
          -19.8321
          -14.1428
          -11.9241
          -20.156
          -22.5743
          -15.0662
          -12.8757
          -20.8708
          -23.2618
          -15.0689
          -13.0471
          -20.4804
          -22.6967
          -14.5108
          -12.7304
          -19.4272
          -21.3904
          -13.621
          -12.1161
          -17.9934
          -19.6657
          -12.5426
          -11.3262
          -16.3555
          -17.7215
          -11.3627
          -10.4366
          -14.6204
          -15.6765
          -10.1323
          -9.49262
          -12.8495
          -13.5984
          -8.87931
          -8.51928
          -11.0759
          -11.5239
          -7.619
          -7.52868
          -9.3175
          -9.47408
          -6.36141
          -6.52593
          -7.58699
          -7.46702
          -5.1184
          -5.51415
          -5.90123
          -5.52884
          -3.91003
          -4.49931
          -4.29012
          -3.70442
          -2.77053
          -3.49564
          -2.80457
          -2.06598
          -1.75249
          -2.53181
          -1.52103
          -0.715656
          -0.92557
          -1.65709
          -0.536516
          0.227179
          -0.363149
          -0.943696
          0.056137
          0.667325
          -0.106725
          -0.472982
          0.224729
          0.613415
          -0.10244
          -0.276773
          0.0822302
          0.268513
        </DataArray>
        <DataArray type="Float64" Name="Sxy" format="ascii">
          -60.8786
          -57.0538
          -57.8689
          -61.9551
          -46.2237
          -44.2809
          -42.42
          -44.4066
          -35.8159
          -34.8972
          -31.7728
          -32.627
          -28.2317
          -27.8744
          -24.269
          -24.5118
          -22.6012
          -22.5386
          -18.8796
          -18.8095
          -18.3488
          -18.4272
          -14.9379
          -14.7256
          -15.0859
          -15.2163
          -12.0018
          -11.7451
          -12.5447
          -12.6753
          -9.7729
          -9.5273
          -10.5375
          -10.6379
          -8.04624
          -7.84344
          -8.93077
          -8.98245
          -6.67883
          -6.53717
          -7.62795
          -7.61877
          -5.56944
          -5.50002
          -6.55788
          -6.47919
          -4.64542
          -4.65554
          -5.66709
          -5.51221
          -3.85425
          -3.94907
          -4.91433
          -4.67817
          -3.15812
          -3.34118
          -4.26665
          -3.94636
          -2.53081
          -2.80353
          -3.6967
          -3.29316
          -1.9562
          -2.31648
          -3.18072
          -2.70098
          -1.42813
          -1.86798
          -2.69754
          -2.15807
          -0.950807
          -1.45336
          -2.22865
          -1.6587
          -0.539088
          -1.07532
          -1.76016
          -1.20362
          -0.21612
          -0.743136
          -1.28744
          -0.799745
          -0.0049968
          -0.468975
          -0.823198
          -0.458132
          0.0893171
          -0.259442
          -0.407628
          -0.190784
          0.103225
          -0.104933
          -0.112133
          -0.0142712
          0.105318
          0.0109533
          -79.809
          -73.0162
          -69.3734
          -76.3988
          -53.9741
          -50.0283
          -45.8124
          -49.7951
          -36.5854
          -34.4126
          -30.0096
          -32.112
          -24.8232
          -23.7454
          -19.4109
          -20.3639
          -16.8467
          -16.4347
          -12.3202
          -12.5843
          -11.4364
          -11.4156
          -7.60095
          -7.46904
          -7.77216
          -7.9663
          -4.48494
          -4.14317
          -5.29801
          -5.59414
          -2.44928
          -2.01579
          -3.63463
          -3.96037
          -1.13647
          -0.685857
          -2.52203
          -2.83095
          -0.301167
          0.119682
          -1.78137
          -2.04357
          0.225321
          0.587092
          -1.28929
          -1.48536
          0.558969
          0.843388
          -0.960652
          -1.07785
          0.779049
          0.974799
          -0.736847
          -0.766877
          0.938742
          1.03907
          -0.57798
          -0.515998
          1.07186
          1.07345
          -0.457703
          -0.30229
          1.19674
          1.09958
          -0.359945
          -0.114029
          1.31791
          1.12609
          -0.276901
          0.0504338
          1.4262
          1.14962
          -0.20764
          0.183292
          1.4981
          1.15482
          -0.156411
          0.268714
          1.49613
          1.11502
          -0.129214
          0.287431
          1.37401
          0.996187
          -0.127095
          0.228011
          1.09396
          0.76983
          -0.13701
          0.107306
          0.667781
          0.443559
          -0.132833
          -0.00906739
          0.230432
          0.115125
          -86.6317
          -78.7103
          -68.5593
          -76.4079
          -57.2282
          -52.0849
          -43.7529
          -48.7568
          -36.6941
          -33.5001
          -26.5361
          -29.5567
          -22.5032
          -20.6498
          -14.747
          -16.4144
          -12.8124
          -11.864
          -6.80952
          -7.57267
          -6.29761
          -5.94648
          -1.58606
          -1.76071
          -2.01326
          -2.04306
          1.74044
          1.93376
          0.715452
          0.456047
          3.75533
          4.16348
          2.36941
          1.98581
          4.87695
          5.39425
          3.29083
          2.85613
          5.40354
          5.95757
          3.72264
          3.28736
          5.54701
          6.08842
          3.83664
          3.43563
          5.45712
          5.95256
          3.75358
          3.41088
          5.23885
          5.66589
          3.55738
          3.28955
          4.96452
          5.30826
          3.30506
          3.12338
          4.68213
          4.93291
          3.03347
          2.94519
          4.42067
          4.57276
          2.76358
          2.77226
          4.19281
          4.24402
          2.5028
          2.60787
          3.9954
          3.94746
          2.24593
          2.44118
          3.8078
          3.66769
          1.97536
          2.24625
          3.58815
          3.37058
          1.66225
          1.98192
          3.26881
          2.99978
          1.27222
          1.59648
          2.75442
          2.47554
          0.783751
          1.04795
          1.9358
          1.70638
          0.23377
          0.361671
          0.755831
          0.643342
          -76.7903
          -69.7838
          -52.838
          -59.2833
          -51.6739
          -46.7369
          -33.4784
          -37.9505
          -33.3033
          -29.9496
          -19.5076
          -22.4743
          -20.069
          -17.9016
          -9.61324
          -11.4573
          -10.7005
          -9.40328
          -2.76785
          -3.79399
          -4.20819
          -3.53537
          1.82436
          1.37947
          0.167477
          0.403709
          4.77304
          4.729
          3.00301
          2.94438
          6.54072
          6.76193
          4.73245
          4.48483
          7.47549
          7.86117
          5.68026
          5.3221
          7.83731
          8.3133
          6.08751
          5.67656
          7.8191
          8.33128
          6.1321
          5.71068
          7.56296
          8.0721
          5.94427
          5.54336
          7.17271
          7.65052
          5.61833
          5.26069
          6.72331
          7.14937
          5.22129
          4.92375
          6.26768
          6.62722
          4.79898
          4.57418
          5.84145
          6.12369
          4.38001
          4.23751
          5.46571
          5.6628
          3.97791
          3.92474
          5.14786
          5.2543
          3.59113
          3.63173
          4.88005
          4.8928
          3.201
          3.3362
          4.63443
          4.55386
          2.76727
          2.99163
          4.35325
          4.18551
          2.22133
          2.51767
          3.93048
          3.69243
          1.4607
          1.78881
          3.17759
          2.90658
          0.35953
          0.635353
          1.76986
          1.54067
          -50.3595
          -46.0381
          -24.0921
          -27.403
          -35.3765
          -32.1649
          -14.939
          -17.3606
          -23.9958
          -21.6782
          -8.17648
          -9.8764
          -15.4765
          -13.8663
          -3.29139
          -4.4184
          -9.20921
          -8.14787
          0.136279
          -0.546576
          -4.69339
          -4.0491
          2.44846
          2.10123
          -1.52229
          -1.18768
          3.92078
          3.82002
          0.630454
          0.741252
          4.77275
          4.8468
          2.0233
          1.97795
          5.17713
          5.36941
          2.85868
          2.70988
          5.26847
          5.53494
          3.29364
          3.08207
          5.15065
          5.45742
          3.44897
          3.20586
          4.90332
          5.22452
          3.41681
          3.16611
          4.5872
          4.90314
          3.26677
          3.02694
          4.24828
          4.54396
          3.05065
          2.83611
          3.92111
          4.18494
          2.80588
          2.62819
          3.63109
          3.85395
          2.55779
          2.42658
          3.39593
          3.57035
          2.3205
          2.2442
          3.22615
          3.34573
          2.09632
          2.08269
          3.12434
          3.18339
          1.87274
          1.92918
          3.08263
          3.07603
          1.61564
          1.74883
          3.07646
          3.00021
          1.25476
          1.46911
          3.05079
          2.90393
          0.653261
          0.945979
          2.88998
          2.67997
          -0.457836
          -0.113977
          2.331
          2.09107
          -12.8941
          -12.3423
          11.2669
          11.899
          -10.9997
          -10.535
          8.09303
          8.54942
          -9.39258
          -9.0051
          5.64265
          5.97028
          -8.04602
          -7.72651
          3.7556
          3.99006
          -6.93169
          -6.67125
          2.30585
          2.47383
          -6.02048
          -5.8108
          1.19451
          1.31582
          -5.28351
          -5.11699
          0.344259
          0.433392
          -4.69318
          -4.56294
          -0.304717
          -0.237324
          -4.22385
          -4.12373
          -0.798043
          -0.745025
          -3.85228
          -3.77682
          -1.16985
          -1.12615
          -3.55774
          -3.50208
          -1.44503
          -1.4073
          -3.32187
          -3.28167
          -1.64107
          -1.60724
          -3.12849
          -3.09986
          -1.76951
          -1.73846
          -2.96342
          -2.94281
          -1.83716
          -1.80844
          -2.81432
          -2.79846
          -1.84704
          -1.82066
          -2.67073
          -2.65655
          -1.79915
          -1.77544
          -2.5243
          -2.50896
          -1.69123
          -1.6706
          -2.36943
          -2.35028
          -1.51935
          -1.50208
          -2.20428
          -2.17895
          -1.27839
          -1.2644
          -2.0326
          -1.99899
          -0.962088
          -0.950581
          -1.86678
          -1.82299
          -0.561686
          -0.550758
          -1.73361
          -1.67765
          -0.0618263
          -0.0478975
          -1.68602
          -1.61539
          0.567096
          0.590599
          -1.83433
          -1.7407
          1.41718
          1.4594
          26.1901
          22.8751
          44.3142
          48.6148
          14.9048
          12.5455
          29.4298
          32.5636
          6.59728
          4.99085
          18.274
          20.4891
          0.601347
          -0.423552
          10.0217
          11.5251
          -3.61842
          -4.20468
          4.0116
          4.97442
          -6.49086
          -6.75494
          -0.284851
          0.276018
          -8.35587
          -8.39074
          -3.28576
          -3.01646
          -9.4795
          -9.35792
          -5.31831
          -5.25419
          -10.0671
          -9.84493
          -6.6354
          -6.70986
          -10.2747
          -9.9943
          -7.4302
          -7.59259
          -10.2194
          -9.91215
          -7.84829
          -8.06059
          -9.98727
          -9.67607
          -7.99778
          -8.23182
          -9.64006
          -9.34149
          -7.95737
          -8.19245
          -9.22092
          -8.94666
          -7.78259
          -8.00367
          -8.7583
          -8.5165
          -7.51074
          -7.70687
          -8.2693
          -8.06565
          -7.16445
          -7.32748
          -7.76202
          -7.6007
          -6.75423
          -6.87777
          -7.23733
          -7.12175
          -6.28007
          -6.35848
          -6.68969
          -6.62322
          -5.73203
          -5.75957
          -6.10684
          -6.09338
          -5.0894
          -5.0594
          -5.46647
          -5.5105
          -4.31663
          -4.2213
          -4.72604
          -4.83098
          -3.35025
          -3.18201
          -3.79729
          -3.95956
          -2.06145
          -1.81828
          -2.47464
          -2.67224
          -0.228953
          0.0726409
          57.0329
          50.8087
          66.9534
          73.7095
          35.1942
          30.9269
          43.6721
          48.3874
          19.3881
          16.5927
          26.7238
          29.897
          8.13883
          6.42601
          14.5408
          16.5726
          0.292672
          -0.6414
          5.9093
          7.11292
          -5.0406
          -5.42864
          -0.0998629
          0.516018
          -8.54049
          -8.55769
          -4.19087
          -3.98102
          -10.7199
          -10.4964
          -6.89256
          -6.95308
          -11.9624
          -11.5938
          -8.5991
          -8.82979
          -12.5519
          -12.1074
          -9.60206
          -9.92963
          -12.6964
          -12.2258
          -10.1152
          -10.4866
          -12.5464
          -12.0848
          -10.2933
          -10.6705
          -12.2083
          -11.7801
          -10.2464
          -10.6026
          -11.7553
          -11.3772
          -10.0503
          -10.3665
          -11.2345
          -10.9177
          -9.75394
          -10.0169
          -10.6725
          -10.4245
          -9.38442
          -9.5851
          -10.0789
          -9.90421
          -8.95023
          -9.08226
          -9.44711
          -9.34851
          -8.44219
          -8.50114
          -8.75524
          -8.73372
          -7.83297
          -7.81587
          -7.96348
          -8.01839
          -7.07541
          -6.98079
          -7.01048
          -7.13863
          -6.10161
          -5.93034
          -5.80512
          -5.99834
          -4.82808
          -4.58654
          -4.20429
          -4.44072
          -3.17019
          -2.88144
          -1.9787
          -2.20006
          -0.925501
          -0.65153
          72.889
          65.5341
          74.9055
          82.3226
          45.7239
          41.0626
          48.9304
          53.7259
          26.7792
          23.9751
          30.6726
          33.6475
          13.7093
          12.1633
          17.9211
          19.6515
          4.80903
          4.09695
          9.07866
          9.97467
          -1.15208
          -1.32625
          3.00053
          3.34979
          -5.05539
          -4.89695
          -1.13067
          -1.12734
          -7.53038
          -7.18087
          -3.89853
          -4.1016
          -9.02543
          -8.58171
          -5.71942
          -6.03251
          -9.85867
          -9.38635
          -6.88976
          -7.2468
          -10.2543
          -9.79724
          -7.61945
          -7.97563
          -10.3684
          -9.95542
          -8.05566
          -8.38096
          -10.3075
          -9.95695
          -8.29951
          -8.57425
          -10.141
          -9.86418
          -8.41769
          -8.62935
          -9.91037
          -9.71332
          -8.4501
          -8.59125
          -9.63374
          -9.51899
          -8.41449
          -8.48145
          -9.30911
          -9.27609
          -8.30842
          -8.30068
          -8.91429
          -8.95927
          -8.10874
          -8.02894
          -8.40476
          -8.52028
          -7.76844
          -7.62306
          -7.71005
          -7.88381
          -7.211
          -7.01126
          -6.7316
          -6.94634
          -6.32349
          -6.08517
          -5.35418
          -5.59313
          -4.95902
          -4.6961
          -3.50776
          -3.77803
          -3.0115
          -2.71188
          -1.27882
          -1.62678
          -0.980882
          -0.609103
          72.0857
          65.7477
          68.9171
          75.0407
          46.7864
          43.1812
          47.1015
          50.6772
          29.7166
          27.8009
          32.0173
          34.005
          18.1628
          17.2716
          21.4856
          22.4997
          10.3171
          10.0357
          14.0673
          14.4926
          4.97856
          5.04473
          8.79591
          8.87754
          1.33815
          1.58572
          5.0105
          4.90502
          -1.15388
          -0.829767
          2.25518
          2.06243
          -2.87308
          -2.53799
          0.213205
          -0.00347221
          -4.07658
          -3.77087
          -1.33627
          -1.53716
          -4.94011
          -4.688
          -2.54732
          -2.70793
          -5.58276
          -5.3981
          -3.52685
          -3.63257
          -6.08339
          -5.97343
          -4.34778
          -4.39043
          -6.49155
          -6.45919
          -5.05778
          -5.03349
          -6.83421
          -6.87932
          -5.6848
          -5.59283
          -7.11966
          -7.23968
          -6.2403
          -6.08253
          -7.33894
          -7.52895
          -6.72062
          -6.50156
          -7.46523
          -7.71757
          -7.10669
          -6.83402
          -7.451
          -7.75449
          -7.36177
          -7.04723
          -7.22167
          -7.56085
          -7.4249
          -7.08524
          -6.66275
          -7.01825
          -7.19134
          -6.84777
          -5.59262
          -5.94965
          -6.44601
          -6.11374
          -3.72822
          -4.13895
          -4.615
          -4.22858
          -0.996221
          -2.07054
          0.260068
          1.41724
          57.7731
          54.3433
          53.3562
          56.5563
          41.6878
          40.0162
          41.7246
          43.3642
          30.5186
          29.7684
          32.7462
          33.5612
          22.5084
          22.2524
          25.7212
          26.0862
          16.6306
          16.6232
          20.1604
          20.2925
          12.2181
          12.3187
          15.7013
          15.7259
          8.82645
          8.95458
          12.0738
          12.0633
          6.1533
          6.26385
          9.07573
          9.07173
          3.98999
          4.05819
          6.55499
          6.58088
          2.19059
          2.20348
          4.39658
          4.46529
          0.652193
          0.60356
          2.51328
          2.63161
          -0.697913
          -0.810419
          0.838912
          1.01006
          -1.91066
          -2.08715
          -0.676543
          -0.451577
          -3.02065
          -3.25993
          -2.07057
          -1.79221
          -4.04993
          -4.35005
          -3.37107
          -3.04074
          -5.0107
          -5.36958
          -4.5994
          -4.21902
          -5.9081
          -6.32449
          -5.77432
          -5.34549
          -6.74365
          -7.21914
          -6.91845
          -6.44072
          -7.52061
          -8.06328
          -8.06924
          -7.5369
          -8.25046
          -8.88072
          -9.29795
          -8.69501
          -8.9526
          -9.70843
          -10.7394
          -10.0365
          -9.60033
          -10.5215
          -12.6266
          -11.8025
          -9.76286
          -10.7374
          -15.2461
          -14.4641
          -6.38778
          -6.13132
          -18.1331
          -18.8631
          -0.00905291
          -0.15668
          0.00658796
          0.149667
          -0.347048
          -0.477835
          -0.424572
          -0.294166
          -0.910209
          -0.940719
          -1.14382
          -1.10507
          -1.58734
          -1.51325
          -1.98832
          -2.04526
          -2.30765
          -2.17017
          -2.866
          -2.97901
          -3.04128
          -2.89458
          -3.74679
          -3.86343
          -3.78606
          -3.6795
          -4.63763
          -4.70965
          -4.55516
          -4.52733
          -5.56296
          -5.55206
          -5.36914
          -5.44814
          -6.55361
          -6.43123
          -6.25177
          -6.45797
          -7.64186
          -7.38659
          -7.22823
          -7.57741
          -8.8598
          -8.45437
          -8.32461
          -8.83078
          -10.2392
          -9.66783
          -9.56804
          -10.2455
          -11.8118
          -11.0581
          -10.9869
          -11.8517
          -13.6093
          -12.6549
          -12.6109
          -13.6814
          -15.6621
          -14.4862
          -14.4708
          -15.7677
          -17.9979
          -16.5773
          -16.5975
          -18.1425
          -20.6362
          -18.9471
          -19.0201
          -20.8326
          -23.5814
          -21.6027
          -21.7624
          -23.8532
          -26.8078
          -24.5287
          -24.837
          -27.1964
          -30.2358
          -27.6692
          -28.2357
          -30.8117
          -33.6895
          -30.8969
          -31.914
          -34.5717
          -36.8213
          -33.9585
          -35.765
          -38.2133
          -38.9704
          -36.372
          -39.5379
          -41.1154
          -38.7852
          -37.2029
          -0.359466
          -0.691806
          -0.261767
          0.0570193
          -1.28429
          -1.47959
          -1.47418
          -1.27694
          -2.41774
          -2.47594
          -2.85951
          -2.78552
          -3.57929
          -3.55456
          -4.21837
          -4.21729
          -4.70303
          -4.66088
          -5.50128
          -5.51098
          -5.79146
          -5.78918
          -6.73264
          -6.69792
          -6.87758
          -6.95906
          -7.96333
          -7.84121
          -8.00316
          -8.19999
          -9.24775
          -9.00662
          -9.20876
          -9.54341
          -10.635
          -10.2517
          -10.5302
          -11.0192
          -12.1665
          -11.6233
          -11.9976
          -12.6542
          -13.8761
          -13.1583
          -13.6354
          -14.4711
          -15.7902
          -14.8848
          -15.4613
          -16.4865
          -17.9267
          -16.8214
          -17.4844
          -18.7083
          -20.2923
          -18.9761
          -19.7012
          -21.1302
          -22.8769
          -21.3418
          -22.0887
          -23.7236
          -25.6449
          -23.8885
          -24.5932
          -26.4243
          -28.5198
          -26.5513
          -27.1137
          -29.1125
          -31.3618
          -29.2104
          -29.475
          -31.5808
          -33.9323
          -31.6618
          -31.387
          -33.4857
          -35.8382
          -33.57
          -32.3806
          -34.2701
          -36.4455
          -34.3964
          -31.7053
          -33.0396
          -34.7415
          -33.2847
          -28.157
          -28.3485
          -29.1095
          -28.8804
          -19.8053
          -17.9098
          -17.0278
          -19.0506
          -1.06773
          -1.39545
          -0.91467
          -0.603533
          -2.79451
          -2.9145
          -3.12449
          -2.995
          -4.44437
          -4.45595
          -5.06231
          -5.02626
          -5.93419
          -5.92869
          -6.72992
          -6.70328
          -7.29819
          -7.34326
          -8.22201
          -8.1411
          -8.60563
          -8.74698
          -9.64333
          -9.46424
          -9.92581
          -10.1931
          -11.0825
          -10.776
          -11.3166
          -11.7289
          -12.6073
          -12.154
          -12.8223
          -13.3923
          -14.2675
          -13.6539
          -14.4749
          -15.2111
          -16.0972
          -15.3137
          -16.2948
          -17.2031
          -18.1175
          -17.1569
          -18.2906
          -19.3745
          -20.336
          -19.1935
          -20.4571
          -21.717
          -22.7449
          -21.4189
          -22.771
          -24.2021
          -25.3155
          -23.8094
          -25.1835
          -26.7731
          -27.99
          -26.3154
          -27.609
          -29.3317
          -30.6686
          -28.85
          -29.9084
          -31.7194
          -33.1906
          -31.2728
          -31.8656
          -33.6906
          -35.3074
          -33.3658
          -33.1524
          -34.8733
          -36.6436
          -34.7992
          -33.279
          -34.7129
          -36.6414
          -35.0827
          -31.5227
          -32.3924
          -34.4819
          -33.4968
          -26.8258
          -26.7177
          -28.9753
          -28.995
          -17.6568
          -15.9674
          -18.4134
          -20.0701
          -1.81618
          2.33422
          -0.354114
          -4.57257
          -1.61787
          -1.66675
          -1.87965
          -1.8218
          -3.99802
          -3.91693
          -4.64052
          -4.69265
          -5.86589
          -5.78514
          -6.65369
          -6.69956
          -7.40077
          -7.39404
          -8.24838
          -8.22023
          -8.76511
          -8.87162
          -9.65055
          -9.51127
          -10.0792
          -10.319
          -11.0062
          -10.7361
          -11.4257
          -11.8085
          -12.4077
          -11.9967
          -12.8586
          -13.389
          -13.9128
          -13.3555
          -14.4115
          -15.0909
          -15.5556
          -14.8496
          -16.1018
          -16.9296
          -17.3535
          -16.4984
          -17.9327
          -18.9062
          -19.3091
          -18.3066
          -19.893
          -21.0063
          -21.41
          -20.2649
          -21.9538
          -23.196
          -23.6257
          -22.3474
          -24.0634
          -25.4165
          -25.9018
          -24.5071
          -26.139
          -27.5744
          -28.1522
          -26.6682
          -28.0556
          -29.5293
          -30.2468
          -28.7159
          -29.6299
          -31.0766
          -31.9957
          -30.4816
          -30.5994
          -31.9239
          -33.1275
          -31.7235
          -30.5932
          -31.6603
          -33.2612
          -32.1012
          -29.0952
          -29.7153
          -31.8696
          -31.1413
          -25.3945
          -25.3074
          -28.2317
          -28.1944
          -18.5245
          -17.3788
          -21.3759
          -22.3801
          -7.1844
          -4.51443
          -10.0081
          -12.5197
          10.3496
          15.1401
          7.56155
          2.9454
          -1.15107
          -0.898128
          -2.62931
          -2.81208
          -3.55817
          -3.3317
          -4.76362
          -4.93205
          -5.18035
          -5.05001
          -6.15625
          -6.24152
          -6.41815
          -6.40637
          -7.22684
          -7.20474
          -7.49245
          -7.60352
          -8.18642
          -8.05062
          -8.52615
          -8.75779
          -9.14562
          -8.8966
          -9.58794
          -9.93589
          -10.1638
          -9.8043
          -10.7154
          -11.1749
          -11.2722
          -10.8057
          -11.9264
          -12.4926
          -12.4854
          -11.9158
          -13.225
          -13.8921
          -13.8061
          -13.1377
          -14.603
          -15.3639
          -15.2263
          -14.4653
          -16.0395
          -16.8839
          -16.7269
          -15.8821
          -17.4981
          -18.4114
          -18.2751
          -17.3592
          -18.9229
          -19.8843
          -19.8203
          -18.8524
          -20.2327
          -21.2119
          -21.2889
          -20.2961
          -21.3123
          -22.2672
          -22.5764
          -21.5972
          -22.0028
          -22.875
          -23.5383
          -22.6263
          -22.0876
          -22.798
          -23.9785
          -23.2066
          -21.2771
          -21.7201
          -23.6347
          -23.1004
          -19.1879
          -19.2254
          -22.1622
          -21.9927
          -15.3205
          -14.7748
          -19.1138
          -19.4727
          -9.03159
          -7.67906
          -13.9182
          -15.0109
          0.495332
          2.92962
          -5.85599
          -7.93359
          14.2877
          18.1362
          5.9716
          2.60744
          0.587158
          0.801485
          -2.32437
          -2.41004
          -0.86607
          -0.716872
          -2.6829
          -2.75101
          -1.75428
          -1.67496
          -2.92069
          -2.94848
          -2.38445
          -2.36985
          -3.1342
          -3.11705
          -2.9003
          -2.94379
          -3.36532
          -3.30417
          -3.37324
          -3.46899
          -3.63296
          -3.53017
          -3.83978
          -3.98306
          -3.94569
          -3.8037
          -4.31808
          -4.505
          -4.30696
          -4.128
          -4.81555
          -5.04262
          -4.71733
          -4.50351
          -5.33222
          -5.59587
          -5.17511
          -4.92871
          -5.86189
          -6.15787
          -5.67637
          -5.40017
          -6.39197
          -6.7148
          -6.21441
          -5.91214
          -6.90251
          -7.24473
          -6.77887
          -6.4557
          -7.36442
          -7.71576
          -7.35451
          -7.01769
          -7.73703
          -8.0834
          -7.91963
          -7.57918
          -7.96491
          -8.2872
          -8.44407
          -8.11363
          -7.97395
          -8.24663
          -8.88679
          -8.58459
          -7.66664
          -7.85613
          -9.19301
          -8.9429
          -6.91657
          -6.97946
          -9.29091
          -9.12345
          -5.56218
          -5.44335
          -9.08794
          -9.04144
          -3.39984
          -3.03059
          -8.4669
          -8.58815
          -0.176221
          0.527394
          -7.28178
          -7.62642
          4.42128
          5.56025
          -5.35253
          -5.98521
          10.7765
          12.4701
          -2.4595
          -3.45293
          2.41004
          2.32437
          -0.801485
          -0.587158
          2.75101
          2.6829
          0.716872
          0.86607
          2.94848
          2.92069
          1.67496
          1.75428
          3.11705
          3.1342
          2.36985
          2.38445
          3.30417
          3.36532
          2.94379
          2.9003
          3.53017
          3.63296
          3.46899
          3.37324
          3.8037
          3.94569
          3.98306
          3.83978
          4.128
          4.30696
          4.505
          4.31808
          4.50351
          4.71733
          5.04262
          4.81555
          4.92871
          5.17511
          5.59587
          5.33222
          5.40017
          5.67637
          6.15787
          5.86189
          5.91214
          6.21441
          6.7148
          6.39197
          6.4557
          6.77887
          7.24473
          6.90251
          7.01769
          7.35451
          7.71576
          7.36442
          7.57918
          7.91963
          8.0834
          7.73703
          8.11363
          8.44407
          8.2872
          7.96491
          8.58459
          8.88679
          8.24663
          7.97395
          8.9429
          9.19301
          7.85613
          7.66664
          9.12345
          9.29091
          6.97946
          6.91657
          9.04144
          9.08794
          5.44335
          5.56218
          8.58815
          8.4669
          3.03059
          3.39984
          7.62642
          7.28178
          -0.527394
          0.176221
          5.98521
          5.35253
          -5.56025
          -4.42128
          3.45293
          2.4595
          -12.4701
          -10.7765
          2.81208
          2.62931
          0.898128
          1.15107
          4.93205
          4.76362
          3.3317
          3.55817
          6.24152
          6.15625
          5.05001
          5.18035
          7.20474
          7.22684
          6.40637
          6.41815
          8.05062
          8.18642
          7.60352
          7.49245
          8.8966
          9.14562
          8.75779
          8.52615
          9.8043
          10.1638
          9.93589
          9.58794
          10.8057
          11.2722
          11.1749
          10.7154
          11.9158
          12.4854
          12.4926
          11.9264
          13.1377
          13.8061
          13.8921
          13.225
          14.4653
          15.2263
          15.3639
          14.603
          15.8821
          16.7269
          16.8839
          16.0395
          17.3592
          18.2751
          18.4114
          17.4981
          18.8524
          19.8203
          19.8843
          18.9229
          20.2961
          21.2889
          21.2119
          20.2327
          21.5972
          22.5764
          22.2672
          21.3123
          22.6263
          23.5383
          22.875
          22.0028
          23.2066
          23.9785
          22.798
          22.0876
          23.1004
          23.6347
          21.7201
          21.2771
          21.9927
          22.1622
          19.2254
          19.1879
          19.4727
          19.1138
          14.7748
          15.3205
          15.0109
          13.9182
          7.67906
          9.03159
          7.93359
          5.85599
          -2.92962
          -0.495332
          -2.60744
          -5.9716
          -18.1362
          -14.2877
          1.8218
          1.87965
          1.66675
          1.61787
          4.69265
          4.64052
          3.91693
          3.99802
          6.69956
          6.65369
          5.78514
          5.86589
          8.22023
          8.24838
          7.39404
          7.40077
          9.51127
          9.65055
          8.87162
          8.76511
          10.7361
          11.0062
          10.319
          10.0792
          11.9967
          12.4077
          11.8085
          11.4257
          13.3555
          13.9128
          13.389
          12.8586
          14.8496
          15.5556
          15.0909
          14.4115
          16.4984
          17.3535
          16.9296
          16.1018
          18.3066
          19.3091
          18.9062
          17.9327
          20.2649
          21.41
          21.0063
          19.893
          22.3474
          23.6257
          23.196
          21.9538
          24.5071
          25.9018
          25.4165
          24.0634
          26.6682
          28.1522
          27.5744
          26.139
          28.7159
          30.2468
          29.5293
          28.0556
          30.4816
          31.9957
          31.0766
          29.6299
          31.7235
          33.1275
          31.9239
          30.5994
          32.1012
          33.2612
          31.6603
          30.5932
          31.1413
          31.8696
          29.7153
          29.0952
          28.1944
          28.2317
          25.3074
          25.3945
          22.3801
          21.3759
          17.3788
          18.5245
          12.5197
          10.0081
          4.51443
          7.1844
          -2.9454
          -7.56155
          -15.1401
          -10.3496
          0.603533
          0.91467
          1.39545
          1.06773
          2.995
          3.12449
          2.9145
          2.79451
          5.02626
          5.06231
          4.45595
          4.44437
          6.70328
          6.72992
          5.92869
          5.93419
          8.1411
          8.22201
          7.34326
          7.29819
          9.46424
          9.64333
          8.74698
          8.60563
          10.776
          11.0825
          10.1931
          9.92581
          12.154
          12.6073
          11.7289
          11.3166
          13.6539
          14.2675
          13.3923
          12.8223
          15.3137
          16.0972
          15.2111
          14.4749
          17.1569
          18.1175
          17.2031
          16.2948
          19.1935
          20.336
          19.3745
          18.2906
          21.4189
          22.7449
          21.717
          20.4571
          23.8094
          25.3155
          24.2021
          22.771
          26.3154
          27.99
          26.7731
          25.1835
          28.85
          30.6686
          29.3317
          27.609
          31.2728
          33.1906
          31.7194
          29.9084
          33.3658
          35.3074
          33.6906
          31.8656
          34.7992
          36.6436
          34.8733
          33.1524
          35.0827
          36.6414
          34.7129
          33.279
          33.4968
          34.4819
          32.3924
          31.5227
          28.995
          28.9753
          26.7177
          26.8258
          20.0701
          18.4134
          15.9674
          17.6568
          4.57257
          0.354114
          -2.33422
          1.81618
          -0.0570193
          0.261767
          0.691806
          0.359466
          1.27694
          1.47418
          1.47959
          1.28429
          2.78552
          2.85951
          2.47594
          2.41774
          4.21729
          4.21837
          3.55456
          3.57929
          5.51098
          5.50128
          4.66088
          4.70303
          6.69792
          6.73264
          5.78918
          5.79146
          7.84121
          7.96333
          6.95906
          6.87758
          9.00662
          9.24775
          8.19999
          8.00316
          10.2517
          10.635
          9.54341
          9.20876
          11.6233
          12.1665
          11.0192
          10.5302
          13.1583
          13.8761
          12.6542
          11.9976
          14.8848
          15.7902
          14.4711
          13.6354
          16.8214
          17.9267
          16.4865
          15.4613
          18.9761
          20.2923
          18.7083
          17.4844
          21.3418
          22.8769
          21.1302
          19.7012
          23.8885
          25.6449
          23.7236
          22.0887
          26.5513
          28.5198
          26.4243
          24.5932
          29.2104
          31.3618
          29.1125
          27.1137
          31.6618
          33.9323
          31.5808
          29.475
          33.57
          35.8382
          33.4857
          31.387
          34.3964
          36.4455
          34.2701
          32.3806
          33.2847
          34.7415
          33.0396
          31.7053
          28.8804
          29.1095
          28.3485
          28.157
          19.0506
          17.0278
          17.9098
          19.8053
          -0.149667
          -0.00658796
          0.15668
          0.00905291
          0.294166
          0.424572
          0.477835
          0.347048
          1.10507
          1.14382
          0.940719
          0.910209
          2.04526
          1.98832
          1.51325
          1.58734
          2.97901
          2.866
          2.17017
          2.30765
          3.86343
          3.74679
          2.89458
          3.04128
          4.70965
          4.63763
          3.6795
          3.78606
          5.55206
          5.56296
          4.52733
          4.55516
          6.43123
          6.55361
          5.44814
          5.36914
          7.38659
          7.64186
          6.45797
          6.25177
          8.45437
          8.8598
          7.57741
          7.22823
          9.66783
          10.2392
          8.83078
          8.32461
          11.0581
          11.8118
          10.2455
          9.56804
          12.6549
          13.6093
          11.8517
          10.9869
          14.4862
          15.6621
          13.6814
          12.6109
          16.5773
          17.9979
          15.7677
          14.4708
          18.9471
          20.6362
          18.1425
          16.5975
          21.6027
          23.5814
          20.8326
          19.0201
          24.5287
          26.8078
          23.8532
          21.7624
          27.6692
          30.2358
          27.1964
          24.837
          30.8969
          33.6895
          30.8117
          28.2357
          33.9585
          36.8213
          34.5717
          31.914
          36.372
          38.9704
          38.2133
          35.765
          37.2029
          38.7852
          41.1154
          39.5379
          22.8256
          23.3089
          16.9272
          16.6849
          17.2756
          17.8978
          14.6076
          14.104
          13.557
          14.0522
          12.0417
          11.6167
          10.993
          11.3358
          9.89332
          9.60049
          9.0384
          9.23959
          8.04906
          7.8901
          7.38004
          7.45119
          6.35928
          6.32859
          5.84739
          5.79623
          4.72115
          4.8143
          4.34815
          4.17862
          3.07083
          3.286
          2.83062
          2.54319
          1.36737
          1.70573
          1.26256
          0.854374
          -0.419175
          0.0467909
          -0.380362
          -0.915546
          -2.31488
          -1.71347
          -2.1207
          -2.79253
          -4.34583
          -3.59757
          -3.98219
          -4.8037
          -6.53958
          -5.62951
          -5.99091
          -6.97828
          -8.92506
          -7.83486
          -8.17515
          -9.34718
          -11.5309
          -10.2395
          -10.5643
          -11.9413
          -14.3819
          -12.8667
          -13.1865
          -14.788
          -17.4929
          -15.7323
          -16.0646
          -17.9053
          -20.8585
          -18.8366
          -19.2094
          -21.2915
          -24.4348
          -22.1503
          -22.6084
          -24.9076
          -28.1103
          -25.5915
          -26.206
          -28.6476
          -31.6534
          -28.9864
          -29.8706
          -32.2842
          -34.622
          -32.0012
          -33.3332
          -35.3727
          -36.1956
          -34.0149
          -36.0272
          -36.93
          -34.7269
          -33.8473
          13.274
          13.6428
          10.1384
          9.90425
          12.2268
          12.5828
          9.31375
          9.08289
          10.3001
          10.45
          7.93712
          7.88471
          8.27799
          8.25374
          6.28235
          6.38476
          6.29241
          6.12958
          4.48808
          4.71802
          4.33777
          4.05629
          2.6017
          2.94488
          2.38456
          1.99233
          0.63306
          1.08534
          0.403361
          -0.0995509
          -1.42368
          -0.859721
          -1.63191
          -2.25042
          -3.58172
          -2.89909
          -3.74473
          -4.48701
          -5.85801
          -5.04672
          -5.95655
          -6.83286
          -8.2707
          -7.31881
          -8.28627
          -9.30795
          -10.8367
          -9.73112
          -10.7485
          -11.9269
          -13.568
          -12.2958
          -13.3502
          -14.695
          -16.4672
          -15.0169
          -16.0853
          -17.6026
          -19.52
          -17.8841
          -18.9269
          -20.6153
          -22.6848
          -20.8636
          -21.8146
          -23.6598
          -25.8769
          -23.8843
          -24.6365
          -26.6028
          -28.9449
          -26.8179
          -27.2012
          -29.2178
          -31.6344
          -29.4475
          -29.1954
          -31.1356
          -33.5339
          -31.4221
          -30.1188
          -31.7665
          -33.991
          -32.1857
          -29.1812
          -30.1782
          -31.9813
          -30.8685
          -25.1339
          -24.8905
          -25.9006
          -26.1174
          -16.011
          -13.6075
          -13.3021
          -15.8458
          7.61828
          7.66364
          4.78239
          4.85275
          6.81747
          6.71848
          4.29075
          4.48853
          5.59146
          5.35041
          3.2817
          3.6086
          4.00198
          3.63997
          1.86664
          2.30408
          2.18197
          1.71723
          0.163838
          0.696634
          0.213461
          -0.345615
          -1.74235
          -1.11996
          -1.86329
          -2.51643
          -3.80406
          -3.09023
          -4.03325
          -4.78534
          -5.99931
          -5.18743
          -6.29508
          -7.15373
          -8.32153
          -7.40252
          -8.65335
          -9.62702
          -10.7715
          -9.73552
          -11.1129
          -12.2094
          -13.3508
          -12.1887
          -13.6736
          -14.8988
          -16.0559
          -14.7607
          -16.3254
          -17.681
          -18.8725
          -17.441
          -19.0413
          -20.5229
          -21.7672
          -20.2027
          -21.769
          -23.3627
          -24.6788
          -22.9941
          -24.419
          -26.0968
          -27.5047
          -25.7272
          -26.8487
          -28.5619
          -30.0835
          -28.2617
          -28.8394
          -30.5096
          -32.17
          -30.3831
          -30.065
          -31.5712
          -33.4015
          -31.7728
          -30.0479
          -31.2091
          -33.2514
          -31.9667
          -28.0986
          -28.649
          -30.9652
          -30.2988
          -23.2314
          -22.7888
          -25.4773
          -25.825
          -14.0591
          -12.0891
          -15.3086
          -17.2263
          1.33904
          5.5718
          1.56722
          -2.68783
          3.12702
          2.80553
          0.967925
          1.36636
          2.70403
          2.28634
          0.690498
          1.17611
          1.75344
          1.27177
          -0.165009
          0.378808
          0.444728
          -0.0905753
          -1.39622
          -0.803406
          -1.11082
          -1.69977
          -2.8798
          -2.23767
          -2.83658
          -3.48408
          -4.54266
          -3.84605
          -4.68611
          -5.39928
          -6.34331
          -5.58465
          -6.63391
          -7.42044
          -8.25963
          -7.43066
          -8.66642
          -9.53324
          -10.2799
          -9.37297
          -10.7745
          -11.7267
          -12.3959
          -11.405
          -12.9472
          -13.987
          -14.5969
          -13.5189
          -15.1663
          -16.2916
          -16.8647
          -15.7006
          -17.4002
          -18.603
          -19.1677
          -17.9241
          -19.5977
          -20.8618
          -21.4542
          -20.1458
          -21.6794
          -22.9776
          -23.6449
          -22.2972
          -23.5276
          -24.8177
          -25.6224
          -24.2752
          -24.9728
          -26.1929
          -27.2184
          -25.9311
          -25.7768
          -26.8388
          -28.1977
          -27.0552
          -25.6109
          -26.3931
          -28.2378
          -27.3581
          -24.0292
          -24.3665
          -26.9044
          -26.448
          -20.4354
          -20.1093
          -23.6225
          -23.8022
          -14.0455
          -12.7737
          -17.6444
          -18.7355
          -3.84475
          -1.27118
          -8.01381
          -10.3634
          11.4588
          15.7673
          6.46943
          2.43968
          0.540972
          0.162206
          -0.398377
          0.00459621
          0.490129
          0.105403
          -0.666213
          -0.248413
          -0.0199465
          -0.406981
          -1.26017
          -0.83651
          -0.802354
          -1.19819
          -2.04045
          -1.6082
          -1.75394
          -2.16742
          -2.94029
          -2.49301
          -2.81777
          -3.25734
          -3.92605
          -3.45669
          -3.96071
          -4.43351
          -4.98056
          -4.48267
          -5.16244
          -5.67402
          -6.09477
          -5.56297
          -6.40898
          -6.96298
          -7.26289
          -6.69327
          -7.68784
          -8.28569
          -8.4791
          -7.86961
          -8.98413
          -9.62446
          -9.73469
          -9.08568
          -10.2769
          -10.9548
          -11.0154
          -10.3303
          -11.5353
          -12.2414
          -12.2984
          -11.5847
          -12.7145
          -13.4337
          -13.5494
          -12.8195
          -13.7508
          -14.4605
          -14.718
          -13.9912
          -14.5559
          -15.2239
          -15.7338
          -15.0374
          -15.0095
          -15.592
          -16.5004
          -15.8721
          -14.9518
          -15.3902
          -16.8889
          -16.3792
          -14.1734
          -14.3916
          -16.731
          -16.4054
          -12.4056
          -12.3067
          -15.8106
          -15.7523
          -9.30877
          -8.77247
          -13.8564
          -14.1678
          -4.46083
          -3.34146
          -10.5331
          -11.337
          2.655
          4.52951
          -5.43319
          -6.87243
          12.6671
          15.4962
          1.93502
          -0.301948
          -0.0293759
          -0.0306397
          0.0306397
          0.0293759
          0.198768
          0.207341
          -0.207341
          -0.198768
          0.290752
          0.303327
          -0.303327
          -0.290752
          0.309134
          0.322544
          -0.322544
          -0.309134
          0.285295
          0.297711
          -0.297711
          -0.285295
          0.23768
          0.248058
          -0.248058
          -0.23768
          0.1779
          0.185697
          -0.185697
          -0.1779
          0.113999
          0.119015
          -0.119015
          -0.113999
          0.0521789
          0.0544848
          -0.0544848
          -0.0521789
          -0.0021359
          -0.00223073
          0.00223073
          0.0021359
          -0.0435139
          -0.0454554
          0.0454554
          0.0435139
          -0.0658507
          -0.0688048
          0.0688048
          0.0658507
          -0.0617531
          -0.0645395
          0.0645395
          0.0617531
          -0.0219235
          -0.022919
          0.022919
          0.0219235
          0.0655107
          0.0685053
          -0.0685053
          -0.0655107
          0.215706
          0.225639
          -0.225639
          -0.215706
          0.447888
          0.468676
          -0.468676
          -0.447888
          0.78618
          0.822982
          -0.822982
          -0.78618
          1.26046
          1.32001
          -1.32001
          -1.26046
          1.90719
          1.99821
          -1.99821
          -1.90719
          2.77031
          2.90397
          -2.90397
          -2.77031
          3.90212
          4.09262
          -4.09262
          -3.90212
          5.3648
          5.63009
          -5.63009
          -5.3648
          7.23218
          7.59484
          -7.59484
          -7.23218
          -0.00459621
          0.398377
          -0.162206
          -0.540972
          0.248413
          0.666213
          -0.105403
          -0.490129
          0.83651
          1.26017
          0.406981
          0.0199465
          1.6082
          2.04045
          1.19819
          0.802354
          2.49301
          2.94029
          2.16742
          1.75394
          3.45669
          3.92605
          3.25734
          2.81777
          4.48267
          4.98056
          4.43351
          3.96071
          5.56297
          6.09477
          5.67402
          5.16244
          6.69327
          7.26289
          6.96298
          6.40898
          7.86961
          8.4791
          8.28569
          7.68784
          9.08568
          9.73469
          9.62446
          8.98413
          10.3303
          11.0154
          10.9548
          10.2769
          11.5847
          12.2984
          12.2414
          11.5353
          12.8195
          13.5494
          13.4337
          12.7145
          13.9912
          14.718
          14.4605
          13.7508
          15.0374
          15.7338
          15.2239
          14.5559
          15.8721
          16.5004
          15.592
          15.0095
          16.3792
          16.8889
          15.3902
          14.9518
          16.4054
          16.731
          14.3916
          14.1734
          15.7523
          15.8106
          12.3067
          12.4056
          14.1678
          13.8564
          8.77247
          9.30877
          11.337
          10.5331
          3.34146
          4.46083
          6.87243
          5.43319
          -4.52951
          -2.655
          0.301948
          -1.93502
          -15.4962
          -12.6671
          -1.36636
          -0.967925
          -2.80553
          -3.12702
          -1.17611
          -0.690498
          -2.28634
          -2.70403
          -0.378808
          0.165009
          -1.27177
          -1.75344
          0.803406
          1.39622
          0.0905753
          -0.444728
          2.23767
          2.8798
          1.69977
          1.11082
          3.84605
          4.54266
          3.48408
          2.83658
          5.58465
          6.34331
          5.39928
          4.68611
          7.43066
          8.25963
          7.42044
          6.63391
          9.37297
          10.2799
          9.53324
          8.66642
          11.405
          12.3959
          11.7267
          10.7745
          13.5189
          14.5969
          13.987
          12.9472
          15.7006
          16.8647
          16.2916
          15.1663
          17.9241
          19.1677
          18.603
          17.4002
          20.1458
          21.4542
          20.8618
          19.5977
          22.2972
          23.6449
          22.9776
          21.6794
          24.2752
          25.6224
          24.8177
          23.5276
          25.9311
          27.2184
          26.1929
          24.9728
          27.0552
          28.1977
          26.8388
          25.7768
          27.3581
          28.2378
          26.3931
          25.6109
          26.448
          26.9044
          24.3665
          24.0292
          23.8022
          23.6225
          20.1093
          20.4354
          18.7355
          17.6444
          12.7737
          14.0455
          10.3634
          8.01381
          1.27118
          3.84475
          -2.43968
          -6.46943
          -15.7673
          -11.4588
          -4.85275
          -4.78239
          -7.66364
          -7.61828
          -4.48853
          -4.29075
          -6.71848
          -6.81747
          -3.6086
          -3.2817
          -5.35041
          -5.59146
          -2.30408
          -1.86664
          -3.63997
          -4.00198
          -0.696634
          -0.163838
          -1.71723
          -2.18197
          1.11996
          1.74235
          0.345615
          -0.213461
          3.09023
          3.80406
          2.51643
          1.86329
          5.18743
          5.99931
          4.78534
          4.03325
          7.40252
          8.32153
          7.15373
          6.29508
          9.73552
          10.7715
          9.62702
          8.65335
          12.1887
          13.3508
          12.2094
          11.1129
          14.7607
          16.0559
          14.8988
          13.6736
          17.441
          18.8725
          17.681
          16.3254
          20.2027
          21.7672
          20.5229
          19.0413
          22.9941
          24.6788
          23.3627
          21.769
          25.7272
          27.5047
          26.0968
          24.419
          28.2617
          30.0835
          28.5619
          26.8487
          30.3831
          32.17
          30.5096
          28.8394
          31.7728
          33.4015
          31.5712
          30.065
          31.9667
          33.2514
          31.2091
          30.0479
          30.2988
          30.9652
          28.649
          28.0986
          25.825
          25.4773
          22.7888
          23.2314
          17.2263
          15.3086
          12.0891
          14.0591
          2.68783
          -1.56722
          -5.5718
          -1.33904
          -9.90425
          -10.1384
          -13.6428
          -13.274
          -9.08289
          -9.31375
          -12.5828
          -12.2268
          -7.88471
          -7.93712
          -10.45
          -10.3001
          -6.38476
          -6.28235
          -8.25374
          -8.27799
          -4.71802
          -4.48808
          -6.12958
          -6.29241
          -2.94488
          -2.6017
          -4.05629
          -4.33777
          -1.08534
          -0.63306
          -1.99233
          -2.38456
          0.859721
          1.42368
          0.0995509
          -0.403361
          2.89909
          3.58172
          2.25042
          1.63191
          5.04672
          5.85801
          4.48701
          3.74473
          7.31881
          8.2707
          6.83286
          5.95655
          9.73112
          10.8367
          9.30795
          8.28627
          12.2958
          13.568
          11.9269
          10.7485
          15.0169
          16.4672
          14.695
          13.3502
          17.8841
          19.52
          17.6026
          16.0853
          20.8636
          22.6848
          20.6153
          18.9269
          23.8843
          25.8769
          23.6598
          21.8146
          26.8179
          28.9449
          26.6028
          24.6365
          29.4475
          31.6344
          29.2178
          27.2012
          31.4221
          33.5339
          31.1356
          29.1954
          32.1857
          33.991
          31.7665
          30.1188
          30.8685
          31.9813
          30.1782
          29.1812
          26.1174
          25.9006
          24.8905
          25.1339
          15.8458
          13.3021
          13.6075
          16.011
          -16.6849
          -16.9272
          -23.3089
          -22.8256
          -14.104
          -14.6076
          -17.8978
          -17.2756
          -11.6167
          -12.0417
          -14.0522
          -13.557
          -9.60049
          -9.89332
          -11.3358
          -10.993
          -7.8901
          -8.04906
          -9.23959
          -9.0384
          -6.32859
          -6.35928
          -7.45119
          -7.38004
          -4.8143
          -4.72115
          -5.79623
          -5.84739
          -3.286
          -3.07083
          -4.17862
          -4.34815
          -1.70573
          -1.36737
          -2.54319
          -2.83062
          -0.0467909
          0.419175
          -0.854374
          -1.26256
          1.71347
          2.31488
          0.915546
          0.380362
          3.59757
          4.34583
          2.79253
          2.1207
          5.62951
          6.53958
          4.8037
          3.98219
          7.83486
          8.92506
          6.97828
          5.99091
          10.2395
          11.5309
          9.34718
          8.17515
          12.8667
          14.3819
          11.9413
          10.5643
          15.7323
          17.4929
          14.788
          13.1865
          18.8366
          20.8585
          17.9053
          16.0646
          22.1503
          24.4348
          21.2915
          19.2094
          25.5915
          28.1103
          24.9076
          22.6084
          28.9864
          31.6534
          28.6476
          26.206
          32.0012
          34.622
          32.2842
          29.8706
          34.0149
          36.1956
          35.3727
          33.3332
          33.8473
          34.7269
          36.93
          36.0272
          -56.5563
          -53.3562
          -54.3433
          -57.7731
          -43.3642
          -41.7246
          -40.0162
          -41.6878
          -33.5612
          -32.7462
          -29.7684
          -30.5186
          -26.0862
          -25.7212
          -22.2524
          -22.5084
          -20.2925
          -20.1604
          -16.6232
          -16.6306
          -15.7259
          -15.7013
          -12.3187
          -12.2181
          -12.0633
          -12.0738
          -8.95458
          -8.82645
          -9.07173
          -9.07573
          -6.26385
          -6.1533
          -6.58088
          -6.55499
          -4.05819
          -3.98999
          -4.46529
          -4.39658
          -2.20348
          -2.19059
          -2.63161
          -2.51328
          -0.60356
          -0.652193
          -1.01006
          -0.838912
          0.810419
          0.697913
          0.451577
          0.676543
          2.08715
          1.91066
          1.79221
          2.07057
          3.25993
          3.02065
          3.04074
          3.37107
          4.35005
          4.04993
          4.21902
          4.5994
          5.36958
          5.0107
          5.34549
          5.77432
          6.32449
          5.9081
          6.44072
          6.91845
          7.21914
          6.74365
          7.5369
          8.06924
          8.06328
          7.52061
          8.69501
          9.29795
          8.88072
          8.25046
          10.0365
          10.7394
          9.70843
          8.9526
          11.8025
          12.6266
          10.5215
          9.60033
          14.4641
          15.2461
          10.7374
          9.76286
          18.8631
          18.1331
          6.13132
          6.38778
          -75.0407
          -68.9171
          -65.7477
          -72.0857
          -50.6772
          -47.1015
          -43.1812
          -46.7864
          -34.005
          -32.0173
          -27.8009
          -29.7166
          -22.4997
          -21.4856
          -17.2716
          -18.1628
          -14.4926
          -14.0673
          -10.0357
          -10.3171
          -8.87754
          -8.79591
          -5.04473
          -4.97856
          -4.90502
          -5.0105
          -1.58572
          -1.33815
          -2.06243
          -2.25518
          0.829767
          1.15388
          0.00347221
          -0.213205
          2.53799
          2.87308
          1.53716
          1.33627
          3.77087
          4.07658
          2.70793
          2.54732
          4.688
          4.94011
          3.63257
          3.52685
          5.3981
          5.58276
          4.39043
          4.34778
          5.97343
          6.08339
          5.03349
          5.05778
          6.45919
          6.49155
          5.59283
          5.6848
          6.87932
          6.83421
          6.08253
          6.2403
          7.23968
          7.11966
          6.50156
          6.72062
          7.52895
          7.33894
          6.83402
          7.10669
          7.71757
          7.46523
          7.04723
          7.36177
          7.75449
          7.451
          7.08524
          7.4249
          7.56085
          7.22167
          6.84777
          7.19134
          7.01825
          6.66275
          6.11374
          6.44601
          5.94965
          5.59262
          4.22858
          4.615
          4.13895
          3.72822
          -1.41724
          -0.260068
          2.07054
          0.996221
          -82.3226
          -74.9055
          -65.5341
          -72.889
          -53.7259
          -48.9304
          -41.0626
          -45.7239
          -33.6475
          -30.6726
          -23.9751
          -26.7792
          -19.6515
          -17.9211
          -12.1633
          -13.7093
          -9.97467
          -9.07866
          -4.09695
          -4.80903
          -3.34979
          -3.00053
          1.32625
          1.15208
          1.12734
          1.13067
          4.89695
          5.05539
          4.1016
          3.89853
          7.18087
          7.53038
          6.03251
          5.71942
          8.58171
          9.02543
          7.2468
          6.88976
          9.38635
          9.85867
          7.97563
          7.61945
          9.79724
          10.2543
          8.38096
          8.05566
          9.95542
          10.3684
          8.57425
          8.29951
          9.95695
          10.3075
          8.62935
          8.41769
          9.86418
          10.141
          8.59125
          8.4501
          9.71332
          9.91037
          8.48145
          8.41449
          9.51899
          9.63374
          8.30068
          8.30842
          9.27609
          9.30911
          8.02894
          8.10874
          8.95927
          8.91429
          7.62306
          7.76844
          8.52028
          8.40476
          7.01126
          7.211
          7.88381
          7.71005
          6.08517
          6.32349
          6.94634
          6.7316
          4.6961
          4.95902
          5.59313
          5.35418
          2.71188
          3.0115
          3.77803
          3.50776
          0.609103
          0.980882
          1.62678
          1.27882
          -73.7095
          -66.9534
          -50.8087
          -57.0329
          -48.3874
          -43.6721
          -30.9269
          -35.1942
          -29.897
          -26.7238
          -16.5927
          -19.3881
          -16.5726
          -14.5408
          -6.42601
          -8.13883
          -7.11292
          -5.9093
          0.6414
          -0.292672
          -0.516018
          0.0998629
          5.42864
          5.0406
          3.98102
          4.19087
          8.55769
          8.54049
          6.95308
          6.89256
          10.4964
          10.7199
          8.82979
          8.5991
          11.5938
          11.9624
          9.92963
          9.60206
          12.1074
          12.5519
          10.4866
          10.1152
          12.2258
          12.6964
          10.6705
          10.2933
          12.0848
          12.5464
          10.6026
          10.2464
          11.7801
          12.2083
          10.3665
          10.0503
          11.3772
          11.7553
          10.0169
          9.75394
          10.9177
          11.2345
          9.5851
          9.38442
          10.4245
          10.6725
          9.08226
          8.95023
          9.90421
          10.0789
          8.50114
          8.44219
          9.34851
          9.44711
          7.81587
          7.83297
          8.73372
          8.75524
          6.98079
          7.07541
          8.01839
          7.96348
          5.93034
          6.10161
          7.13863
          7.01048
          4.58654
          4.82808
          5.99834
          5.80512
          2.88144
          3.17019
          4.44072
          4.20429
          0.65153
          0.925501
          2.20006
          1.9787
          -48.6148
          -44.3142
          -22.8751
          -26.1901
          -32.5636
          -29.4298
          -12.5455
          -14.9048
          -20.4891
          -18.274
          -4.99085
          -6.59728
          -11.5251
          -10.0217
          0.423552
          -0.601347
          -4.97442
          -4.0116
          4.20468
          3.61842
          -0.276018
          0.284851
          6.75494
          6.49086
          3.01646
          3.28576
          8.39074
          8.35587
          5.25419
          5.31831
          9.35792
          9.4795
          6.70986
          6.6354
          9.84493
          10.0671
          7.59259
          7.4302
          9.9943
          10.2747
          8.06059
          7.84829
          9.91215
          10.2194
          8.23182
          7.99778
          9.67607
          9.98727
          8.19245
          7.95737
          9.34149
          9.64006
          8.00367
          7.78259
          8.94666
          9.22092
          7.70687
          7.51074
          8.5165
          8.7583
          7.32748
          7.16445
          8.06565
          8.2693
          6.87777
          6.75423
          7.6007
          7.76202
          6.35848
          6.28007
          7.12175
          7.23733
          5.75957
          5.73203
          6.62322
          6.68969
          5.0594
          5.0894
          6.09338
          6.10684
          4.2213
          4.31663
          5.5105
          5.46647
          3.18201
          3.35025
          4.83098
          4.72604
          1.81828
          2.06145
          3.95956
          3.79729
          -0.0726409
          0.228953
          2.67224
          2.47464
          -11.899
          -11.2669
          12.3423
          12.8941
          -8.54942
          -8.09303
          10.535
          10.9997
          -5.97028
          -5.64265
          9.0051
          9.39258
          -3.99006
          -3.7556
          7.72651
          8.04602
          -2.47383
          -2.30585
          6.67125
          6.93169
          -1.31582
          -1.19451
          5.8108
          6.02048
          -0.433392
          -0.344259
          5.11699
          5.28351
          0.237324
          0.304717
          4.56294
          4.69318
          0.745025
          0.798043
          4.12373
          4.22385
          1.12615
          1.16985
          3.77682
          3.85228
          1.4073
          1.44503
          3.50208
          3.55774
          1.60724
          1.64107
          3.28167
          3.32187
          1.73846
          1.76951
          3.09986
          3.12849
          1.80844
          1.83716
          2.94281
          2.96342
          1.82066
          1.84704
          2.79846
          2.81432
          1.77544
          1.79915
          2.65655
          2.67073
          1.6706
          1.69123
          2.50896
          2.5243
          1.50208
          1.51935
          2.35028
          2.36943
          1.2644
          1.27839
          2.17895
          2.20428
          0.950581
          0.962088
          1.99899
          2.0326
          0.550758
          0.561686
          1.82299
          1.86678
          0.0478975
          0.0618263
          1.67765
          1.73361
          -0.590599
          -0.567096
          1.61539
          1.68602
          -1.4594
          -1.41718
          1.7407
          1.83433
          27.403
          24.0921
          46.0381
          50.3595
          17.3606
          14.939
          32.1649
          35.3765
          9.8764
          8.17648
          21.6782
          23.9958
          4.4184
          3.29139
          13.8663
          15.4765
          0.546576
          -0.136279
          8.14787
          9.20921
          -2.10123
          -2.44846
          4.0491
          4.69339
          -3.82002
          -3.92078
          1.18768
          1.52229
          -4.8468
          -4.77275
          -0.741252
          -0.630454
          -5.36941
          -5.17713
          -1.97795
          -2.0233
          -5.53494
          -5.26847
          -2.70988
          -2.85868
          -5.45742
          -5.15065
          -3.08207
          -3.29364
          -5.22452
          -4.90332
          -3.20586
          -3.44897
          -4.90314
          -4.5872
          -3.16611
          -3.41681
          -4.54396
          -4.24828
          -3.02694
          -3.26677
          -4.18494
          -3.92111
          -2.83611
          -3.05065
          -3.85395
          -3.63109
          -2.62819
          -2.80588
          -3.57035
          -3.39593
          -2.42658
          -2.55779
          -3.34573
          -3.22615
          -2.2442
          -2.3205
          -3.18339
          -3.12434
          -2.08269
          -2.09632
          -3.07603
          -3.08263
          -1.92918
          -1.87274
          -3.00021
          -3.07646
          -1.74883
          -1.61564
          -2.90393
          -3.05079
          -1.46911
          -1.25476
          -2.67997
          -2.88998
          -0.945979
          -0.653261
          -2.09107
          -2.331
          0.113977
          0.457836
          59.2833
          52.838
          69.7838
          76.7903
          37.9505
          33.4784
          46.7369
          51.6739
          22.4743
          19.5076
          29.9496
          33.3033
          11.4573
          9.61324
          17.9016
          20.069
          3.79399
          2.76785
          9.40328
          10.7005
          -1.37947
          -1.82436
          3.53537
          4.20819
          -4.729
          -4.77304
          -0.403709
          -0.167477
          -6.76193
          -6.54072
          -2.94438
          -3.00301
          -7.86117
          -7.47549
          -4.48483
          -4.73245
          -8.3133
          -7.83731
          -5.3221
          -5.68026
          -8.33128
          -7.8191
          -5.67656
          -6.08751
          -8.0721
          -7.56296
          -5.71068
          -6.1321
          -7.65052
          -7.17271
          -5.54336
          -5.94427
          -7.14937
          -6.72331
          -5.26069
          -5.61833
          -6.62722
          -6.26768
          -4.92375
          -5.22129
          -6.12369
          -5.84145
          -4.57418
          -4.79898
          -5.6628
          -5.46571
          -4.23751
          -4.38001
          -5.2543
          -5.14786
          -3.92474
          -3.97791
          -4.8928
          -4.88005
          -3.63173
          -3.59113
          -4.55386
          -4.63443
          -3.3362
          -3.201
          -4.18551
          -4.35325
          -2.99163
          -2.76727
          -3.69243
          -3.93048
          -2.51767
          -2.22133
          -2.90658
          -3.17759
          -1.78881
          -1.4607
          -1.54067
          -1.76986
          -0.635353
          -0.35953
          76.4079
          68.5593
          78.7103
          86.6317
          48.7568
          43.7529
          52.0849
          57.2282
          29.5567
          26.5361
          33.5001
          36.6941
          16.4144
          14.747
          20.6498
          22.5032
          7.57267
          6.80952
          11.864
          12.8124
          1.76071
          1.58606
          5.94648
          6.29761
          -1.93376
          -1.74044
          2.04306
          2.01326
          -4.16348
          -3.75533
          -0.456047
          -0.715452
          -5.39425
          -4.87695
          -1.98581
          -2.36941
          -5.95757
          -5.40354
          -2.85613
          -3.29083
          -6.08842
          -5.54701
          -3.28736
          -3.72264
          -5.95256
          -5.45712
          -3.43563
          -3.83664
          -5.66589
          -5.23885
          -3.41088
          -3.75358
          -5.30826
          -4.96452
          -3.28955
          -3.55738
          -4.93291
          -4.68213
          -3.12338
          -3.30506
          -4.57276
          -4.42067
          -2.94519
          -3.03347
          -4.24402
          -4.19281
          -2.77226
          -2.76358
          -3.94746
          -3.9954
          -2.60787
          -2.5028
          -3.66769
          -3.8078
          -2.44118
          -2.24593
          -3.37058
          -3.58815
          -2.24625
          -1.97536
          -2.99978
          -3.26881
          -1.98192
          -1.66225
          -2.47554
          -2.75442
          -1.59648
          -1.27222
          -1.70638
          -1.9358
          -1.04795
          -0.783751
          -0.643342
          -0.755831
          -0.361671
          -0.23377
          76.3988
          69.3734
          73.0162
          79.809
          49.7951
          45.8124
          50.0283
          53.9741
          32.112
          30.0096
          34.4126
          36.5854
          20.3639
          19.4109
          23.7454
          24.8232
          12.5843
          12.3202
          16.4347
          16.8467
          7.46904
          7.60095
          11.4156
          11.4364
          4.14317
          4.48494
          7.9663
          7.77216
          2.01579
          2.44928
          5.59414
          5.29801
          0.685857
          1.13647
          3.96037
          3.63463
          -0.119682
          0.301167
          2.83095
          2.52203
          -0.587092
          -0.225321
          2.04357
          1.78137
          -0.843388
          -0.558969
          1.48536
          1.28929
          -0.974799
          -0.779049
          1.07785
          0.960652
          -1.03907
          -0.938742
          0.766877
          0.736847
          -1.07345
          -1.07186
          0.515998
          0.57798
          -1.09958
          -1.19674
          0.30229
          0.457703
          -1.12609
          -1.31791
          0.114029
          0.359945
          -1.14962
          -1.4262
          -0.0504338
          0.276901
          -1.15482
          -1.4981
          -0.183292
          0.20764
          -1.11502
          -1.49613
          -0.268714
          0.156411
          -0.996187
          -1.37401
          -0.287431
          0.129214
          -0.76983
          -1.09396
          -0.228011
          0.127095
          -0.443559
          -0.667781
          -0.107306
          0.13701
          -0.115125
          -0.230432
          0.00906739
          0.132833
          61.9551
          57.8689
          57.0538
          60.8786
          44.4066
          42.42
          44.2809
          46.2237
          32.627
          31.7728
          34.8972
          35.8159
          24.5118
          24.269
          27.8744
          28.2317
          18.8095
          18.8796
          22.5386
          22.6012
          14.7256
          14.9379
          18.4272
          18.3488
          11.7451
          12.0018
          15.2163
          15.0859
          9.5273
          9.7729
          12.6753
          12.5447
          7.84344
          8.04624
          10.6379
          10.5375
          6.53717
          6.67883
          8.98245
          8.93077
          5.50002
          5.56944
          7.61877
          7.62795
          4.65554
          4.64542
          6.47919
          6.55788
          3.94907
          3.85425
          5.51221
          5.66709
          3.34118
          3.15812
          4.67817
          4.91433
          2.80353
          2.53081
          3.94636
          4.26665
          2.31648
          1.9562
          3.29316
          3.6967
          1.86798
          1.42813
          2.70098
          3.18072
          1.45336
          0.950807
          2.15807
          2.69754
          1.07532
          0.539088
          1.6587
          2.22865
          0.743136
          0.21612
          1.20362
          1.76016
          0.468975
          0.0049968
          0.799745
          1.28744
          0.259442
          -0.0893171
          0.458132
          0.823198
          0.104933
          -0.103225
          0.190784
          0.407628
          -0.0109533
          -0.105318
          0.0142712
          0.112133
        </DataArray>
        <DataArray type="Float64" Name="VonMises" format="ascii">
          135.13
          126.598
          129.488
          138.158
          134.213
          129.397
          131.368
          136.473
          140.775
          136.733
          137.55
          141.852
          145.905
          141.943
          141.925
          146.083
          148.172
          144.255
          143.723
          147.781
          148.058
          144.282
          143.471
          147.346
          146.318
          142.771
          141.84
          145.457
          143.582
          140.316
          139.37
          142.687
          140.3
          137.334
          136.442
          139.446
          136.766
          134.097
          133.3
          136
          133.162
          130.768
          130.093
          132.514
          129.588
          127.442
          126.903
          129.076
          126.094
          124.161
          123.766
          125.725
          122.696
          120.943
          120.693
          122.471
          119.396
          117.792
          117.682
          119.311
          116.192
          114.713
          114.733
          116.236
          113.093
          111.723
          111.857
          113.248
          110.127
          108.867
          109.091
          110.368
          107.352
          106.22
          106.503
          107.647
          104.864
          103.896
          104.199
          105.173
          102.785
          102.033
          102.313
          103.07
          101.242
          100.746
          100.966
          101.467
          100.301
          100.051
          100.191
          100.447
          99.8808
          99.7867
          99.8552
          99.9524
          190.48
          174.035
          177.022
          193.731
          167.837
          157.822
          161.079
          171.431
          159.275
          152.511
          155.03
          162.142
          155.997
          150.766
          152.351
          157.872
          153.996
          149.533
          150.306
          154.985
          151.843
          147.843
          148.002
          152.153
          149.199
          145.549
          145.285
          149.035
          146.112
          142.772
          142.241
          145.645
          142.734
          139.685
          139.008
          142.097
          139.21
          136.438
          135.706
          138.505
          135.654
          133.139
          132.418
          134.953
          132.138
          129.855
          129.195
          131.492
          128.699
          126.623
          126.056
          128.145
          125.353
          123.456
          123.003
          124.915
          122.099
          120.353
          120.026
          121.788
          118.929
          117.308
          117.111
          118.749
          115.835
          114.32
          114.247
          115.779
          112.82
          111.399
          111.437
          112.874
          109.907
          108.581
          108.706
          110.046
          107.148
          105.936
          106.115
          107.336
          104.634
          103.581
          103.771
          104.832
          102.502
          101.674
          101.835
          102.669
          100.91
          100.382
          100.49
          101.023
          99.9728
          99.7567
          99.8229
          100.043
          239.945
          218.187
          220.574
          242.638
          203.297
          188.435
          191.579
          206.702
          181.391
          171.105
          174.21
          184.779
          168.211
          160.777
          163.398
          171.115
          159.764
          154.066
          156.043
          161.988
          153.734
          149.117
          150.454
          155.268
          148.91
          145.007
          145.786
          149.836
          144.705
          141.311
          141.644
          145.141
          140.851
          137.85
          137.849
          140.92
          137.237
          134.555
          134.321
          137.048
          133.812
          131.4
          131.022
          133.461
          130.554
          128.373
          127.921
          130.12
          127.444
          125.46
          124.993
          126.989
          124.462
          122.643
          122.205
          124.034
          121.582
          119.9
          119.525
          121.218
          118.778
          117.206
          116.918
          118.502
          116.021
          114.535
          114.35
          115.849
          113.29
          111.869
          111.792
          113.226
          110.571
          109.203
          109.229
          110.61
          107.87
          106.555
          106.667
          107.992
          105.228
          103.989
          104.154
          105.401
          102.743
          101.641
          101.81
          102.919
          100.606
          99.7649
          99.886
          100.732
          99.1287
          98.7578
          98.8096
          99.1842
          278.686
          253.855
          255.407
          280.504
          234.412
          215.983
          218.181
          236.777
          203.45
          189.858
          192.348
          206.099
          181.859
          171.79
          174.262
          184.506
          166.633
          159.065
          161.298
          169.049
          155.631
          149.813
          151.681
          157.673
          147.407
          142.818
          144.276
          149.016
          141.028
          137.317
          138.372
          142.207
          135.905
          132.833
          133.527
          136.694
          131.662
          129.069
          129.46
          132.123
          128.057
          125.83
          125.982
          128.259
          124.925
          122.982
          122.959
          124.936
          122.146
          120.424
          120.284
          122.029
          119.629
          118.077
          117.871
          119.439
          117.297
          115.873
          115.646
          117.082
          115.083
          113.752
          113.54
          114.883
          112.929
          111.655
          111.491
          112.774
          110.777
          109.532
          109.438
          110.693
          108.576
          107.333
          107.326
          108.58
          106.281
          105.016
          105.105
          106.38
          103.86
          102.559
          102.739
          104.048
          101.309
          99.9777
          100.223
          101.559
          98.698
          97.3966
          97.6486
          98.9514
          96.2717
          95.2046
          95.3674
          96.4356
          302.87
          276.621
          277.301
          303.71
          255.338
          234.921
          235.888
          256.389
          219.758
          203.994
          205.17
          220.997
          193.142
          181.033
          182.316
          194.491
          173.181
          163.897
          165.182
          174.544
          158.127
          150.997
          152.197
          159.412
          146.685
          141.183
          142.236
          147.823
          137.912
          133.636
          134.506
          138.861
          131.124
          127.769
          128.444
          131.868
          125.824
          123.161
          123.649
          126.368
          121.646
          119.503
          119.822
          122.009
          118.314
          116.56
          116.738
          118.525
          115.616
          114.149
          114.216
          115.707
          113.385
          112.126
          112.112
          113.388
          111.484
          110.368
          110.304
          111.431
          109.799
          108.774
          108.686
          109.72
          108.233
          107.25
          107.164
          108.153
          106.696
          105.711
          105.648
          106.639
          105.1
          104.068
          104.051
          105.088
          103.355
          102.229
          102.275
          103.407
          101.361
          100.081
          100.206
          101.49
          98.9942
          97.4841
          97.6942
          99.2059
          96.1036
          94.256
          94.5322
          96.3749
          92.5114
          90.1817
          90.4295
          92.7442
          310.071
          283.558
          283.379
          309.911
          262.121
          241.202
          240.922
          261.85
          225.569
          209.166
          208.828
          225.233
          197.669
          184.877
          184.519
          197.308
          176.311
          166.378
          166.029
          175.957
          159.899
          152.208
          151.888
          159.572
          147.239
          141.292
          141.011
          146.951
          137.442
          132.844
          132.606
          137.198
          129.846
          126.285
          126.088
          129.644
          123.95
          121.181
          121.021
          123.785
          119.37
          117.203
          117.073
          119.236
          115.805
          114.092
          113.986
          115.696
          113.017
          111.639
          111.552
          112.927
          110.813
          109.677
          109.603
          110.736
          109.033
          108.064
          108
          108.966
          107.543
          106.677
          106.62
          107.484
          106.228
          105.408
          105.358
          106.175
          104.981
          104.155
          104.109
          104.934
          103.698
          102.809
          102.769
          103.657
          102.267
          101.251
          101.218
          102.233
          100.554
          99.3261
          99.3003
          100.527
          98.3765
          96.8133
          96.7965
          98.358
          95.4569
          93.3576
          93.3526
          95.4498
          91.3175
          88.2942
          88.3131
          91.3332
          299.648
          273.831
          272.823
          298.518
          253.572
          233.528
          232.056
          252.03
          219.214
          203.726
          201.955
          217.38
          193.538
          181.598
          179.7
          191.565
          174.228
          165.017
          163.144
          172.266
          159.564
          152.434
          150.701
          157.735
          148.3
          142.75
          141.231
          146.685
          139.549
          135.199
          133.931
          138.192
          132.682
          129.246
          128.234
          131.593
          127.248
          124.51
          123.739
          126.412
          122.917
          120.715
          120.155
          122.307
          119.442
          117.651
          117.267
          119.02
          116.63
          115.153
          114.908
          116.357
          114.328
          113.088
          112.945
          114.165
          112.409
          111.342
          111.269
          112.321
          110.765
          109.817
          109.783
          110.72
          109.297
          108.418
          108.399
          109.269
          107.914
          107.055
          107.026
          107.877
          106.52
          105.628
          105.569
          106.453
          105.007
          104.021
          103.915
          104.892
          103.249
          102.096
          101.928
          103.073
          101.087
          99.6741
          99.441
          100.848
          98.3125
          96.5129
          96.24
          98.0401
          94.6607
          92.3428
          92.1296
          94.4581
          272.908
          248.935
          247.146
          270.888
          231.458
          213.678
          211.139
          228.76
          202.585
          189.388
          186.525
          199.559
          182.353
          172.457
          169.618
          179.331
          167.875
          160.318
          157.738
          165.105
          157.171
          151.27
          149.075
          154.797
          148.955
          144.243
          142.476
          147.033
          142.425
          138.584
          137.233
          140.946
          137.082
          133.898
          132.919
          136.003
          132.616
          129.941
          129.276
          131.875
          128.825
          126.555
          126.141
          128.355
          125.572
          123.63
          123.406
          125.308
          122.756
          121.083
          120.993
          122.637
          120.296
          118.845
          118.839
          120.27
          118.125
          116.855
          116.893
          118.148
          116.181
          115.056
          115.101
          116.214
          114.402
          113.388
          113.412
          114.415
          112.724
          111.785
          111.765
          112.694
          111.077
          110.172
          110.091
          110.985
          109.378
          108.46
          108.308
          109.215
          107.531
          106.546
          106.327
          107.3
          105.44
          104.345
          104.079
          105.166
          103.07
          101.884
          101.625
          102.806
          100.549
          99.3426
          99.1989
          100.404
          232.79
          212.275
          209.801
          230.041
          199.891
          185.761
          182.532
          196.403
          180.11
          170.119
          166.919
          176.626
          167.854
          160.441
          157.692
          164.825
          159.613
          153.804
          151.65
          157.213
          153.433
          148.666
          147.097
          151.666
          148.329
          144.285
          143.223
          147.115
          143.839
          140.337
          139.681
          143.071
          139.759
          136.694
          136.345
          139.33
          136.009
          133.313
          133.182
          135.821
          132.557
          130.184
          130.195
          132.529
          129.39
          127.304
          127.398
          129.455
          126.498
          124.67
          124.796
          126.602
          123.866
          122.272
          122.394
          123.97
          121.479
          120.097
          120.185
          121.552
          119.315
          118.125
          118.16
          119.336
          117.35
          116.333
          116.302
          117.305
          115.556
          114.692
          114.59
          115.44
          113.9
          113.17
          112.999
          113.716
          112.348
          111.726
          111.498
          112.108
          110.858
          110.305
          110.044
          110.586
          109.376
          108.816
          108.553
          109.104
          107.812
          107.118
          106.875
          107.562
          106.207
          105.65
          105.329
          105.881
          183.317
          168.351
          165.491
          180.21
          164.194
          154.766
          151.682
          160.783
          156.695
          150.03
          147.597
          153.928
          153.367
          148.04
          146.401
          151.446
          150.961
          146.359
          145.395
          149.782
          148.386
          144.265
          143.802
          147.766
          145.422
          141.692
          141.57
          145.189
          142.152
          138.778
          138.869
          142.164
          138.729
          135.694
          135.899
          138.876
          135.295
          132.586
          132.832
          135.499
          131.96
          129.562
          129.8
          132.163
          128.799
          126.697
          126.89
          128.962
          125.859
          124.038
          124.163
          125.958
          123.169
          121.614
          121.656
          123.187
          120.743
          119.442
          119.395
          120.674
          118.59
          117.535
          117.397
          118.431
          116.717
          115.906
          115.682
          116.474
          115.139
          114.581
          114.277
          114.82
          113.885
          113.597
          113.225
          113.501
          113.005
          113.022
          112.593
          112.569
          112.582
          112.95
          112.471
          112.102
          112.706
          113.43
          112.887
          112.168
          113.281
          114
          113.349
          112.633
          112.714
          110.609
          109.965
          112.129
          128.911
          121.804
          119.217
          126.205
          129.508
          125.093
          123.43
          127.585
          135.668
          131.649
          130.899
          134.675
          140.087
          136.06
          135.924
          139.757
          141.812
          137.83
          138.046
          141.881
          141.386
          137.567
          137.955
          141.661
          139.528
          135.966
          136.406
          139.881
          136.829
          133.579
          133.995
          137.176
          133.712
          130.798
          131.144
          134.002
          130.461
          127.886
          128.137
          130.664
          127.259
          125.014
          125.157
          127.359
          124.219
          122.289
          122.321
          124.21
          121.41
          119.782
          119.702
          121.294
          118.875
          117.535
          117.349
          118.656
          116.641
          115.584
          115.299
          116.328
          114.736
          113.964
          113.588
          114.337
          113.193
          112.723
          112.264
          112.719
          112.065
          111.936
          111.399
          111.524
          111.44
          111.726
          111.106
          110.835
          111.47
          112.308
          111.588
          110.797
          112.426
          114.086
          113.223
          111.675
          114.836
          117.906
          116.837
          114.028
          119.904
          125.914
          124.632
          119.255
          131.253
          145.45
          144.146
          131.723
          100.09
          100.239
          99.79
          99.658
          100.276
          100.518
          99.9138
          99.6929
          100.932
          101.249
          100.621
          100.324
          102.213
          102.613
          101.961
          101.579
          104.071
          104.593
          103.82
          103.32
          106.371
          107.064
          106.042
          105.377
          108.967
          109.88
          108.487
          107.608
          111.741
          112.925
          111.056
          109.916
          114.62
          116.118
          113.695
          112.249
          117.56
          119.417
          116.38
          114.584
          120.544
          122.803
          119.108
          116.918
          123.561
          126.269
          121.886
          119.253
          126.601
          129.806
          124.716
          121.589
          129.632
          133.383
          127.582
          123.91
          132.589
          136.934
          130.437
          126.167
          135.346
          140.325
          133.173
          128.259
          137.683
          143.32
          135.592
          130.003
          139.237
          145.525
          137.352
          131.092
          139.438
          146.313
          137.898
          131.025
          137.411
          144.711
          136.36
          129.028
          131.872
          139.277
          131.43
          123.956
          121.106
          128.034
          121.311
          114.266
          103.583
          109.079
          104.272
          98.5907
          82.8278
          85.7538
          83.322
          80.0995
          100.112
          100.387
          99.3138
          99.084
          100.38
          100.768
          99.661
          99.3128
          101.371
          101.832
          100.787
          100.36
          102.961
          103.508
          102.446
          101.933
          104.959
          105.633
          104.398
          103.762
          107.193
          108.045
          106.475
          105.668
          109.538
          110.618
          108.577
          107.552
          111.918
          113.273
          110.658
          109.372
          114.293
          115.962
          112.704
          111.117
          116.644
          118.665
          114.718
          112.792
          118.961
          121.371
          116.712
          114.41
          121.234
          124.068
          118.694
          115.977
          123.436
          126.727
          120.658
          117.491
          125.516
          129.292
          122.574
          118.926
          127.378
          131.654
          124.367
          120.217
          128.855
          133.629
          125.898
          121.244
          129.682
          134.917
          126.926
          121.798
          129.439
          135.048
          127.052
          121.535
          127.489
          133.3
          125.648
          119.907
          122.869
          128.581
          121.739
          116.069
          114.149
          119.261
          113.835
          108.734
          99.2472
          102.936
          99.6961
          95.9874
          75.3093
          76.1855
          76.0325
          75.125
          40.5362
          36.0971
          38.8448
          43.4538
          99.104
          99.3392
          98.1514
          97.9682
          99.4752
          99.808
          98.7878
          98.4917
          100.639
          101.04
          100.104
          99.7348
          102.211
          102.711
          101.646
          101.181
          103.933
          104.578
          103.178
          102.578
          105.658
          106.491
          104.597
          103.822
          107.307
          108.367
          105.871
          104.886
          108.848
          110.165
          107.004
          105.779
          110.269
          111.872
          108.011
          106.52
          111.57
          113.484
          108.917
          107.131
          112.746
          114.997
          109.739
          107.632
          113.787
          116.394
          110.488
          108.037
          114.662
          117.641
          111.16
          108.345
          115.313
          118.667
          111.722
          108.534
          115.637
          119.352
          112.102
          108.55
          115.466
          119.502
          112.163
          108.281
          114.537
          118.811
          111.671
          107.534
          112.451
          116.824
          110.251
          105.993
          108.615
          112.863
          107.323
          103.156
          102.158
          105.953
          102.025
          98.2649
          91.8318
          94.7157
          93.1234
          90.2084
          75.8896
          77.3218
          78.9905
          77.4365
          52.1353
          51.984
          58.1295
          58.097
          21.413
          26.6154
          35.6363
          32.8694
          96.3856
          96.5283
          95.9853
          95.8632
          97.044
          97.2177
          96.9342
          96.7717
          98.1243
          98.3623
          97.9783
          97.7548
          99.2155
          99.5603
          98.8024
          98.4838
          100.141
          100.625
          99.3274
          98.8865
          100.836
          101.484
          99.5562
          98.9727
          101.286
          102.116
          99.5175
          98.7739
          101.495
          102.524
          99.2447
          98.3244
          101.474
          102.72
          98.7704
          97.6559
          101.235
          102.713
          98.1247
          96.7979
          100.784
          102.507
          97.3346
          95.7777
          100.116
          102.096
          96.4225
          94.6199
          99.2172
          101.457
          95.4024
          93.3447
          98.0496
          100.54
          94.2723
          91.9612
          96.5449
          99.2576
          93.0021
          90.4575
          94.5863
          97.466
          91.5148
          88.7831
          91.9877
          94.9424
          89.6624
          86.8254
          88.4656
          91.3605
          87.1987
          84.3786
          83.6124
          86.2733
          83.7598
          81.1147
          76.8883
          79.1384
          78.8884
          76.5747
          67.7119
          69.5194
          72.213
          70.2526
          55.9832
          58.011
          64.1752
          62.0218
          44.6905
          50.0358
          58.5404
          53.8676
          48.0501
          61.747
          66.7557
          54.8245
          92.7853
          92.8627
          93.1611
          93.0833
          93.6174
          93.6961
          94.1493
          94.061
          94.18
          94.303
          94.4328
          94.3074
          94.3173
          94.5045
          94.1221
          93.9487
          94.0175
          94.2794
          93.3221
          93.0947
          93.3057
          93.6498
          92.1074
          91.8203
          92.2104
          92.6444
          90.5277
          90.1739
          90.7551
          91.2877
          88.6176
          88.1879
          88.958
          89.5993
          86.4045
          85.8874
          86.8339
          87.5952
          83.9153
          83.2973
          84.3967
          85.2891
          81.1815
          80.4477
          81.661
          82.6942
          78.2434
          77.3789
          78.6435
          79.8224
          75.1523
          74.1443
          75.3611
          76.6829
          71.9706
          70.8123
          71.8281
          73.2771
          68.7679
          67.4627
          68.0491
          69.5939
          65.6134
          64.1789
          64.0111
          65.6063
          62.5664
          61.0329
          59.6842
          61.2887
          59.6794
          58.0726
          55.0569
          56.694
          57.0461
          55.3325
          50.2877
          52.2058
          54.9758
          52.9324
          46.1781
          49.1995
          54.428
          51.3876
          45.2669
          51.1502
          57.7449
          52.3013
          52.6416
          63.3778
          68.9723
          59.1676
          73.3218
          89.9476
          92.6391
          76.8222
          90.5171
          90.5186
          90.8384
          90.8393
          91.131
          91.2245
          91.573
          91.4724
          90.9545
          91.0606
          91.2103
          91.1001
          90.0974
          90.1943
          90.0889
          89.9958
          88.6636
          88.747
          88.3819
          88.3123
          86.7198
          86.7911
          86.1756
          86.1291
          84.3023
          84.3646
          83.5107
          83.4841
          81.4271
          81.4851
          80.4034
          80.3925
          78.0996
          78.1586
          76.8599
          76.8591
          74.3217
          74.388
          72.8847
          72.8874
          70.0979
          70.1787
          68.4885
          68.4869
          65.442
          65.5452
          63.6965
          63.6807
          60.384
          60.5186
          58.5577
          58.5156
          54.9799
          55.1564
          53.1591
          53.0747
          49.3255
          49.5591
          47.6479
          47.4968
          43.5802
          43.9015
          42.2706
          42.0084
          38.0148
          38.5003
          37.4438
          36.9753
          33.1133
          33.9626
          33.8718
          32.9862
          29.7661
          31.4406
          32.655
          30.9313
          29.4462
          32.7334
          35.1511
          31.935
          33.8611
          39.6123
          42.534
          37.0559
          44.2182
          53.1451
          55.7764
          47.2282
          61.5446
          74.402
          76.2483
          63.7397
          87.5706
          105.303
          106.165
          88.67
          90.8393
          90.8384
          90.5186
          90.5171
          91.4724
          91.573
          91.2245
          91.131
          91.1001
          91.2103
          91.0606
          90.9545
          89.9958
          90.0889
          90.1943
          90.0974
          88.3123
          88.3819
          88.747
          88.6636
          86.1291
          86.1756
          86.7911
          86.7198
          83.4841
          83.5107
          84.3646
          84.3023
          80.3925
          80.4034
          81.4851
          81.4271
          76.8591
          76.8599
          78.1586
          78.0996
          72.8874
          72.8847
          74.388
          74.3217
          68.4869
          68.4885
          70.1787
          70.0979
          63.6807
          63.6965
          65.5452
          65.442
          58.5156
          58.5577
          60.5186
          60.384
          53.0747
          53.1591
          55.1564
          54.9799
          47.4968
          47.6479
          49.5591
          49.3255
          42.0084
          42.2706
          43.9015
          43.5802
          36.9753
          37.4438
          38.5003
          38.0148
          32.9862
          33.8718
          33.9626
          33.1133
          30.9313
          32.655
          31.4406
          29.7661
          31.935
          35.1511
          32.7334
          29.4462
          37.0559
          42.534
          39.6123
          33.8611
          47.2282
          55.7764
          53.1451
          44.2182
          63.7397
          76.2483
          74.402
          61.5446
          88.67
          106.165
          105.303
          87.5706
          93.0833
          93.1611
          92.8627
          92.7853
          94.061
          94.1493
          93.6961
          93.6174
          94.3074
          94.4328
          94.303
          94.18
          93.9487
          94.1221
          94.5045
          94.3173
          93.0947
          93.3221
          94.2794
          94.0175
          91.8203
          92.1074
          93.6498
          93.3057
          90.1739
          90.5277
          92.6444
          92.2104
          88.1879
          88.6176
          91.2877
          90.7551
          85.8874
          86.4045
          89.5993
          88.958
          83.2973
          83.9153
          87.5952
          86.8339
          80.4477
          81.1815
          85.2891
          84.3967
          77.3789
          78.2434
          82.6942
          81.661
          74.1443
          75.1523
          79.8224
          78.6435
          70.8123
          71.9706
          76.6829
          75.3611
          67.4627
          68.7679
          73.2771
          71.8281
          64.1789
          65.6134
          69.5939
          68.0491
          61.0329
          62.5664
          65.6063
          64.0111
          58.0726
          59.6794
          61.2887
          59.6842
          55.3325
          57.0461
          56.694
          55.0569
          52.9324
          54.9758
          52.2058
          50.2877
          51.3876
          54.428
          49.1995
          46.1781
          52.3013
          57.7449
          51.1502
          45.2669
          59.1676
          68.9723
          63.3778
          52.6416
          76.8222
          92.6391
          89.9476
          73.3218
          95.8632
          95.9853
          96.5283
          96.3856
          96.7717
          96.9342
          97.2177
          97.044
          97.7548
          97.9783
          98.3623
          98.1243
          98.4838
          98.8024
          99.5603
          99.2155
          98.8865
          99.3274
          100.625
          100.141
          98.9727
          99.5562
          101.484
          100.836
          98.7739
          99.5175
          102.116
          101.286
          98.3244
          99.2447
          102.524
          101.495
          97.6559
          98.7704
          102.72
          101.474
          96.7979
          98.1247
          102.713
          101.235
          95.7777
          97.3346
          102.507
          100.784
          94.6199
          96.4225
          102.096
          100.116
          93.3447
          95.4024
          101.457
          99.2172
          91.9612
          94.2723
          100.54
          98.0496
          90.4575
          93.0021
          99.2576
          96.5449
          88.7831
          91.5148
          97.466
          94.5863
          86.8254
          89.6624
          94.9424
          91.9877
          84.3786
          87.1987
          91.3605
          88.4656
          81.1147
          83.7598
          86.2733
          83.6124
          76.5747
          78.8884
          79.1384
          76.8883
          70.2526
          72.213
          69.5194
          67.7119
          62.0218
          64.1752
          58.011
          55.9832
          53.8676
          58.5404
          50.0358
          44.6905
          54.8245
          66.7557
          61.747
          48.0501
          97.9682
          98.1514
          99.3392
          99.104
          98.4917
          98.7878
          99.808
          99.4752
          99.7348
          100.104
          101.04
          100.639
          101.181
          101.646
          102.711
          102.211
          102.578
          103.178
          104.578
          103.933
          103.822
          104.597
          106.491
          105.658
          104.886
          105.871
          108.367
          107.307
          105.779
          107.004
          110.165
          108.848
          106.52
          108.011
          111.872
          110.269
          107.131
          108.917
          113.484
          111.57
          107.632
          109.739
          114.997
          112.746
          108.037
          110.488
          116.394
          113.787
          108.345
          111.16
          117.641
          114.662
          108.534
          111.722
          118.667
          115.313
          108.55
          112.102
          119.352
          115.637
          108.281
          112.163
          119.502
          115.466
          107.534
          111.671
          118.811
          114.537
          105.993
          110.251
          116.824
          112.451
          103.156
          107.323
          112.863
          108.615
          98.2649
          102.025
          105.953
          102.158
          90.2084
          93.1234
          94.7157
          91.8318
          77.4365
          78.9905
          77.3218
          75.8896
          58.097
          58.1295
          51.984
          52.1353
          32.8694
          35.6363
          26.6154
          21.413
          99.084
          99.3138
          100.387
          100.112
          99.3128
          99.661
          100.768
          100.38
          100.36
          100.787
          101.832
          101.371
          101.933
          102.446
          103.508
          102.961
          103.762
          104.398
          105.633
          104.959
          105.668
          106.475
          108.045
          107.193
          107.552
          108.577
          110.618
          109.538
          109.372
          110.658
          113.273
          111.918
          111.117
          112.704
          115.962
          114.293
          112.792
          114.718
          118.665
          116.644
          114.41
          116.712
          121.371
          118.961
          115.977
          118.694
          124.068
          121.234
          117.491
          120.658
          126.727
          123.436
          118.926
          122.574
          129.292
          125.516
          120.217
          124.367
          131.654
          127.378
          121.244
          125.898
          133.629
          128.855
          121.798
          126.926
          134.917
          129.682
          121.535
          127.052
          135.048
          129.439
          119.907
          125.648
          133.3
          127.489
          116.069
          121.739
          128.581
          122.869
          108.734
          113.835
          119.261
          114.149
          95.9874
          99.6961
          102.936
          99.2472
          75.125
          76.0325
          76.1855
          75.3093
          43.4538
          38.8448
          36.0971
          40.5362
          99.658
          99.79
          100.239
          100.09
          99.6929
          99.9138
          100.518
          100.276
          100.324
          100.621
          101.249
          100.932
          101.579
          101.961
          102.613
          102.213
          103.32
          103.82
          104.593
          104.071
          105.377
          106.042
          107.064
          106.371
          107.608
          108.487
          109.88
          108.967
          109.916
          111.056
          112.925
          111.741
          112.249
          113.695
          116.118
          114.62
          114.584
          116.38
          119.417
          117.56
          116.918
          119.108
          122.803
          120.544
          119.253
          121.886
          126.269
          123.561
          121.589
          124.716
          129.806
          126.601
          123.91
          127.582
          133.383
          129.632
          126.167
          130.437
          136.934
          132.589
          128.259
          133.173
          140.325
          135.346
          130.003
          135.592
          143.32
          137.683
          131.092
          137.352
          145.525
          139.237
          131.025
          137.898
          146.313
          139.438
          129.028
          136.36
          144.711
          137.411
          123.956
          131.43
          139.277
          131.872
          114.266
          121.311
          128.034
          121.106
          98.5907
          104.272
          109.079
          103.583
          80.0995
          83.322
          85.7538
          82.8278
          121.417
          125.937
          110.653
          106.591
          112.223
          114.117
          108.781
          107.07
          108.832
          109.838
          107.436
          106.517
          107.473
          108.248
          106.55
          105.832
          107.113
          107.933
          106.131
          105.364
          107.396
          108.389
          106.165
          105.232
          108.164
          109.396
          106.621
          105.46
          109.33
          110.843
          107.464
          106.034
          110.839
          112.665
          108.657
          106.925
          112.652
          114.822
          110.172
          108.103
          114.735
          117.284
          111.979
          109.537
          117.054
          120.021
          114.051
          111.193
          119.567
          122.996
          116.356
          113.035
          122.212
          126.148
          118.844
          115.011
          124.893
          129.379
          121.436
          117.043
          127.456
          132.528
          124.003
          119.009
          129.663
          135.337
          126.33
          120.713
          131.138
          137.396
          128.072
          121.846
          131.313
          138.075
          128.683
          121.921
          129.329
          136.415
          127.32
          120.199
          123.944
          131.003
          122.72
          115.587
          113.488
          119.892
          113.126
          106.605
          96.3811
          101.07
          96.6585
          91.8109
          75.3737
          76.8272
          74.9462
          73.3493
          98.2867
          99.6197
          93.7402
          92.6324
          98.887
          100.29
          95.0133
          93.7993
          99.4538
          100.845
          96.1709
          94.9293
          100.098
          101.494
          97.0951
          95.8301
          100.875
          102.33
          97.9343
          96.6065
          101.822
          103.388
          98.8115
          97.3744
          102.955
          104.68
          99.7965
          98.2062
          104.272
          106.198
          100.921
          99.1363
          105.763
          107.93
          102.194
          100.175
          107.407
          109.854
          103.613
          101.32
          109.177
          111.942
          105.166
          102.559
          111.035
          114.156
          106.834
          103.874
          112.928
          116.439
          108.584
          105.234
          114.776
          118.702
          110.361
          106.592
          116.457
          120.812
          112.074
          107.868
          117.79
          122.563
          113.57
          108.933
          118.497
          123.645
          114.604
          109.577
          118.166
          123.586
          114.792
          109.47
          116.179
          121.688
          113.533
          108.098
          111.629
          116.915
          109.916
          104.673
          103.185
          107.743
          102.563
          98.0135
          88.9227
          91.9471
          89.418
          86.3659
          66.162
          66.3269
          67.4409
          67.2179
          32.6485
          27.4642
          32.4025
          37.5467
          88.8178
          89.6277
          84.7827
          84.1512
          89.9368
          90.9181
          86.0109
          85.1936
          91.0581
          92.1935
          87.0988
          86.1241
          92.0599
          93.3195
          88.077
          86.9782
          93.0004
          94.3759
          88.9826
          87.7701
          93.9318
          95.4321
          89.8476
          88.514
          94.8788
          96.523
          90.6908
          89.2181
          95.8447
          97.6578
          91.5199
          89.884
          96.8196
          98.8293
          92.3364
          90.5096
          97.7844
          100.019
          93.1385
          91.0916
          98.7126
          101.2
          93.9217
          91.6261
          99.5676
          102.331
          94.6763
          92.1065
          100.298
          103.351
          95.3819
          92.5194
          100.827
          104.174
          95.9977
          92.8362
          101.043
          104.664
          96.4483
          93.001
          100.776
          104.625
          96.6021
          92.9111
          99.7748
          103.763
          96.2422
          92.3908
          97.6691
          101.65
          95.0272
          91.1542
          93.922
          97.6748
          92.4414
          88.7574
          87.7676
          90.9829
          87.7403
          84.5393
          78.1409
          80.4272
          79.9149
          77.565
          63.6471
          64.6551
          67.8064
          66.6303
          42.9583
          43.2788
          51.1402
          50.6997
          21.7731
          30.0559
          38.2936
          33.1301
          80.935
          81.455
          77.0776
          76.708
          81.8087
          82.4595
          77.7586
          77.2659
          82.4933
          83.2443
          78.3741
          77.7846
          83.0539
          83.8957
          78.9121
          78.2336
          83.5022
          84.4342
          79.3423
          78.5756
          83.8336
          84.8615
          79.6329
          78.7735
          84.0343
          85.1689
          79.7592
          78.7977
          84.0862
          85.342
          79.7061
          78.629
          83.9708
          85.3645
          79.4679
          78.2588
          83.6703
          85.2191
          79.0479
          77.6887
          83.1678
          84.8873
          78.4568
          76.9297
          82.4448
          84.3463
          77.7106
          76.0006
          81.4778
          83.5642
          76.8256
          74.9248
          80.2312
          82.4921
          75.8113
          73.7236
          78.6475
          81.0532
          74.6583
          72.4063
          76.6339
          79.128
          73.3212
          70.9532
          74.0436
          76.5376
          71.6987
          69.2939
          70.6566
          73.0293
          69.6154
          67.2827
          66.1683
          68.2827
          66.8233
          64.683
          60.2182
          61.989
          63.0714
          61.1912
          52.5769
          54.1948
          58.3836
          56.5936
          43.9579
          46.5916
          53.9429
          51.3424
          39.0422
          46.0017
          54.1958
          48.307
          49.6686
          63.5854
          67.7524
          55.3261
          74.1234
          74.3424
          71.3788
          71.2725
          74.36
          74.5884
          71.4649
          71.3518
          74.4856
          74.7366
          71.5772
          71.4405
          74.4454
          74.7295
          71.5581
          71.3878
          74.1869
          74.5104
          71.3068
          71.098
          73.6599
          74.027
          70.7544
          70.505
          72.8217
          73.2365
          69.8546
          69.5625
          71.6387
          72.1061
          68.5787
          68.2405
          70.0866
          70.6127
          66.9133
          66.5238
          68.1504
          68.7425
          64.8603
          64.412
          65.8253
          66.4908
          62.4371
          61.9211
          63.1169
          63.8623
          59.6799
          59.0861
          60.0425
          60.8711
          56.6455
          55.9647
          56.6318
          57.541
          53.4152
          52.6414
          52.9265
          53.9048
          50.0972
          49.2303
          48.9795
          50.0065
          46.8279
          45.8742
          44.8578
          45.913
          43.7769
          42.7411
          40.6615
          41.7595
          41.1682
          40.0221
          36.6043
          37.8937
          39.3569
          37.9591
          33.263
          35.2479
          39.0212
          36.9641
          32.1475
          35.9441
          41.4746
          37.9104
          36.157
          43.1679
          48.8232
          42.512
          48.3582
          59.4655
          63.5845
          53.3024
          70.5863
          86.3876
          88.2605
          73.0304
          70.2097
          70.2154
          70.2154
          70.2097
          70.1238
          70.0869
          70.0869
          70.1238
          70.0066
          69.9596
          69.9596
          70.0066
          69.691
          69.6502
          69.6502
          69.691
          69.0723
          69.0434
          69.0434
          69.0723
          68.0773
          68.06
          68.06
          68.0773
          66.6515
          66.643
          66.643
          66.6515
          64.7537
          64.7506
          64.7506
          64.7537
          62.3538
          62.3532
          62.3532
          62.3538
          59.4319
          59.4319
          59.4319
          59.4319
          55.9797
          55.9793
          55.9793
          55.9797
          52.0025
          52.0013
          52.0013
          52.0025
          47.5235
          47.5217
          47.5217
          47.5235
          42.5911
          42.59
          42.59
          42.5911
          37.292
          37.2979
          37.2979
          37.292
          31.779
          31.8174
          31.8174
          31.779
          26.3389
          26.5012
          26.5012
          26.3389
          21.5747
          22.1465
          22.1465
          21.5747
          18.7948
          20.4444
          20.4444
          18.7948
          20.0325
          23.5603
          23.5603
          20.0325
          26.3973
          32.2255
          32.2255
          26.3973
          37.7703
          46.3211
          46.3211
          37.7703
          54.6594
          66.5948
          66.5948
          54.6594
          78.6904
          94.8596
          94.8596
          78.6904
          71.2725
          71.3788
          74.3424
          74.1234
          71.3518
          71.4649
          74.5884
          74.36
          71.4405
          71.5772
          74.7366
          74.4856
          71.3878
          71.5581
          74.7295
          74.4454
          71.098
          71.3068
          74.5104
          74.1869
          70.505
          70.7544
          74.027
          73.6599
          69.5625
          69.8546
          73.2365
          72.8217
          68.2405
          68.5787
          72.1061
          71.6387
          66.5238
          66.9133
          70.6127
          70.0866
          64.412
          64.8603
          68.7425
          68.1504
          61.9211
          62.4371
          66.4908
          65.8253
          59.0861
          59.6799
          63.8623
          63.1169
          55.9647
          56.6455
          60.8711
          60.0425
          52.6414
          53.4152
          57.541
          56.6318
          49.2303
          50.0972
          53.9048
          52.9265
          45.8742
          46.8279
          50.0065
          48.9795
          42.7411
          43.7769
          45.913
          44.8578
          40.0221
          41.1682
          41.7595
          40.6615
          37.9591
          39.3569
          37.8937
          36.6043
          36.9641
          39.0212
          35.2479
          33.263
          37.9104
          41.4746
          35.9441
          32.1475
          42.512
          48.8232
          43.1679
          36.157
          53.3024
          63.5845
          59.4655
          48.3582
          73.0304
          88.2605
          86.3876
          70.5863
          76.708
          77.0776
          81.455
          80.935
          77.2659
          77.7586
          82.4595
          81.8087
          77.7846
          78.3741
          83.2443
          82.4933
          78.2336
          78.9121
          83.8957
          83.0539
          78.5756
          79.3423
          84.4342
          83.5022
          78.7735
          79.6329
          84.8615
          83.8336
          78.7977
          79.7592
          85.1689
          84.0343
          78.629
          79.7061
          85.342
          84.0862
          78.2588
          79.4679
          85.3645
          83.9708
          77.6887
          79.0479
          85.2191
          83.6703
          76.9297
          78.4568
          84.8873
          83.1678
          76.0006
          77.7106
          84.3463
          82.4448
          74.9248
          76.8256
          83.5642
          81.4778
          73.7236
          75.8113
          82.4921
          80.2312
          72.4063
          74.6583
          81.0532
          78.6475
          70.9532
          73.3212
          79.128
          76.6339
          69.2939
          71.6987
          76.5376
          74.0436
          67.2827
          69.6154
          73.0293
          70.6566
          64.683
          66.8233
          68.2827
          66.1683
          61.1912
          63.0714
          61.989
          60.2182
          56.5936
          58.3836
          54.1948
          52.5769
          51.3424
          53.9429
          46.5916
          43.9579
          48.307
          54.1958
          46.0017
          39.0422
          55.3261
          67.7524
          63.5854
          49.6686
          84.1512
          84.7827
          89.6277
          88.8178
          85.1936
          86.0109
          90.9181
          89.9368
          86.1241
          87.0988
          92.1935
          91.0581
          86.9782
          88.077
          93.3195
          92.0599
          87.7701
          88.9826
          94.3759
          93.0004
          88.514
          89.8476
          95.4321
          93.9318
          89.2181
          90.6908
          96.523
          94.8788
          89.884
          91.5199
          97.6578
          95.8447
          90.5096
          92.3364
          98.8293
          96.8196
          91.0916
          93.1385
          100.019
          97.7844
          91.6261
          93.9217
          101.2
          98.7126
          92.1065
          94.6763
          102.331
          99.5676
          92.5194
          95.3819
          103.351
          100.298
          92.8362
          95.9977
          104.174
          100.827
          93.001
          96.4483
          104.664
          101.043
          92.9111
          96.6021
          104.625
          100.776
          92.3908
          96.2422
          103.763
          99.7748
          91.1542
          95.0272
          101.65
          97.6691
          88.7574
          92.4414
          97.6748
          93.922
          84.5393
          87.7403
          90.9829
          87.7676
          77.565
          79.9149
          80.4272
          78.1409
          66.6303
          67.8064
          64.6551
          63.6471
          50.6997
          51.1402
          43.2788
          42.9583
          33.1301
          38.2936
          30.0559
          21.7731
          92.6324
          93.7402
          99.6197
          98.2867
          93.7993
          95.0133
          100.29
          98.887
          94.9293
          96.1709
          100.845
          99.4538
          95.8301
          97.0951
          101.494
          100.098
          96.6065
          97.9343
          102.33
          100.875
          97.3744
          98.8115
          103.388
          101.822
          98.2062
          99.7965
          104.68
          102.955
          99.1363
          100.921
          106.198
          104.272
          100.175
          102.194
          107.93
          105.763
          101.32
          103.613
          109.854
          107.407
          102.559
          105.166
          111.942
          109.177
          103.874
          106.834
          114.156
          111.035
          105.234
          108.584
          116.439
          112.928
          106.592
          110.361
          118.702
          114.776
          107.868
          112.074
          120.812
          116.457
          108.933
          113.57
          122.563
          117.79
          109.577
          114.604
          123.645
          118.497
          109.47
          114.792
          123.586
          118.166
          108.098
          113.533
          121.688
          116.179
          104.673
          109.916
          116.915
          111.629
          98.0135
          102.563
          107.743
          103.185
          86.3659
          89.418
          91.9471
          88.9227
          67.2179
          67.4409
          66.3269
          66.162
          37.5467
          32.4025
          27.4642
          32.6485
          106.591
          110.653
          125.937
          121.417
          107.07
          108.781
          114.117
          112.223
          106.517
          107.436
          109.838
          108.832
          105.832
          106.55
          108.248
          107.473
          105.364
          106.131
          107.933
          107.113
          105.232
          106.165
          108.389
          107.396
          105.46
          106.621
          109.396
          108.164
          106.034
          107.464
          110.843
          109.33
          106.925
          108.657
          112.665
          110.839
          108.103
          110.172
          114.822
          112.652
          109.537
          111.979
          117.284
          114.735
          111.193
          114.051
          120.021
          117.054
          113.035
          116.356
          122.996
          119.567
          115.011
          118.844
          126.148
          122.212
          117.043
          121.436
          129.379
          124.893
          119.009
          124.003
          132.528
          127.456
          120.713
          126.33
          135.337
          129.663
          121.846
          128.072
          137.396
          131.138
          121.921
          128.683
          138.075
          131.313
          120.199
          127.32
          136.415
          129.329
          115.587
          122.72
          131.003
          123.944
          106.605
          113.126
          119.892
          113.488
          91.8109
          96.6585
          101.07
          96.3811
          73.3493
          74.9462
          76.8272
          75.3737
          126.205
          119.217
          121.804
          128.911
          127.585
          123.43
          125.093
          129.508
          134.675
          130.899
          131.649
          135.668
          139.757
          135.924
          136.06
          140.087
          141.881
          138.046
          137.83
          141.812
          141.661
          137.955
          137.567
          141.386
          139.881
          136.406
          135.966
          139.528
          137.176
          133.995
          133.579
          136.829
          134.002
          131.144
          130.798
          133.712
          130.664
          128.137
          127.886
          130.461
          127.359
          125.157
          125.014
          127.259
          124.21
          122.321
          122.289
          124.219
          121.294
          119.702
          119.782
          121.41
          118.656
          117.349
          117.535
          118.875
          116.328
          115.299
          115.584
          116.641
          114.337
          113.588
          113.964
          114.736
          112.719
          112.264
          112.723
          113.193
          111.524
          111.399
          111.936
          112.065
          110.835
          111.106
          111.726
          111.44
          110.797
          111.588
          112.308
          111.47
          111.675
          113.223
          114.086
          112.426
          114.028
          116.837
          117.906
          114.836
          119.255
          124.632
          125.914
          119.904
          131.723
          144.146
          145.45
          131.253
          180.21
          165.491
          168.351
          183.317
          160.783
          151.682
          154.766
          164.194
          153.928
          147.597
          150.03
          156.695
          151.446
          146.401
          148.04
          153.367
          149.782
          145.395
          146.359
          150.961
          147.766
          143.802
          144.265
          148.386
          145.189
          141.57
          141.692
          145.422
          142.164
          138.869
          138.778
          142.152
          138.876
          135.899
          135.694
          138.729
          135.499
          132.832
          132.586
          135.295
          132.163
          129.8
          129.562
          131.96
          128.962
          126.89
          126.697
          128.799
          125.958
          124.163
          124.038
          125.859
          123.187
          121.656
          121.614
          123.169
          120.674
          119.395
          119.442
          120.743
          118.431
          117.397
          117.535
          118.59
          116.474
          115.682
          115.906
          116.717
          114.82
          114.277
          114.581
          115.139
          113.501
          113.225
          113.597
          113.885
          112.569
          112.593
          113.022
          113.005
          112.102
          112.471
          112.95
          112.582
          112.168
          112.887
          113.43
          112.706
          112.633
          113.349
          114
          113.281
          112.129
          109.965
          110.609
          112.714
          230.041
          209.801
          212.275
          232.79
          196.403
          182.532
          185.761
          199.891
          176.626
          166.919
          170.119
          180.11
          164.825
          157.692
          160.441
          167.854
          157.213
          151.65
          153.804
          159.613
          151.666
          147.097
          148.666
          153.433
          147.115
          143.223
          144.285
          148.329
          143.071
          139.681
          140.337
          143.839
          139.33
          136.345
          136.694
          139.759
          135.821
          133.182
          133.313
          136.009
          132.529
          130.195
          130.184
          132.557
          129.455
          127.398
          127.304
          129.39
          126.602
          124.796
          124.67
          126.498
          123.97
          122.394
          122.272
          123.866
          121.552
          120.185
          120.097
          121.479
          119.336
          118.16
          118.125
          119.315
          117.305
          116.302
          116.333
          117.35
          115.44
          114.59
          114.692
          115.556
          113.716
          112.999
          113.17
          113.9
          112.108
          111.498
          111.726
          112.348
          110.586
          110.044
          110.305
          110.858
          109.104
          108.553
          108.816
          109.376
          107.562
          106.875
          107.118
          107.812
          105.881
          105.329
          105.65
          106.207
          270.888
          247.146
          248.935
          272.908
          228.76
          211.139
          213.678
          231.458
          199.559
          186.525
          189.388
          202.585
          179.331
          169.618
          172.457
          182.353
          165.105
          157.738
          160.318
          167.875
          154.797
          149.075
          151.27
          157.171
          147.033
          142.476
          144.243
          148.955
          140.946
          137.233
          138.584
          142.425
          136.003
          132.919
          133.898
          137.082
          131.875
          129.276
          129.941
          132.616
          128.355
          126.141
          126.555
          128.825
          125.308
          123.406
          123.63
          125.572
          122.637
          120.993
          121.083
          122.756
          120.27
          118.839
          118.845
          120.296
          118.148
          116.893
          116.855
          118.125
          116.214
          115.101
          115.056
          116.181
          114.415
          113.412
          113.388
          114.402
          112.694
          111.765
          111.785
          112.724
          110.985
          110.091
          110.172
          111.077
          109.215
          108.308
          108.46
          109.378
          107.3
          106.327
          106.546
          107.531
          105.166
          104.079
          104.345
          105.44
          102.806
          101.625
          101.884
          103.07
          100.404
          99.1989
          99.3426
          100.549
          298.518
          272.823
          273.831
          299.648
          252.03
          232.056
          233.528
          253.572
          217.38
          201.955
          203.726
          219.214
          191.565
          179.7
          181.598
          193.538
          172.266
          163.144
          165.017
          174.228
          157.735
          150.701
          152.434
          159.564
          146.685
          141.231
          142.75
          148.3
          138.192
          133.931
          135.199
          139.549
          131.593
          128.234
          129.246
          132.682
          126.412
          123.739
          124.51
          127.248
          122.307
          120.155
          120.715
          122.917
          119.02
          117.267
          117.651
          119.442
          116.357
          114.908
          115.153
          116.63
          114.165
          112.945
          113.088
          114.328
          112.321
          111.269
          111.342
          112.409
          110.72
          109.783
          109.817
          110.765
          109.269
          108.399
          108.418
          109.297
          107.877
          107.026
          107.055
          107.914
          106.453
          105.569
          105.628
          106.52
          104.892
          103.915
          104.021
          105.007
          103.073
          101.928
          102.096
          103.249
          100.848
          99.441
          99.6741
          101.087
          98.0401
          96.24
          96.5129
          98.3125
          94.4581
          92.1296
          92.3428
          94.6607
          309.911
          283.379
          283.558
          310.071
          261.85
          240.922
          241.202
          262.121
          225.233
          208.828
          209.166
          225.569
          197.308
          184.519
          184.877
          197.669
          175.957
          166.029
          166.378
          176.311
          159.572
          151.888
          152.208
          159.899
          146.951
          141.011
          141.292
          147.239
          137.198
          132.606
          132.844
          137.442
          129.644
          126.088
          126.285
          129.846
          123.785
          121.021
          121.181
          123.95
          119.236
          117.073
          117.203
          119.37
          115.696
          113.986
          114.092
          115.805
          112.927
          111.552
          111.639
          113.017
          110.736
          109.603
          109.677
          110.813
          108.966
          108
          108.064
          109.033
          107.484
          106.62
          106.677
          107.543
          106.175
          105.358
          105.408
          106.228
          104.934
          104.109
          104.155
          104.981
          103.657
          102.769
          102.809
          103.698
          102.233
          101.218
          101.251
          102.267
          100.527
          99.3003
          99.3261
          100.554
          98.358
          96.7965
          96.8133
          98.3765
          95.4498
          93.3526
          93.3576
          95.4569
          91.3332
          88.3131
          88.2942
          91.3175
          303.71
          277.301
          276.621
          302.87
          256.389
          235.888
          234.921
          255.338
          220.997
          205.17
          203.994
          219.758
          194.491
          182.316
          181.033
          193.142
          174.544
          165.182
          163.897
          173.181
          159.412
          152.197
          150.997
          158.127
          147.823
          142.236
          141.183
          146.685
          138.861
          134.506
          133.636
          137.912
          131.868
          128.444
          127.769
          131.124
          126.368
          123.649
          123.161
          125.824
          122.009
          119.822
          119.503
          121.646
          118.525
          116.738
          116.56
          118.314
          115.707
          114.216
          114.149
          115.616
          113.388
          112.112
          112.126
          113.385
          111.431
          110.304
          110.368
          111.484
          109.72
          108.686
          108.774
          109.799
          108.153
          107.164
          107.25
          108.233
          106.639
          105.648
          105.711
          106.696
          105.088
          104.051
          104.068
          105.1
          103.407
          102.275
          102.229
          103.355
          101.49
          100.206
          100.081
          101.361
          99.2059
          97.6942
          97.4841
          98.9942
          96.3749
          94.5322
          94.256
          96.1036
          92.7442
          90.4295
          90.1817
          92.5114
          280.504
          255.407
          253.855
          278.686
          236.777
          218.181
          215.983
          234.412
          206.099
          192.348
          189.858
          203.45
          184.506
          174.262
          171.79
          181.859
          169.049
          161.298
          159.065
          166.633
          157.673
          151.681
          149.813
          155.631
          149.016
          144.276
          142.818
          147.407
          142.207
          138.372
          137.317
          141.028
          136.694
          133.527
          132.833
          135.905
          132.123
          129.46
          129.069
          131.662
          128.259
          125.982
          125.83
          128.057
          124.936
          122.959
          122.982
          124.925
          122.029
          120.284
          120.424
          122.146
          119.439
          117.871
          118.077
          119.629
          117.082
          115.646
          115.873
          117.297
          114.883
          113.54
          113.752
          115.083
          112.774
          111.491
          111.655
          112.929
          110.693
          109.438
          109.532
          110.777
          108.58
          107.326
          107.333
          108.576
          106.38
          105.105
          105.016
          106.281
          104.048
          102.739
          102.559
          103.86
          101.559
          100.223
          99.9777
          101.309
          98.9514
          97.6486
          97.3966
          98.698
          96.4356
          95.3674
          95.2046
          96.2717
          242.638
          220.574
          218.187
          239.945
          206.702
          191.579
          188.435
          203.297
          184.779
          174.21
          171.105
          181.391
          171.115
          163.398
          160.777
          168.211
          161.988
          156.043
          154.066
          159.764
          155.268
          150.454
          149.117
          153.734
          149.836
          145.786
          145.007
          148.91
          145.141
          141.644
          141.311
          144.705
          140.92
          137.849
          137.85
          140.851
          137.048
          134.321
          134.555
          137.237
          133.461
          131.022
          131.4
          133.812
          130.12
          127.921
          128.373
          130.554
          126.989
          124.993
          125.46
          127.444
          124.034
          122.205
          122.643
          124.462
          121.218
          119.525
          119.9
          121.582
          118.502
          116.918
          117.206
          118.778
          115.849
          114.35
          114.535
          116.021
          113.226
          111.792
          111.869
          113.29
          110.61
          109.229
          109.203
          110.571
          107.992
          106.667
          106.555
          107.87
          105.401
          104.154
          103.989
          105.228
          102.919
          101.81
          101.641
          102.743
          100.732
          99.886
          99.7649
          100.606
          99.1842
          98.8096
          98.7578
          99.1287
          193.731
          177.022
          174.035
          190.48
          171.431
          161.079
          157.822
          167.837
          162.142
          155.03
          152.511
          159.275
          157.872
          152.351
          150.766
          155.997
          154.985
          150.306
          149.533
          153.996
          152.153
          148.002
          147.843
          151.843
          149.035
          145.285
          145.549
          149.199
          145.645
          142.241
          142.772
          146.112
          142.097
          139.008
          139.685
          142.734
          138.505
          135.706
          136.438
          139.21
          134.953
          132.418
          133.139
          135.654
          131.492
          129.195
          129.855
          132.138
          128.145
          126.056
          126.623
          128.699
          124.915
          123.003
          123.456
          125.353
          121.788
          120.026
          120.353
          122.099
          118.749
          117.111
          117.308
          118.929
          115.779
          114.247
          114.32
          115.835
          112.874
          111.437
          111.399
          112.82
          110.046
          108.706
          108.581
          109.907
          107.336
          106.115
          105.936
          107.148
          104.832
          103.771
          103.581
          104.634
          102.669
          101.835
          101.674
          102.502
          101.023
          100.49
          100.382
          100.91
          100.043
          99.8229
          99.7567
          99.9728
          138.158
          129.488
          126.598
          135.13
          136.473
          131.368
          129.397
          134.213
          141.852
          137.55
          136.733
          140.775
          146.083
          141.925
          141.943
          145.905
          147.781
          143.723
          144.255
          148.172
          147.346
          143.471
          144.282
          148.058
          145.457
          141.84
          142.771
          146.318
          142.687
          139.37
          140.316
          143.582
          139.446
          136.442
          137.334
          140.3
          136
          133.3
          134.097
          136.766
          132.514
          130.093
          130.768
          133.162
          129.076
          126.903
          127.442
          129.588
          125.725
          123.766
          124.161
          126.094
          122.471
          120.693
          120.943
          122.696
          119.311
          117.682
          117.792
          119.396
          116.236
          114.733
          114.713
          116.192
          113.248
          111.857
          111.723
          113.093
          110.368
          109.091
          108.867
          110.127
          107.647
          106.503
          106.22
          107.352
          105.173
          104.199
          103.896
          104.864
          103.07
          102.313
          102.033
          102.785
          101.467
          100.966
          100.746
          101.242
          100.447
          100.191
          100.051
          100.301
          99.9524
          99.8552
          99.7867
          99.8808
        </DataArray>
      </PointData>
    </Piece>
  </UnstructuredGrid>
</VTKFile>
