Title: Plate with hole, uniaxial tension
        (9:57:38 on July 11, 2026, Saturday)

C O N T R O L   I N F O R M A T I O N

  DIMENSION = 2
  NUMNP     = 1125
  NUMEG     = 1

     1     0     00.7071070.707107
     2     0     0     5     5
     3     1     1    -5     5
     4     0     0-0.7071070.707107
     5     0     0     1     0
     6     0     00.707107-0.707107
     7     0     0     5    -5
     8     1     1    -5    -5
     9     0     0-0.707107-0.707107
    10     0     00.7778170.777817
    11     0     00.8536980.853698
    12     0     00.9351270.935127
    13     0     01.022511.02251
    14     0     01.116281.11628
    15     0     01.216911.21691
    16     0     01.324891.32489
    17     0     01.440771.44077
    18     0     01.565121.56512
    19     0     01.698571.69857
    20     0     01.841771.84177
    21     0     01.995441.99544
    22     0     02.160352.16035
    23     0     02.337312.33731
    24     0     02.527212.52721
    25     0     0 2.731 2.731
    26     0     02.949692.94969
    27     0     03.184363.18436
    28     0     03.436193.43619
    29     0     03.706443.70644
    30     0     03.996453.99645
    31     0     04.307664.30766
    32     0     04.641624.64162
    33     0     04.09091     5
    34     0     03.18182     5
    35     0     02.27273     5
    36     0     01.36364     5
    37     0     00.454545     5
    38     0     0-0.454545     5
    39     0     0-1.36364     5
    40     0     0-2.27273     5
    41     0     0-3.18182     5
    42     0     0-4.09091     5
    43     0     0-4.641624.64162
    44     0     0-4.307664.30766
    45     0     0-3.996453.99645
    46     0     0-3.706443.70644
    47     0     0-3.436193.43619
    48     0     0-3.184363.18436
    49     0     0-2.949692.94969
    50     0     0-2.731 2.731
    51     0     0-2.527212.52721
    52     0     0-2.337312.33731
    53     0     0-2.160352.16035
    54     0     0-1.995441.99544
    55     0     0-1.841771.84177
    56     0     0-1.698571.69857
    57     0     0-1.565121.56512
    58     0     0-1.440771.44077
    59     0     0-1.324891.32489
    60     0     0-1.216911.21691
    61     0     0-1.116281.11628
    62     0     0-1.022511.02251
    63     0     0-0.9351270.935127
    64     0     0-0.8536980.853698
    65     0     0-0.7778170.777817
    66     0     0-0.5992780.800541
    67     0     0-0.4792490.877679
    68     0     0-0.3494640.93695
    69     0     0-0.2125650.977147
    70     0     0-0.07133920.997452
    71     0     00.07133920.997452
    72     0     00.2125650.977147
    73     0     00.3494640.93695
    74     0     00.4792490.877679
    75     0     00.5992780.800541
    76     0     00.7933530.608761
    77     0     00.866025   0.5
    78     0     00.923880.382683
    79     0     00.9659260.258819
    80     0     00.9914450.130526
    81     0     00.991445-0.130526
    82     0     00.965926-0.258819
    83     0     00.92388-0.382683
    84     0     00.866025  -0.5
    85     0     00.793353-0.608761
    86     0     00.777817-0.777817
    87     0     00.853698-0.853698
    88     0     00.935127-0.935127
    89     0     01.02251-1.02251
    90     0     01.11628-1.11628
    91     0     01.21691-1.21691
    92     0     01.32489-1.32489
    93     0     01.44077-1.44077
    94     0     01.56512-1.56512
    95     0     01.69857-1.69857
    96     0     01.84177-1.84177
    97     0     01.99544-1.99544
    98     0     02.16035-2.16035
    99     0     02.33731-2.33731
   100     0     02.52721-2.52721
   101     0     0 2.731-2.731
   102     0     02.94969-2.94969
   103     0     03.18436-3.18436
   104     0     03.43619-3.43619
   105     0     03.70644-3.70644
   106     0     03.99645-3.99645
   107     0     04.30766-4.30766
   108     0     04.64162-4.64162
   109     0     0     5-4.16667
   110     0     0     5-3.33333
   111     0     0     5  -2.5
   112     0     0     5-1.66667
   113     0     0     5-0.833333
   114     0     0     5     0
   115     0     0     50.833333
   116     0     0     51.66667
   117     0     0     5   2.5
   118     0     0     53.33333
   119     0     0     54.16667
   120     0     0-4.64162-4.64162
   121     0     0-4.30766-4.30766
   122     0     0-3.99645-3.99645
   123     0     0-3.70644-3.70644
   124     0     0-3.43619-3.43619
   125     0     0-3.18436-3.18436
   126     0     0-2.94969-2.94969
   127     0     0-2.731-2.731
   128     0     0-2.52721-2.52721
   129     0     0-2.33731-2.33731
   130     0     0-2.16035-2.16035
   131     0     0-1.99544-1.99544
   132     0     0-1.84177-1.84177
   133     0     0-1.69857-1.69857
   134     0     0-1.56512-1.56512
   135     0     0-1.44077-1.44077
   136     0     0-1.32489-1.32489
   137     0     0-1.21691-1.21691
   138     0     0-1.11628-1.11628
   139     0     0-1.02251-1.02251
   140     0     0-0.935127-0.935127
   141     0     0-0.853698-0.853698
   142     0     0-0.777817-0.777817
   143     0     0-0.800541-0.599278
   144     0     0-0.877679-0.479249
   145     0     0-0.93695-0.349464
   146     0     0-0.977147-0.212565
   147     0     0-0.997452-0.0713392
   148     0     0-0.9974520.0713392
   149     0     0-0.9771470.212565
   150     0     0-0.936950.349464
   151     0     0-0.8776790.479249
   152     0     0-0.8005410.599278
   153     1     1    -54.09091
   154     1     1    -53.18182
   155     1     1    -52.27273
   156     1     1    -51.36364
   157     1     1    -50.454545
   158     1     1    -5-0.454545
   159     1     1    -5-1.36364
   160     1     1    -5-2.27273
   161     1     1    -5-3.18182
   162     1     1    -5-4.09091
   163     0     0-4.09091    -5
   164     0     0-3.18182    -5
   165     0     0-2.27273    -5
   166     0     0-1.36364    -5
   167     0     0-0.454545    -5
   168     0     00.454545    -5
   169     0     01.36364    -5
   170     0     02.27273    -5
   171     0     03.18182    -5
   172     0     04.09091    -5
   173     0     00.599278-0.800541
   174     0     00.479249-0.877679
   175     0     00.349464-0.93695
   176     0     00.212565-0.977147
   177     0     00.0713392-0.997452
   178     0     0-0.0713392-0.997452
   179     0     0-0.212565-0.977147
   180     0     0-0.349464-0.93695
   181     0     0-0.479249-0.877679
   182     0     0-0.599278-0.800541
   183     0     00.656790.869713
   184     0     00.7185080.943942
   185     0     00.7847381.0236
   186     0     00.8558111.10908
   187     0     00.9320791.20081
   188     0     01.013921.29925
   189     0     01.101751.40488
   190     0     01.196011.51824
   191     0     01.297151.63988
   192     0     01.405681.77042
   193     0     01.522161.91051
   194     0     01.647152.06083
   195     0     01.781272.22215
   196     0     01.925212.39526
   197     0     02.079662.58103
   198     0     02.245412.78038
   199     0     02.423282.99431
   200     0     02.614163.22388
   201     0     02.818993.47023
   202     0     03.038793.7346
   203     0     03.274674.01829
   204     0     03.527794.32273
   205     0     03.799424.64942
   206     0     00.5237650.94558
   207     0     00.5715351.01845
   208     0     00.6227981.09664
   209     0     00.6778091.18055
   210     0     00.7368421.27059
   211     0     00.8001911.36722
   212     0     00.8681721.47092
   213     0     00.9411241.58219
   214     0     01.019411.7016
   215     0     01.103421.82975
   216     0     01.193571.96726
   217     0     01.290312.11482
   218     0     01.394132.27318
   219     0     01.505542.44311
   220     0     01.625092.62546
   221     0     01.753382.82115
   222     0     01.891053.03115
   223     0     02.038793.2565
   224     0     02.197333.49833
   225     0     02.367473.75784
   226     0     02.550044.03632
   227     0     02.745964.33517
   228     0     02.95624.65586
   229     0     00.3811431.00387
   230     0     00.4151391.07569
   231     0     00.451621.15276
   232     0     00.4907681.23547
   233     0     00.5327781.32422
   234     0     00.577861.41946
   235     0     00.6262391.52166
   236     0     00.6781541.63133
   237     0     00.7338651.74903
   238     0     00.793651.87533
   239     0     00.8578052.01086
   240     0     00.9266512.1563
   241     0     01.000532.31238
   242     0     01.079812.47987
   243     0     01.164892.65961
   244     0     01.256192.85248
   245     0     01.354163.05946
   246     0     01.45933.28157
   247     0     01.572133.51992
   248     0     01.69323.7757
   249     0     01.823124.05018
   250     0     01.962554.34472
   251     0     02.112174.66081
   252     0     00.2315251.04341
   253     0     00.2518711.11452
   254     0     00.2737051.19082
   255     0     00.2971351.27271
   256     0     00.3222791.36058
   257     0     00.349261.45488
   258     0     00.3782151.55607
   259     0     00.4092861.66466
   260     0     00.4426291.78119
   261     0     00.478411.90624
   262     0     00.5168072.04043
   263     0     00.5580112.18444
   264     0     00.6022282.33897
   265     0     00.6496782.5048
   266     0     00.7005982.68276
   267     0     00.755242.87373
   268     0     00.8138773.07866
   269     0     00.8768023.29857
   270     0     00.9443273.53456
   271     0     01.016793.78781
   272     0     01.094554.05957
   273     0     0 1.1784.35121
   274     0     01.267544.66416
   275     0     00.07765121.06338
   276     0     00.08442471.13413
   277     0     00.09169341.21005
   278     0     00.09949361.29152
   279     0     00.1078641.37895
   280     0     00.1168471.47277
   281     0     00.1264861.57345
   282     0     00.136831.6815
   283     0     00.147931.79744
   284     0     00.1598421.92186
   285     0     00.1726252.05537
   286     0     00.1863432.19865
   287     0     00.2010632.3524
   288     0     00.216862.5174
   289     0     00.2338112.69446
   290     0     00.2520022.88446
   291     0     00.2715243.08836
   292     0     00.2924723.30716
   293     0     00.3149523.54196
   294     0     00.3390763.79393
   295     0     00.3649634.06432
   296     0     00.3927434.35448
   297     0     00.4225554.66586
   298     0     0-0.07765121.06338
   299     0     0-0.08442471.13413
   300     0     0-0.09169341.21005
   301     0     0-0.09949361.29152
   302     0     0-0.1078641.37895
   303     0     0-0.1168471.47277
   304     0     0-0.1264861.57345
   305     0     0-0.136831.6815
   306     0     0-0.147931.79744
   307     0     0-0.1598421.92186
   308     0     0-0.1726252.05537
   309     0     0-0.1863432.19865
   310     0     0-0.2010632.3524
   311     0     0-0.216862.5174
   312     0     0-0.2338112.69446
   313     0     0-0.2520022.88446
   314     0     0-0.2715243.08836
   315     0     0-0.2924723.30716
   316     0     0-0.3149523.54196
   317     0     0-0.3390763.79393
   318     0     0-0.3649634.06432
   319     0     0-0.3927434.35448
   320     0     0-0.4225554.66586
   321     0     0-0.2315251.04341
   322     0     0-0.2518711.11452
   323     0     0-0.2737051.19082
   324     0     0-0.2971351.27271
   325     0     0-0.3222791.36058
   326     0     0-0.349261.45488
   327     0     0-0.3782151.55607
   328     0     0-0.4092861.66466
   329     0     0-0.4426291.78119
   330     0     0-0.478411.90624
   331     0     0-0.5168072.04043
   332     0     0-0.5580112.18444
   333     0     0-0.6022282.33897
   334     0     0-0.6496782.5048
   335     0     0-0.7005982.68276
   336     0     0-0.755242.87373
   337     0     0-0.8138773.07866
   338     0     0-0.8768023.29857
   339     0     0-0.9443273.53456
   340     0     0-1.016793.78781
   341     0     0-1.094554.05957
   342     0     0-1.1784.35121
   343     0     0-1.267544.66416
   344     0     0-0.3811431.00387
   345     0     0-0.4151391.07569
   346     0     0-0.451621.15276
   347     0     0-0.4907681.23547
   348     0     0-0.5327781.32422
   349     0     0-0.577861.41946
   350     0     0-0.6262391.52166
   351     0     0-0.6781541.63133
   352     0     0-0.7338651.74903
   353     0     0-0.793651.87533
   354     0     0-0.8578052.01086
   355     0     0-0.9266512.1563
   356     0     0-1.000532.31238
   357     0     0-1.079812.47987
   358     0     0-1.164892.65961
   359     0     0-1.256192.85248
   360     0     0-1.354163.05946
   361     0     0-1.45933.28157
   362     0     0-1.572133.51992
   363     0     0-1.69323.7757
   364     0     0-1.823124.05018
   365     0     0-1.962554.34472
   366     0     0-2.112174.66081
   367     0     0-0.5237650.94558
   368     0     0-0.5715351.01845
   369     0     0-0.6227981.09664
   370     0     0-0.6778091.18055
   371     0     0-0.7368421.27059
   372     0     0-0.8001911.36722
   373     0     0-0.8681721.47092
   374     0     0-0.9411241.58219
   375     0     0-1.019411.7016
   376     0     0-1.103421.82975
   377     0     0-1.193571.96726
   378     0     0-1.290312.11482
   379     0     0-1.394132.27318
   380     0     0-1.505542.44311
   381     0     0-1.625092.62546
   382     0     0-1.753382.82115
   383     0     0-1.891053.03115
   384     0     0-2.038793.2565
   385     0     0-2.197333.49833
   386     0     0-2.367473.75784
   387     0     0-2.550044.03632
   388     0     0-2.745964.33517
   389     0     0-2.95624.65586
   390     0     0-0.656790.869713
   391     0     0-0.7185080.943942
   392     0     0-0.7847381.0236
   393     0     0-0.8558111.10908
   394     0     0-0.9320791.20081
   395     0     0-1.013921.29925
   396     0     0-1.101751.40488
   397     0     0-1.196011.51824
   398     0     0-1.297151.63988
   399     0     0-1.405681.77042
   400     0     0-1.522161.91051
   401     0     0-1.647152.06083
   402     0     0-1.781272.22215
   403     0     0-1.925212.39526
   404     0     0-2.079662.58103
   405     0     0-2.245412.78038
   406     0     0-2.423282.99431
   407     0     0-2.614163.22388
   408     0     0-2.818993.47023
   409     0     0-3.038793.7346
   410     0     0-3.274674.01829
   411     0     0-3.527794.32273
   412     0     0-3.799424.64942
   413     0     04.648823.86964
   414     0     04.321573.59286
   415     0     04.016613.33493
   416     0     03.732433.09458
   417     0     03.467612.8706
   418     0     03.220842.66188
   419     0     02.990882.46739
   420     0     02.776582.28614
   421     0     02.576892.11725
   422     0     02.39081.95986
   423     0     02.21741.81319
   424     0     02.05581.67652
   425     0     01.905221.54916
   426     0     01.76491.43047
   427     0     01.634131.31988
   428     0     01.512281.21682
   429     0     01.398731.12078
   430     0     01.292911.03128
   431     0     01.194310.94788
   432     0     01.102420.870163
   433     0     01.016790.797742
   434     0     0 0.9370.730255
   435     0     00.8626430.667366
   436     0     04.654893.0968
   437     0     04.333292.87638
   438     0     04.03362.67098
   439     0     03.754332.47958
   440     0     03.494092.30121
   441     0     03.25157 2.135
   442     0     03.025591.98011
   443     0     0 2.8151.83578
   444     0     02.618751.70128
   445     0     02.435881.57594
   446     0     02.265471.45915
   447     0     02.106671.35031
   448     0     01.958681.24888
   449     0     01.820781.15437
   450     0     01.692281.0663
   451     0     01.572530.984223
   452     0     01.460940.907742
   453     0     01.356950.836471
   454     0     01.260050.770057
   455     0     01.169750.708167
   456     0     01.08560.650494
   457     0     01.007190.596751
   458     0     00.9341180.546669
   459     0     04.659722.32324
   460     0     04.342622.15853
   461     0     04.047122.00503
   462     0     03.77176 1.862
   463     0     03.515161.72871
   464     0     03.276041.6045
   465     0     03.053221.48876
   466     0     02.845571.3809
   467     0     02.652081.28039
   468     0     02.471761.18672
   469     0     02.303741.09944
   470     0     02.147161.01811
   471     0     02.001250.942315
   472     0     01.865280.871686
   473     0     01.738570.80587
   474     0     01.62050.744537
   475     0     01.510470.687384
   476     0     01.407940.634124
   477     0     01.312390.584494
   478     0     01.223360.538244
   479     0     01.140390.495146
   480     0     01.063070.454984
   481     0     00.991020.417559
   482     0     04.663231.54914
   483     0     04.34941.43961
   484     0     04.056951.33755
   485     0     03.784431.24245
   486     0     03.530481.15382
   487     0     03.293831.07123
   488     0     03.07330.994269
   489     0     02.86780.922551
   490     0     02.67630.85572
   491     0     02.497840.793442
   492     0     02.331550.735407
   493     0     02.176580.681326
   494     0     02.032180.63093
   495     0     01.897610.583967
   496     0     01.772210.540204
   497     0     01.655360.499423
   498     0     01.546460.461421
   499     0     01.444990.426007
   500     0     01.350430.393007
   501     0     01.262310.362255
   502     0     01.18020.333598
   503     0     01.103680.306893
   504     0     01.032370.282008
   505     0     04.665360.774661
   506     0     04.353510.719987
   507     0     04.062920.669038
   508     0     03.792120.62156
   509     0     03.539770.577316
   510     0     03.304620.536088
   511     0     03.085490.497668
   512     0     02.881290.461866
   513     0     0 2.6910.428503
   514     0     02.513670.397413
   515     0     02.348430.368442
   516     0     02.194450.341444
   517     0     02.050950.316286
   518     0     01.917240.292842
   519     0     01.792630.270996
   520     0     01.676520.250637
   521     0     01.568310.231666
   522     0     01.467480.213988
   523     0     01.373520.197514
   524     0     01.285960.182162
   525     0     01.204360.167856
   526     0     01.128330.154525
   527     0     01.057470.142103
   528     0     04.66607     0
   529     0     04.35489     0
   530     0     04.06492     0
   531     0     03.7947     0
   532     0     03.54289     0
   533     0     03.30824     0
   534     0     03.08957     0
   535     0     02.88581     0
   536     0     02.69592     0
   537     0     02.51898     0
   538     0     02.35409     0
   539     0     02.20043     0
   540     0     02.05725     0
   541     0     01.92382     0
   542     0     01.79948     0
   543     0     01.68361     0
   544     0     01.57564     0
   545     0     01.47502     0
   546     0     01.38126     0
   547     0     01.29388     0
   548     0     01.21246     0
   549     0     01.13659     0
   550     0     01.06589     0
   551     0     04.66536-0.774661
   552     0     04.35351-0.719987
   553     0     04.06292-0.669038
   554     0     03.79212-0.62156
   555     0     03.53977-0.577316
   556     0     03.30462-0.536088
   557     0     03.08549-0.497668
   558     0     02.88129-0.461866
   559     0     0 2.691-0.428503
   560     0     02.51367-0.397413
   561     0     02.34843-0.368442
   562     0     02.19445-0.341444
   563     0     02.05095-0.316286
   564     0     01.91724-0.292842
   565     0     01.79263-0.270996
   566     0     01.67652-0.250637
   567     0     01.56831-0.231666
   568     0     01.46748-0.213988
   569     0     01.37352-0.197514
   570     0     01.28596-0.182162
   571     0     01.20436-0.167856
   572     0     01.12833-0.154525
   573     0     01.05747-0.142103
   574     0     04.66323-1.54914
   575     0     04.3494-1.43961
   576     0     04.05695-1.33755
   577     0     03.78443-1.24245
   578     0     03.53048-1.15382
   579     0     03.29383-1.07123
   580     0     03.0733-0.994269
   581     0     02.8678-0.922551
   582     0     02.6763-0.85572
   583     0     02.49784-0.793442
   584     0     02.33155-0.735407
   585     0     02.17658-0.681326
   586     0     02.03218-0.63093
   587     0     01.89761-0.583967
   588     0     01.77221-0.540204
   589     0     01.65536-0.499423
   590     0     01.54646-0.461421
   591     0     01.44499-0.426007
   592     0     01.35043-0.393007
   593     0     01.26231-0.362255
   594     0     01.1802-0.333598
   595     0     01.10368-0.306893
   596     0     01.03237-0.282008
   597     0     04.65972-2.32324
   598     0     04.34262-2.15853
   599     0     04.04712-2.00503
   600     0     03.77176-1.862
   601     0     03.51516-1.72871
   602     0     03.27604-1.6045
   603     0     03.05322-1.48876
   604     0     02.84557-1.3809
   605     0     02.65208-1.28039
   606     0     02.47176-1.18672
   607     0     02.30374-1.09944
   608     0     02.14716-1.01811
   609     0     02.00125-0.942315
   610     0     01.86528-0.871686
   611     0     01.73857-0.80587
   612     0     01.6205-0.744537
   613     0     01.51047-0.687384
   614     0     01.40794-0.634124
   615     0     01.31239-0.584494
   616     0     01.22336-0.538244
   617     0     01.14039-0.495146
   618     0     01.06307-0.454984
   619     0     00.99102-0.417559
   620     0     04.65489-3.0968
   621     0     04.33329-2.87638
   622     0     04.0336-2.67098
   623     0     03.75433-2.47958
   624     0     03.49409-2.30121
   625     0     03.25157-2.135
   626     0     03.02559-1.98011
   627     0     0 2.815-1.83578
   628     0     02.61875-1.70128
   629     0     02.43588-1.57594
   630     0     02.26547-1.45915
   631     0     02.10667-1.35031
   632     0     01.95868-1.24888
   633     0     01.82078-1.15437
   634     0     01.69228-1.0663
   635     0     01.57253-0.984223
   636     0     01.46094-0.907742
   637     0     01.35695-0.836471
   638     0     01.26005-0.770057
   639     0     01.16975-0.708167
   640     0     01.0856-0.650494
   641     0     01.00719-0.596751
   642     0     00.934118-0.546669
   643     0     04.64882-3.86964
   644     0     04.32157-3.59286
   645     0     04.01661-3.33493
   646     0     03.73243-3.09458
   647     0     03.46761-2.8706
   648     0     03.22084-2.66188
   649     0     02.99088-2.46739
   650     0     02.77658-2.28614
   651     0     02.57689-2.11725
   652     0     02.3908-1.95986
   653     0     02.2174-1.81319
   654     0     02.0558-1.67652
   655     0     01.90522-1.54916
   656     0     01.7649-1.43047
   657     0     01.63413-1.31988
   658     0     01.51228-1.21682
   659     0     01.39873-1.12078
   660     0     01.29291-1.03128
   661     0     01.19431-0.94788
   662     0     01.10242-0.870163
   663     0     01.01679-0.797742
   664     0     0 0.937-0.730255
   665     0     00.862643-0.667366
   666     0     0-4.64942-3.79942
   667     0     0-4.32273-3.52779
   668     0     0-4.01829-3.27467
   669     0     0-3.7346-3.03879
   670     0     0-3.47023-2.81899
   671     0     0-3.22388-2.61416
   672     0     0-2.99431-2.42328
   673     0     0-2.78038-2.24541
   674     0     0-2.58103-2.07966
   675     0     0-2.39526-1.92521
   676     0     0-2.22215-1.78127
   677     0     0-2.06083-1.64715
   678     0     0-1.91051-1.52216
   679     0     0-1.77042-1.40568
   680     0     0-1.63988-1.29715
   681     0     0-1.51824-1.19601
   682     0     0-1.40488-1.10175
   683     0     0-1.29925-1.01392
   684     0     0-1.20081-0.932079
   685     0     0-1.10908-0.855811
   686     0     0-1.0236-0.784738
   687     0     0-0.943942-0.718508
   688     0     0-0.869713-0.65679
   689     0     0-4.65586-2.9562
   690     0     0-4.33517-2.74596
   691     0     0-4.03632-2.55004
   692     0     0-3.75784-2.36747
   693     0     0-3.49833-2.19733
   694     0     0-3.2565-2.03879
   695     0     0-3.03115-1.89105
   696     0     0-2.82115-1.75338
   697     0     0-2.62546-1.62509
   698     0     0-2.44311-1.50554
   699     0     0-2.27318-1.39413
   700     0     0-2.11482-1.29031
   701     0     0-1.96726-1.19357
   702     0     0-1.82975-1.10342
   703     0     0-1.7016-1.01941
   704     0     0-1.58219-0.941124
   705     0     0-1.47092-0.868172
   706     0     0-1.36722-0.800191
   707     0     0-1.27059-0.736842
   708     0     0-1.18055-0.677809
   709     0     0-1.09664-0.622798
   710     0     0-1.01845-0.571535
   711     0     0-0.94558-0.523765
   712     0     0-4.66081-2.11217
   713     0     0-4.34472-1.96255
   714     0     0-4.05018-1.82312
   715     0     0-3.7757-1.6932
   716     0     0-3.51992-1.57213
   717     0     0-3.28157-1.4593
   718     0     0-3.05946-1.35416
   719     0     0-2.85248-1.25619
   720     0     0-2.65961-1.16489
   721     0     0-2.47987-1.07981
   722     0     0-2.31238-1.00053
   723     0     0-2.1563-0.926651
   724     0     0-2.01086-0.857805
   725     0     0-1.87533-0.79365
   726     0     0-1.74903-0.733865
   727     0     0-1.63133-0.678154
   728     0     0-1.52166-0.626239
   729     0     0-1.41946-0.57786
   730     0     0-1.32422-0.532778
   731     0     0-1.23547-0.490768
   732     0     0-1.15276-0.45162
   733     0     0-1.07569-0.415139
   734     0     0-1.00387-0.381143
   735     0     0-4.66416-1.26754
   736     0     0-4.35121-1.178
   737     0     0-4.05957-1.09455
   738     0     0-3.78781-1.01679
   739     0     0-3.53456-0.944327
   740     0     0-3.29857-0.876802
   741     0     0-3.07866-0.813877
   742     0     0-2.87373-0.75524
   743     0     0-2.68276-0.700598
   744     0     0-2.5048-0.649678
   745     0     0-2.33897-0.602228
   746     0     0-2.18444-0.558011
   747     0     0-2.04043-0.516807
   748     0     0-1.90624-0.47841
   749     0     0-1.78119-0.442629
   750     0     0-1.66466-0.409286
   751     0     0-1.55607-0.378215
   752     0     0-1.45488-0.34926
   753     0     0-1.36058-0.322279
   754     0     0-1.27271-0.297135
   755     0     0-1.19082-0.273705
   756     0     0-1.11452-0.251871
   757     0     0-1.04341-0.231525
   758     0     0-4.66586-0.422555
   759     0     0-4.35448-0.392743
   760     0     0-4.06432-0.364963
   761     0     0-3.79393-0.339076
   762     0     0-3.54196-0.314952
   763     0     0-3.30716-0.292472
   764     0     0-3.08836-0.271524
   765     0     0-2.88446-0.252002
   766     0     0-2.69446-0.233811
   767     0     0-2.5174-0.21686
   768     0     0-2.3524-0.201063
   769     0     0-2.19865-0.186343
   770     0     0-2.05537-0.172625
   771     0     0-1.92186-0.159842
   772     0     0-1.79744-0.14793
   773     0     0-1.6815-0.13683
   774     0     0-1.57345-0.126486
   775     0     0-1.47277-0.116847
   776     0     0-1.37895-0.107864
   777     0     0-1.29152-0.0994936
   778     0     0-1.21005-0.0916934
   779     0     0-1.13413-0.0844247
   780     0     0-1.06338-0.0776512
   781     0     0-4.665860.422555
   782     0     0-4.354480.392743
   783     0     0-4.064320.364963
   784     0     0-3.793930.339076
   785     0     0-3.541960.314952
   786     0     0-3.307160.292472
   787     0     0-3.088360.271524
   788     0     0-2.884460.252002
   789     0     0-2.694460.233811
   790     0     0-2.51740.21686
   791     0     0-2.35240.201063
   792     0     0-2.198650.186343
   793     0     0-2.055370.172625
   794     0     0-1.921860.159842
   795     0     0-1.797440.14793
   796     0     0-1.68150.13683
   797     0     0-1.573450.126486
   798     0     0-1.472770.116847
   799     0     0-1.378950.107864
   800     0     0-1.291520.0994936
   801     0     0-1.210050.0916934
   802     0     0-1.134130.0844247
   803     0     0-1.063380.0776512
   804     0     0-4.664161.26754
   805     0     0-4.35121 1.178
   806     0     0-4.059571.09455
   807     0     0-3.787811.01679
   808     0     0-3.534560.944327
   809     0     0-3.298570.876802
   810     0     0-3.078660.813877
   811     0     0-2.873730.75524
   812     0     0-2.682760.700598
   813     0     0-2.50480.649678
   814     0     0-2.338970.602228
   815     0     0-2.184440.558011
   816     0     0-2.040430.516807
   817     0     0-1.906240.47841
   818     0     0-1.781190.442629
   819     0     0-1.664660.409286
   820     0     0-1.556070.378215
   821     0     0-1.454880.34926
   822     0     0-1.360580.322279
   823     0     0-1.272710.297135
   824     0     0-1.190820.273705
   825     0     0-1.114520.251871
   826     0     0-1.043410.231525
   827     0     0-4.660812.11217
   828     0     0-4.344721.96255
   829     0     0-4.050181.82312
   830     0     0-3.77571.6932
   831     0     0-3.519921.57213
   832     0     0-3.281571.4593
   833     0     0-3.059461.35416
   834     0     0-2.852481.25619
   835     0     0-2.659611.16489
   836     0     0-2.479871.07981
   837     0     0-2.312381.00053
   838     0     0-2.15630.926651
   839     0     0-2.010860.857805
   840     0     0-1.875330.79365
   841     0     0-1.749030.733865
   842     0     0-1.631330.678154
   843     0     0-1.521660.626239
   844     0     0-1.419460.57786
   845     0     0-1.324220.532778
   846     0     0-1.235470.490768
   847     0     0-1.152760.45162
   848     0     0-1.075690.415139
   849     0     0-1.003870.381143
   850     0     0-4.655862.9562
   851     0     0-4.335172.74596
   852     0     0-4.036322.55004
   853     0     0-3.757842.36747
   854     0     0-3.498332.19733
   855     0     0-3.25652.03879
   856     0     0-3.031151.89105
   857     0     0-2.821151.75338
   858     0     0-2.625461.62509
   859     0     0-2.443111.50554
   860     0     0-2.273181.39413
   861     0     0-2.114821.29031
   862     0     0-1.967261.19357
   863     0     0-1.829751.10342
   864     0     0-1.70161.01941
   865     0     0-1.582190.941124
   866     0     0-1.470920.868172
   867     0     0-1.367220.800191
   868     0     0-1.270590.736842
   869     0     0-1.180550.677809
   870     0     0-1.096640.622798
   871     0     0-1.018450.571535
   872     0     0-0.945580.523765
   873     0     0-4.649423.79942
   874     0     0-4.322733.52779
   875     0     0-4.018293.27467
   876     0     0-3.73463.03879
   877     0     0-3.470232.81899
   878     0     0-3.223882.61416
   879     0     0-2.994312.42328
   880     0     0-2.780382.24541
   881     0     0-2.581032.07966
   882     0     0-2.395261.92521
   883     0     0-2.222151.78127
   884     0     0-2.060831.64715
   885     0     0-1.910511.52216
   886     0     0-1.770421.40568
   887     0     0-1.639881.29715
   888     0     0-1.518241.19601
   889     0     0-1.404881.10175
   890     0     0-1.299251.01392
   891     0     0-1.200810.932079
   892     0     0-1.109080.855811
   893     0     0-1.02360.784738
   894     0     0-0.9439420.718508
   895     0     0-0.8697130.65679
   896     0     0-0.65679-0.869713
   897     0     0-0.718508-0.943942
   898     0     0-0.784738-1.0236
   899     0     0-0.855811-1.10908
   900     0     0-0.932079-1.20081
   901     0     0-1.01392-1.29925
   902     0     0-1.10175-1.40488
   903     0     0-1.19601-1.51824
   904     0     0-1.29715-1.63988
   905     0     0-1.40568-1.77042
   906     0     0-1.52216-1.91051
   907     0     0-1.64715-2.06083
   908     0     0-1.78127-2.22215
   909     0     0-1.92521-2.39526
   910     0     0-2.07966-2.58103
   911     0     0-2.24541-2.78038
   912     0     0-2.42328-2.99431
   913     0     0-2.61416-3.22388
   914     0     0-2.81899-3.47023
   915     0     0-3.03879-3.7346
   916     0     0-3.27467-4.01829
   917     0     0-3.52779-4.32273
   918     0     0-3.79942-4.64942
   919     0     0-0.523765-0.94558
   920     0     0-0.571535-1.01845
   921     0     0-0.622798-1.09664
   922     0     0-0.677809-1.18055
   923     0     0-0.736842-1.27059
   924     0     0-0.800191-1.36722
   925     0     0-0.868172-1.47092
   926     0     0-0.941124-1.58219
   927     0     0-1.01941-1.7016
   928     0     0-1.10342-1.82975
   929     0     0-1.19357-1.96726
   930     0     0-1.29031-2.11482
   931     0     0-1.39413-2.27318
   932     0     0-1.50554-2.44311
   933     0     0-1.62509-2.62546
   934     0     0-1.75338-2.82115
   935     0     0-1.89105-3.03115
   936     0     0-2.03879-3.2565
   937     0     0-2.19733-3.49833
   938     0     0-2.36747-3.75784
   939     0     0-2.55004-4.03632
   940     0     0-2.74596-4.33517
   941     0     0-2.9562-4.65586
   942     0     0-0.381143-1.00387
   943     0     0-0.415139-1.07569
   944     0     0-0.45162-1.15276
   945     0     0-0.490768-1.23547
   946     0     0-0.532778-1.32422
   947     0     0-0.57786-1.41946
   948     0     0-0.626239-1.52166
   949     0     0-0.678154-1.63133
   950     0     0-0.733865-1.74903
   951     0     0-0.79365-1.87533
   952     0     0-0.857805-2.01086
   953     0     0-0.926651-2.1563
   954     0     0-1.00053-2.31238
   955     0     0-1.07981-2.47987
   956     0     0-1.16489-2.65961
   957     0     0-1.25619-2.85248
   958     0     0-1.35416-3.05946
   959     0     0-1.4593-3.28157
   960     0     0-1.57213-3.51992
   961     0     0-1.6932-3.7757
   962     0     0-1.82312-4.05018
   963     0     0-1.96255-4.34472
   964     0     0-2.11217-4.66081
   965     0     0-0.231525-1.04341
   966     0     0-0.251871-1.11452
   967     0     0-0.273705-1.19082
   968     0     0-0.297135-1.27271
   969     0     0-0.322279-1.36058
   970     0     0-0.34926-1.45488
   971     0     0-0.378215-1.55607
   972     0     0-0.409286-1.66466
   973     0     0-0.442629-1.78119
   974     0     0-0.47841-1.90624
   975     0     0-0.516807-2.04043
   976     0     0-0.558011-2.18444
   977     0     0-0.602228-2.33897
   978     0     0-0.649678-2.5048
   979     0     0-0.700598-2.68276
   980     0     0-0.75524-2.87373
   981     0     0-0.813877-3.07866
   982     0     0-0.876802-3.29857
   983     0     0-0.944327-3.53456
   984     0     0-1.01679-3.78781
   985     0     0-1.09455-4.05957
   986     0     0-1.178-4.35121
   987     0     0-1.26754-4.66416
   988     0     0-0.0776512-1.06338
   989     0     0-0.0844247-1.13413
   990     0     0-0.0916934-1.21005
   991     0     0-0.0994936-1.29152
   992     0     0-0.107864-1.37895
   993     0     0-0.116847-1.47277
   994     0     0-0.126486-1.57345
   995     0     0-0.13683-1.6815
   996     0     0-0.14793-1.79744
   997     0     0-0.159842-1.92186
   998     0     0-0.172625-2.05537
   999     0     0-0.186343-2.19865
  1000     0     0-0.201063-2.3524
  1001     0     0-0.21686-2.5174
  1002     0     0-0.233811-2.69446
  1003     0     0-0.252002-2.88446
  1004     0     0-0.271524-3.08836
  1005     0     0-0.292472-3.30716
  1006     0     0-0.314952-3.54196
  1007     0     0-0.339076-3.79393
  1008     0     0-0.364963-4.06432
  1009     0     0-0.392743-4.35448
  1010     0     0-0.422555-4.66586
  1011     0     00.0776512-1.06338
  1012     0     00.0844247-1.13413
  1013     0     00.0916934-1.21005
  1014     0     00.0994936-1.29152
  1015     0     00.107864-1.37895
  1016     0     00.116847-1.47277
  1017     0     00.126486-1.57345
  1018     0     00.13683-1.6815
  1019     0     00.14793-1.79744
  1020     0     00.159842-1.92186
  1021     0     00.172625-2.05537
  1022     0     00.186343-2.19865
  1023     0     00.201063-2.3524
  1024     0     00.21686-2.5174
  1025     0     00.233811-2.69446
  1026     0     00.252002-2.88446
  1027     0     00.271524-3.08836
  1028     0     00.292472-3.30716
  1029     0     00.314952-3.54196
  1030     0     00.339076-3.79393
  1031     0     00.364963-4.06432
  1032     0     00.392743-4.35448
  1033     0     00.422555-4.66586
  1034     0     00.231525-1.04341
  1035     0     00.251871-1.11452
  1036     0     00.273705-1.19082
  1037     0     00.297135-1.27271
  1038     0     00.322279-1.36058
  1039     0     00.34926-1.45488
  1040     0     00.378215-1.55607
  1041     0     00.409286-1.66466
  1042     0     00.442629-1.78119
  1043     0     00.47841-1.90624
  1044     0     00.516807-2.04043
  1045     0     00.558011-2.18444
  1046     0     00.602228-2.33897
  1047     0     00.649678-2.5048
  1048     0     00.700598-2.68276
  1049     0     00.75524-2.87373
  1050     0     00.813877-3.07866
  1051     0     00.876802-3.29857
  1052     0     00.944327-3.53456
  1053     0     01.01679-3.78781
  1054     0     01.09455-4.05957
  1055     0     0 1.178-4.35121
  1056     0     01.26754-4.66416
  1057     0     00.381143-1.00387
  1058     0     00.415139-1.07569
  1059     0     00.45162-1.15276
  1060     0     00.490768-1.23547
  1061     0     00.532778-1.32422
  1062     0     00.57786-1.41946
  1063     0     00.626239-1.52166
  1064     0     00.678154-1.63133
  1065     0     00.733865-1.74903
  1066     0     00.79365-1.87533
  1067     0     00.857805-2.01086
  1068     0     00.926651-2.1563
  1069     0     01.00053-2.31238
  1070     0     01.07981-2.47987
  1071     0     01.16489-2.65961
  1072     0     01.25619-2.85248
  1073     0     01.35416-3.05946
  1074     0     01.4593-3.28157
  1075     0     01.57213-3.51992
  1076     0     01.6932-3.7757
  1077     0     01.82312-4.05018
  1078     0     01.96255-4.34472
  1079     0     02.11217-4.66081
  1080     0     00.523765-0.94558
  1081     0     00.571535-1.01845
  1082     0     00.622798-1.09664
  1083     0     00.677809-1.18055
  1084     0     00.736842-1.27059
  1085     0     00.800191-1.36722
  1086     0     00.868172-1.47092
  1087     0     00.941124-1.58219
  1088     0     01.01941-1.7016
  1089     0     01.10342-1.82975
  1090     0     01.19357-1.96726
  1091     0     01.29031-2.11482
  1092     0     01.39413-2.27318
  1093     0     01.50554-2.44311
  1094     0     01.62509-2.62546
  1095     0     01.75338-2.82115
  1096     0     01.89105-3.03115
  1097     0     02.03879-3.2565
  1098     0     02.19733-3.49833
  1099     0     02.36747-3.75784
  1100     0     02.55004-4.03632
  1101     0     02.74596-4.33517
  1102     0     02.9562-4.65586
  1103     0     00.65679-0.869713
  1104     0     00.718508-0.943942
  1105     0     00.784738-1.0236
  1106     0     00.855811-1.10908
  1107     0     00.932079-1.20081
  1108     0     01.01392-1.29925
  1109     0     01.10175-1.40488
  1110     0     01.19601-1.51824
  1111     0     01.29715-1.63988
  1112     0     01.40568-1.77042
  1113     0     01.52216-1.91051
  1114     0     01.64715-2.06083
  1115     0     01.78127-2.22215
  1116     0     01.92521-2.39526
  1117     0     02.07966-2.58103
  1118     0     02.24541-2.78038
  1119     0     02.42328-2.99431
  1120     0     02.61416-3.22388
  1121     0     02.81899-3.47023
  1122     0     03.03879-3.7346
  1123     0     03.27467-4.01829
  1124     0     03.52779-4.32273
  1125     0     03.79942-4.64942

 EQUATION NUMBERS

   NODE   Degrees of freedom
     N     X    Y
        1            1     2
        2            3     4
        3            0     0
        4            5     6
        5            7     8
        6            9    10
        7           11    12
        8            0     0
        9           13    14
       10           15    16
       11           17    18
       12           19    20
       13           21    22
       14           23    24
       15           25    26
       16           27    28
       17           29    30
       18           31    32
       19           33    34
       20           35    36
       21           37    38
       22           39    40
       23           41    42
       24           43    44
       25           45    46
       26           47    48
       27           49    50
       28           51    52
       29           53    54
       30           55    56
       31           57    58
       32           59    60
       33           61    62
       34           63    64
       35           65    66
       36           67    68
       37           69    70
       38           71    72
       39           73    74
       40           75    76
       41           77    78
       42           79    80
       43           81    82
       44           83    84
       45           85    86
       46           87    88
       47           89    90
       48           91    92
       49           93    94
       50           95    96
       51           97    98
       52           99   100
       53          101   102
       54          103   104
       55          105   106
       56          107   108
       57          109   110
       58          111   112
       59          113   114
       60          115   116
       61          117   118
       62          119   120
       63          121   122
       64          123   124
       65          125   126
       66          127   128
       67          129   130
       68          131   132
       69          133   134
       70          135   136
       71          137   138
       72          139   140
       73          141   142
       74          143   144
       75          145   146
       76          147   148
       77          149   150
       78          151   152
       79          153   154
       80          155   156
       81          157   158
       82          159   160
       83          161   162
       84          163   164
       85          165   166
       86          167   168
       87          169   170
       88          171   172
       89          173   174
       90          175   176
       91          177   178
       92          179   180
       93          181   182
       94          183   184
       95          185   186
       96          187   188
       97          189   190
       98          191   192
       99          193   194
      100          195   196
      101          197   198
      102          199   200
      103          201   202
      104          203   204
      105          205   206
      106          207   208
      107          209   210
      108          211   212
      109          213   214
      110          215   216
      111          217   218
      112          219   220
      113          221   222
      114          223   224
      115          225   226
      116          227   228
      117          229   230
      118          231   232
      119          233   234
      120          235   236
      121          237   238
      122          239   240
      123          241   242
      124          243   244
      125          245   246
      126          247   248
      127          249   250
      128          251   252
      129          253   254
      130          255   256
      131          257   258
      132          259   260
      133          261   262
      134          263   264
      135          265   266
      136          267   268
      137          269   270
      138          271   272
      139          273   274
      140          275   276
      141          277   278
      142          279   280
      143          281   282
      144          283   284
      145          285   286
      146          287   288
      147          289   290
      148          291   292
      149          293   294
      150          295   296
      151          297   298
      152          299   300
      153            0     0
      154            0     0
      155            0     0
      156            0     0
      157            0     0
      158            0     0
      159            0     0
      160            0     0
      161            0     0
      162            0     0
      163          301   302
      164          303   304
      165          305   306
      166          307   308
      167          309   310
      168          311   312
      169          313   314
      170          315   316
      171          317   318
      172          319   320
      173          321   322
      174          323   324
      175          325   326
      176          327   328
      177          329   330
      178          331   332
      179          333   334
      180          335   336
      181          337   338
      182          339   340
      183          341   342
      184          343   344
      185          345   346
      186          347   348
      187          349   350
      188          351   352
      189          353   354
      190          355   356
      191          357   358
      192          359   360
      193          361   362
      194          363   364
      195          365   366
      196          367   368
      197          369   370
      198          371   372
      199          373   374
      200          375   376
      201          377   378
      202          379   380
      203          381   382
      204          383   384
      205          385   386
      206          387   388
      207          389   390
      208          391   392
      209          393   394
      210          395   396
      211          397   398
      212          399   400
      213          401   402
      214          403   404
      215          405   406
      216          407   408
      217          409   410
      218          411   412
      219          413   414
      220          415   416
      221          417   418
      222          419   420
      223          421   422
      224          423   424
      225          425   426
      226          427   428
      227          429   430
      228          431   432
      229          433   434
      230          435   436
      231          437   438
      232          439   440
      233          441   442
      234          443   444
      235          445   446
      236          447   448
      237          449   450
      238          451   452
      239          453   454
      240          455   456
      241          457   458
      242          459   460
      243          461   462
      244          463   464
      245          465   466
      246          467   468
      247          469   470
      248          471   472
      249          473   474
      250          475   476
      251          477   478
      252          479   480
      253          481   482
      254          483   484
      255          485   486
      256          487   488
      257          489   490
      258          491   492
      259          493   494
      260          495   496
      261          497   498
      262          499   500
      263          501   502
      264          503   504
      265          505   506
      266          507   508
      267          509   510
      268          511   512
      269          513   514
      270          515   516
      271          517   518
      272          519   520
      273          521   522
      274          523   524
      275          525   526
      276          527   528
      277          529   530
      278          531   532
      279          533   534
      280          535   536
      281          537   538
      282          539   540
      283          541   542
      284          543   544
      285          545   546
      286          547   548
      287          549   550
      288          551   552
      289          553   554
      290          555   556
      291          557   558
      292          559   560
      293          561   562
      294          563   564
      295          565   566
      296          567   568
      297          569   570
      298          571   572
      299          573   574
      300          575   576
      301          577   578
      302          579   580
      303          581   582
      304          583   584
      305          585   586
      306          587   588
      307          589   590
      308          591   592
      309          593   594
      310          595   596
      311          597   598
      312          599   600
      313          601   602
      314          603   604
      315          605   606
      316          607   608
      317          609   610
      318          611   612
      319          613   614
      320          615   616
      321          617   618
      322          619   620
      323          621   622
      324          623   624
      325          625   626
      326          627   628
      327          629   630
      328          631   632
      329          633   634
      330          635   636
      331          637   638
      332          639   640
      333          641   642
      334          643   644
      335          645   646
      336          647   648
      337          649   650
      338          651   652
      339          653   654
      340          655   656
      341          657   658
      342          659   660
      343          661   662
      344          663   664
      345          665   666
      346          667   668
      347          669   670
      348          671   672
      349          673   674
      350          675   676
      351          677   678
      352          679   680
      353          681   682
      354          683   684
      355          685   686
      356          687   688
      357          689   690
      358          691   692
      359          693   694
      360          695   696
      361          697   698
      362          699   700
      363          701   702
      364          703   704
      365          705   706
      366          707   708
      367          709   710
      368          711   712
      369          713   714
      370          715   716
      371          717   718
      372          719   720
      373          721   722
      374          723   724
      375          725   726
      376          727   728
      377          729   730
      378          731   732
      379          733   734
      380          735   736
      381          737   738
      382          739   740
      383          741   742
      384          743   744
      385          745   746
      386          747   748
      387          749   750
      388          751   752
      389          753   754
      390          755   756
      391          757   758
      392          759   760
      393          761   762
      394          763   764
      395          765   766
      396          767   768
      397          769   770
      398          771   772
      399          773   774
      400          775   776
      401          777   778
      402          779   780
      403          781   782
      404          783   784
      405          785   786
      406          787   788
      407          789   790
      408          791   792
      409          793   794
      410          795   796
      411          797   798
      412          799   800
      413          801   802
      414          803   804
      415          805   806
      416          807   808
      417          809   810
      418          811   812
      419          813   814
      420          815   816
      421          817   818
      422          819   820
      423          821   822
      424          823   824
      425          825   826
      426          827   828
      427          829   830
      428          831   832
      429          833   834
      430          835   836
      431          837   838
      432          839   840
      433          841   842
      434          843   844
      435          845   846
      436          847   848
      437          849   850
      438          851   852
      439          853   854
      440          855   856
      441          857   858
      442          859   860
      443          861   862
      444          863   864
      445          865   866
      446          867   868
      447          869   870
      448          871   872
      449          873   874
      450          875   876
      451          877   878
      452          879   880
      453          881   882
      454          883   884
      455          885   886
      456          887   888
      457          889   890
      458          891   892
      459          893   894
      460          895   896
      461          897   898
      462          899   900
      463          901   902
      464          903   904
      465          905   906
      466          907   908
      467          909   910
      468          911   912
      469          913   914
      470          915   916
      471          917   918
      472          919   920
      473          921   922
      474          923   924
      475          925   926
      476          927   928
      477          929   930
      478          931   932
      479          933   934
      480          935   936
      481          937   938
      482          939   940
      483          941   942
      484          943   944
      485          945   946
      486          947   948
      487          949   950
      488          951   952
      489          953   954
      490          955   956
      491          957   958
      492          959   960
      493          961   962
      494          963   964
      495          965   966
      496          967   968
      497          969   970
      498          971   972
      499          973   974
      500          975   976
      501          977   978
      502          979   980
      503          981   982
      504          983   984
      505          985   986
      506          987   988
      507          989   990
      508          991   992
      509          993   994
      510          995   996
      511          997   998
      512          999  1000
      513         1001  1002
      514         1003  1004
      515         1005  1006
      516         1007  1008
      517         1009  1010
      518         1011  1012
      519         1013  1014
      520         1015  1016
      521         1017  1018
      522         1019  1020
      523         1021  1022
      524         1023  1024
      525         1025  1026
      526         1027  1028
      527         1029  1030
      528         1031  1032
      529         1033  1034
      530         1035  1036
      531         1037  1038
      532         1039  1040
      533         1041  1042
      534         1043  1044
      535         1045  1046
      536         1047  1048
      537         1049  1050
      538         1051  1052
      539         1053  1054
      540         1055  1056
      541         1057  1058
      542         1059  1060
      543         1061  1062
      544         1063  1064
      545         1065  1066
      546         1067  1068
      547         1069  1070
      548         1071  1072
      549         1073  1074
      550         1075  1076
      551         1077  1078
      552         1079  1080
      553         1081  1082
      554         1083  1084
      555         1085  1086
      556         1087  1088
      557         1089  1090
      558         1091  1092
      559         1093  1094
      560         1095  1096
      561         1097  1098
      562         1099  1100
      563         1101  1102
      564         1103  1104
      565         1105  1106
      566         1107  1108
      567         1109  1110
      568         1111  1112
      569         1113  1114
      570         1115  1116
      571         1117  1118
      572         1119  1120
      573         1121  1122
      574         1123  1124
      575         1125  1126
      576         1127  1128
      577         1129  1130
      578         1131  1132
      579         1133  1134
      580         1135  1136
      581         1137  1138
      582         1139  1140
      583         1141  1142
      584         1143  1144
      585         1145  1146
      586         1147  1148
      587         1149  1150
      588         1151  1152
      589         1153  1154
      590         1155  1156
      591         1157  1158
      592         1159  1160
      593         1161  1162
      594         1163  1164
      595         1165  1166
      596         1167  1168
      597         1169  1170
      598         1171  1172
      599         1173  1174
      600         1175  1176
      601         1177  1178
      602         1179  1180
      603         1181  1182
      604         1183  1184
      605         1185  1186
      606         1187  1188
      607         1189  1190
      608         1191  1192
      609         1193  1194
      610         1195  1196
      611         1197  1198
      612         1199  1200
      613         1201  1202
      614         1203  1204
      615         1205  1206
      616         1207  1208
      617         1209  1210
      618         1211  1212
      619         1213  1214
      620         1215  1216
      621         1217  1218
      622         1219  1220
      623         1221  1222
      624         1223  1224
      625         1225  1226
      626         1227  1228
      627         1229  1230
      628         1231  1232
      629         1233  1234
      630         1235  1236
      631         1237  1238
      632         1239  1240
      633         1241  1242
      634         1243  1244
      635         1245  1246
      636         1247  1248
      637         1249  1250
      638         1251  1252
      639         1253  1254
      640         1255  1256
      641         1257  1258
      642         1259  1260
      643         1261  1262
      644         1263  1264
      645         1265  1266
      646         1267  1268
      647         1269  1270
      648         1271  1272
      649         1273  1274
      650         1275  1276
      651         1277  1278
      652         1279  1280
      653         1281  1282
      654         1283  1284
      655         1285  1286
      656         1287  1288
      657         1289  1290
      658         1291  1292
      659         1293  1294
      660         1295  1296
      661         1297  1298
      662         1299  1300
      663         1301  1302
      664         1303  1304
      665         1305  1306
      666         1307  1308
      667         1309  1310
      668         1311  1312
      669         1313  1314
      670         1315  1316
      671         1317  1318
      672         1319  1320
      673         1321  1322
      674         1323  1324
      675         1325  1326
      676         1327  1328
      677         1329  1330
      678         1331  1332
      679         1333  1334
      680         1335  1336
      681         1337  1338
      682         1339  1340
      683         1341  1342
      684         1343  1344
      685         1345  1346
      686         1347  1348
      687         1349  1350
      688         1351  1352
      689         1353  1354
      690         1355  1356
      691         1357  1358
      692         1359  1360
      693         1361  1362
      694         1363  1364
      695         1365  1366
      696         1367  1368
      697         1369  1370
      698         1371  1372
      699         1373  1374
      700         1375  1376
      701         1377  1378
      702         1379  1380
      703         1381  1382
      704         1383  1384
      705         1385  1386
      706         1387  1388
      707         1389  1390
      708         1391  1392
      709         1393  1394
      710         1395  1396
      711         1397  1398
      712         1399  1400
      713         1401  1402
      714         1403  1404
      715         1405  1406
      716         1407  1408
      717         1409  1410
      718         1411  1412
      719         1413  1414
      720         1415  1416
      721         1417  1418
      722         1419  1420
      723         1421  1422
      724         1423  1424
      725         1425  1426
      726         1427  1428
      727         1429  1430
      728         1431  1432
      729         1433  1434
      730         1435  1436
      731         1437  1438
      732         1439  1440
      733         1441  1442
      734         1443  1444
      735         1445  1446
      736         1447  1448
      737         1449  1450
      738         1451  1452
      739         1453  1454
      740         1455  1456
      741         1457  1458
      742         1459  1460
      743         1461  1462
      744         1463  1464
      745         1465  1466
      746         1467  1468
      747         1469  1470
      748         1471  1472
      749         1473  1474
      750         1475  1476
      751         1477  1478
      752         1479  1480
      753         1481  1482
      754         1483  1484
      755         1485  1486
      756         1487  1488
      757         1489  1490
      758         1491  1492
      759         1493  1494
      760         1495  1496
      761         1497  1498
      762         1499  1500
      763         1501  1502
      764         1503  1504
      765         1505  1506
      766         1507  1508
      767         1509  1510
      768         1511  1512
      769         1513  1514
      770         1515  1516
      771         1517  1518
      772         1519  1520
      773         1521  1522
      774         1523  1524
      775         1525  1526
      776         1527  1528
      777         1529  1530
      778         1531  1532
      779         1533  1534
      780         1535  1536
      781         1537  1538
      782         1539  1540
      783         1541  1542
      784         1543  1544
      785         1545  1546
      786         1547  1548
      787         1549  1550
      788         1551  1552
      789         1553  1554
      790         1555  1556
      791         1557  1558
      792         1559  1560
      793         1561  1562
      794         1563  1564
      795         1565  1566
      796         1567  1568
      797         1569  1570
      798         1571  1572
      799         1573  1574
      800         1575  1576
      801         1577  1578
      802         1579  1580
      803         1581  1582
      804         1583  1584
      805         1585  1586
      806         1587  1588
      807         1589  1590
      808         1591  1592
      809         1593  1594
      810         1595  1596
      811         1597  1598
      812         1599  1600
      813         1601  1602
      814         1603  1604
      815         1605  1606
      816         1607  1608
      817         1609  1610
      818         1611  1612
      819         1613  1614
      820         1615  1616
      821         1617  1618
      822         1619  1620
      823         1621  1622
      824         1623  1624
      825         1625  1626
      826         1627  1628
      827         1629  1630
      828         1631  1632
      829         1633  1634
      830         1635  1636
      831         1637  1638
      832         1639  1640
      833         1641  1642
      834         1643  1644
      835         1645  1646
      836         1647  1648
      837         1649  1650
      838         1651  1652
      839         1653  1654
      840         1655  1656
      841         1657  1658
      842         1659  1660
      843         1661  1662
      844         1663  1664
      845         1665  1666
      846         1667  1668
      847         1669  1670
      848         1671  1672
      849         1673  1674
      850         1675  1676
      851         1677  1678
      852         1679  1680
      853         1681  1682
      854         1683  1684
      855         1685  1686
      856         1687  1688
      857         1689  1690
      858         1691  1692
      859         1693  1694
      860         1695  1696
      861         1697  1698
      862         1699  1700
      863         1701  1702
      864         1703  1704
      865         1705  1706
      866         1707  1708
      867         1709  1710
      868         1711  1712
      869         1713  1714
      870         1715  1716
      871         1717  1718
      872         1719  1720
      873         1721  1722
      874         1723  1724
      875         1725  1726
      876         1727  1728
      877         1729  1730
      878         1731  1732
      879         1733  1734
      880         1735  1736
      881         1737  1738
      882         1739  1740
      883         1741  1742
      884         1743  1744
      885         1745  1746
      886         1747  1748
      887         1749  1750
      888         1751  1752
      889         1753  1754
      890         1755  1756
      891         1757  1758
      892         1759  1760
      893         1761  1762
      894         1763  1764
      895         1765  1766
      896         1767  1768
      897         1769  1770
      898         1771  1772
      899         1773  1774
      900         1775  1776
      901         1777  1778
      902         1779  1780
      903         1781  1782
      904         1783  1784
      905         1785  1786
      906         1787  1788
      907         1789  1790
      908         1791  1792
      909         1793  1794
      910         1795  1796
      911         1797  1798
      912         1799  1800
      913         1801  1802
      914         1803  1804
      915         1805  1806
      916         1807  1808
      917         1809  1810
      918         1811  1812
      919         1813  1814
      920         1815  1816
      921         1817  1818
      922         1819  1820
      923         1821  1822
      924         1823  1824
      925         1825  1826
      926         1827  1828
      927         1829  1830
      928         1831  1832
      929         1833  1834
      930         1835  1836
      931         1837  1838
      932         1839  1840
      933         1841  1842
      934         1843  1844
      935         1845  1846
      936         1847  1848
      937         1849  1850
      938         1851  1852
      939         1853  1854
      940         1855  1856
      941         1857  1858
      942         1859  1860
      943         1861  1862
      944         1863  1864
      945         1865  1866
      946         1867  1868
      947         1869  1870
      948         1871  1872
      949         1873  1874
      950         1875  1876
      951         1877  1878
      952         1879  1880
      953         1881  1882
      954         1883  1884
      955         1885  1886
      956         1887  1888
      957         1889  1890
      958         1891  1892
      959         1893  1894
      960         1895  1896
      961         1897  1898
      962         1899  1900
      963         1901  1902
      964         1903  1904
      965         1905  1906
      966         1907  1908
      967         1909  1910
      968         1911  1912
      969         1913  1914
      970         1915  1916
      971         1917  1918
      972         1919  1920
      973         1921  1922
      974         1923  1924
      975         1925  1926
      976         1927  1928
      977         1929  1930
      978         1931  1932
      979         1933  1934
      980         1935  1936
      981         1937  1938
      982         1939  1940
      983         1941  1942
      984         1943  1944
      985         1945  1946
      986         1947  1948
      987         1949  1950
      988         1951  1952
      989         1953  1954
      990         1955  1956
      991         1957  1958
      992         1959  1960
      993         1961  1962
      994         1963  1964
      995         1965  1966
      996         1967  1968
      997         1969  1970
      998         1971  1972
      999         1973  1974
     1000         1975  1976
     1001         1977  1978
     1002         1979  1980
     1003         1981  1982
     1004         1983  1984
     1005         1985  1986
     1006         1987  1988
     1007         1989  1990
     1008         1991  1992
     1009         1993  1994
     1010         1995  1996
     1011         1997  1998
     1012         1999  2000
     1013         2001  2002
     1014         2003  2004
     1015         2005  2006
     1016         2007  2008
     1017         2009  2010
     1018         2011  2012
     1019         2013  2014
     1020         2015  2016
     1021         2017  2018
     1022         2019  2020
     1023         2021  2022
     1024         2023  2024
     1025         2025  2026
     1026         2027  2028
     1027         2029  2030
     1028         2031  2032
     1029         2033  2034
     1030         2035  2036
     1031         2037  2038
     1032         2039  2040
     1033         2041  2042
     1034         2043  2044
     1035         2045  2046
     1036         2047  2048
     1037         2049  2050
     1038         2051  2052
     1039         2053  2054
     1040         2055  2056
     1041         2057  2058
     1042         2059  2060
     1043         2061  2062
     1044         2063  2064
     1045         2065  2066
     1046         2067  2068
     1047         2069  2070
     1048         2071  2072
     1049         2073  2074
     1050         2075  2076
     1051         2077  2078
     1052         2079  2080
     1053         2081  2082
     1054         2083  2084
     1055         2085  2086
     1056         2087  2088
     1057         2089  2090
     1058         2091  2092
     1059         2093  2094
     1060         2095  2096
     1061         2097  2098
     1062         2099  2100
     1063         2101  2102
     1064         2103  2104
     1065         2105  2106
     1066         2107  2108
     1067         2109  2110
     1068         2111  2112
     1069         2113  2114
     1070         2115  2116
     1071         2117  2118
     1072         2119  2120
     1073         2121  2122
     1074         2123  2124
     1075         2125  2126
     1076         2127  2128
     1077         2129  2130
     1078         2131  2132
     1079         2133  2134
     1080         2135  2136
     1081         2137  2138
     1082         2139  2140
     1083         2141  2142
     1084         2143  2144
     1085         2145  2146
     1086         2147  2148
     1087         2149  2150
     1088         2151  2152
     1089         2153  2154
     1090         2155  2156
     1091         2157  2158
     1092         2159  2160
     1093         2161  2162
     1094         2163  2164
     1095         2165  2166
     1096         2167  2168
     1097         2169  2170
     1098         2171  2172
     1099         2173  2174
     1100         2175  2176
     1101         2177  2178
     1102         2179  2180
     1103         2181  2182
     1104         2183  2184
     1105         2185  2186
     1106         2187  2188
     1107         2189  2190
     1108         2191  2192
     1109         2193  2194
     1110         2195  2196
     1111         2197  2198
     1112         2199  2200
     1113         2201  2202
     1114         2203  2204
     1115         2205  2206
     1116         2207  2208
     1117         2209  2210
     1118         2211  2212
     1119         2213  2214
     1120         2215  2216
     1121         2217  2218
     1122         2219  2220
     1123         2221  2222
     1124         2223  2224
     1125         2225  2226

 E L E M E N T   G R O U P   D A T A


 E L E M E N T   D E F I N I T I O N

   ELEMENT TYPE  = 3
   NUME          = 1080
   NUMMAT        = 1

 M A T E R I A L   D E F I N I T I O N
    1     0207000 0.312     1

 E L E M E N T   I N F O R M A T I O N
    1     1     1    10   183    75     1
    2     2    10    11   184   183     1
    3     3    11    12   185   184     1
    4     4    12    13   186   185     1
    5     5    13    14   187   186     1
    6     6    14    15   188   187     1
    7     7    15    16   189   188     1
    8     8    16    17   190   189     1
    9     9    17    18   191   190     1
   10    10    18    19   192   191     1
   11    11    19    20   193   192     1
   12    12    20    21   194   193     1
   13    13    21    22   195   194     1
   14    14    22    23   196   195     1
   15    15    23    24   197   196     1
   16    16    24    25   198   197     1
   17    17    25    26   199   198     1
   18    18    26    27   200   199     1
   19    19    27    28   201   200     1
   20    20    28    29   202   201     1
   21    21    29    30   203   202     1
   22    22    30    31   204   203     1
   23    23    31    32   205   204     1
   24    24    32     2    33   205     1
   25    25    75   183   206    74     1
   26    26   183   184   207   206     1
   27    27   184   185   208   207     1
   28    28   185   186   209   208     1
   29    29   186   187   210   209     1
   30    30   187   188   211   210     1
   31    31   188   189   212   211     1
   32    32   189   190   213   212     1
   33    33   190   191   214   213     1
   34    34   191   192   215   214     1
   35    35   192   193   216   215     1
   36    36   193   194   217   216     1
   37    37   194   195   218   217     1
   38    38   195   196   219   218     1
   39    39   196   197   220   219     1
   40    40   197   198   221   220     1
   41    41   198   199   222   221     1
   42    42   199   200   223   222     1
   43    43   200   201   224   223     1
   44    44   201   202   225   224     1
   45    45   202   203   226   225     1
   46    46   203   204   227   226     1
   47    47   204   205   228   227     1
   48    48   205    33    34   228     1
   49    49    74   206   229    73     1
   50    50   206   207   230   229     1
   51    51   207   208   231   230     1
   52    52   208   209   232   231     1
   53    53   209   210   233   232     1
   54    54   210   211   234   233     1
   55    55   211   212   235   234     1
   56    56   212   213   236   235     1
   57    57   213   214   237   236     1
   58    58   214   215   238   237     1
   59    59   215   216   239   238     1
   60    60   216   217   240   239     1
   61    61   217   218   241   240     1
   62    62   218   219   242   241     1
   63    63   219   220   243   242     1
   64    64   220   221   244   243     1
   65    65   221   222   245   244     1
   66    66   222   223   246   245     1
   67    67   223   224   247   246     1
   68    68   224   225   248   247     1
   69    69   225   226   249   248     1
   70    70   226   227   250   249     1
   71    71   227   228   251   250     1
   72    72   228    34    35   251     1
   73    73    73   229   252    72     1
   74    74   229   230   253   252     1
   75    75   230   231   254   253     1
   76    76   231   232   255   254     1
   77    77   232   233   256   255     1
   78    78   233   234   257   256     1
   79    79   234   235   258   257     1
   80    80   235   236   259   258     1
   81    81   236   237   260   259     1
   82    82   237   238   261   260     1
   83    83   238   239   262   261     1
   84    84   239   240   263   262     1
   85    85   240   241   264   263     1
   86    86   241   242   265   264     1
   87    87   242   243   266   265     1
   88    88   243   244   267   266     1
   89    89   244   245   268   267     1
   90    90   245   246   269   268     1
   91    91   246   247   270   269     1
   92    92   247   248   271   270     1
   93    93   248   249   272   271     1
   94    94   249   250   273   272     1
   95    95   250   251   274   273     1
   96    96   251    35    36   274     1
   97    97    72   252   275    71     1
   98    98   252   253   276   275     1
   99    99   253   254   277   276     1
  100   100   254   255   278   277     1
  101   101   255   256   279   278     1
  102   102   256   257   280   279     1
  103   103   257   258   281   280     1
  104   104   258   259   282   281     1
  105   105   259   260   283   282     1
  106   106   260   261   284   283     1
  107   107   261   262   285   284     1
  108   108   262   263   286   285     1
  109   109   263   264   287   286     1
  110   110   264   265   288   287     1
  111   111   265   266   289   288     1
  112   112   266   267   290   289     1
  113   113   267   268   291   290     1
  114   114   268   269   292   291     1
  115   115   269   270   293   292     1
  116   116   270   271   294   293     1
  117   117   271   272   295   294     1
  118   118   272   273   296   295     1
  119   119   273   274   297   296     1
  120   120   274    36    37   297     1
  121   121    71   275   298    70     1
  122   122   275   276   299   298     1
  123   123   276   277   300   299     1
  124   124   277   278   301   300     1
  125   125   278   279   302   301     1
  126   126   279   280   303   302     1
  127   127   280   281   304   303     1
  128   128   281   282   305   304     1
  129   129   282   283   306   305     1
  130   130   283   284   307   306     1
  131   131   284   285   308   307     1
  132   132   285   286   309   308     1
  133   133   286   287   310   309     1
  134   134   287   288   311   310     1
  135   135   288   289   312   311     1
  136   136   289   290   313   312     1
  137   137   290   291   314   313     1
  138   138   291   292   315   314     1
  139   139   292   293   316   315     1
  140   140   293   294   317   316     1
  141   141   294   295   318   317     1
  142   142   295   296   319   318     1
  143   143   296   297   320   319     1
  144   144   297    37    38   320     1
  145   145    70   298   321    69     1
  146   146   298   299   322   321     1
  147   147   299   300   323   322     1
  148   148   300   301   324   323     1
  149   149   301   302   325   324     1
  150   150   302   303   326   325     1
  151   151   303   304   327   326     1
  152   152   304   305   328   327     1
  153   153   305   306   329   328     1
  154   154   306   307   330   329     1
  155   155   307   308   331   330     1
  156   156   308   309   332   331     1
  157   157   309   310   333   332     1
  158   158   310   311   334   333     1
  159   159   311   312   335   334     1
  160   160   312   313   336   335     1
  161   161   313   314   337   336     1
  162   162   314   315   338   337     1
  163   163   315   316   339   338     1
  164   164   316   317   340   339     1
  165   165   317   318   341   340     1
  166   166   318   319   342   341     1
  167   167   319   320   343   342     1
  168   168   320    38    39   343     1
  169   169    69   321   344    68     1
  170   170   321   322   345   344     1
  171   171   322   323   346   345     1
  172   172   323   324   347   346     1
  173   173   324   325   348   347     1
  174   174   325   326   349   348     1
  175   175   326   327   350   349     1
  176   176   327   328   351   350     1
  177   177   328   329   352   351     1
  178   178   329   330   353   352     1
  179   179   330   331   354   353     1
  180   180   331   332   355   354     1
  181   181   332   333   356   355     1
  182   182   333   334   357   356     1
  183   183   334   335   358   357     1
  184   184   335   336   359   358     1
  185   185   336   337   360   359     1
  186   186   337   338   361   360     1
  187   187   338   339   362   361     1
  188   188   339   340   363   362     1
  189   189   340   341   364   363     1
  190   190   341   342   365   364     1
  191   191   342   343   366   365     1
  192   192   343    39    40   366     1
  193   193    68   344   367    67     1
  194   194   344   345   368   367     1
  195   195   345   346   369   368     1
  196   196   346   347   370   369     1
  197   197   347   348   371   370     1
  198   198   348   349   372   371     1
  199   199   349   350   373   372     1
  200   200   350   351   374   373     1
  201   201   351   352   375   374     1
  202   202   352   353   376   375     1
  203   203   353   354   377   376     1
  204   204   354   355   378   377     1
  205   205   355   356   379   378     1
  206   206   356   357   380   379     1
  207   207   357   358   381   380     1
  208   208   358   359   382   381     1
  209   209   359   360   383   382     1
  210   210   360   361   384   383     1
  211   211   361   362   385   384     1
  212   212   362   363   386   385     1
  213   213   363   364   387   386     1
  214   214   364   365   388   387     1
  215   215   365   366   389   388     1
  216   216   366    40    41   389     1
  217   217    67   367   390    66     1
  218   218   367   368   391   390     1
  219   219   368   369   392   391     1
  220   220   369   370   393   392     1
  221   221   370   371   394   393     1
  222   222   371   372   395   394     1
  223   223   372   373   396   395     1
  224   224   373   374   397   396     1
  225   225   374   375   398   397     1
  226   226   375   376   399   398     1
  227   227   376   377   400   399     1
  228   228   377   378   401   400     1
  229   229   378   379   402   401     1
  230   230   379   380   403   402     1
  231   231   380   381   404   403     1
  232   232   381   382   405   404     1
  233   233   382   383   406   405     1
  234   234   383   384   407   406     1
  235   235   384   385   408   407     1
  236   236   385   386   409   408     1
  237   237   386   387   410   409     1
  238   238   387   388   411   410     1
  239   239   388   389   412   411     1
  240   240   389    41    42   412     1
  241   241    66   390    65     4     1
  242   242   390   391    64    65     1
  243   243   391   392    63    64     1
  244   244   392   393    62    63     1
  245   245   393   394    61    62     1
  246   246   394   395    60    61     1
  247   247   395   396    59    60     1
  248   248   396   397    58    59     1
  249   249   397   398    57    58     1
  250   250   398   399    56    57     1
  251   251   399   400    55    56     1
  252   252   400   401    54    55     1
  253   253   401   402    53    54     1
  254   254   402   403    52    53     1
  255   255   403   404    51    52     1
  256   256   404   405    50    51     1
  257   257   405   406    49    50     1
  258   258   406   407    48    49     1
  259   259   407   408    47    48     1
  260   260   408   409    46    47     1
  261   261   409   410    45    46     1
  262   262   410   411    44    45     1
  263   263   411   412    43    44     1
  264   264   412    42     3    43     1
  265   265     2    32   413   119     1
  266   266    32    31   414   413     1
  267   267    31    30   415   414     1
  268   268    30    29   416   415     1
  269   269    29    28   417   416     1
  270   270    28    27   418   417     1
  271   271    27    26   419   418     1
  272   272    26    25   420   419     1
  273   273    25    24   421   420     1
  274   274    24    23   422   421     1
  275   275    23    22   423   422     1
  276   276    22    21   424   423     1
  277   277    21    20   425   424     1
  278   278    20    19   426   425     1
  279   279    19    18   427   426     1
  280   280    18    17   428   427     1
  281   281    17    16   429   428     1
  282   282    16    15   430   429     1
  283   283    15    14   431   430     1
  284   284    14    13   432   431     1
  285   285    13    12   433   432     1
  286   286    12    11   434   433     1
  287   287    11    10   435   434     1
  288   288    10     1    76   435     1
  289   289   119   413   436   118     1
  290   290   413   414   437   436     1
  291   291   414   415   438   437     1
  292   292   415   416   439   438     1
  293   293   416   417   440   439     1
  294   294   417   418   441   440     1
  295   295   418   419   442   441     1
  296   296   419   420   443   442     1
  297   297   420   421   444   443     1
  298   298   421   422   445   444     1
  299   299   422   423   446   445     1
  300   300   423   424   447   446     1
  301   301   424   425   448   447     1
  302   302   425   426   449   448     1
  303   303   426   427   450   449     1
  304   304   427   428   451   450     1
  305   305   428   429   452   451     1
  306   306   429   430   453   452     1
  307   307   430   431   454   453     1
  308   308   431   432   455   454     1
  309   309   432   433   456   455     1
  310   310   433   434   457   456     1
  311   311   434   435   458   457     1
  312   312   435    76    77   458     1
  313   313   118   436   459   117     1
  314   314   436   437   460   459     1
  315   315   437   438   461   460     1
  316   316   438   439   462   461     1
  317   317   439   440   463   462     1
  318   318   440   441   464   463     1
  319   319   441   442   465   464     1
  320   320   442   443   466   465     1
  321   321   443   444   467   466     1
  322   322   444   445   468   467     1
  323   323   445   446   469   468     1
  324   324   446   447   470   469     1
  325   325   447   448   471   470     1
  326   326   448   449   472   471     1
  327   327   449   450   473   472     1
  328   328   450   451   474   473     1
  329   329   451   452   475   474     1
  330   330   452   453   476   475     1
  331   331   453   454   477   476     1
  332   332   454   455   478   477     1
  333   333   455   456   479   478     1
  334   334   456   457   480   479     1
  335   335   457   458   481   480     1
  336   336   458    77    78   481     1
  337   337   117   459   482   116     1
  338   338   459   460   483   482     1
  339   339   460   461   484   483     1
  340   340   461   462   485   484     1
  341   341   462   463   486   485     1
  342   342   463   464   487   486     1
  343   343   464   465   488   487     1
  344   344   465   466   489   488     1
  345   345   466   467   490   489     1
  346   346   467   468   491   490     1
  347   347   468   469   492   491     1
  348   348   469   470   493   492     1
  349   349   470   471   494   493     1
  350   350   471   472   495   494     1
  351   351   472   473   496   495     1
  352   352   473   474   497   496     1
  353   353   474   475   498   497     1
  354   354   475   476   499   498     1
  355   355   476   477   500   499     1
  356   356   477   478   501   500     1
  357   357   478   479   502   501     1
  358   358   479   480   503   502     1
  359   359   480   481   504   503     1
  360   360   481    78    79   504     1
  361   361   116   482   505   115     1
  362   362   482   483   506   505     1
  363   363   483   484   507   506     1
  364   364   484   485   508   507     1
  365   365   485   486   509   508     1
  366   366   486   487   510   509     1
  367   367   487   488   511   510     1
  368   368   488   489   512   511     1
  369   369   489   490   513   512     1
  370   370   490   491   514   513     1
  371   371   491   492   515   514     1
  372   372   492   493   516   515     1
  373   373   493   494   517   516     1
  374   374   494   495   518   517     1
  375   375   495   496   519   518     1
  376   376   496   497   520   519     1
  377   377   497   498   521   520     1
  378   378   498   499   522   521     1
  379   379   499   500   523   522     1
  380   380   500   501   524   523     1
  381   381   501   502   525   524     1
  382   382   502   503   526   525     1
  383   383   503   504   527   526     1
  384   384   504    79    80   527     1
  385   385   115   505   528   114     1
  386   386   505   506   529   528     1
  387   387   506   507   530   529     1
  388   388   507   508   531   530     1
  389   389   508   509   532   531     1
  390   390   509   510   533   532     1
  391   391   510   511   534   533     1
  392   392   511   512   535   534     1
  393   393   512   513   536   535     1
  394   394   513   514   537   536     1
  395   395   514   515   538   537     1
  396   396   515   516   539   538     1
  397   397   516   517   540   539     1
  398   398   517   518   541   540     1
  399   399   518   519   542   541     1
  400   400   519   520   543   542     1
  401   401   520   521   544   543     1
  402   402   521   522   545   544     1
  403   403   522   523   546   545     1
  404   404   523   524   547   546     1
  405   405   524   525   548   547     1
  406   406   525   526   549   548     1
  407   407   526   527   550   549     1
  408   408   527    80     5   550     1
  409   409   114   528   551   113     1
  410   410   528   529   552   551     1
  411   411   529   530   553   552     1
  412   412   530   531   554   553     1
  413   413   531   532   555   554     1
  414   414   532   533   556   555     1
  415   415   533   534   557   556     1
  416   416   534   535   558   557     1
  417   417   535   536   559   558     1
  418   418   536   537   560   559     1
  419   419   537   538   561   560     1
  420   420   538   539   562   561     1
  421   421   539   540   563   562     1
  422   422   540   541   564   563     1
  423   423   541   542   565   564     1
  424   424   542   543   566   565     1
  425   425   543   544   567   566     1
  426   426   544   545   568   567     1
  427   427   545   546   569   568     1
  428   428   546   547   570   569     1
  429   429   547   548   571   570     1
  430   430   548   549   572   571     1
  431   431   549   550   573   572     1
  432   432   550     5    81   573     1
  433   433   113   551   574   112     1
  434   434   551   552   575   574     1
  435   435   552   553   576   575     1
  436   436   553   554   577   576     1
  437   437   554   555   578   577     1
  438   438   555   556   579   578     1
  439   439   556   557   580   579     1
  440   440   557   558   581   580     1
  441   441   558   559   582   581     1
  442   442   559   560   583   582     1
  443   443   560   561   584   583     1
  444   444   561   562   585   584     1
  445   445   562   563   586   585     1
  446   446   563   564   587   586     1
  447   447   564   565   588   587     1
  448   448   565   566   589   588     1
  449   449   566   567   590   589     1
  450   450   567   568   591   590     1
  451   451   568   569   592   591     1
  452   452   569   570   593   592     1
  453   453   570   571   594   593     1
  454   454   571   572   595   594     1
  455   455   572   573   596   595     1
  456   456   573    81    82   596     1
  457   457   112   574   597   111     1
  458   458   574   575   598   597     1
  459   459   575   576   599   598     1
  460   460   576   577   600   599     1
  461   461   577   578   601   600     1
  462   462   578   579   602   601     1
  463   463   579   580   603   602     1
  464   464   580   581   604   603     1
  465   465   581   582   605   604     1
  466   466   582   583   606   605     1
  467   467   583   584   607   606     1
  468   468   584   585   608   607     1
  469   469   585   586   609   608     1
  470   470   586   587   610   609     1
  471   471   587   588   611   610     1
  472   472   588   589   612   611     1
  473   473   589   590   613   612     1
  474   474   590   591   614   613     1
  475   475   591   592   615   614     1
  476   476   592   593   616   615     1
  477   477   593   594   617   616     1
  478   478   594   595   618   617     1
  479   479   595   596   619   618     1
  480   480   596    82    83   619     1
  481   481   111   597   620   110     1
  482   482   597   598   621   620     1
  483   483   598   599   622   621     1
  484   484   599   600   623   622     1
  485   485   600   601   624   623     1
  486   486   601   602   625   624     1
  487   487   602   603   626   625     1
  488   488   603   604   627   626     1
  489   489   604   605   628   627     1
  490   490   605   606   629   628     1
  491   491   606   607   630   629     1
  492   492   607   608   631   630     1
  493   493   608   609   632   631     1
  494   494   609   610   633   632     1
  495   495   610   611   634   633     1
  496   496   611   612   635   634     1
  497   497   612   613   636   635     1
  498   498   613   614   637   636     1
  499   499   614   615   638   637     1
  500   500   615   616   639   638     1
  501   501   616   617   640   639     1
  502   502   617   618   641   640     1
  503   503   618   619   642   641     1
  504   504   619    83    84   642     1
  505   505   110   620   643   109     1
  506   506   620   621   644   643     1
  507   507   621   622   645   644     1
  508   508   622   623   646   645     1
  509   509   623   624   647   646     1
  510   510   624   625   648   647     1
  511   511   625   626   649   648     1
  512   512   626   627   650   649     1
  513   513   627   628   651   650     1
  514   514   628   629   652   651     1
  515   515   629   630   653   652     1
  516   516   630   631   654   653     1
  517   517   631   632   655   654     1
  518   518   632   633   656   655     1
  519   519   633   634   657   656     1
  520   520   634   635   658   657     1
  521   521   635   636   659   658     1
  522   522   636   637   660   659     1
  523   523   637   638   661   660     1
  524   524   638   639   662   661     1
  525   525   639   640   663   662     1
  526   526   640   641   664   663     1
  527   527   641   642   665   664     1
  528   528   642    84    85   665     1
  529   529   109   643   108     7     1
  530   530   643   644   107   108     1
  531   531   644   645   106   107     1
  532   532   645   646   105   106     1
  533   533   646   647   104   105     1
  534   534   647   648   103   104     1
  535   535   648   649   102   103     1
  536   536   649   650   101   102     1
  537   537   650   651   100   101     1
  538   538   651   652    99   100     1
  539   539   652   653    98    99     1
  540   540   653   654    97    98     1
  541   541   654   655    96    97     1
  542   542   655   656    95    96     1
  543   543   656   657    94    95     1
  544   544   657   658    93    94     1
  545   545   658   659    92    93     1
  546   546   659   660    91    92     1
  547   547   660   661    90    91     1
  548   548   661   662    89    90     1
  549   549   662   663    88    89     1
  550   550   663   664    87    88     1
  551   551   664   665    86    87     1
  552   552   665    85     6    86     1
  553   553     8   120   666   162     1
  554   554   120   121   667   666     1
  555   555   121   122   668   667     1
  556   556   122   123   669   668     1
  557   557   123   124   670   669     1
  558   558   124   125   671   670     1
  559   559   125   126   672   671     1
  560   560   126   127   673   672     1
  561   561   127   128   674   673     1
  562   562   128   129   675   674     1
  563   563   129   130   676   675     1
  564   564   130   131   677   676     1
  565   565   131   132   678   677     1
  566   566   132   133   679   678     1
  567   567   133   134   680   679     1
  568   568   134   135   681   680     1
  569   569   135   136   682   681     1
  570   570   136   137   683   682     1
  571   571   137   138   684   683     1
  572   572   138   139   685   684     1
  573   573   139   140   686   685     1
  574   574   140   141   687   686     1
  575   575   141   142   688   687     1
  576   576   142     9   143   688     1
  577   577   162   666   689   161     1
  578   578   666   667   690   689     1
  579   579   667   668   691   690     1
  580   580   668   669   692   691     1
  581   581   669   670   693   692     1
  582   582   670   671   694   693     1
  583   583   671   672   695   694     1
  584   584   672   673   696   695     1
  585   585   673   674   697   696     1
  586   586   674   675   698   697     1
  587   587   675   676   699   698     1
  588   588   676   677   700   699     1
  589   589   677   678   701   700     1
  590   590   678   679   702   701     1
  591   591   679   680   703   702     1
  592   592   680   681   704   703     1
  593   593   681   682   705   704     1
  594   594   682   683   706   705     1
  595   595   683   684   707   706     1
  596   596   684   685   708   707     1
  597   597   685   686   709   708     1
  598   598   686   687   710   709     1
  599   599   687   688   711   710     1
  600   600   688   143   144   711     1
  601   601   161   689   712   160     1
  602   602   689   690   713   712     1
  603   603   690   691   714   713     1
  604   604   691   692   715   714     1
  605   605   692   693   716   715     1
  606   606   693   694   717   716     1
  607   607   694   695   718   717     1
  608   608   695   696   719   718     1
  609   609   696   697   720   719     1
  610   610   697   698   721   720     1
  611   611   698   699   722   721     1
  612   612   699   700   723   722     1
  613   613   700   701   724   723     1
  614   614   701   702   725   724     1
  615   615   702   703   726   725     1
  616   616   703   704   727   726     1
  617   617   704   705   728   727     1
  618   618   705   706   729   728     1
  619   619   706   707   730   729     1
  620   620   707   708   731   730     1
  621   621   708   709   732   731     1
  622   622   709   710   733   732     1
  623   623   710   711   734   733     1
  624   624   711   144   145   734     1
  625   625   160   712   735   159     1
  626   626   712   713   736   735     1
  627   627   713   714   737   736     1
  628   628   714   715   738   737     1
  629   629   715   716   739   738     1
  630   630   716   717   740   739     1
  631   631   717   718   741   740     1
  632   632   718   719   742   741     1
  633   633   719   720   743   742     1
  634   634   720   721   744   743     1
  635   635   721   722   745   744     1
  636   636   722   723   746   745     1
  637   637   723   724   747   746     1
  638   638   724   725   748   747     1
  639   639   725   726   749   748     1
  640   640   726   727   750   749     1
  641   641   727   728   751   750     1
  642   642   728   729   752   751     1
  643   643   729   730   753   752     1
  644   644   730   731   754   753     1
  645   645   731   732   755   754     1
  646   646   732   733   756   755     1
  647   647   733   734   757   756     1
  648   648   734   145   146   757     1
  649   649   159   735   758   158     1
  650   650   735   736   759   758     1
  651   651   736   737   760   759     1
  652   652   737   738   761   760     1
  653   653   738   739   762   761     1
  654   654   739   740   763   762     1
  655   655   740   741   764   763     1
  656   656   741   742   765   764     1
  657   657   742   743   766   765     1
  658   658   743   744   767   766     1
  659   659   744   745   768   767     1
  660   660   745   746   769   768     1
  661   661   746   747   770   769     1
  662   662   747   748   771   770     1
  663   663   748   749   772   771     1
  664   664   749   750   773   772     1
  665   665   750   751   774   773     1
  666   666   751   752   775   774     1
  667   667   752   753   776   775     1
  668   668   753   754   777   776     1
  669   669   754   755   778   777     1
  670   670   755   756   779   778     1
  671   671   756   757   780   779     1
  672   672   757   146   147   780     1
  673   673   158   758   781   157     1
  674   674   758   759   782   781     1
  675   675   759   760   783   782     1
  676   676   760   761   784   783     1
  677   677   761   762   785   784     1
  678   678   762   763   786   785     1
  679   679   763   764   787   786     1
  680   680   764   765   788   787     1
  681   681   765   766   789   788     1
  682   682   766   767   790   789     1
  683   683   767   768   791   790     1
  684   684   768   769   792   791     1
  685   685   769   770   793   792     1
  686   686   770   771   794   793     1
  687   687   771   772   795   794     1
  688   688   772   773   796   795     1
  689   689   773   774   797   796     1
  690   690   774   775   798   797     1
  691   691   775   776   799   798     1
  692   692   776   777   800   799     1
  693   693   777   778   801   800     1
  694   694   778   779   802   801     1
  695   695   779   780   803   802     1
  696   696   780   147   148   803     1
  697   697   157   781   804   156     1
  698   698   781   782   805   804     1
  699   699   782   783   806   805     1
  700   700   783   784   807   806     1
  701   701   784   785   808   807     1
  702   702   785   786   809   808     1
  703   703   786   787   810   809     1
  704   704   787   788   811   810     1
  705   705   788   789   812   811     1
  706   706   789   790   813   812     1
  707   707   790   791   814   813     1
  708   708   791   792   815   814     1
  709   709   792   793   816   815     1
  710   710   793   794   817   816     1
  711   711   794   795   818   817     1
  712   712   795   796   819   818     1
  713   713   796   797   820   819     1
  714   714   797   798   821   820     1
  715   715   798   799   822   821     1
  716   716   799   800   823   822     1
  717   717   800   801   824   823     1
  718   718   801   802   825   824     1
  719   719   802   803   826   825     1
  720   720   803   148   149   826     1
  721   721   156   804   827   155     1
  722   722   804   805   828   827     1
  723   723   805   806   829   828     1
  724   724   806   807   830   829     1
  725   725   807   808   831   830     1
  726   726   808   809   832   831     1
  727   727   809   810   833   832     1
  728   728   810   811   834   833     1
  729   729   811   812   835   834     1
  730   730   812   813   836   835     1
  731   731   813   814   837   836     1
  732   732   814   815   838   837     1
  733   733   815   816   839   838     1
  734   734   816   817   840   839     1
  735   735   817   818   841   840     1
  736   736   818   819   842   841     1
  737   737   819   820   843   842     1
  738   738   820   821   844   843     1
  739   739   821   822   845   844     1
  740   740   822   823   846   845     1
  741   741   823   824   847   846     1
  742   742   824   825   848   847     1
  743   743   825   826   849   848     1
  744   744   826   149   150   849     1
  745   745   155   827   850   154     1
  746   746   827   828   851   850     1
  747   747   828   829   852   851     1
  748   748   829   830   853   852     1
  749   749   830   831   854   853     1
  750   750   831   832   855   854     1
  751   751   832   833   856   855     1
  752   752   833   834   857   856     1
  753   753   834   835   858   857     1
  754   754   835   836   859   858     1
  755   755   836   837   860   859     1
  756   756   837   838   861   860     1
  757   757   838   839   862   861     1
  758   758   839   840   863   862     1
  759   759   840   841   864   863     1
  760   760   841   842   865   864     1
  761   761   842   843   866   865     1
  762   762   843   844   867   866     1
  763   763   844   845   868   867     1
  764   764   845   846   869   868     1
  765   765   846   847   870   869     1
  766   766   847   848   871   870     1
  767   767   848   849   872   871     1
  768   768   849   150   151   872     1
  769   769   154   850   873   153     1
  770   770   850   851   874   873     1
  771   771   851   852   875   874     1
  772   772   852   853   876   875     1
  773   773   853   854   877   876     1
  774   774   854   855   878   877     1
  775   775   855   856   879   878     1
  776   776   856   857   880   879     1
  777   777   857   858   881   880     1
  778   778   858   859   882   881     1
  779   779   859   860   883   882     1
  780   780   860   861   884   883     1
  781   781   861   862   885   884     1
  782   782   862   863   886   885     1
  783   783   863   864   887   886     1
  784   784   864   865   888   887     1
  785   785   865   866   889   888     1
  786   786   866   867   890   889     1
  787   787   867   868   891   890     1
  788   788   868   869   892   891     1
  789   789   869   870   893   892     1
  790   790   870   871   894   893     1
  791   791   871   872   895   894     1
  792   792   872   151   152   895     1
  793   793   153   873    43     3     1
  794   794   873   874    44    43     1
  795   795   874   875    45    44     1
  796   796   875   876    46    45     1
  797   797   876   877    47    46     1
  798   798   877   878    48    47     1
  799   799   878   879    49    48     1
  800   800   879   880    50    49     1
  801   801   880   881    51    50     1
  802   802   881   882    52    51     1
  803   803   882   883    53    52     1
  804   804   883   884    54    53     1
  805   805   884   885    55    54     1
  806   806   885   886    56    55     1
  807   807   886   887    57    56     1
  808   808   887   888    58    57     1
  809   809   888   889    59    58     1
  810   810   889   890    60    59     1
  811   811   890   891    61    60     1
  812   812   891   892    62    61     1
  813   813   892   893    63    62     1
  814   814   893   894    64    63     1
  815   815   894   895    65    64     1
  816   816   895   152     4    65     1
  817   817     9   142   896   182     1
  818   818   142   141   897   896     1
  819   819   141   140   898   897     1
  820   820   140   139   899   898     1
  821   821   139   138   900   899     1
  822   822   138   137   901   900     1
  823   823   137   136   902   901     1
  824   824   136   135   903   902     1
  825   825   135   134   904   903     1
  826   826   134   133   905   904     1
  827   827   133   132   906   905     1
  828   828   132   131   907   906     1
  829   829   131   130   908   907     1
  830   830   130   129   909   908     1
  831   831   129   128   910   909     1
  832   832   128   127   911   910     1
  833   833   127   126   912   911     1
  834   834   126   125   913   912     1
  835   835   125   124   914   913     1
  836   836   124   123   915   914     1
  837   837   123   122   916   915     1
  838   838   122   121   917   916     1
  839   839   121   120   918   917     1
  840   840   120     8   163   918     1
  841   841   182   896   919   181     1
  842   842   896   897   920   919     1
  843   843   897   898   921   920     1
  844   844   898   899   922   921     1
  845   845   899   900   923   922     1
  846   846   900   901   924   923     1
  847   847   901   902   925   924     1
  848   848   902   903   926   925     1
  849   849   903   904   927   926     1
  850   850   904   905   928   927     1
  851   851   905   906   929   928     1
  852   852   906   907   930   929     1
  853   853   907   908   931   930     1
  854   854   908   909   932   931     1
  855   855   909   910   933   932     1
  856   856   910   911   934   933     1
  857   857   911   912   935   934     1
  858   858   912   913   936   935     1
  859   859   913   914   937   936     1
  860   860   914   915   938   937     1
  861   861   915   916   939   938     1
  862   862   916   917   940   939     1
  863   863   917   918   941   940     1
  864   864   918   163   164   941     1
  865   865   181   919   942   180     1
  866   866   919   920   943   942     1
  867   867   920   921   944   943     1
  868   868   921   922   945   944     1
  869   869   922   923   946   945     1
  870   870   923   924   947   946     1
  871   871   924   925   948   947     1
  872   872   925   926   949   948     1
  873   873   926   927   950   949     1
  874   874   927   928   951   950     1
  875   875   928   929   952   951     1
  876   876   929   930   953   952     1
  877   877   930   931   954   953     1
  878   878   931   932   955   954     1
  879   879   932   933   956   955     1
  880   880   933   934   957   956     1
  881   881   934   935   958   957     1
  882   882   935   936   959   958     1
  883   883   936   937   960   959     1
  884   884   937   938   961   960     1
  885   885   938   939   962   961     1
  886   886   939   940   963   962     1
  887   887   940   941   964   963     1
  888   888   941   164   165   964     1
  889   889   180   942   965   179     1
  890   890   942   943   966   965     1
  891   891   943   944   967   966     1
  892   892   944   945   968   967     1
  893   893   945   946   969   968     1
  894   894   946   947   970   969     1
  895   895   947   948   971   970     1
  896   896   948   949   972   971     1
  897   897   949   950   973   972     1
  898   898   950   951   974   973     1
  899   899   951   952   975   974     1
  900   900   952   953   976   975     1
  901   901   953   954   977   976     1
  902   902   954   955   978   977     1
  903   903   955   956   979   978     1
  904   904   956   957   980   979     1
  905   905   957   958   981   980     1
  906   906   958   959   982   981     1
  907   907   959   960   983   982     1
  908   908   960   961   984   983     1
  909   909   961   962   985   984     1
  910   910   962   963   986   985     1
  911   911   963   964   987   986     1
  912   912   964   165   166   987     1
  913   913   179   965   988   178     1
  914   914   965   966   989   988     1
  915   915   966   967   990   989     1
  916   916   967   968   991   990     1
  917   917   968   969   992   991     1
  918   918   969   970   993   992     1
  919   919   970   971   994   993     1
  920   920   971   972   995   994     1
  921   921   972   973   996   995     1
  922   922   973   974   997   996     1
  923   923   974   975   998   997     1
  924   924   975   976   999   998     1
  925   925   976   977  1000   999     1
  926   926   977   978  1001  1000     1
  927   927   978   979  1002  1001     1
  928   928   979   980  1003  1002     1
  929   929   980   981  1004  1003     1
  930   930   981   982  1005  1004     1
  931   931   982   983  1006  1005     1
  932   932   983   984  1007  1006     1
  933   933   984   985  1008  1007     1
  934   934   985   986  1009  1008     1
  935   935   986   987  1010  1009     1
  936   936   987   166   167  1010     1
  937   937   178   988  1011   177     1
  938   938   988   989  1012  1011     1
  939   939   989   990  1013  1012     1
  940   940   990   991  1014  1013     1
  941   941   991   992  1015  1014     1
  942   942   992   993  1016  1015     1
  943   943   993   994  1017  1016     1
  944   944   994   995  1018  1017     1
  945   945   995   996  1019  1018     1
  946   946   996   997  1020  1019     1
  947   947   997   998  1021  1020     1
  948   948   998   999  1022  1021     1
  949   949   999  1000  1023  1022     1
  950   950  1000  1001  1024  1023     1
  951   951  1001  1002  1025  1024     1
  952   952  1002  1003  1026  1025     1
  953   953  1003  1004  1027  1026     1
  954   954  1004  1005  1028  1027     1
  955   955  1005  1006  1029  1028     1
  956   956  1006  1007  1030  1029     1
  957   957  1007  1008  1031  1030     1
  958   958  1008  1009  1032  1031     1
  959   959  1009  1010  1033  1032     1
  960   960  1010   167   168  1033     1
  961   961   177  1011  1034   176     1
  962   962  1011  1012  1035  1034     1
  963   963  1012  1013  1036  1035     1
  964   964  1013  1014  1037  1036     1
  965   965  1014  1015  1038  1037     1
  966   966  1015  1016  1039  1038     1
  967   967  1016  1017  1040  1039     1
  968   968  1017  1018  1041  1040     1
  969   969  1018  1019  1042  1041     1
  970   970  1019  1020  1043  1042     1
  971   971  1020  1021  1044  1043     1
  972   972  1021  1022  1045  1044     1
  973   973  1022  1023  1046  1045     1
  974   974  1023  1024  1047  1046     1
  975   975  1024  1025  1048  1047     1
  976   976  1025  1026  1049  1048     1
  977   977  1026  1027  1050  1049     1
  978   978  1027  1028  1051  1050     1
  979   979  1028  1029  1052  1051     1
  980   980  1029  1030  1053  1052     1
  981   981  1030  1031  1054  1053     1
  982   982  1031  1032  1055  1054     1
  983   983  1032  1033  1056  1055     1
  984   984  1033   168   169  1056     1
  985   985   176  1034  1057   175     1
  986   986  1034  1035  1058  1057     1
  987   987  1035  1036  1059  1058     1
  988   988  1036  1037  1060  1059     1
  989   989  1037  1038  1061  1060     1
  990   990  1038  1039  1062  1061     1
  991   991  1039  1040  1063  1062     1
  992   992  1040  1041  1064  1063     1
  993   993  1041  1042  1065  1064     1
  994   994  1042  1043  1066  1065     1
  995   995  1043  1044  1067  1066     1
  996   996  1044  1045  1068  1067     1
  997   997  1045  1046  1069  1068     1
  998   998  1046  1047  1070  1069     1
  999   999  1047  1048  1071  1070     1
 1000  1000  1048  1049  1072  1071     1
 1001  1001  1049  1050  1073  1072     1
 1002  1002  1050  1051  1074  1073     1
 1003  1003  1051  1052  1075  1074     1
 1004  1004  1052  1053  1076  1075     1
 1005  1005  1053  1054  1077  1076     1
 1006  1006  1054  1055  1078  1077     1
 1007  1007  1055  1056  1079  1078     1
 1008  1008  1056   169   170  1079     1
 1009  1009   175  1057  1080   174     1
 1010  1010  1057  1058  1081  1080     1
 1011  1011  1058  1059  1082  1081     1
 1012  1012  1059  1060  1083  1082     1
 1013  1013  1060  1061  1084  1083     1
 1014  1014  1061  1062  1085  1084     1
 1015  1015  1062  1063  1086  1085     1
 1016  1016  1063  1064  1087  1086     1
 1017  1017  1064  1065  1088  1087     1
 1018  1018  1065  1066  1089  1088     1
 1019  1019  1066  1067  1090  1089     1
 1020  1020  1067  1068  1091  1090     1
 1021  1021  1068  1069  1092  1091     1
 1022  1022  1069  1070  1093  1092     1
 1023  1023  1070  1071  1094  1093     1
 1024  1024  1071  1072  1095  1094     1
 1025  1025  1072  1073  1096  1095     1
 1026  1026  1073  1074  1097  1096     1
 1027  1027  1074  1075  1098  1097     1
 1028  1028  1075  1076  1099  1098     1
 1029  1029  1076  1077  1100  1099     1
 1030  1030  1077  1078  1101  1100     1
 1031  1031  1078  1079  1102  1101     1
 1032  1032  1079   170   171  1102     1
 1033  1033   174  1080  1103   173     1
 1034  1034  1080  1081  1104  1103     1
 1035  1035  1081  1082  1105  1104     1
 1036  1036  1082  1083  1106  1105     1
 1037  1037  1083  1084  1107  1106     1
 1038  1038  1084  1085  1108  1107     1
 1039  1039  1085  1086  1109  1108     1
 1040  1040  1086  1087  1110  1109     1
 1041  1041  1087  1088  1111  1110     1
 1042  1042  1088  1089  1112  1111     1
 1043  1043  1089  1090  1113  1112     1
 1044  1044  1090  1091  1114  1113     1
 1045  1045  1091  1092  1115  1114     1
 1046  1046  1092  1093  1116  1115     1
 1047  1047  1093  1094  1117  1116     1
 1048  1048  1094  1095  1118  1117     1
 1049  1049  1095  1096  1119  1118     1
 1050  1050  1096  1097  1120  1119     1
 1051  1051  1097  1098  1121  1120     1
 1052  1052  1098  1099  1122  1121     1
 1053  1053  1099  1100  1123  1122     1
 1054  1054  1100  1101  1124  1123     1
 1055  1055  1101  1102  1125  1124     1
 1056  1056  1102   171   172  1125     1
 1057  1057   173  1103    86     6     1
 1058  1058  1103  1104    87    86     1
 1059  1059  1104  1105    88    87     1
 1060  1060  1105  1106    89    88     1
 1061  1061  1106  1107    90    89     1
 1062  1062  1107  1108    91    90     1
 1063  1063  1108  1109    92    91     1
 1064  1064  1109  1110    93    92     1
 1065  1065  1110  1111    94    93     1
 1066  1066  1111  1112    95    94     1
 1067  1067  1112  1113    96    95     1
 1068  1068  1113  1114    97    96     1
 1069  1069  1114  1115    98    97     1
 1070  1070  1115  1116    99    98     1
 1071  1071  1116  1117   100    99     1
 1072  1072  1117  1118   101   100     1
 1073  1073  1118  1119   102   101     1
 1074  1074  1119  1120   103   102     1
 1075  1075  1120  1121   104   103     1
 1076  1076  1121  1122   105   104     1
 1077  1077  1122  1123   106   105     1
 1078  1078  1123  1124   107   106     1
 1079  1079  1124  1125   108   107     1
 1080  1080  1125   172     7   108     1

 N O D A L   F O R C E S

  NODE              FX                FY
     1             0     0
     2             0     0
     3             0     0
     4             0     0
     5             0     0
     6             0     0
     7             0     0
     8             0     0
     9             0     0
    10             0     0
    11             0     0
    12             0     0
    13             0     0
    14             0     0
    15             0     0
    16             0     0
    17             0     0
    18             0     0
    19             0     0
    20             0     0
    21             0     0
    22             0     0
    23             0     0
    24             0     0
    25             0     0
    26             0     0
    27             0     0
    28             0     0
    29             0     0
    30             0     0
    31             0     0
    32             0     0
    33             0     0
    34             0     0
    35             0     0
    36             0     0
    37             0     0
    38             0     0
    39             0     0
    40             0     0
    41             0     0
    42             0     0
    43             0     0
    44             0     0
    45             0     0
    46             0     0
    47             0     0
    48             0     0
    49             0     0
    50             0     0
    51             0     0
    52             0     0
    53             0     0
    54             0     0
    55             0     0
    56             0     0
    57             0     0
    58             0     0
    59             0     0
    60             0     0
    61             0     0
    62             0     0
    63             0     0
    64             0     0
    65             0     0
    66             0     0
    67             0     0
    68             0     0
    69             0     0
    70             0     0
    71             0     0
    72             0     0
    73             0     0
    74             0     0
    75             0     0
    76             0     0
    77             0     0
    78             0     0
    79             0     0
    80             0     0
    81             0     0
    82             0     0
    83             0     0
    84             0     0
    85             0     0
    86             0     0
    87             0     0
    88             0     0
    89             0     0
    90             0     0
    91             0     0
    92             0     0
    93             0     0
    94             0     0
    95             0     0
    96             0     0
    97             0     0
    98             0     0
    99             0     0
   100             0     0
   101             0     0
   102             0     0
   103             0     0
   104             0     0
   105             0     0
   106             0     0
   107             0     0
   108             0     0
   109             0     0
   110             0     0
   111             0     0
   112             0     0
   113             0     0
   114             0     0
   115             0     0
   116             0     0
   117             0     0
   118             0     0
   119             0     0
   120             0     0
   121             0     0
   122             0     0
   123             0     0
   124             0     0
   125             0     0
   126             0     0
   127             0     0
   128             0     0
   129             0     0
   130             0     0
   131             0     0
   132             0     0
   133             0     0
   134             0     0
   135             0     0
   136             0     0
   137             0     0
   138             0     0
   139             0     0
   140             0     0
   141             0     0
   142             0     0
   143             0     0
   144             0     0
   145             0     0
   146             0     0
   147             0     0
   148             0     0
   149             0     0
   150             0     0
   151             0     0
   152             0     0
   153             0     0
   154             0     0
   155             0     0
   156             0     0
   157             0     0
   158             0     0
   159             0     0
   160             0     0
   161             0     0
   162             0     0
   163             0     0
   164             0     0
   165             0     0
   166             0     0
   167             0     0
   168             0     0
   169             0     0
   170             0     0
   171             0     0
   172             0     0
   173             0     0
   174             0     0
   175             0     0
   176             0     0
   177             0     0
   178             0     0
   179             0     0
   180             0     0
   181             0     0
   182             0     0
   183             0     0
   184             0     0
   185             0     0
   186             0     0
   187             0     0
   188             0     0
   189             0     0
   190             0     0
   191             0     0
   192             0     0
   193             0     0
   194             0     0
   195             0     0
   196             0     0
   197             0     0
   198             0     0
   199             0     0
   200             0     0
   201             0     0
   202             0     0
   203             0     0
   204             0     0
   205             0     0
   206             0     0
   207             0     0
   208             0     0
   209             0     0
   210             0     0
   211             0     0
   212             0     0
   213             0     0
   214             0     0
   215             0     0
   216             0     0
   217             0     0
   218             0     0
   219             0     0
   220             0     0
   221             0     0
   222             0     0
   223             0     0
   224             0     0
   225             0     0
   226             0     0
   227             0     0
   228             0     0
   229             0     0
   230             0     0
   231             0     0
   232             0     0
   233             0     0
   234             0     0
   235             0     0
   236             0     0
   237             0     0
   238             0     0
   239             0     0
   240             0     0
   241             0     0
   242             0     0
   243             0     0
   244             0     0
   245             0     0
   246             0     0
   247             0     0
   248             0     0
   249             0     0
   250             0     0
   251             0     0
   252             0     0
   253             0     0
   254             0     0
   255             0     0
   256             0     0
   257             0     0
   258             0     0
   259             0     0
   260             0     0
   261             0     0
   262             0     0
   263             0     0
   264             0     0
   265             0     0
   266             0     0
   267             0     0
   268             0     0
   269             0     0
   270             0     0
   271             0     0
   272             0     0
   273             0     0
   274             0     0
   275             0     0
   276             0     0
   277             0     0
   278             0     0
   279             0     0
   280             0     0
   281             0     0
   282             0     0
   283             0     0
   284             0     0
   285             0     0
   286             0     0
   287             0     0
   288             0     0
   289             0     0
   290             0     0
   291             0     0
   292             0     0
   293             0     0
   294             0     0
   295             0     0
   296             0     0
   297             0     0
   298             0     0
   299             0     0
   300             0     0
   301             0     0
   302             0     0
   303             0     0
   304             0     0
   305             0     0
   306             0     0
   307             0     0
   308             0     0
   309             0     0
   310             0     0
   311             0     0
   312             0     0
   313             0     0
   314             0     0
   315             0     0
   316             0     0
   317             0     0
   318             0     0
   319             0     0
   320             0     0
   321             0     0
   322             0     0
   323             0     0
   324             0     0
   325             0     0
   326             0     0
   327             0     0
   328             0     0
   329             0     0
   330             0     0
   331             0     0
   332             0     0
   333             0     0
   334             0     0
   335             0     0
   336             0     0
   337             0     0
   338             0     0
   339             0     0
   340             0     0
   341             0     0
   342             0     0
   343             0     0
   344             0     0
   345             0     0
   346             0     0
   347             0     0
   348             0     0
   349             0     0
   350             0     0
   351             0     0
   352             0     0
   353             0     0
   354             0     0
   355             0     0
   356             0     0
   357             0     0
   358             0     0
   359             0     0
   360             0     0
   361             0     0
   362             0     0
   363             0     0
   364             0     0
   365             0     0
   366             0     0
   367             0     0
   368             0     0
   369             0     0
   370             0     0
   371             0     0
   372             0     0
   373             0     0
   374             0     0
   375             0     0
   376             0     0
   377             0     0
   378             0     0
   379             0     0
   380             0     0
   381             0     0
   382             0     0
   383             0     0
   384             0     0
   385             0     0
   386             0     0
   387             0     0
   388             0     0
   389             0     0
   390             0     0
   391             0     0
   392             0     0
   393             0     0
   394             0     0
   395             0     0
   396             0     0
   397             0     0
   398             0     0
   399             0     0
   400             0     0
   401             0     0
   402             0     0
   403             0     0
   404             0     0
   405             0     0
   406             0     0
   407             0     0
   408             0     0
   409             0     0
   410             0     0
   411             0     0
   412             0     0
   413             0     0
   414             0     0
   415             0     0
   416             0     0
   417             0     0
   418             0     0
   419             0     0
   420             0     0
   421             0     0
   422             0     0
   423             0     0
   424             0     0
   425             0     0
   426             0     0
   427             0     0
   428             0     0
   429             0     0
   430             0     0
   431             0     0
   432             0     0
   433             0     0
   434             0     0
   435             0     0
   436             0     0
   437             0     0
   438             0     0
   439             0     0
   440             0     0
   441             0     0
   442             0     0
   443             0     0
   444             0     0
   445             0     0
   446             0     0
   447             0     0
   448             0     0
   449             0     0
   450             0     0
   451             0     0
   452             0     0
   453             0     0
   454             0     0
   455             0     0
   456             0     0
   457             0     0
   458             0     0
   459             0     0
   460             0     0
   461             0     0
   462             0     0
   463             0     0
   464             0     0
   465             0     0
   466             0     0
   467             0     0
   468             0     0
   469             0     0
   470             0     0
   471             0     0
   472             0     0
   473             0     0
   474             0     0
   475             0     0
   476             0     0
   477             0     0
   478             0     0
   479             0     0
   480             0     0
   481             0     0
   482             0     0
   483             0     0
   484             0     0
   485             0     0
   486             0     0
   487             0     0
   488             0     0
   489             0     0
   490             0     0
   491             0     0
   492             0     0
   493             0     0
   494             0     0
   495             0     0
   496             0     0
   497             0     0
   498             0     0
   499             0     0
   500             0     0
   501             0     0
   502             0     0
   503             0     0
   504             0     0
   505             0     0
   506             0     0
   507             0     0
   508             0     0
   509             0     0
   510             0     0
   511             0     0
   512             0     0
   513             0     0
   514             0     0
   515             0     0
   516             0     0
   517             0     0
   518             0     0
   519             0     0
   520             0     0
   521             0     0
   522             0     0
   523             0     0
   524             0     0
   525             0     0
   526             0     0
   527             0     0
   528             0     0
   529             0     0
   530             0     0
   531             0     0
   532             0     0
   533             0     0
   534             0     0
   535             0     0
   536             0     0
   537             0     0
   538             0     0
   539             0     0
   540             0     0
   541             0     0
   542             0     0
   543             0     0
   544             0     0
   545             0     0
   546             0     0
   547             0     0
   548             0     0
   549             0     0
   550             0     0
   551             0     0
   552             0     0
   553             0     0
   554             0     0
   555             0     0
   556             0     0
   557             0     0
   558             0     0
   559             0     0
   560             0     0
   561             0     0
   562             0     0
   563             0     0
   564             0     0
   565             0     0
   566             0     0
   567             0     0
   568             0     0
   569             0     0
   570             0     0
   571             0     0
   572             0     0
   573             0     0
   574             0     0
   575             0     0
   576             0     0
   577             0     0
   578             0     0
   579             0     0
   580             0     0
   581             0     0
   582             0     0
   583             0     0
   584             0     0
   585             0     0
   586             0     0
   587             0     0
   588             0     0
   589             0     0
   590             0     0
   591             0     0
   592             0     0
   593             0     0
   594             0     0
   595             0     0
   596             0     0
   597             0     0
   598             0     0
   599             0     0
   600             0     0
   601             0     0
   602             0     0
   603             0     0
   604             0     0
   605             0     0
   606             0     0
   607             0     0
   608             0     0
   609             0     0
   610             0     0
   611             0     0
   612             0     0
   613             0     0
   614             0     0
   615             0     0
   616             0     0
   617             0     0
   618             0     0
   619             0     0
   620             0     0
   621             0     0
   622             0     0
   623             0     0
   624             0     0
   625             0     0
   626             0     0
   627             0     0
   628             0     0
   629             0     0
   630             0     0
   631             0     0
   632             0     0
   633             0     0
   634             0     0
   635             0     0
   636             0     0
   637             0     0
   638             0     0
   639             0     0
   640             0     0
   641             0     0
   642             0     0
   643             0     0
   644             0     0
   645             0     0
   646             0     0
   647             0     0
   648             0     0
   649             0     0
   650             0     0
   651             0     0
   652             0     0
   653             0     0
   654             0     0
   655             0     0
   656             0     0
   657             0     0
   658             0     0
   659             0     0
   660             0     0
   661             0     0
   662             0     0
   663             0     0
   664             0     0
   665             0     0
   666             0     0
   667             0     0
   668             0     0
   669             0     0
   670             0     0
   671             0     0
   672             0     0
   673             0     0
   674             0     0
   675             0     0
   676             0     0
   677             0     0
   678             0     0
   679             0     0
   680             0     0
   681             0     0
   682             0     0
   683             0     0
   684             0     0
   685             0     0
   686             0     0
   687             0     0
   688             0     0
   689             0     0
   690             0     0
   691             0     0
   692             0     0
   693             0     0
   694             0     0
   695             0     0
   696             0     0
   697             0     0
   698             0     0
   699             0     0
   700             0     0
   701             0     0
   702             0     0
   703             0     0
   704             0     0
   705             0     0
   706             0     0
   707             0     0
   708             0     0
   709             0     0
   710             0     0
   711             0     0
   712             0     0
   713             0     0
   714             0     0
   715             0     0
   716             0     0
   717             0     0
   718             0     0
   719             0     0
   720             0     0
   721             0     0
   722             0     0
   723             0     0
   724             0     0
   725             0     0
   726             0     0
   727             0     0
   728             0     0
   729             0     0
   730             0     0
   731             0     0
   732             0     0
   733             0     0
   734             0     0
   735             0     0
   736             0     0
   737             0     0
   738             0     0
   739             0     0
   740             0     0
   741             0     0
   742             0     0
   743             0     0
   744             0     0
   745             0     0
   746             0     0
   747             0     0
   748             0     0
   749             0     0
   750             0     0
   751             0     0
   752             0     0
   753             0     0
   754             0     0
   755             0     0
   756             0     0
   757             0     0
   758             0     0
   759             0     0
   760             0     0
   761             0     0
   762             0     0
   763             0     0
   764             0     0
   765             0     0
   766             0     0
   767             0     0
   768             0     0
   769             0     0
   770             0     0
   771             0     0
   772             0     0
   773             0     0
   774             0     0
   775             0     0
   776             0     0
   777             0     0
   778             0     0
   779             0     0
   780             0     0
   781             0     0
   782             0     0
   783             0     0
   784             0     0
   785             0     0
   786             0     0
   787             0     0
   788             0     0
   789             0     0
   790             0     0
   791             0     0
   792             0     0
   793             0     0
   794             0     0
   795             0     0
   796             0     0
   797             0     0
   798             0     0
   799             0     0
   800             0     0
   801             0     0
   802             0     0
   803             0     0
   804             0     0
   805             0     0
   806             0     0
   807             0     0
   808             0     0
   809             0     0
   810             0     0
   811             0     0
   812             0     0
   813             0     0
   814             0     0
   815             0     0
   816             0     0
   817             0     0
   818             0     0
   819             0     0
   820             0     0
   821             0     0
   822             0     0
   823             0     0
   824             0     0
   825             0     0
   826             0     0
   827             0     0
   828             0     0
   829             0     0
   830             0     0
   831             0     0
   832             0     0
   833             0     0
   834             0     0
   835             0     0
   836             0     0
   837             0     0
   838             0     0
   839             0     0
   840             0     0
   841             0     0
   842             0     0
   843             0     0
   844             0     0
   845             0     0
   846             0     0
   847             0     0
   848             0     0
   849             0     0
   850             0     0
   851             0     0
   852             0     0
   853             0     0
   854             0     0
   855             0     0
   856             0     0
   857             0     0
   858             0     0
   859             0     0
   860             0     0
   861             0     0
   862             0     0
   863             0     0
   864             0     0
   865             0     0
   866             0     0
   867             0     0
   868             0     0
   869             0     0
   870             0     0
   871             0     0
   872             0     0
   873             0     0
   874             0     0
   875             0     0
   876             0     0
   877             0     0
   878             0     0
   879             0     0
   880             0     0
   881             0     0
   882             0     0
   883             0     0
   884             0     0
   885             0     0
   886             0     0
   887             0     0
   888             0     0
   889             0     0
   890             0     0
   891             0     0
   892             0     0
   893             0     0
   894             0     0
   895             0     0
   896             0     0
   897             0     0
   898             0     0
   899             0     0
   900             0     0
   901             0     0
   902             0     0
   903             0     0
   904             0     0
   905             0     0
   906             0     0
   907             0     0
   908             0     0
   909             0     0
   910             0     0
   911             0     0
   912             0     0
   913             0     0
   914             0     0
   915             0     0
   916             0     0
   917             0     0
   918             0     0
   919             0     0
   920             0     0
   921             0     0
   922             0     0
   923             0     0
   924             0     0
   925             0     0
   926             0     0
   927             0     0
   928             0     0
   929             0     0
   930             0     0
   931             0     0
   932             0     0
   933             0     0
   934             0     0
   935             0     0
   936             0     0
   937             0     0
   938             0     0
   939             0     0
   940             0     0
   941             0     0
   942             0     0
   943             0     0
   944             0     0
   945             0     0
   946             0     0
   947             0     0
   948             0     0
   949             0     0
   950             0     0
   951             0     0
   952             0     0
   953             0     0
   954             0     0
   955             0     0
   956             0     0
   957             0     0
   958             0     0
   959             0     0
   960             0     0
   961             0     0
   962             0     0
   963             0     0
   964             0     0
   965             0     0
   966             0     0
   967             0     0
   968             0     0
   969             0     0
   970             0     0
   971             0     0
   972             0     0
   973             0     0
   974             0     0
   975             0     0
   976             0     0
   977             0     0
   978             0     0
   979             0     0
   980             0     0
   981             0     0
   982             0     0
   983             0     0
   984             0     0
   985             0     0
   986             0     0
   987             0     0
   988             0     0
   989             0     0
   990             0     0
   991             0     0
   992             0     0
   993             0     0
   994             0     0
   995             0     0
   996             0     0
   997             0     0
   998             0     0
   999             0     0
  1000             0     0
  1001             0     0
  1002             0     0
  1003             0     0
  1004             0     0
  1005             0     0
  1006             0     0
  1007             0     0
  1008             0     0
  1009             0     0
  1010             0     0
  1011             0     0
  1012             0     0
  1013             0     0
  1014             0     0
  1015             0     0
  1016             0     0
  1017             0     0
  1018             0     0
  1019             0     0
  1020             0     0
  1021             0     0
  1022             0     0
  1023             0     0
  1024             0     0
  1025             0     0
  1026             0     0
  1027             0     0
  1028             0     0
  1029             0     0
  1030             0     0
  1031             0     0
  1032             0     0
  1033             0     0
  1034             0     0
  1035             0     0
  1036             0     0
  1037             0     0
  1038             0     0
  1039             0     0
  1040             0     0
  1041             0     0
  1042             0     0
  1043             0     0
  1044             0     0
  1045             0     0
  1046             0     0
  1047             0     0
  1048             0     0
  1049             0     0
  1050             0     0
  1051             0     0
  1052             0     0
  1053             0     0
  1054             0     0
  1055             0     0
  1056             0     0
  1057             0     0
  1058             0     0
  1059             0     0
  1060             0     0
  1061             0     0
  1062             0     0
  1063             0     0
  1064             0     0
  1065             0     0
  1066             0     0
  1067             0     0
  1068             0     0
  1069             0     0
  1070             0     0
  1071             0     0
  1072             0     0
  1073             0     0
  1074             0     0
  1075             0     0
  1076             0     0
  1077             0     0
  1078             0     0
  1079             0     0
  1080             0     0
  1081             0     0
  1082             0     0
  1083             0     0
  1084             0     0
  1085             0     0
  1086             0     0
  1087             0     0
  1088             0     0
  1089             0     0
  1090             0     0
  1091             0     0
  1092             0     0
  1093             0     0
  1094             0     0
  1095             0     0
  1096             0     0
  1097             0     0
  1098             0     0
  1099             0     0
  1100             0     0
  1101             0     0
  1102             0     0
  1103             0     0
  1104             0     0
  1105             0     0
  1106             0     0
  1107             0     0
  1108             0     0
  1109             0     0
  1110             0     0
  1111             0     0
  1112             0     0
  1113             0     0
  1114             0     0
  1115             0     0
  1116             0     0
  1117             0     0
  1118             0     0
  1119             0     0
  1120             0     0
  1121             0     0
  1122             0     0
  1123             0     0
  1124             0     0
  1125             0     0


TOTAL SYSTEM DATA
  NEQ = 2226
  NWK = 624003
  MK  = 2216
 D I S P L A C E M E N T S

  NODE      X-DISPLACEMENT    Y-DISPLACEMENT
     1        0.00371123-0.000390074
     2        0.00492561-0.000533425
     3             0     0
     4        0.00151155-0.000358622
     5        0.00418276-2.02204e-16
     6        0.003711230.000390074
     7        0.004925610.000533425
     8             0     0
     9        0.001511550.000358622
    10        0.0036424-0.000340148
    11        0.00359775-0.000307458
    12        0.00357185-0.000287359
    13        0.00356099-0.0002767
    14        0.00356257-0.000273259
    15        0.00357474-0.000275447
    16        0.00359617-0.0002821
    17        0.00362586-0.000292349
    18        0.00366313-0.000305516
    19        0.00370741-0.00032105
    20        0.0037583-0.000338469
    21        0.00381546-0.000357322
    22        0.00387859-0.000377157
    23        0.00394739-0.000397492
    24        0.0040216-0.000417807
    25        0.00410094-0.000437534
    26        0.00418515-0.000456084
    27        0.00427406-0.000472887
    28        0.00436764-0.000487486
    29        0.00446611-0.000499654
    30        0.00457006-0.000509552
    31        0.00468051-0.000517812
    32        0.00479868-0.000525448
    33        0.0044875-0.000649304
    34        0.00404971-0.000762219
    35        0.00361675-0.000870902
    36        0.00320053-0.000964587
    37        0.00280815-0.00101532
    38        0.0024255-0.000994294
    39        0.00202467-0.000900463
    40        0.00159122-0.000759451
    41        0.00112908-0.000588499
    42        0.000649331-0.000378134
    43        0.000207483-0.000112833
    44        0.000373017-0.000185603
    45        0.000518752-0.000232419
    46        0.000651406-0.00026248
    47        0.000773604-0.000281209
    48        0.000886603-0.000291898
    49        0.000991113-0.000296679
    50        0.00108759-0.000297047
    51        0.00117635-0.000294121
    52        0.00125763-0.000288795
    53        0.00133161-0.000281813
    54        0.0013984-0.000273818
    55        0.00145806-0.00026539
    56        0.00151055-0.000257069
    57        0.00155576-0.000249391
    58        0.00159344-0.000242916
    59        0.00162321-0.000238268
    60        0.00164448-0.000236187
    61        0.00165639-0.000237593
    62        0.00165774-0.000243685
    63        0.00164684-0.000256075
    64        0.00162131-0.000276992
    65        0.00157784-0.000309598
    66        0.00167416-0.000411247
    67        0.0018573-0.000456915
    68        0.00205671-0.000494026
    69        0.00226822-0.000521323
    70        0.00248749-0.000537591
    71        0.00271001-0.000541941
    72        0.0029312-0.000534046
    73        0.00314647-0.000514165
    74        0.00335124-0.000482951
    75        0.00354104-0.000441211
    76        0.00384885-0.000337414
    77        0.00396561-0.000277762
    78        0.00405899-0.000212881
    79        0.0041272-0.000144085
    80        0.00416878-7.26907e-05
    81        0.004168787.26907e-05
    82        0.00412720.000144085
    83        0.004058990.000212881
    84        0.003965610.000277762
    85        0.003848850.000337414
    86        0.00364240.000340148
    87        0.003597750.000307458
    88        0.003571850.000287359
    89        0.003560990.0002767
    90        0.003562570.000273259
    91        0.003574740.000275447
    92        0.003596170.0002821
    93        0.003625860.000292349
    94        0.003663130.000305516
    95        0.003707410.00032105
    96        0.00375830.000338469
    97        0.003815460.000357322
    98        0.003878590.000377157
    99        0.003947390.000397492
   100        0.00402160.000417807
   101        0.004100940.000437534
   102        0.004185150.000456084
   103        0.004274060.000472887
   104        0.004367640.000487486
   105        0.004466110.000499654
   106        0.004570060.000509552
   107        0.004680510.000517812
   108        0.004798680.000525448
   109        0.005033680.000406952
   110        0.0051470.000282407
   111        0.005268380.000168294
   112        0.005389527.90962e-05
   113        0.005485192.55458e-05
   114        0.0055224-6.84701e-16
   115        0.00548519-2.55458e-05
   116        0.00538952-7.90962e-05
   117        0.00526838-0.000168294
   118        0.005147-0.000282407
   119        0.00503368-0.000406952
   120        0.0002074830.000112833
   121        0.0003730170.000185603
   122        0.0005187520.000232419
   123        0.0006514060.00026248
   124        0.0007736040.000281209
   125        0.0008866030.000291898
   126        0.0009911130.000296679
   127        0.001087590.000297047
   128        0.001176350.000294121
   129        0.001257630.000288795
   130        0.001331610.000281813
   131        0.00139840.000273818
   132        0.001458060.00026539
   133        0.001510550.000257069
   134        0.001555760.000249391
   135        0.001593440.000242916
   136        0.001623210.000238268
   137        0.001644480.000236187
   138        0.001656390.000237593
   139        0.001657740.000243685
   140        0.001646840.000256075
   141        0.001621310.000276992
   142        0.001577840.000309598
   143        0.001370310.000301549
   144        0.001253870.000239122
   145        0.001164550.000173108
   146        0.001103930.000104739
   147        0.001073273.50536e-05
   148        0.00107327-3.50536e-05
   149        0.00110393-0.000104739
   150        0.00116455-0.000173108
   151        0.00125387-0.000239122
   152        0.00137031-0.000301549
   153             0     0
   154             0     0
   155             0     0
   156             0     0
   157             0     0
   158             0     0
   159             0     0
   160             0     0
   161             0     0
   162             0     0
   163        0.0006493310.000378134
   164        0.001129080.000588499
   165        0.001591220.000759451
   166        0.002024670.000900463
   167        0.00242550.000994294
   168        0.002808150.00101532
   169        0.003200530.000964587
   170        0.003616750.000870902
   171        0.004049710.000762219
   172        0.00448750.000649304
   173        0.003541040.000441211
   174        0.003351240.000482951
   175        0.003146470.000514165
   176        0.00293120.000534046
   177        0.002710010.000541941
   178        0.002487490.000537591
   179        0.002268220.000521323
   180        0.002056710.000494026
   181        0.00185730.000456915
   182        0.001674160.000411247
   183        0.00347558-0.000410177
   184        0.00343212-0.00038734
   185        0.00340584-0.000371469
   186        0.00339331-0.000361514
   187        0.00339205-0.000356628
   188        0.00340025-0.000356124
   189        0.00341661-0.000359444
   190        0.00344017-0.000366129
   191        0.00347022-0.000375793
   192        0.00350623-0.000388098
   193        0.00354782-0.000402736
   194        0.00359468-0.000419405
   195        0.00364654-0.000437796
   196        0.00370319-0.000457573
   197        0.00376438-0.000478366
   198        0.00382988-0.000499759
   199        0.00389942-0.000521294
   200        0.00397273-0.000542493
   201        0.00404953-0.000562901
   202        0.00412961-0.000582156
   203        0.00421293-0.000600097
   204        0.00429978-0.00061688
   205        0.0043909-0.000633029
   206        0.0032961-0.000472471
   207        0.0032578-0.000462719
   208        0.00323323-0.0004546
   209        0.00321994-0.000448629
   210        0.00321607-0.000445086
   211        0.00322018-0.000444113
   212        0.00323117-0.000445764
   213        0.00324823-0.000450041
   214        0.00327071-0.000456906
   215        0.00329815-0.000466298
   216        0.00333019-0.000478133
   217        0.00336655-0.000492304
   218        0.00340701-0.000508677
   219        0.00345137-0.000527086
   220        0.00349944-0.000547325
   221        0.00355103-0.00056914
   222        0.0036059-0.000592228
   223        0.00366374-0.00061623
   224        0.00372417-0.000640756
   225        0.00378674-0.000665407
   226        0.0038509-0.000689852
   227        0.00391615-0.000713938
   228        0.00398225-0.000737848
   229        0.00310598-0.000521782
   230        0.00307647-0.00052543
   231        0.00305634-0.000526808
   232        0.00304425-0.00052719
   233        0.00303906-0.000527518
   234        0.00303986-0.000528494
   235        0.0030459-0.000530637
   236        0.0030566-0.000534333
   237        0.00307149-0.000539869
   238        0.0030902-0.000547455
   239        0.00311244-0.000557244
   240        0.003138-0.000569337
   241        0.00316671-0.000583796
   242        0.00319841-0.000600641
   243        0.00323296-0.00061985
   244        0.00327023-0.000641356
   245        0.00331003-0.000665039
   246        0.00335212-0.000690722
   247        0.00339614-0.00071816
   248        0.00344156-0.00074704
   249        0.00348761-0.000777003
   250        0.00353319-0.000807694
   251        0.0035768-0.000838906
   252        0.00290733-0.00055454
   253        0.00288922-0.000568823
   254        0.00287623-0.000578668
   255        0.00286779-0.000585522
   256        0.0028634-0.00059056
   257        0.0028626-0.000594731
   258        0.00286501-0.000598802
   259        0.00287032-0.000603394
   260        0.00287827-0.000609009
   261        0.00288864-0.000616058
   262        0.00290126-0.000624877
   263        0.00291601-0.000635744
   264        0.00293279-0.000648885
   265        0.00295151-0.000664488
   266        0.00297211-0.000682701
   267        0.00299454-0.000703637
   268        0.0030187-0.000727368
   269        0.00304447-0.000753921
   270        0.00307164-0.000783264
   271        0.00309984-0.000815292
   272        0.00312843-0.000849805
   273        0.00315631-0.000886483
   274        0.00318151-0.000924891
   275        0.00270318-0.000568797
   276        0.00269781-0.000588713
   277        0.00269378-0.000603363
   278        0.002691-0.00061416
   279        0.00268936-0.000622295
   280        0.00268876-0.000628771
   281        0.00268911-0.000634428
   282        0.00269035-0.000639975
   283        0.0026924-0.000646005
   284        0.00269522-0.000653022
   285        0.00269877-0.000661455
   286        0.00270304-0.000671675
   287        0.002708-0.000684005
   288        0.00271369-0.000698729
   289        0.00272011-0.000716104
   290        0.0027273-0.000736357
   291        0.00273531-0.000759691
   292        0.00274419-0.000786285
   293        0.00275394-0.000816278
   294        0.00276456-0.000849759
   295        0.00277592-0.000886729
   296        0.00278767-0.000927035
   297        0.00279901-0.000970242
   298        0.00249753-0.000563924
   299        0.00250515-0.000583431
   300        0.00251061-0.000597747
   301        0.00251416-0.000608251
   302        0.00251601-0.000616109
   303        0.00251636-0.000622296
   304        0.00251535-0.000627635
   305        0.00251313-0.000632815
   306        0.00250981-0.000638417
   307        0.0025055-0.000644935
   308        0.00250029-0.000652789
   309        0.00249427-0.000662347
   310        0.00248751-0.000673929
   311        0.00248012-0.000687823
   312        0.00247221-0.000704291
   313        0.00246392-0.000723572
   314        0.00245541-0.000745885
   315        0.00244693-0.000771425
   316        0.00243876-0.000800355
   317        0.00243132-0.000832781
   318        0.00242518-0.000868718
   319        0.00242114-0.000908017
   320        0.00242047-0.000950217
   321        0.00229478-0.000540417
   322        0.00231471-0.000553626
   323        0.00232882-0.000562599
   324        0.0023378-0.000568679
   325        0.00234227-0.000572954
   326        0.00234274-0.0005763
   327        0.00233965-0.000579427
   328        0.00233335-0.000582907
   329        0.00232415-0.000587207
   330        0.0023123-0.000592706
   331        0.00229799-0.000599722
   332        0.00228141-0.000608518
   333        0.00226271-0.000619319
   334        0.00224204-0.000632319
   335        0.00221959-0.000647685
   336        0.00219555-0.000665561
   337        0.00217022-0.000686068
   338        0.00214398-0.00070929
   339        0.00211738-0.000735265
   340        0.00209122-0.000763955
   341        0.00206666-0.000795209
   342        0.00204539-0.000828721
   343        0.00203006-0.000864021
   344        0.00209886-0.000499843
   345        0.00212945-0.000502154
   346        0.00215019-0.000502435
   347        0.00216253-0.000501775
   348        0.00216763-0.00050098
   349        0.00216645-0.000500641
   350        0.00215975-0.000501193
   351        0.00214813-0.000502957
   352        0.00213206-0.000506166
   353        0.00211191-0.000510991
   354        0.00208795-0.000517552
   355        0.00206041-0.000525934
   356        0.00202949-0.000536191
   357        0.00199535-0.000548351
   358        0.00195819-0.000562419
   359        0.00191823-0.000578374
   360        0.00187579-0.000596172
   361        0.00183135-0.000615732
   362        0.00178559-0.000636933
   363        0.00173956-0.000659601
   364        0.00169475-0.000683491
   365        0.00165323-0.000708273
   366        0.00161758-0.000733566
   367        0.00191272-0.000444924
   368        0.00195122-0.000434066
   369        0.00197592-0.000424917
   370        0.00198921-0.000417778
   371        0.00199296-0.000412773
   372        0.00198855-0.000409928
   373        0.00197705-0.000409211
   374        0.00195925-0.000410551
   375        0.00193573-0.000413858
   376        0.00190692-0.000419021
   377        0.00187315-0.000425918
   378        0.00183462-0.000434414
   379        0.0017915-0.000444356
   380        0.00174394-0.000455576
   381        0.00169207-0.000467884
   382        0.00163606-0.000481065
   383        0.00157617-0.00049488
   384        0.00151281-0.000509074
   385        0.0014466-0.000523386
   386        0.00137852-0.00053758
   387        0.00131012-0.000551494
   388        0.00124376-0.000565057
   389        0.00118289-0.000578056
   390        0.0017384-0.000379753
   391        0.00178128-0.000356364
   392        0.00180733-0.000339628
   393        0.00181981-0.000328327
   394        0.00182106-0.000321499
   395        0.00181278-0.000318373
   396        0.00179619-0.000318324
   397        0.00177216-0.000320833
   398        0.00174132-0.000325459
   399        0.0017041-0.000331807
   400        0.00166078-0.000339517
   401        0.00161154-0.000348237
   402        0.00155648-0.000357613
   403        0.00149567-0.000367272
   404        0.00142912-0.000376813
   405        0.00135688-0.000385794
   406        0.001279-0.00039373
   407        0.0011956-0.000400088
   408        0.00110693-0.000404298
   409        0.0010134-0.000405777
   410        0.000915778-0.000403982
   411        0.000815812-0.000398541
   412        0.000718968-0.000389567
   413        0.00490363-0.000408566
   414        0.00478289-0.000409063
   415        0.00467007-0.000406737
   416        0.00456395-0.000400852
   417        0.0044638-0.00039142
   418        0.00436925-0.000378891
   419        0.00428024-0.000363909
   420        0.00419688-0.000347164
   421        0.00411934-0.000329319
   422        0.00404782-0.000310971
   423        0.00398253-0.000292651
   424        0.00392366-0.000274831
   425        0.00387141-0.000257949
   426        0.00382598-0.000242427
   427        0.00378761-0.000228707
   428        0.00375658-0.000217285
   429        0.00373327-0.000208754
   430        0.00371813-0.000203857
   431        0.00371179-0.000203567
   432        0.00371502-0.000209177
   433        0.00372885-0.000222441
   434        0.00375459-0.000245769
   435        0.00379392-0.000282524
   436        0.00501479-0.000295386
   437        0.00489196-0.000303459
   438        0.00477693-0.000305802
   439        0.0046688-0.000302854
   440        0.00456717-0.000295543
   441        0.00447194-0.000284888
   442        0.0043832-0.000271831
   443        0.00430106-0.000257183
   444        0.00422567-0.000241621
   445        0.00415714-0.000225711
   446        0.00409555-0.000209934
   447        0.00404099-0.000194713
   448        0.0039935-0.000180447
   449        0.00395315-0.000167532
   450        0.00392002-0.000156395
   451        0.00389417-0.000147527
   452        0.00387573-0.000141519
   453        0.00386481-0.000139108
   454        0.00386158-0.000141231
   455        0.0038662-0.000149102
   456        0.00387885-0.000164298
   457        0.00389966-0.000188879
   458        0.00392864-0.000225533
   459        0.00513315-0.000192249
   460        0.00500693-0.000205826
   461        0.00488856-0.000211029
   462        0.00477764-0.000209973
   463        0.00467413-0.000204433
   464        0.00457809-0.000195791
   465        0.00448961-0.000185096
   466        0.00440872-0.000173144
   467        0.00433544-0.000160549
   468        0.00426971-0.000147798
   469        0.00421148-0.000135299
   470        0.00416064-0.000123411
   471        0.00411709-0.000112476
   472        0.0040807-0.000102841
   473        0.00405133-9.48875e-05
   474        0.00402882-8.90497e-05
   475        0.004013-8.5844e-05
   476        0.00400364-8.58969e-05
   477        0.00400048-8.99779e-05
   478        0.00400316-9.90374e-05
   479        0.00401118-0.000114249
   480        0.00402386-0.000137057
   481        0.00404025-0.000169226
   482        0.00524889-0.000107463
   483        0.00511709-0.000122015
   484        0.00499389-0.000127659
   485        0.00487936-0.000127552
   486        0.00477355-0.000123727
   487        0.00467648-0.000117526
   488        0.00458805-0.000109856
   489        0.00450811-0.000101356
   490        0.00443647-9.24925e-05
   491        0.0043729-8.36287e-05
   492        0.00431713-7.50633e-05
   493        0.00426891-6.70622e-05
   494        0.00422793-5.98802e-05
   495        0.0041939-5.37794e-05
   496        0.00416647-4.90442e-05
   497        0.00414527-4.59958e-05
   498        0.00412988-4.50066e-05
   499        0.00411981-4.6514e-05
   500        0.00411448-5.10346e-05
   501        0.00411318-5.91781e-05
   502        0.00411503-7.16598e-05
   503        0.00411895-8.93121e-05
   504        0.00412357-0.000113091
   505        0.00533823-4.54421e-05
   506        0.0052004-5.49515e-05
   507        0.00507244-5.85715e-05
   508        0.00495458-5.87066e-05
   509        0.00484674-5.67297e-05
   510        0.0047487-5.34702e-05
   511        0.00466015-4.94561e-05
   512        0.00458072-4.50425e-05
   513        0.00451003-4.04828e-05
   514        0.00444769-3.59706e-05
   515        0.00439329-3.16651e-05
   516        0.00434642-2.77083e-05
   517        0.00430666-2.42371e-05
   518        0.00427357-2.13914e-05
   519        0.00424667-1.93224e-05
   520        0.00422546-1.81982e-05
   521        0.00420935-1.82093e-05
   522        0.0041977-1.9574e-05
   523        0.00418976-2.2542e-05
   524        0.00418465-2.73979e-05
   525        0.00418134-3.44629e-05
   526        0.0041786-4.4096e-05
   527        0.00417499-5.66937e-05
   528        0.00537248-6.42851e-16
   529        0.00523196-6.07966e-16
   530        0.00510196-5.77409e-16
   531        0.00498271-5.50133e-16
   532        0.00487404-5.25091e-16
   533        0.00477559-5.01e-16
   534        0.00468696-4.78665e-16
   535        0.00460767-4.59183e-16
   536        0.00453727-4.41053e-16
   537        0.00447531-4.23123e-16
   538        0.00442131-4.06921e-16
   539        0.00437483-3.90936e-16
   540        0.00433538-3.74548e-16
   541        0.00430248-3.58796e-16
   542        0.0042756-3.43689e-16
   543        0.00425419-3.30051e-16
   544        0.00423762-3.17112e-16
   545        0.00422519-3.04139e-16
   546        0.00421611-2.90471e-16
   547        0.00420944-2.76411e-16
   548        0.00420413-2.6262e-16
   549        0.00419892-2.46395e-16
   550        0.00419236-2.26055e-16
   551        0.005338234.54421e-05
   552        0.00520045.49515e-05
   553        0.005072445.85715e-05
   554        0.004954585.87066e-05
   555        0.004846745.67297e-05
   556        0.00474875.34702e-05
   557        0.004660154.94561e-05
   558        0.004580724.50425e-05
   559        0.004510034.04828e-05
   560        0.004447693.59706e-05
   561        0.004393293.16651e-05
   562        0.004346422.77083e-05
   563        0.004306662.42371e-05
   564        0.004273572.13914e-05
   565        0.004246671.93224e-05
   566        0.004225461.81982e-05
   567        0.004209351.82093e-05
   568        0.00419771.9574e-05
   569        0.004189762.2542e-05
   570        0.004184652.73979e-05
   571        0.004181343.44629e-05
   572        0.00417864.4096e-05
   573        0.004174995.66937e-05
   574        0.005248890.000107463
   575        0.005117090.000122015
   576        0.004993890.000127659
   577        0.004879360.000127552
   578        0.004773550.000123727
   579        0.004676480.000117526
   580        0.004588050.000109856
   581        0.004508110.000101356
   582        0.004436479.24925e-05
   583        0.00437298.36287e-05
   584        0.004317137.50633e-05
   585        0.004268916.70622e-05
   586        0.004227935.98802e-05
   587        0.00419395.37794e-05
   588        0.004166474.90442e-05
   589        0.004145274.59958e-05
   590        0.004129884.50066e-05
   591        0.004119814.6514e-05
   592        0.004114485.10346e-05
   593        0.004113185.91781e-05
   594        0.004115037.16598e-05
   595        0.004118958.93121e-05
   596        0.004123570.000113091
   597        0.005133150.000192249
   598        0.005006930.000205826
   599        0.004888560.000211029
   600        0.004777640.000209973
   601        0.004674130.000204433
   602        0.004578090.000195791
   603        0.004489610.000185096
   604        0.004408720.000173144
   605        0.004335440.000160549
   606        0.004269710.000147798
   607        0.004211480.000135299
   608        0.004160640.000123411
   609        0.004117090.000112476
   610        0.00408070.000102841
   611        0.004051339.48875e-05
   612        0.004028828.90497e-05
   613        0.0040138.5844e-05
   614        0.004003648.58969e-05
   615        0.004000488.99779e-05
   616        0.004003169.90374e-05
   617        0.004011180.000114249
   618        0.004023860.000137057
   619        0.004040250.000169226
   620        0.005014790.000295386
   621        0.004891960.000303459
   622        0.004776930.000305802
   623        0.00466880.000302854
   624        0.004567170.000295543
   625        0.004471940.000284888
   626        0.00438320.000271831
   627        0.004301060.000257183
   628        0.004225670.000241621
   629        0.004157140.000225711
   630        0.004095550.000209934
   631        0.004040990.000194713
   632        0.00399350.000180447
   633        0.003953150.000167532
   634        0.003920020.000156395
   635        0.003894170.000147527
   636        0.003875730.000141519
   637        0.003864810.000139108
   638        0.003861580.000141231
   639        0.00386620.000149102
   640        0.003878850.000164298
   641        0.003899660.000188879
   642        0.003928640.000225533
   643        0.004903630.000408566
   644        0.004782890.000409063
   645        0.004670070.000406737
   646        0.004563950.000400852
   647        0.00446380.00039142
   648        0.004369250.000378891
   649        0.004280240.000363909
   650        0.004196880.000347164
   651        0.004119340.000329319
   652        0.004047820.000310971
   653        0.003982530.000292651
   654        0.003923660.000274831
   655        0.003871410.000257949
   656        0.003825980.000242427
   657        0.003787610.000228707
   658        0.003756580.000217285
   659        0.003733270.000208754
   660        0.003718130.000203857
   661        0.003711790.000203567
   662        0.003715020.000209177
   663        0.003728850.000222441
   664        0.003754590.000245769
   665        0.003793920.000282524
   666        0.0001669526.37496e-05
   667        0.0003203250.000115478
   668        0.0004613990.000152728
   669        0.0005910350.000178428
   670        0.0007100530.000195346
   671        0.0008191910.000205562
   672        0.0009190790.000210619
   673        0.001010240.000211698
   674        0.001093110.000209744
   675        0.001168010.000205537
   676        0.001235210.000199751
   677        0.001294890.00019298
   678        0.001347150.000185776
   679        0.001392030.000178671
   680        0.001429480.000172208
   681        0.001459380.000166973
   682        0.001481480.000163638
   683        0.001495460.000163009
   684        0.001500840.000166095
   685        0.0014970.000174196
   686        0.001483130.000189028
   687        0.001458230.000212899
   688        0.001421070.000248965
   689        0.0001507753.74684e-05
   690        0.0002916.80692e-05
   691        0.0004210429.20468e-05
   692        0.0005410260.000109821
   693        0.0006512470.000122143
   694        0.0007521120.000129843
   695        0.000844050.000133723
   696        0.0009274630.000134517
   697        0.00100270.000132896
   698        0.001070060.000129463
   699        0.001129790.000124775
   700        0.001182080.000119346
   701        0.001227060.000113675
   702        0.001264850.000108257
   703        0.00129550.000103613
   704        0.001319060.000100309
   705        0.001335519.89946e-05
   706        0.001344850.000100436
   707        0.001347050.000105567
   708        0.001342110.000115541
   709        0.001330070.000131808
   710        0.001311070.000156197
   711        0.001285450.000191009
   712        0.0001369141.66314e-05
   713        0.0002643863.22741e-05
   714        0.0003824464.57251e-05
   715        0.0004913495.63854e-05
   716        0.0005914046.40936e-05
   717        0.0006829286.89952e-05
   718        0.0007662257.14094e-05
   719        0.0008415757.17362e-05
   720        0.0009092347.04031e-05
   721        0.0009694366.78378e-05
   722        0.001022396.44582e-05
   723        0.00106836.06723e-05
   724        0.001107365.68853e-05
   725        0.001139755.351e-05
   726        0.001165675.09808e-05
   727        0.001185344.97705e-05
   728        0.001198985.04084e-05
   729        0.00120695.35011e-05
   730        0.001209455.97554e-05
   731        0.001207117.0002e-05
   732        0.001200478.52193e-05
   733        0.001190380.000106555
   734        0.001177910.000135342
   735        0.0001240443.68013e-06
   736        0.0002393699.75007e-06
   737        0.0003463491.60182e-05
   738        0.0004452922.13968e-05
   739        0.0005364392.54328e-05
   740        0.0006199832.80236e-05
   741        0.0006960942.92593e-05
   742        0.0007649342.93304e-05
   743        0.0008266732.84753e-05
   744        0.0008814872.69515e-05
   745        0.0009295732.50225e-05
   746        0.0009711452.29528e-05
   747        0.001006442.10093e-05
   748        0.001035731.94656e-05
   749        0.001059321.86085e-05
   750        0.001077561.87449e-05
   751        0.001090872.02102e-05
   752        0.001099752.33757e-05
   753        0.00110482.86555e-05
   754        0.001106723.65122e-05
   755        0.001106414.74593e-05
   756        0.001104936.20621e-05
   757        0.001103588.09348e-05
   758        0.000115435-2.12309e-07
   759        0.0002228811.1413e-06
   760        0.0003229342.8852e-06
   761        0.0004158574.48829e-06
   762        0.0005017635.72356e-06
   763        0.0005807196.52186e-06
   764        0.0006527866.89644e-06
   765        0.0007180466.90321e-06
   766        0.0007766126.61925e-06
   767        0.0008286316.13117e-06
   768        0.000874295.52935e-06
   769        0.0009138134.90567e-06
   770        0.0009474694.3533e-06
   771        0.0009755733.96768e-06
   772        0.0009984913.84813e-06
   773        0.001016654.09978e-06
   774        0.001030564.83534e-06
   775        0.001040796.17676e-06
   776        0.001048058.25622e-06
   777        0.001053131.12165e-05
   778        0.001056981.52106e-05
   779        0.001060732.04004e-05
   780        0.001065652.69558e-05
   781        0.0001154352.12309e-07
   782        0.000222881-1.1413e-06
   783        0.000322934-2.8852e-06
   784        0.000415857-4.48829e-06
   785        0.000501763-5.72356e-06
   786        0.000580719-6.52186e-06
   787        0.000652786-6.89644e-06
   788        0.000718046-6.90321e-06
   789        0.000776612-6.61925e-06
   790        0.000828631-6.13117e-06
   791        0.00087429-5.52935e-06
   792        0.000913813-4.90567e-06
   793        0.000947469-4.3533e-06
   794        0.000975573-3.96768e-06
   795        0.000998491-3.84813e-06
   796        0.00101665-4.09978e-06
   797        0.00103056-4.83534e-06
   798        0.00104079-6.17676e-06
   799        0.00104805-8.25622e-06
   800        0.00105313-1.12165e-05
   801        0.00105698-1.52106e-05
   802        0.00106073-2.04004e-05
   803        0.00106565-2.69558e-05
   804        0.000124044-3.68013e-06
   805        0.000239369-9.75007e-06
   806        0.000346349-1.60182e-05
   807        0.000445292-2.13968e-05
   808        0.000536439-2.54328e-05
   809        0.000619983-2.80236e-05
   810        0.000696094-2.92593e-05
   811        0.000764934-2.93304e-05
   812        0.000826673-2.84753e-05
   813        0.000881487-2.69515e-05
   814        0.000929573-2.50225e-05
   815        0.000971145-2.29528e-05
   816        0.00100644-2.10093e-05
   817        0.00103573-1.94656e-05
   818        0.00105932-1.86085e-05
   819        0.00107756-1.87449e-05
   820        0.00109087-2.02102e-05
   821        0.00109975-2.33757e-05
   822        0.0011048-2.86555e-05
   823        0.00110672-3.65122e-05
   824        0.00110641-4.74593e-05
   825        0.00110493-6.20621e-05
   826        0.00110358-8.09348e-05
   827        0.000136914-1.66314e-05
   828        0.000264386-3.22741e-05
   829        0.000382446-4.57251e-05
   830        0.000491349-5.63854e-05
   831        0.000591404-6.40936e-05
   832        0.000682928-6.89952e-05
   833        0.000766225-7.14094e-05
   834        0.000841575-7.17362e-05
   835        0.000909234-7.04031e-05
   836        0.000969436-6.78378e-05
   837        0.00102239-6.44582e-05
   838        0.0010683-6.06723e-05
   839        0.00110736-5.68853e-05
   840        0.00113975-5.351e-05
   841        0.00116567-5.09808e-05
   842        0.00118534-4.97705e-05
   843        0.00119898-5.04084e-05
   844        0.0012069-5.35011e-05
   845        0.00120945-5.97554e-05
   846        0.00120711-7.0002e-05
   847        0.00120047-8.52193e-05
   848        0.00119038-0.000106555
   849        0.00117791-0.000135342
   850        0.000150775-3.74684e-05
   851        0.000291-6.80692e-05
   852        0.000421042-9.20468e-05
   853        0.000541026-0.000109821
   854        0.000651247-0.000122143
   855        0.000752112-0.000129843
   856        0.00084405-0.000133723
   857        0.000927463-0.000134517
   858        0.0010027-0.000132896
   859        0.00107006-0.000129463
   860        0.00112979-0.000124775
   861        0.00118208-0.000119346
   862        0.00122706-0.000113675
   863        0.00126485-0.000108257
   864        0.0012955-0.000103613
   865        0.00131906-0.000100309
   866        0.00133551-9.89946e-05
   867        0.00134485-0.000100436
   868        0.00134705-0.000105567
   869        0.00134211-0.000115541
   870        0.00133007-0.000131808
   871        0.00131107-0.000156197
   872        0.00128545-0.000191009
   873        0.000166952-6.37496e-05
   874        0.000320325-0.000115478
   875        0.000461399-0.000152728
   876        0.000591035-0.000178428
   877        0.000710053-0.000195346
   878        0.000819191-0.000205562
   879        0.000919079-0.000210619
   880        0.00101024-0.000211698
   881        0.00109311-0.000209744
   882        0.00116801-0.000205537
   883        0.00123521-0.000199751
   884        0.00129489-0.00019298
   885        0.00134715-0.000185776
   886        0.00139203-0.000178671
   887        0.00142948-0.000172208
   888        0.00145938-0.000166973
   889        0.00148148-0.000163638
   890        0.00149546-0.000163009
   891        0.00150084-0.000166095
   892        0.001497-0.000174196
   893        0.00148313-0.000189028
   894        0.00145823-0.000212899
   895        0.00142107-0.000248965
   896        0.00173840.000379753
   897        0.001781280.000356364
   898        0.001807330.000339628
   899        0.001819810.000328327
   900        0.001821060.000321499
   901        0.001812780.000318373
   902        0.001796190.000318324
   903        0.001772160.000320833
   904        0.001741320.000325459
   905        0.00170410.000331807
   906        0.001660780.000339517
   907        0.001611540.000348237
   908        0.001556480.000357613
   909        0.001495670.000367272
   910        0.001429120.000376813
   911        0.001356880.000385794
   912        0.0012790.00039373
   913        0.00119560.000400088
   914        0.001106930.000404298
   915        0.00101340.000405777
   916        0.0009157780.000403982
   917        0.0008158120.000398541
   918        0.0007189680.000389567
   919        0.001912720.000444924
   920        0.001951220.000434066
   921        0.001975920.000424917
   922        0.001989210.000417778
   923        0.001992960.000412773
   924        0.001988550.000409928
   925        0.001977050.000409211
   926        0.001959250.000410551
   927        0.001935730.000413858
   928        0.001906920.000419021
   929        0.001873150.000425918
   930        0.001834620.000434414
   931        0.00179150.000444356
   932        0.001743940.000455576
   933        0.001692070.000467884
   934        0.001636060.000481065
   935        0.001576170.00049488
   936        0.001512810.000509074
   937        0.00144660.000523386
   938        0.001378520.00053758
   939        0.001310120.000551494
   940        0.001243760.000565057
   941        0.001182890.000578056
   942        0.002098860.000499843
   943        0.002129450.000502154
   944        0.002150190.000502435
   945        0.002162530.000501775
   946        0.002167630.00050098
   947        0.002166450.000500641
   948        0.002159750.000501193
   949        0.002148130.000502957
   950        0.002132060.000506166
   951        0.002111910.000510991
   952        0.002087950.000517552
   953        0.002060410.000525934
   954        0.002029490.000536191
   955        0.001995350.000548351
   956        0.001958190.000562419
   957        0.001918230.000578374
   958        0.001875790.000596172
   959        0.001831350.000615732
   960        0.001785590.000636933
   961        0.001739560.000659601
   962        0.001694750.000683491
   963        0.001653230.000708273
   964        0.001617580.000733566
   965        0.002294780.000540417
   966        0.002314710.000553626
   967        0.002328820.000562599
   968        0.00233780.000568679
   969        0.002342270.000572954
   970        0.002342740.0005763
   971        0.002339650.000579427
   972        0.002333350.000582907
   973        0.002324150.000587207
   974        0.00231230.000592706
   975        0.002297990.000599722
   976        0.002281410.000608518
   977        0.002262710.000619319
   978        0.002242040.000632319
   979        0.002219590.000647685
   980        0.002195550.000665561
   981        0.002170220.000686068
   982        0.002143980.00070929
   983        0.002117380.000735265
   984        0.002091220.000763955
   985        0.002066660.000795209
   986        0.002045390.000828721
   987        0.002030060.000864021
   988        0.002497530.000563924
   989        0.002505150.000583431
   990        0.002510610.000597747
   991        0.002514160.000608251
   992        0.002516010.000616109
   993        0.002516360.000622296
   994        0.002515350.000627635
   995        0.002513130.000632815
   996        0.002509810.000638417
   997        0.00250550.000644935
   998        0.002500290.000652789
   999        0.002494270.000662347
  1000        0.002487510.000673929
  1001        0.002480120.000687823
  1002        0.002472210.000704291
  1003        0.002463920.000723572
  1004        0.002455410.000745885
  1005        0.002446930.000771425
  1006        0.002438760.000800355
  1007        0.002431320.000832781
  1008        0.002425180.000868718
  1009        0.002421140.000908017
  1010        0.002420470.000950217
  1011        0.002703180.000568797
  1012        0.002697810.000588713
  1013        0.002693780.000603363
  1014        0.0026910.00061416
  1015        0.002689360.000622295
  1016        0.002688760.000628771
  1017        0.002689110.000634428
  1018        0.002690350.000639975
  1019        0.00269240.000646005
  1020        0.002695220.000653022
  1021        0.002698770.000661455
  1022        0.002703040.000671675
  1023        0.0027080.000684005
  1024        0.002713690.000698729
  1025        0.002720110.000716104
  1026        0.00272730.000736357
  1027        0.002735310.000759691
  1028        0.002744190.000786285
  1029        0.002753940.000816278
  1030        0.002764560.000849759
  1031        0.002775920.000886729
  1032        0.002787670.000927035
  1033        0.002799010.000970242
  1034        0.002907330.00055454
  1035        0.002889220.000568823
  1036        0.002876230.000578668
  1037        0.002867790.000585522
  1038        0.00286340.00059056
  1039        0.00286260.000594731
  1040        0.002865010.000598802
  1041        0.002870320.000603394
  1042        0.002878270.000609009
  1043        0.002888640.000616058
  1044        0.002901260.000624877
  1045        0.002916010.000635744
  1046        0.002932790.000648885
  1047        0.002951510.000664488
  1048        0.002972110.000682701
  1049        0.002994540.000703637
  1050        0.00301870.000727368
  1051        0.003044470.000753921
  1052        0.003071640.000783264
  1053        0.003099840.000815292
  1054        0.003128430.000849805
  1055        0.003156310.000886483
  1056        0.003181510.000924891
  1057        0.003105980.000521782
  1058        0.003076470.00052543
  1059        0.003056340.000526808
  1060        0.003044250.00052719
  1061        0.003039060.000527518
  1062        0.003039860.000528494
  1063        0.00304590.000530637
  1064        0.00305660.000534333
  1065        0.003071490.000539869
  1066        0.00309020.000547455
  1067        0.003112440.000557244
  1068        0.0031380.000569337
  1069        0.003166710.000583796
  1070        0.003198410.000600641
  1071        0.003232960.00061985
  1072        0.003270230.000641356
  1073        0.003310030.000665039
  1074        0.003352120.000690722
  1075        0.003396140.00071816
  1076        0.003441560.00074704
  1077        0.003487610.000777003
  1078        0.003533190.000807694
  1079        0.00357680.000838906
  1080        0.00329610.000472471
  1081        0.00325780.000462719
  1082        0.003233230.0004546
  1083        0.003219940.000448629
  1084        0.003216070.000445086
  1085        0.003220180.000444113
  1086        0.003231170.000445764
  1087        0.003248230.000450041
  1088        0.003270710.000456906
  1089        0.003298150.000466298
  1090        0.003330190.000478133
  1091        0.003366550.000492304
  1092        0.003407010.000508677
  1093        0.003451370.000527086
  1094        0.003499440.000547325
  1095        0.003551030.00056914
  1096        0.00360590.000592228
  1097        0.003663740.00061623
  1098        0.003724170.000640756
  1099        0.003786740.000665407
  1100        0.00385090.000689852
  1101        0.003916150.000713938
  1102        0.003982250.000737848
  1103        0.003475580.000410177
  1104        0.003432120.00038734
  1105        0.003405840.000371469
  1106        0.003393310.000361514
  1107        0.003392050.000356628
  1108        0.003400250.000356124
  1109        0.003416610.000359444
  1110        0.003440170.000366129
  1111        0.003470220.000375793
  1112        0.003506230.000388098
  1113        0.003547820.000402736
  1114        0.003594680.000419405
  1115        0.003646540.000437796
  1116        0.003703190.000457573
  1117        0.003764380.000478366
  1118        0.003829880.000499759
  1119        0.003899420.000521294
  1120        0.003972730.000542493
  1121        0.004049530.000562901
  1122        0.004129610.000582156
  1123        0.004212930.000600097
  1124        0.004299780.00061688
  1125        0.00439090.000633029

 STRESSES FOR ELEMENT GROUP 0

     1     1 97.5750.0501-60.8786
     1     291.269641.8979-57.0538
     1     393.042131.4221-57.8689
     1     499.788539.6945-61.9551
     2     1115.25117.1157-46.2237
     2     2110.60414.2374-44.2809
     2     3114.77312.8948-42.42
     2     4119.83615.889-44.4066
     3     1125.108-2.48588-35.8159
     3     2121.375-2.50714-34.8972
     3     3126.7311.35096-31.7728
     3     4130.8591.51398-32.627
     4     1130.054-13.7856-28.2317
     4     2 126.9-12.3077-27.8744
     4     3132.635-5.66634-24.269
     4     4136.16-6.97471-24.5118
     5     1131.955-19.8321-22.6012
     5     2129.202-17.6521-22.5386
     5     3134.825-9.74683-18.8796
     5     4137.917-11.7373-18.8095
     6     1131.993-22.5743-18.3488
     6     2129.543-20.156-18.4272
     6     3134.778-11.9241-14.9379
     6     4137.533-14.1428-14.7256
     7     1130.919-23.2618-15.0859
     7     2128.713-20.8708-15.2163
     7     3133.427-12.8757-12.0018
     7     4135.902-15.0662-11.7451
     8     1129.213-22.6967-12.5447
     8     2127.208-20.4804-12.6753
     8     3131.353-13.0471-9.7729
     8     4133.593-15.0689-9.5273
     9     1127.174-21.3904-10.5375
     9     2125.335-19.4272-10.6379
     9     3128.914-12.7304-8.04624
     9     4130.957-14.5108-7.84344
    10     1124.984-19.6657-8.93077
    10     2123.28-17.9934-8.98245
    10     3126.324-12.1161-6.67883
    10     4128.203-13.621-6.53717
    11     1122.752-17.7215-7.62795
    11     2121.15-16.3555-7.61877
    11     3123.701-11.3262-5.56944
    11     4125.453-12.5426-5.50002
    12     1120.535-15.6765-6.55788
    12     2119.003-14.6204-6.47919
    12     3121.106-10.4366-4.64542
    12     4122.766-11.3627-4.65554
    13     1118.359-13.5984-5.66709
    13     2116.867-12.8495-5.51221
    13     3118.566-9.49262-3.85425
    13     4120.165-10.1323-3.94907
    14     1116.231-11.5239-4.91433
    14     2114.752-11.0759-4.67817
    14     3116.083-8.51928-3.15812
    14     4117.653-8.87931-3.34118
    15     1114.147-9.47408-4.26665
    15     2112.658-9.3175-3.94636
    15     3113.655-7.52868-2.53081
    15     4115.22-7.619-2.80353
    16     1112.102-7.46702-3.6967
    16     2110.589-7.58699-3.29316
    16     3111.28-6.52593-1.9562
    16     4112.855-6.36141-2.31648
    17     1110.093-5.52884-3.18072
    17     2108.558-5.90123-2.70098
    17     3108.971-5.51415-1.42813
    17     4110.556-5.1184-1.86798
    18     1108.129-3.70442-2.69754
    18     2106.594-4.29012-2.15807
    18     3106.759-4.49931-0.950807
    18     4108.332-3.91003-1.45336
    19     1106.235-2.06598-2.22865
    19     2104.751-2.80457-1.6587
    19     3104.708-3.49564-0.539088
    19     4106.218-2.77053-1.07532
    20     1104.46-0.715656-1.76016
    20     2103.107-1.52103-1.20362
    20     3102.909-2.53181-0.21612
    20     4104.278-1.75249-0.743136
    21     1102.8740.227179-1.28744
    21     2101.755-0.536516-0.799745
    21     3101.474-1.65709-0.0049968
    21     4102.601-0.92557-0.468975
    22     1101.5640.667325-0.823198
    22     2100.7710.056137-0.458132
    22     3100.491-0.9436960.0893171
    22     4101.284-0.363149-0.259442
    23     1100.6040.613415-0.407628
    23     2100.1630.224729-0.190784
    23     399.9537-0.4729820.103225
    23     4100.393-0.106725-0.104933
    24     1100.0150.268513-0.112133
    24     299.82780.0822302-0.0142712
    24     399.7164-0.2767730.105318
    24     499.9012-0.102440.0109533
    25     1150.20159.1671-79.809
    25     2135.95347.1962-73.0162
    25     3142.73631.1379-69.3734
    25     4158.04543.1359-76.3988
    26     1152.60331.9849-53.9741
    26     2142.83925.6238-50.0283
    26     3148.81819.2717-45.8124
    26     4159.32725.7101-49.7951
    27     1152.46513.6309-36.5854
    27     2145.45910.7767-34.4126
    27     3151.18710.8667-30.0096
    27     4158.76113.8631-32.112
    28     1150.7071.51566-24.8232
    28     2145.4510.809129-23.7454
    28     3151.0164.96559-19.4109
    28     4156.7335.87071-20.3639
    29     1147.982-6.25433-16.8467
    29     2143.872-5.68775-16.4347
    29     3149.2150.866896-12.3202
    29     4153.7130.539594-12.5843
    30     1144.739-11.0095-11.4364
    30     2141.404-9.73564-11.4156
    30     3146.437-1.9389-7.60095
    30     4150.106-2.94928-7.46904
    31     1141.272-13.6884-7.77216
    31     2138.479-12.0718-7.9663
    31     3143.13-3.81926-4.48494
    31     4146.214-5.16263-4.14317
    32     1137.772-14.9504-5.29801
    32     2135.369-13.2241-5.59414
    32     3139.591-5.03869-2.44928
    32     4142.248-6.49361-2.01579
    33     1134.353-15.2563-3.63463
    33     2132.237-13.5675-3.96037
    33     3136.01-5.78698-1.13647
    33     4138.347-7.2151-0.685857
    34     1131.078-14.9253-2.52203
    34     2129.175-13.3652-2.83095
    34     3132.499-6.19967-0.301167
    34     4134.594-7.516020.119682
    35     1127.974-14.1761-1.78137
    35     2126.229-12.7999-2.04357
    35     3129.117-6.37260.225321
    35     4131.028-7.526180.587092
    36     1125.049-13.1558-1.28929
    36     2123.415-11.996-1.48536
    36     3125.887-6.37240.558969
    36     4127.664-7.333640.843388
    37     1122.29-11.9617-0.960652
    37     2120.73-11.0362-1.07785
    37     3122.81-6.244040.779049
    37     4124.493-6.99680.974799
    38     1119.678-10.6565-0.736847
    38     2118.16-9.97375-0.766877
    38     3119.873-6.016250.938742
    38     4121.496-6.553031.03907
    39     1117.19-9.28047-0.57798
    39     2115.685-8.8421-0.515998
    39     3117.057-5.705491.07186
    39     4118.65-6.0251.07345
    40     1114.801-7.86128-0.457703
    40     2113.288-7.66267-0.30229
    40     3114.342-5.318931.19674
    40     4115.928-5.425591.09958
    41     1112.488-6.42236-0.359945
    41     2110.957-6.45146-0.114029
    41     3111.718-4.856961.31791
    41     4113.309-4.762021.12609
    42     1110.241-4.99113-0.276901
    42     2108.694-5.225520.0504338
    42     3109.189-4.315721.4262
    42     4110.782-4.039981.14962
    43     1108.059-3.60661-0.20764
    43     2106.52-4.009350.183292
    43     3106.783-3.690631.4981
    43     4108.357-3.268331.15482
    44     1105.966-2.32575-0.156411
    44     2104.486-2.840850.268714
    44     3104.56-2.982221.49613
    44     4106.065-2.46521.11502
    45     1104.016-1.22521-0.129214
    45     2102.68-1.775510.287431
    45     3102.623-2.206541.37401
    45     4103.975-1.666240.996187
    46     1102.305-0.392289-0.127095
    46     2101.227-0.8856490.228011
    46     3101.103-1.412891.09396
    46     4102.19-0.9347670.76983
    47     1100.9610.104294-0.13701
    47     2100.256-0.249610.107306
    47     3100.127-0.7079910.667781
    47     4100.835-0.3686430.443559
    48     1100.1070.269492-0.132833
    48     299.79320.0730002-0.00906739
    48     399.6875-0.2687110.230432
    48     4100.001-0.08406280.115125
    49     1208.43954.4868-86.6317
    49     2187.29341.582-78.7103
    49     3196.41423.2553-68.5593
    49     4218.95235.9633-76.4079
    50     1193.94539.5862-57.2282
    50     2178.85531.3143-52.0849
    50     3185.60321.227-43.7529
    50     4201.64529.4192-48.7568
    51     1   18227.5951-36.6941
    51     2171.06522.5812-33.5001
    51     3176.62118.7381-26.5361
    51     4188.2423.7878-29.5567
    52     1171.99218.2473-22.5032
    52     2163.91115.4743-20.6498
    52     3168.84616.1235-14.747
    52     4177.44419.0288-16.4144
    53     1163.48311.124-12.8124
    53     2157.3819.85991-11.864
    53     3161.94113.5785-6.80952
    53     4168.45315.0473-7.57267
    54     1156.1625.79688-6.29761
    54     2151.4465.52228-5.94648
    54     3155.71811.2067-1.58606
    54     4160.77211.7352-1.76071
    55     1149.8041.88827-2.01326
    55     2146.072.23698-2.04306
    55     3150.0729.055581.74044
    55     4154.0918.98941.93376
    56     1144.239-0.9167470.715452
    56     2141.208-0.2011690.456047
    56     3144.9297.13913.75533
    56     4148.2046.71824.16348
    57     1139.334-2.871972.36941
    57     2136.813-1.968061.98581
    57     3140.2355.452674.87695
    57     4142.9684.842715.39425
    58     1134.982-4.177293.29083
    58     2132.831-3.208552.85613
    58     3135.9423.982035.40354
    58     4138.2773.296865.95757
    59     1131.093-4.987193.72264
    59     2129.211-4.038523.28736
    59     3132.0022.708725.54701
    59     4134.0462.026246.08842
    60     1127.591-5.419023.83664
    60     2 125.9-4.548473.43563
    60     3128.3711.613575.45712
    60     4130.2020.9869465.95256
    61     1124.407-5.560393.75358
    61     2122.848-4.807433.41088
    61     3125.0010.6788395.23885
    61     4126.6810.1442485.66589
    62     1121.481-5.475583.55738
    62     2120.005-4.866863.28955
    62     3121.847-0.1104774.96452
    62     4123.428-0.5284915.30826
    63     1118.758-5.211023.30506
    63     2117.325-4.764153.12338
    63     3118.865-0.7656814.68213
    63     4120.387-1.050734.93291
    64     1116.188-4.800213.03347
    64     2114.766-4.525912.94519
    64     3116.015-1.293654.42067
    64     4117.512-1.435534.57276
    65     1113.729-4.268282.76358
    65     2112.291-4.171082.77226
    65     3113.261-1.696144.19281
    65     4114.761-1.690194.24402
    66     1111.345-3.636682.5028
    66     2109.874-3.71422.60787
    66     3110.58-1.96913.9954
    66     4 112.1-1.816873.94746
    67     1109.009-2.928452.24593
    67     2107.502-3.168952.44118
    67     3107.964-2.102193.8078
    67     4109.509-1.813663.66769
    68     1106.712-2.174511.97536
    68     2105.185-2.552582.24625
    68     3105.431-2.079243.58815
    68     4106.986-1.676763.37058
    69     1104.471-1.421121.66225
    69     2102.974-1.891261.98192
    69     3103.046-1.881333.26881
    69     4104.563-1.40562.99978
    70     1102.349-0.7372971.27222
    70     2100.985-1.22631.59648
    70     3100.942-1.497242.75442
    70     4102.318-1.014622.47554
    71     1100.489-0.2163570.783751
    71     299.4372-0.619521.04795
    71     399.3498-0.9531.9358
    71     4100.408-0.5600051.70638
    72     199.15110.04642190.23377
    72     298.6798-0.1517290.361671
    72     398.6089-0.3830240.755831
    72     499.0813-0.1928250.643342
    73     1262.62740.5083-76.7903
    73     2236.13528.551-69.7838
    73     3244.54312.6969-52.838
    73     4272.34124.3144-59.2833
    74     1233.50138.9945-51.6739
    74     2213.70930.4213-46.7369
    74     3219.66120.0959-33.4784
    74     4240.35928.4568-37.9505
    75     1210.51135.7665-33.3033
    75     2195.68729.7617-29.9496
    75     3200.24424.0779-19.5076
    75     4215.71329.9942-22.4743
    76     1192.25631.7667-20.069
    76     2 181.127.679-17.9016
    76     3184.87825.6934-9.61324
    76     4196.51129.8001-11.4573
    77     1177.65527.5725-10.7005
    77     2169.19924.8926-9.40328
    77     3172.53825.7137-2.76785
    77     4181.35828.4982-3.79399
    78     1165.87723.5121-4.20819
    78     2159.41121.8491-3.53537
    78     3162.48124.69561.82436
    78     4169.23526.52641.37947
    79     1156.28819.75620.167477
    79     2151.29118.81420.403709
    79     3154.16923.03544.77304
    79     4159.40324.1881 4.729
    80     1148.40716.38073.00301
    80     2144.49515.93812.94438
    80     3147.20721.01086.54072
    80     4151.31821.68996.76193
    81     1141.86313.40664.73245
    81     2138.75413.29814.48483
    81     3141.30218.81317.47549
    81     4144.58219.16987.86117
    82     1136.37110.82375.68026
    82     2133.85510.92685.3221
    82     3136.2316.57117.83731
    82     4138.89416.71698.3133
    83     1131.7088.606166.08751
    83     2129.6278.830395.67656
    83     3131.81714.36927.8191
    83     4134.02714.38638.33128
    84     1127.6976.72156.1321
    84     2125.9336.999935.71068
    84     3127.92712.26057.56296
    84     4129.80512.20958.0721
    85     1124.1995.136025.94427
    85     2122.6585.419025.54336
    85     3124.44710.27627.17271
    85     4126.08710.20237.65052
    86     1121.0963.817995.61833
    86     2119.7074.068465.26069
    86     3121.2848.432886.72331
    86     4122.7598.369897.14937
    87     1118.2932.739345.22129
    87     2116.9962.929094.92375
    87     3118.3576.737976.26768
    87     4119.7296.711796.62722
    88     1115.711.876344.79898
    88     2114.4541.983594.57418
    88     3115.5965.193515.84145
    88     4116.9155.224386.12369
    89     1113.2741.209724.38001
    89     2112.0181.21734.23751
    89     3112.9393.799585.46571
    89     4114.2483.903635.6628
    90     1110.9230.7241033.97791
    90     2109.6290.6186273.92474
    90     3110.332.55725.14786
    90     4111.6662.747315.2543
    91     1108.6010.4067713.59113
    91     2107.2380.1786893.63173
    91     3107.721.471264.88005
    91     4109.1161.756974.8928
    92     1106.2590.245008 3.201
    92     2104.802-0.1098423.3362
    92     3105.0740.5538984.63443
    92     4106.5540.9401314.55386
    93     1103.860.2207852.76727
    93     2 102.3-0.2555192.99163
    93     3102.376-0.1713654.35325
    93     4103.9510.3121494.18551
    94     1101.3860.2999532.22133
    94     299.7453-0.2740642.51767
    94     399.6574-0.6650643.93048
    94     4101.306-0.1037193.69243
    95     198.87020.4105471.4607
    95     297.2474-0.1995741.78881
    95     397.0564-0.868123.17759
    95     498.6817-0.2825272.90658
    96     196.47080.4035420.35953
    96     295.1461-0.1041660.635353
    96     394.9568-0.7184461.76986
    96     496.2815-0.2338061.54067
    97     1301.71224.963-50.3595
    97     2271.8114.4553-46.0381
    97     3276.8065.4042-24.0921
    97     4307.49815.6534-27.403
    98     1262.89433.4277-35.3765
    98     2239.86125.4109-32.1649
    98     3243.35218.9206-14.939
    98     4266.9426.7533-17.3606
    99     1232.14737.6726-23.9958
    99     2214.43631.608-21.6782
    99     3217.01527.4366-8.17648
    99     4235.12433.3925-9.8764
   100     1207.77139.0106-15.4765
   100     2194.16534.4639-13.8663
   100     3196.2132.2816-3.29139
   100     4210.10636.7882-4.4184
   101     1188.41238.4111-9.20921
   101     2177.96235.0344-8.14787
   101     3 179.734.47790.136279
   101     4190.36937.8725-0.546576
   102     1172.99636.5757-4.69339
   102     2164.96234.0926-4.0491
   102     3166.52534.80462.44846
   102     4174.72937.35112.10123
   103     1160.67634.0022-1.52229
   103     2154.48532.1953-1.18768
   103     3155.94233.84893.92078
   103     4162.26935.75283.82002
   104     1150.78131.03690.630454
   104     2145.99329.73670.741252
   104     3147.37532.04794.77275
   104     4152.27733.4684.8468
   105     1142.78627.91632.0233
   105     2139.06126.99151.97795
   105     3140.3829.72245.17713
   105     4144.20130.78115.36941
   106     1136.27824.7982.85868
   106     2133.35624.1472.70988
   106     3134.60927.10395.26847
   106     4137.61427.89515.53494
   107     1130.9321.78323.29364
   107     2128.6121.32783.08207
   107     3129.79124.35615.15065
   107     4132.18424.95215.45742
   108     1126.48718.93413.44897
   108     2124.61318.61373.20586
   108     3125.71321.59194.90332
   108     4127.65122.04845.22452
   109     1122.74316.28543.41681
   109     2121.19316.05333.16611
   109     3122.20318.88674.5872
   109     4123.80819.2474.90314
   110     1119.53313.85383.26677
   110     2118.21213.67313.02694
   110     3119.12216.28834.24828
   110     4120.49216.58654.54396
   111     1116.72311.64413.05065
   111     2115.55211.48522.83611
   111     3116.35413.82493.92111
   111     4117.56814.08834.18494
   112     1 114.29.653922.80588
   112     2113.1139.492452.62819
   112     3 113.811.51113.63109
   112     4114.92311.76243.85395
   113     1111.8667.877442.55779
   113     2110.8077.69232.42658
   113     3111.3719.352553.39593
   113     4112.4619.611483.57035
   114     1109.6346.307852.3205
   114     2108.5486.079732.2442
   114     3108.9837.350313.22615
   114     4110.0947.635053.34573
   115     1107.4194.939682.09632
   115     2106.2534.649612.08269
   115     3106.5535.503963.12434
   115     4107.7385.832543.18339
   116     1105.1383.770481.87274
   116     2103.8313.398461.92918
   116     3103.993.815963.08263
   116     4105.3094.207653.07603
   117     1102.6942.801881.61564
   117     2101.1772.325581.74883
   117     3101.1932.297493.07646
   117     4102.7162.774413.00021
   118     199.97382.03851.25476
   118     298.15921.432351.46911
   118     398.03710.9792063.05079
   118     499.8531.567972.90393
   119     196.82841.480010.653261
   119     294.59750.7156090.945979
   119     394.3653-0.06844792.88998
   119     496.59370.664752.67997
   120     193.04711.08771-0.457836
   120     290.25420.145621-0.113977
   120     390.002-0.670957 2.331
   120     492.79270.2389852.09107
   121     1316.55915.1439-12.8941
   121     2285.4315.4376-12.3423
   121     3285.5115.6950511.2669
   121     4316.64415.414311.899
   122     1274.26227.9082-10.9997
   122     2250.03920.3501-10.535
   122     3250.03120.32298.09303
   122     4274.25327.87968.54942
   123     1240.69935.7041-9.39258
   123     2221.89429.8325-9.0051
   123     3221.83229.63555.64265
   123     4240.63435.49755.97028
   124     1214.06239.8612-8.04602
   124     2199.49335.3095-7.72651
   124     3199.40535.02633.7556
   124     4213.9739.56433.99006
   125     1192.91141.4035-6.93169
   125     2181.64337.8812-6.67125
   125     3181.54537.56992.30585
   125     4192.80941.07732.47383
   126     1176.09241.1131-6.02048
   126     2167.38738.3906-5.8108
   126     3167.29338.09011.19451
   126     4175.99440.79841.31582
   127     1162.69139.5805-5.28351
   127     2155.96737.4769-5.11699
   127     3155.88437.21120.344259
   127     4162.60439.30240.433392
   128     1151.97937.2448-4.69318
   128     2146.7835.6183-4.56294
   128     3146.71335.4007-0.304717
   128     4151.90837.0171-0.237324
   129     1143.37934.4279-4.22385
   129     2139.35133.1677-4.12373
   129     3139.29933.0033-0.798043
   129     4143.32534.2559-0.745025
   130     1136.43431.3614-3.85228
   130     2 133.330.3812-3.77682
   130     3133.26530.2695-1.16985
   130     4136.39831.2447-1.12615
   131     1130.78528.2085-3.55774
   131     2128.32927.4408-3.50208
   131     3128.30927.3774-1.44503
   131     4130.76428.1422-1.4073
   132     1126.14525.0811-3.32187
   132     2124.19824.4732-3.28167
   132     3124.19124.4506-1.64107
   132     4126.13725.0574-1.60724
   133     1122.28622.0528-3.12849
   133     2120.71721.5634-3.09986
   133     3120.7221.5721-1.76951
   133     4122.28922.0619-1.73846
   134     1119.027 19.17-2.96342
   134     2117.7318.7659-2.94281
   134     3117.73918.7952-1.83716
   134     4119.03619.2006-1.80844
   135     1116.21616.4589-2.81432
   135     2115.10616.1132-2.79846
   135     3115.11816.1513-1.84704
   135     4116.22916.4987-1.82066
   136     1113.7313.9325-2.67073
   136     2112.73413.6224-2.65655
   136     3112.74513.6571-1.79915
   136     4113.74113.9687-1.77544
   137     1111.45911.5949-2.5243
   137     2110.51311.3001-2.50896
   137     3110.51911.3194-1.69123
   137     4111.46611.6151-1.6706
   138     1109.3049.44546-2.36943
   138     2108.3469.14653-2.35028
   138     3108.3449.13961-1.51935
   138     4109.3029.43824-1.50208
   139     1107.1667.48263-2.20428
   139     2106.1327.1591-2.17895
   139     3106.1197.11733-1.27839
   139     4107.1537.43904-1.2644
   140     1104.9415.70785-2.0326
   140     2103.7545.33588-1.99899
   140     3103.7295.25425-0.962088
   140     4104.9155.62267-0.950581
   141     1102.5044.13137-1.86678
   141     2101.0653.67985-1.82299
   141     3101.0273.55813-0.561686
   141     4102.4654.00438-0.550758
   142     199.69232.78233-1.73361
   142     297.85362.20561-1.67765
   142     397.80492.04946-0.0618263
   142     499.64152.61944-0.0478975
   143     196.26461.72826-1.68602
   143     293.78810.952177-1.61539
   143     393.73330.7766010.567096
   143     496.20751.545110.590599
   144     191.81791.12178-1.83433
   144     288.24420.00305654-1.7407
   144     388.1843-0.1889721.41718
   144     491.75540.9214891.4594
   145     1303.36214.89626.1901
   145     2273.3384.842722.8751
   145     3268.60314.175144.3142
   145     4297.86124.50448.6148
   146     1264.16725.808314.9048
   146     2241.05318.13812.5455
   146     3237.60524.411129.4298
   146     4260.17332.257732.5636
   147     1233.30832.39526.59728
   147     2215.52126.56784.99085
   147     3212.85830.254818.274
   147     4230.24936.169820.4891
   148     1208.94635.82910.601347
   148     2195.25631.4199-0.423552
   148     3193.06533.008810.0217
   148     4206.4637.431411.5251
   149     1189.64437.0085-3.61842
   149     2179.09733.6845-4.20468
   149     3177.19233.64384.0116
   149     4187.51536.92314.97442
   150     1174.28436.6147-6.49086
   150     2166.14334.1167-6.75494
   150     3164.42232.8688-0.284851
   150     4172.38635.27920.276018
   151     1161.99735.159-8.35587
   151     2155.69533.2863-8.39074
   151     3154.10431.1943-3.28576
   151     4160.26332.9501-3.01646
   152     1152.10733.0197-9.4795
   152     2147.2131.618-9.35792
   152     3145.72628.9822-5.31831
   152     4150.50530.2492-5.25419
   153     1144.09330.4731-10.0671
   153     2140.26829.424-9.84493
   153     3138.88426.4847-6.6354
   153     4142.60927.3906-6.70986
   154     1137.54827.7171-10.2747
   154     2134.5426.9301-9.9943
   154     3133.25623.8746-7.4302
   154     4136.17924.517-7.59259
   155     1132.15624.8905-10.2194
   155     2129.76924.2964-9.91215
   155     3128.58821.2664-7.84829
   155     4130.90221.7199-8.06059
   156     1127.66822.0875-9.98727
   156     2125.75121.6334-9.67607
   156     3124.67718.7336-7.99778
   156     4126.53219.055-8.23182
   157     1123.88819.3699-9.64006
   157     2122.32319.0151-9.34149
   157     3121.3616.3199-7.95737
   157     4122.87116.5527-8.19245
   158     1120.65916.7755-9.22092
   158     2119.35116.4882-8.94666
   158     3118.50114.0492-7.78259
   158     4119.76214.227-8.00367
   159     1117.8514.3255-8.7583
   159     2116.72514.0802-8.5165
   159     3115.98711.9311-7.51074
   159     4117.07412.0804-7.70687
   160     1115.35412.0299-8.2693
   160     2114.34611.8055-8.06565
   160     3113.7219.96728-7.16445
   160     4114.69610.1099-7.32748
   161     1113.0759.89215-7.76202
   161     2112.1259.66975-7.6007
   161     3111.6118.15479-6.75423
   161     4112.5348.30992-6.87777
   162     1110.921 7.913-7.23733
   162     2109.9727.67428-7.12175
   162     3109.5696.49014-6.28007
   162     4110.4966.67622-6.35848
   163     1108.8036.09474-6.68969
   163     2107.7925.8201-6.62322
   163     3107.4994.9727-5.73203
   163     4108.4935.20937-5.75957
   164     1106.6244.44542-6.10684
   164     2105.4794.11225-6.09338
   164     3105.2973.60804-5.0894
   164     4106.4293.91804-5.0594
   165     1104.2732.98492-5.46647
   165     2102.9082.5659-5.5105
   165     3102.8372.41044-4.31663
   165     4104.1952.82115-4.2213
   166     1101.6211.75525-4.72604
   166     299.92521.21707-4.83098
   166     399.96451.40076-3.35025
   166     4101.6561.94492-3.18201
   167     198.51060.842097-3.79729
   167     296.34050.143227-3.95956
   167     396.46820.591526-2.06145
   167     498.63661.30731-1.81828
   168     194.77020.414478-2.47464
   168     291.9867-0.478138-2.67224
   168     392.14090.0242354-0.228953
   168     494.92240.9356020.0726409
   169     1265.1122.974357.0329
   169     2238.54311.814550.8087
   169     3230.64227.365266.9534
   169     4255.96738.866273.7095
   170     1235.45226.738835.1942
   170     2215.58518.735930.9269
   170     3209.81828.487143.6721
   170     4228.81436.687348.3874
   171     1212.38728.206519.3881
   171     2197.4522.555116.5927
   171     3192.90327.598626.7238
   171     4207.20933.31729.897
   172     1194.23628.1378.13883
   172     2182.92224.21446.42601
   172     3179.07325.618114.5408
   172     4189.91629.500516.5726
   173     1179.76527.07250.292672
   173     2171.11824.4062-0.6414
   173     3167.68923.12395.9093
   173     4175.97125.66797.11292
   174     1168.07725.3956-5.0406
   174     2 161.423.6316-5.42864
   174     3158.25320.4702-0.0998629
   174     4164.63822.05390.516018
   175     1158.51723.3726-8.54049
   175     2153.30422.2482-8.55769
   175     3150.37917.8626-4.19087
   175     4155.35318.7696-3.98102
   176     1150.60621.186-10.7199
   176     2146.48720.5074-10.4964
   176     3143.76615.4126-6.89256
   176     4147.68515.8538-6.95308
   177     1143.98818.9582-11.9624
   177     2140.69318.5832-11.5938
   177     3138.17613.1742-8.5991
   177     4141.30113.3053-8.82979
   178     1138.39816.7687-12.5519
   178     2135.72716.5936-12.1074
   178     3133.4211.1656-9.60206
   178     4135.94511.1007-9.92963
   179     1133.6314.6665-12.6964
   179     2131.43514.6158-12.2258
   179     3129.3469.38461-10.1152
   179     4131.4179.20692-10.4866
   180     1129.52912.6795-12.5464
   180     2127.69712.6982-12.0848
   180     3125.8327.81713-10.2933
   180     4127.5567.58696-10.6705
   181     1125.96810.8207-12.2083
   181     2124.41410.869-11.7801
   181     3122.7756.44335-10.2464
   181     4124.2376.20427-10.6026
   182     1122.8469.09388-11.7553
   182     2121.5039.14275-11.3772
   182     3120.0915.24132-10.0503
   182     4121.3555.02478-10.3665
   183     1120.0797.49708-11.2345
   183     2118.8937.52501-10.9177
   183     3117.7034.18934-9.75394
   183     4118.8244.01822-10.0169
   184     1117.5956.02607-10.6725
   184     2116.5196.01666-10.4245
   184     3115.5473.26761-9.38442
   184     4116.5693.15892-9.5851
   185     1115.3284.67735-10.0789
   185     2114.324.61743-9.90421
   185     3113.5572.45946-8.95023
   185     4114.5222.42635-9.08226
   186     1113.2163.45123-9.44711
   186     2112.2333.32942-9.34851
   186     3111.671.75253-8.44219
   186     4112.6191.8058-8.50114
   187     1111.1962.35537-8.75524
   187     2110.1932.16106-8.73372
   187     3109.8171.14015-7.83297
   187     4110.7951.28923-7.81587
   188     1109.2021.40868-7.96348
   188     2108.1281.1316-8.01839
   188     3107.9230.623431-7.07541
   188     4108.9790.876636-6.98079
   189     1107.1640.644651-7.01048
   189     2105.9640.276021-7.13863
   189     3105.9070.214836-6.10161
   189     4107.0950.578094-5.93034
   190     1105.0150.110453-5.80512
   190     2103.651-0.350748-5.99834
   190     3103.715-0.0557845-4.82808
   190     4105.0720.414711-4.58654
   191     1102.739-0.146619-4.20429
   191     2101.256-0.671411-4.44072
   191     3101.404-0.144242-3.17019
   191     4102.8840.39948-2.88144
   192     1100.437-0.107765-1.9787
   192     298.9591-0.617984-2.20006
   192     399.0886-0.194222-0.925501
   192     4100.5630.330845-0.65153
   193     1210.28933.823272.889
   193     2189.33221.923465.5341
   193     3180.97939.314174.9055
   193     4200.64851.407782.3226
   194     1195.63627.253645.7239
   194     2180.57219.615741.0626
   194     3174.14728.849248.9304
   194     4188.31536.554153.7259
   195     1183.94221.885326.7792
   195     2172.89217.183223.9751
   195     3167.44720.394830.6726
   195     4177.84125.048233.6475
   196     1174.23717.531613.7093
   196     2165.94314.820512.1633
   196     3161.03813.783717.9211
   196     4168.82616.353319.6515
   197     1165.9414.01494.80903
   197     2159.56512.62834.09695
   197     3155.0198.754129.07866
   197     4160.999.932229.97467
   198     1158.70311.1763-1.15208
   198     2153.68710.6507-1.32625
   198     3149.4485.014743.00053
   198     4154.135.28873.34979
   199     1152.3128.88296-5.05539
   199     2148.2788.89726-4.89695
   199     3144.3452.2994-1.13067
   199     4148.0972.01026-1.12734
   200     1146.637.02629-7.53038
   200     2143.3197.35939-7.18087
   200     3139.7080.381553-3.89853
   200     4142.778-0.233507-4.1016
   201     1141.5595.51844-9.02543
   201     2138.7936.01887-8.58171
   201     3135.52-0.924415-5.71942
   201     4138.079-1.70167-6.03251
   202     1137.0264.28861-9.85867
   202     2134.6784.85346-9.38635
   202     3131.754-1.76702-6.88976
   202     4133.924-2.59451-7.2468
   203     1132.9713.27987-10.2543
   203     2130.95  3.84-9.79724
   203     3128.378-2.2631-7.61945
   203     4130.248-3.06527-7.97563
   204     1129.3442.4465-10.3684
   204     2127.5832.95615-9.95542
   204     3125.361-2.5034-8.05566
   204     4126.993-3.23011-8.38096
   205     1126.0981.75202-10.3075
   205     2124.5482.18158-9.95695
   205     3122.667-2.55759-8.29951
   205     4124.109-3.1764-8.57425
   206     1123.1941.16765-10.141
   206     2121.8151.49864-9.86418
   206     3120.264-2.47863-8.41769
   206     4121.554-2.96941-8.62935
   207     1120.5940.671332-9.91037
   207     2119.3570.893068-9.71332
   207     3118.121-2.3064-8.4501
   207     4119.287-2.65773-8.59125
   208     1118.2660.247198-9.63374
   208     2117.1460.354742-9.51899
   208     3116.209-2.07082-8.41449
   208     4117.273-2.27772-8.48145
   209     1116.18-0.114477-9.30911
   209     2115.157-0.121316-9.27609
   209     3 114.5-1.79457-8.30842
   209     4115.481-1.85752-8.30068
   210     1114.311-0.416875-8.91429
   210     2113.37-0.533522-8.95927
   210     3112.97-1.49582-8.10874
   210     4113.882-1.42081-8.02894
   211     1112.637-0.655651-8.40476
   211     2111.765-0.871838-8.52028
   211     3111.594-1.19103-7.76844
   211     4112.448-0.990839-7.62306
   212     1111.141-0.817363-7.71005
   212     2110.326-1.11573-7.88381
   212     3110.344-0.89815-7.211
   212     4111.15-0.594204-7.01126
   213     1109.802-0.877396-6.7316
   213     2109.025-1.23378-6.94634
   213     3109.177-0.638359-6.32349
   213     4109.952-0.261067-6.08517
   214     1108.58-0.799532-5.35418
   214     2107.783-1.19241-5.59313
   214     3107.999-0.426354-4.95902
   214     4108.797-0.00557251-4.6961
   215     1107.363-0.552663-3.50776
   215     2106.415-0.999566-3.77803
   215     3106.653-0.190245-3.0115
   215     4107.6020.286121-2.71188
   216     1106.074-0.219369-1.27882
   216     2105.223-0.774758-1.62678
   216     3105.7110.794677-0.980882
   216     4106.5741.41049-0.609103
   217     1149.74440.252272.0857
   217     2136.05129.404965.7477
   217     3130.12544.103668.9171
   217     4142.87454.933275.0407
   218     1153.17423.709146.7864
   218     2143.55617.901843.1812
   218     3137.9823.461647.1015
   218     4146.91229.192850.6772
   219     1153.93312.681729.7166
   219     2146.8259.9920727.8009
   219     3141.3019.5334232.0173
   219     4147.86912.081134.005
   220     1152.7515.4382418.1628
   220     2147.2434.6238117.2716
   220     3141.8110.43878321.4856
   220     4146.8721.0574722.4997
   221     1150.2840.77105910.3171
   221     2145.8451.0495410.0357
   221     3140.629-5.2748514.0673
   221     4144.686-5.7857214.4926
   222     1147.054-2.138874.97856
   222     2143.364-1.265095.04473
   222     3138.477-8.640328.79591
   222     4141.837-9.766478.87754
   223     1143.439-3.85291.33815
   223     2140.297-2.699551.58572
   223     3135.822-10.39055.0105
   223     4138.678-11.8024.90502
   224     1 139.7-4.75751-1.15388
   224     2136.976-3.5233-0.829767
   224     3132.962-11.04332.25518
   224     4135.439-12.53032.06243
   225     1136.009-5.11955-2.87308
   225     2133.617-3.92761-2.53799
   225     3130.084-10.96310.213205
   225     4132.264-12.394-0.00347221
   226     1132.476-5.12346-4.07658
   226     2130.355-4.04818-3.77087
   226     3127.304-10.4046-1.33627
   226     4129.244-11.6989-1.53716
   227     1129.166-4.89648-4.94011
   227     2127.271-3.98097-4.688
   227     3124.689-9.54443-2.54732
   227     4126.429-10.6549-2.70793
   228     1126.112-4.52598-5.58276
   228     2124.412-3.79344-5.3981
   228     3122.277-8.50344-3.52685
   228     4123.849-9.4041-3.63257
   229     1123.332-4.07149-6.08339
   229     2121.802-3.53252-5.97343
   229     3120.089-7.36312-4.34778
   229     4121.514-8.04164-4.39043
   230     1120.829-3.5731-6.49155
   230     2119.451-3.23031-6.45919
   230     3118.134-6.17707-5.05778
   230     4119.429-6.6298-5.03349
   231     1118.603-3.05758-6.83421
   231     2117.365-2.90839-6.87932
   231     3116.42-4.97966-5.6848
   231     4117.595-5.20862-5.59283
   232     1116.655-2.54316-7.11966
   232     2115.552-2.58118-7.23968
   232     3114.956-3.79247-6.2403
   232     4116.014-3.80378-6.08253
   233     1114.987-2.04374-7.33894
   233     2114.024-2.25931-7.52895
   233     3113.758-2.62965-6.72062
   233     4114.692-2.4329-6.50156
   234     1113.616-1.5735-7.46523
   234     2112.809-1.95338-7.71757
   234     3112.853-1.5029-7.10669
   234     4113.648-1.11133-6.83402
   235     1112.57-1.15261-7.451
   235     2111.951-1.67923-7.75449
   235     3112.29-0.427096-7.36177
   235     4112.9130.141743-7.04723
   236     1111.901-0.814334-7.22167
   236     2111.521-1.4649-7.56085
   236     3112.1410.571751-7.4249
   236     4112.541.29509-7.08524
   237     1111.682-0.61076-6.66275
   237     2111.609-1.3571-7.01825
   237     3112.4931.4424-7.19134
   237     4112.6012.29191-6.84777
   238     1111.988-0.60122-5.59262
   238     2112.246-1.41652-5.94965
   238     3113.3572.07461-6.44601
   238     4113.1473.02116-6.11374
   239     1112.715-0.75972-3.72822
   239     2112.925-1.68038-4.13895
   239     3114.1412.18108-4.615
   239     4113.9843.2477-4.22858
   240     1112.396-0.606125-0.996221
   240     2109.38-2.30677-2.07054
   240     3110.3010.6771640.260068
   240     4113.3222.480231.41724
   241     193.159736.796657.7731
   241     287.756129.703954.3433
   241     3 86.8239.080353.3562
   241     491.882846.083256.5563
   242     1114.15714.83241.6878
   242     2109.77512.383240.0162
   242     3106.01913.23241.7246
   242     4110.03615.577543.3642
   243     1125.8331.7912330.5186
   243     2122.0051.7645829.7684
   243     3116.911-2.0947832.7462
   243     4120.368-2.2029933.5612
   244     1131.597-5.7294922.5084
   244     2128.17-4.5166622.2524
   244     3122.654-10.835525.7212
   244     4125.723-12.211226.0862
   245     1133.715-9.7658816.6306
   245     2130.611-7.9989716.6232
   245     3125.201-15.380420.1604
   245     4127.973-17.328520.2925
   246     1133.627-11.607612.2181
   246     2130.803-9.6808712.3187
   246     3125.786-17.265615.7013
   246     4128.31-19.381315.7259
   247     1132.253-12.07968.82645
   247     2129.681-10.2168.95458
   247     3125.197-17.486112.0738
   247     4127.504-19.537312.0633
   248     1130.18-11.71256.1533
   248     2127.837-10.03386.26385
   248     3123.939-16.68819.07573
   248     4126.051-18.54599.07173
   249     1127.779-10.8483.98999
   249     2125.646-9.416134.05819
   249     3122.334-15.28996.55499
   249     4124.27-16.88666.58088
   250     1125.283-9.70452.19059
   250     2123.341-8.547162.20348
   250     3120.591-13.55944.39658
   250     4122.366-14.86374.46529
   251     1122.834-8.420380.652193
   251     2121.065-7.545730.60356
   251     3118.84-11.66542.51328
   251     4120.47-12.66642.63161
   252     1120.521-7.08115-0.697913
   252     2118.909-6.48704-0.810419
   252     3117.167-9.710680.838912
   252     4118.666-10.40841.01006
   253     1118.394-5.73785-1.91066
   253     2116.926-5.41732-2.08715
   253     3115.63-7.75425-0.676543
   253     4117.009-8.15431-0.451577
   254     1116.488-4.41947-3.02065
   254     2115.156-4.36416-3.25993
   254     3114.272-5.82604-2.07057
   254     4115.536-5.93553-1.79221
   255     1114.827-3.1418-4.04993
   255     2113.629-3.34457-4.35005
   255     3113.132-3.93642-3.37107
   255     4114.282-3.76119-3.04074
   256     1113.438-1.91465-5.0107
   256     2112.379-2.37242-5.36958
   256     3112.253-2.08233-4.5994
   256     4113.283-1.62377-4.21902
   257     1112.353-0.74901-5.9081
   257     2111.449-1.46707-6.32449
   257     3111.693-0.250569-5.77432
   257     4112.5870.499292-5.34549
   258     1111.6220.33409-6.74365
   258     2110.901-0.66574-7.21914
   258     3111.5341.58146-6.91845
   258     4112.2652.64873-6.44072
   259     1111.3161.29051-7.52061
   259     2110.828-0.0430587-8.06328
   259     3111.9083.44876-8.06924
   259     4112.4294.89379-7.5369
   260     1111.5532.03201-8.25046
   260     2111.3780.256972-8.88072
   260     3113.0255.40872-9.29795
   260     4113.2617.35476-8.69501
   261     1112.5282.39105-8.9526
   261     2112.825-0.0294683-9.70843
   261     3115.2767.5676-10.7394
   261     4115.0810.2476-10.0365
   262     1114.6432.06315-9.60033
   262     2115.808-1.34954-10.5215
   262     3119.51110.1524-12.6266
   262     4118.5113.9673-11.8025
   263     1118.9770.543367-9.76286
   263     2122.332-4.2903-10.7374
   263     3128.08813.7364-15.2461
   263     4125.00819.2155-14.4641
   264     1129.489-2.5572-6.38778
   264     2140.745-8.28017-6.13132
   264     3149.67920.1694-18.1331
   264     4138.92826.9471-18.8631
   265     1100.017-0.145767-0.00905291
   265     2100.3040.13007-0.15668
   265     399.774-0.03199720.00658796
   265     499.5048-0.3048650.149667
   266     1100.4010.253085-0.347048
   266     2100.7240.419258-0.477835
   266     3100.0110.199456-0.424572
   266     499.71140.039635-0.294166
   267     1101.1610.484121-0.910209
   267     2101.4030.334889-0.940719
   267     3100.6440.0836907-1.14382
   267     4100.4280.244634-1.10507
   268     1102.3230.296059-1.58734
   268     2102.485-0.188664-1.51325
   268     3101.653-0.496767-1.98832
   268     4101.5210.00688949-2.04526
   269     1103.818-0.352151-2.30765
   269     2103.976-1.09022-2.17017
   269     3102.94-1.50721-2.866
   269     4102.819-0.741594-2.97901
   270     1105.541-1.38632-3.04128
   270     2105.794-2.26894-2.89458
   270     3104.389-2.85066-3.74679
   270     4104.186-1.93101-3.86343
   271     1107.395-2.69886-3.78606
   271     2107.835-3.63077-3.6795
   271     3105.908-4.42672-4.63763
   271     4105.533-3.4478-4.70965
   272     1109.307-4.19289-4.55516
   272     2110.013-5.10543-4.52733
   272     3107.43-6.15726-5.56296
   272     4106.809-5.18731-5.55206
   273     1111.233-5.79763-5.36914
   273     2112.267-6.64777-5.44814
   273     3108.919-7.99146-6.55361
   273     4107.99-7.0731-6.43123
   274     1113.148-7.4684-6.25177
   274     2114.562-8.23232-6.45797
   274     3110.356-9.90131-7.64186
   274     4109.069-9.05782-7.38659
   275     1115.038-9.18006-7.22823
   275     2116.879-9.84585-7.57741
   275     3111.731-11.8735-8.8598
   275     4110.039-11.1161-8.45437
   276     1116.893-10.9187-8.32461
   276     2119.205-11.4798-8.83078
   276     3113.036-13.9004-10.2392
   276     4110.897-13.235-9.66783
   277     1118.694-12.6727-9.56804
   277     2121.523-13.1223-10.2455
   277     3114.261-15.9709-11.8118
   277     4111.626-15.4035-11.0581
   278     1120.406-14.4237-10.9869
   278     2123.798-14.7504-11.8517
   278     3115.377-18.0597-13.6093
   278     4112.199-17.6013-12.6549
   279     1121.961-16.1357-12.6109
   279     2125.965-16.3195-13.6814
   279     3116.333-20.1145-15.6621
   279     4112.561-19.7857-14.4862
   280     1123.244-17.742-14.4708
   280     2127.905-17.75-15.7677
   280     3117.039-22.0385-17.9979
   280     4112.623-21.8736-16.5773
   281     1124.063-19.1252-16.5975
   281     2129.416-18.9082-18.1425
   281     3117.347-23.6654-20.6362
   281     4112.246-23.7173-18.9471
   282     1124.116-20.0897-19.0201
   282     2130.169-19.5779-20.8326
   282     3117.018-24.7216-23.5814
   282     4111.215-25.0668-21.6027
   283     1122.93-20.3179-21.7624
   283     2129.639-19.4178-23.8532
   283     3115.677-24.7701-26.8078
   283     4109.203-25.5141-24.5287
   284     1119.777-19.3031-24.837
   284     2127.002-17.8955-27.1964
   284     3112.737-23.1249-30.2358
   284     4105.716-24.4057-27.6692
   285     1113.537-16.2422-28.2357
   285     2120.966-14.1855-30.8117
   285     3107.287-18.7177-33.6895
   285     4100.008-20.7066-30.8969
   286     1102.484-9.86393-31.914
   286     2109.501-7.00873-34.5717
   286     397.8918-9.89136-36.8213
   286     490.9466-12.7816-33.9585
   287     183.93181.85717-35.765
   287     289.3835.63482-38.2133
   287     382.28375.9476-38.9704
   287     476.80271.96806-36.372
   288     153.539222.2025-39.5379
   288     255.156326.7826-41.1154
   288     356.69632.6914-38.7852
   288     454.939227.6624-37.2029
   289     1100.3840.549413-0.359466
   289     2100.9831.21724-0.691806
   289     399.72610.831879-0.261767
   289     4 99.170.1724050.0570193
   290     1101.061.42335-1.28429
   290     2101.5161.57894-1.47959
   290     3100.2091.17174-1.47418
   290     499.79941.03048-1.27694
   291     1102.0611.57297-2.41774
   291     2102.361.24765-2.47594
   291     3101.0750.823619-2.85951
   291     4100.8231.16947-2.78552
   292     1103.2961.05083-3.57929
   292     2103.5190.389921-3.55456
   292     3102.136-0.0982834-4.21837
   292     4101.9650.590183-4.21729
   293     1104.6590.031726-4.70303
   293     2104.915-0.812461-4.66088
   293     3103.241-1.42924-5.50128
   293     4103.046-0.549373-5.51098
   294     1106.06-1.3115-5.79146
   294     2106.452-2.21885-5.78918
   294     3104.289-3.02549-6.73264
   294     4103.977-2.0733-6.69792
   295     1107.436-2.84822-6.87758
   295     2108.044-3.73658-6.95906
   295     3105.226-4.7843-7.96333
   295     4104.719-3.84103-7.84121
   296     1108.742-4.49302-8.00316
   296     2109.629-5.31164-8.19999
   296     3106.021-6.64161-9.24775
   296     4105.26-5.75725-9.00662
   297     1109.949-6.1965-9.20876
   297     2111.163-6.9168-9.54341
   297     3106.659-8.56271-10.635
   297     4 105.6-7.76518-10.2517
   298     1111.037-7.93411-10.5302
   298     2112.616-8.54127-11.0192
   298     3107.131-10.532-12.1665
   298     4105.736-9.83546-11.6233
   299     1111.983-9.69605-11.9976
   299     2113.959-10.1824-12.6542
   299     3107.421-12.5436-13.8761
   299     4105.66-11.9552-13.1583
   300     1112.755-11.4789-13.6354
   300     2115.156-11.8394-14.4711
   300     3107.51-14.5935-15.7902
   300     4105.354-14.118-14.8848
   301     1113.307-13.2785-15.4613
   301     2116.159-13.5072-16.4865
   301     3107.361-16.6721-17.9267
   301     4104.784-16.3152-16.8214
   302     1113.565-15.0826-17.4844
   302     2116.888-15.1706-18.7083
   302     3106.92-18.7562-20.2923
   302     4103.898-18.5269-18.9761
   303     1113.419-16.863-19.7012
   303     2117.226-16.7981-21.1302
   303     3106.102-20.7999-22.8769
   303     4102.622-20.7117-21.3418
   304     1112.707-18.5657-22.0887
   304     2116.993-18.3325-23.7236
   304     3104.785-22.7233-25.6449
   304     4100.846-22.7938-23.8885
   305     1111.195-20.0967-24.5932
   305     2115.928-19.6796-26.4243
   305     3102.795-24.3973-28.5198
   305     498.4219-24.6458-26.5513
   306     1108.549-21.3023-27.1137
   306     2113.647-20.6917-29.1125
   306     399.879-25.623-31.3618
   306     495.1411-26.0645-29.2104
   307     1104.296-21.9393-29.475
   307     2 109.6-21.1445-31.5808
   307     395.6776-26.1048-33.9323
   307     490.7183-26.7378-31.6618
   308     197.7679-21.631-31.387
   308     2102.995-20.7041-33.4857
   308     389.6779-25.4152-35.8382
   308     484.7605-26.1974-33.57
   309     188.0303-19.8004-32.3806
   309     292.6993-18.8802-34.2701
   309     381.1447-22.9513-36.4455
   309     476.7259-23.7539-34.3964
   310     173.7797-15.5673-31.7053
   310     277.0955-14.9605-33.0396
   310     369.0202-17.8878-34.7415
   310     465.8668-18.41-33.2847
   311     153.2138-7.58754-28.157
   311     253.8791-7.93317-28.3485
   311     351.7693-9.16969-29.1095
   311     451.1528-8.76127-28.8804
   312     124.01716.1931-19.8053
   312     220.02523.69135-17.9098
   312     327.22824.50136-17.0278
   312     431.1477.09677-19.0506
   313     1100.673.24653-1.06773
   313     2101.2253.94773-1.39545
   313     399.85423.52625-0.91467
   313     499.34992.83614-0.603533
   314     1101.3394.08966-2.79451
   314     2101.5943.94407-2.9145
   314     3100.3693.55584-3.12449
   314     4100.1613.71832-2.995
   315     1102.1713.75803-4.44437
   315     2102.2743.13108-4.45595
   315     3101.0512.72031-5.06231
   315     4100.9963.36975-5.02626
   316     1103.0312.7315-5.93419
   316     2103.1281.89051-5.92869
   316     3101.6571.37668-6.72992
   316     4101.6182.24695-6.70328
   317     1103.8261.34081-7.29819
   317     2104.0280.453826-7.34326
   317     3102.073-0.234487-8.22201
   317     4101.9470.689945-8.1411
   318     1104.493-0.21626-8.60563
   318     2104.878-1.05239-8.74698
   318     3102.256-1.96947-9.64333
   318     4101.972-1.08656-9.46424
   319     1104.993-1.83237-9.92581
   319     2105.613-2.5659-10.1931
   319     3102.191-3.75063-11.0825
   319     4101.701-2.96008-10.776
   320     1105.299-3.45574-11.3166
   320     2106.188-4.06165-11.7289
   320     3101.871-5.54159-12.6073
   320     4101.144-4.8678-12.154
   321     1105.387-5.06692-12.8223
   321     2106.569-5.5351-13.3923
   321     3101.29-7.33019-14.2675
   321     4100.304-6.78279-13.6539
   322     1105.231-6.66434-14.4749
   322     2106.721-6.99245-15.2111
   322     3100.433-9.11726-16.0972
   322     499.1724-8.69827-15.3137
   323     1104.795-8.25532-16.2948
   323     2106.606-8.44475-17.2031
   323     399.2765-10.9092-18.1175
   323     497.7305-10.6171-17.1569
   324     1104.029-9.85037-18.2906
   324     2106.169-9.9043-19.3745
   324     397.7864-12.7131-20.336
   324     495.9468-12.5447-19.1935
   325     1102.868-11.4591-20.4571
   325     2105.337-11.3822-21.717
   325     395.9134-14.5327-22.7449
   325     493.7776-14.4837-21.4189
   326     1101.221-13.0872-22.771
   326     2104.01-12.8867-24.2021
   326     393.5927-16.3656-25.3155
   326     491.1663-16.4294-23.8094
   327     198.9656-14.7326-25.1835
   327     2102.053-14.4216-26.7731
   327     3 90.74-18.2002-27.99
   327     488.0418-18.3651-26.3154
   328     195.9447-16.382-27.609
   328     299.2828-15.9846-29.3317
   328     387.2473-20.0138-30.6686
   328     484.3169-20.2574-28.85
   329     191.9521-18.0062-29.9084
   329     295.4585-17.5667-31.7194
   329     382.977-21.7704-33.1906
   329     479.8866-22.0505-31.2728
   330     186.7238-19.5528-31.8656
   330     290.2625-19.1506-33.6906
   330     377.755-23.4206-35.3074
   330     474.6264-23.6603-33.3658
   331     179.9254-20.9379-33.1524
   331     283.2818-20.7113-34.8733
   331     371.3616-24.9051-36.6436
   331     468.3901-24.9676-34.7992
   332     171.1399-22.0334-33.279
   332     273.9844-22.217-34.7129
   332     363.5197-26.1648-36.6414
   332     461.0105-25.8142-35.0827
   333     159.859-22.651-31.5227
   333     261.6963-23.6351-32.3924
   333     353.8824-27.165-34.4819
   333     452.3007-26.0026-33.4968
   334     145.4851-22.5198-26.8258
   334     245.5836-24.9444-26.7177
   334     342.0179-27.9468-28.9753
   334     442.0616-25.3092-28.995
   335     127.367-21.2606-17.6568
   335     224.6709-26.148-15.9674
   335     327.4026-28.7097-18.4134
   335     430.0946-23.5218-20.0701
   336     14.81451-18.359-1.81618
   336     2-2.19824-27.33672.33422
   336     39.39779-29.9901-0.354114
   336     416.2357-20.5173-4.57257
   337     1100.5939.1489-1.61787
   337     2100.6428.93509-1.66675
   337     399.99778.73213-1.87965
   337     499.97468.95551-1.8218
   338     1100.818.60012-3.99802
   338     2100.6287.76116-3.91693
   338     3100.1787.60495-4.64052
   338     4100.3798.45577-4.69265
   339     1100.9977.1979-5.86589
   339     2100.8026.19686-5.78514
   339     3100.1415.95997-6.65369
   339     4100.3646.97773-6.69956
   340     1101.0285.51982-7.40077
   340     2100.9384.56903-7.39404
   340     3 99.784.16503-8.24838
   340     499.91735.13953-8.22023
   341     1100.8383.81951-8.76511
   341     2100.9163.00899-8.87162
   341     399.08222.3864-9.65055
   341     499.0793.22901-9.51127
   342     1100.3942.19703-10.0792
   342     2100.6681.55936-10.319
   342     398.0570.68962-11.0062
   342     497.88711.36856-10.7361
   343     199.67230.681399-11.4257
   343     2100.1580.222911-11.8085
   343     396.7117-0.908935-12.4077
   343     496.3632-0.399593-11.9967
   344     198.6533-0.730893-12.8586
   344     299.3556-1.01545-13.389
   344     395.0437-2.41653-13.9128
   344     494.512-2.07135-13.3555
   345     197.3111-2.05817-14.4115
   345     298.2312-2.17907-15.0909
   345     393.0401-3.85171-15.5556
   345     492.3245-3.6604-14.8496
   346     195.6127-3.32562-16.1018
   346     296.7487-3.29569-16.9296
   346     390.6783-5.23855-17.3535
   346     489.7804-5.18837-16.4984
   347     193.5155-4.56206-17.9327
   347     294.8624-4.39649-18.9062
   347     387.9271-6.60436-19.3091
   347     486.8513-6.68032-18.3066
   348     190.9666-5.79905-19.893
   348     292.5146-5.51672-21.0063
   348     384.748-7.97941-21.41
   348     483.5025-8.16298-20.2649
   349     187.9009-7.07131-21.9538
   349     289.6332-6.69745-23.196
   349     381.0964-9.39801-23.6257
   349     479.6956-9.66447-22.3474
   350     184.2412-8.41806-24.0634
   350     286.1301-7.98844-25.4165
   350     376.9233-10.901-25.9018
   350     475.3908-11.2152-24.5071
   351     179.8978-9.88509-26.139
   351     281.8997-9.45221-27.5744
   351     372.1765-12.5396-28.1522
   351     4 70.55-12.8498-26.6682
   352     174.7691-11.5278-28.0556
   352     276.8171-11.1699-29.5293
   352     366.8038-14.3818-30.2468
   352     465.1415-14.6105-28.7159
   353     168.7441-13.4152-29.6299
   353     270.7389-13.2494-31.0766
   353     360.7566-16.5223-31.9957
   353     459.1462-16.5524-30.4816
   354     161.7076-15.6363-30.5994
   354     263.5043-15.8371-31.9239
   354     353.9958-19.0961-33.1275
   354     452.5664-18.7521-31.7235
   355     153.5504-18.3076-30.5932
   355     254.9418-19.134-31.6603
   355     346.5008-22.3021-33.2612
   355     445.4392-21.3211-32.1012
   356     144.1872-21.5853-29.0952
   356     244.8821-23.4185-29.7153
   356     338.2824-26.4354-31.8696
   356     437.8547-24.427-31.1413
   357     133.588-25.6813-25.3945
   357     233.1828-29.0784-25.3074
   357     329.4028-31.938-28.2317
   357     429.9825-28.3266-28.1944
   358     121.8288-30.8861-18.5245
   358     219.7749-36.652-17.3788
   358     320.0048-39.4702-21.3759
   358     422.1077-33.4156-22.3801
   359     19.16629-37.5995-7.1844
   359     24.72887-46.8866-4.51443
   359     310.3518-50.0158-10.0081
   359     414.6801-40.3029-12.5197
   360     1-3.81846-46.367510.3496
   360     2-11.5915-60.78915.1401
   360     30.893017-65.00737.56155
   360     48.37486-49.91522.9454
   361     1100.20317.3198-1.15107
   361     299.532815.2557-0.898128
   361     399.757515.3161-2.62931
   361     4100.42117.3854-2.81208
   362     199.629614.0141-3.55817
   362     299.058612.2974-3.3317
   362     399.359112.3722-4.76362
   362     499.920114.0927-4.93205
   363     198.845611.1928-5.18035
   363     298.44439.87645-5.05001
   363     398.35469.82466-6.15625
   363     498.761311.1488-6.24152
   364     197.77868.86816-6.41815
   364     297.55817.9161-6.40637
   364     396.88987.68267-7.22684
   364     497.13898.64881-7.20474
   365     196.40396.96364-7.49245
   365     296.35666.32483-7.60352
   365     395.04335.89199-8.18642
   365     495.14536.55193-8.05062
   366     194.70825.39423-8.52615
   366     294.82195.0223-8.75779
   366     392.84934.38791-9.14562
   366     492.81714.78822-8.8966
   367     192.67614.08488-9.58794
   367     292.93863.94139-9.93589
   367     390.31353.10957-10.1638
   367     490.15893.28859-9.8043
   368     190.28572.97167-10.7154
   368     290.6863.02469-11.1749
   368     387.42372.00199-11.2722
   368     487.15741.99144-10.8057
   369     187.50841.99865-11.9264
   369     288.03612.21996-12.4926
   369     384.1571.01417-12.4854
   369     483.78860.842018-11.9158
   370     184.30951.11377-13.225
   370     284.95371.47567-13.8921
   370     380.48390.0958887-13.8061
   370     480.0235-0.210452-13.1377
   371     180.64940.264673-14.603
   371     281.39720.736515-15.3639
   371     376.3721-0.806118-15.2263
   371     475.8313-1.21632-14.4653
   372     176.4856-0.605471-16.0395
   372     2 77.32-0.0612988-16.8839
   372     371.7898-1.75264-16.7269
   372     471.1835-2.22945-15.8821
   373     171.775-1.56262-17.4981
   373     272.6728-0.99551-18.4114
   373     366.7088-2.8173-18.2751
   373     466.0577-3.3117-17.3592
   374     166.4772-2.6871-18.9229
   374     267.4057-2.16436-19.8843
   374     361.1093-4.09328-19.8203
   374     460.4421-4.53827-18.8524
   375     160.5596-4.08003-20.2327
   375     261.4729-3.69487-21.2119
   375     354.9849-5.70202-21.2889
   375     454.3422-6.00453-20.2961
   376     154.0044-5.87139-21.3123
   376     254.838-5.75348-22.2672
   376     348.3504-7.80467-22.5764
   376     447.7892-7.83479-21.5972
   377     146.8187-8.23033-22.0028
   377     247.4835-8.55973-22.875
   377     341.2514-10.6175-23.5383
   377     440.8511-10.1941-22.6263
   378     139.0491-11.3784-22.0876
   378     239.4232-12.404-22.798
   378     333.7777-14.4325-23.9785
   378     433.6474-13.3039-23.2066
   379     130.803-15.6066-21.2771
   379     230.7213-17.6707-21.7201
   379     326.0804-19.6448-23.6347
   379     426.3693-17.4635-23.1004
   380     122.2773-21.2977-19.1879
   380     221.5198-24.867-19.2254
   380     318.3955-26.789-22.1622
   380     419.3045-23.0783-21.9927
   381     113.7994-28.9535-15.3205
   381     212.0762-34.66-14.7748
   381     311.0732-36.5874-19.1138
   381     412.8706-30.698-19.4727
   382     15.88145-39.2308-9.03159
   382     22.81595-47.9224-7.67906
   382     34.61681-50.0112-13.9182
   382     47.65601-41.0661-15.0109
   383     1-0.705841-52.9840.495332
   383     2-5.59491-65.78572.92962
   383     3-0.268671-68.3564-5.85599
   383     44.47152-55.1836-7.93359
   384     1-4.85608-71.319214.2877
   384     2-12.1769-89.710218.1362
   384     3-2.61701-93.34055.9716
   384     44.41523-74.38632.60744
   385     1100.00423.70160.587158
   385     298.834819.99880.801485
   385     399.106720.0778-2.32437
   385     4100.26623.7819-2.41004
   386     198.757217.9481-0.86607
   386     298.014315.6117-0.716872
   386     398.283815.6871-2.6829
   386     499.016518.0235-2.75101
   387     197.108914.0451-1.75428
   387     296.643212.5629-1.67496
   387     396.702912.5726-2.92069
   387     497.166814.0565-2.94848
   388     195.109211.2757-2.38445
   388     294.836510.3684-2.36985
   388     394.630110.2961-3.1342
   388     494.911711.2079-3.11705
   389     192.7819.24546-2.9003
   389     292.65128.7509-2.94379
   389     392.17268.59594-3.36532
   389     492.32269.09779-3.30417
   390     190.12427.72023-3.37324
   390     290.10577.53869-3.46899
   390     389.36497.30481-3.63296
   390     489.41447.49646-3.53017
   391     187.12286.54993-3.83978
   391     287.19466.61584-3.98306
   391     386.20516.30794-3.94569
   391     486.17476.25483-3.8037
   392     183.75115.63005-4.31808
   392     283.89785.89611-4.505
   392     382.67345.51908-4.30696
   392     482.5785.26836-4.128
   393     179.97784.87993-4.81555
   393     280.18675.30733-5.04262
   393     378.74114.86597-4.71733
   393     478.5934.45629-4.50351
   394     175.76934.22955-5.33222
   394     276.02814.78108-5.59587
   394     374.37654.28031-5.17511
   394     474.18733.74872-4.92871
   395     171.09333.61016-5.86189
   395     271.38834.24461-6.15787
   395     369.54873.68987-5.67637
   395     469.33153.07744-5.40017
   396     165.92162.94687-6.39197
   396     266.23593.61364-6.7148
   396     364.23193.0113-6.21441
   396     464.00272.3685-5.91214
   397     160.23512.1516-6.90251
   397     260.54662.78481-7.24473
   397     358.40972.14249-6.77887
   397     458.18951.53507-6.4557
   398     154.02881.11548-7.36442
   398     254.30791.62706-7.71576
   398     352.08060.953879-7.35451
   398     451.89740.469837-7.01769
   399     147.3196-0.299765-7.73703
   399     247.526-0.0286468-8.0834
   399     345.2654-0.72213-7.91963
   399     445.1571-0.963907-7.57918
   400     140.1559-2.27242-7.96491
   400     240.2354-2.40214-8.2872
   400     338.0164-3.10431-8.44407
   400     438.0343-2.94319-8.11363
   401     132.6309-5.03379-7.97395
   401     232.5107-5.77983-8.24663
   401     330.4298-6.47915-8.88679
   401     430.6428-5.69899-8.58459
   402     124.8999-8.88439-7.66664
   402     224.483-10.5345-7.85613
   402     322.6615-11.2216-9.19301
   402     423.1617-9.53338-8.9429
   403     117.203-14.2141-6.91657
   403     216.3611-17.1494-6.97946
   403     314.9472-17.821-9.29091
   403     415.8569-14.8411-9.12345
   404     19.89377-21.5267-5.56218
   404     28.45921-26.2486-5.44335
   404     37.62812-26.9136-9.08794
   404     49.1081-22.1364-9.04144
   405     13.47648-31.4707-3.39984
   405     21.23154-38.6327-3.03059
   405     31.18231-39.3216-8.4669
   405     43.44238-32.0868-8.58815
   406     1-1.3483-44.8759-0.176221
   406     2-4.68347-55.3240.527394
   406     3-3.7362-56.1033-7.28178
   406     4-0.424355-45.554-7.62642
   407     1-3.62821-62.79964.42128
   407     2-8.41089-77.62115.56025
   407     3-6.24904-78.6134-5.35253
   407     4-1.53587-63.6449-5.98521
   408     1-2.08621-86.582310.7765
   408     2-8.76992-107.16912.4701
   408     3-5.1942-108.581-2.4595
   408     41.36795-87.7761-3.45293
   409     1100.26623.78192.41004
   409     299.106720.07782.32437
   409     398.834819.9988-0.801485
   409     4100.00423.7016-0.587158
   410     199.016518.02352.75101
   410     298.283815.68712.6829
   410     398.014315.61170.716872
   410     498.757217.94810.86607
   411     197.166814.05652.94848
   411     296.702912.57262.92069
   411     396.643212.56291.67496
   411     497.108914.04511.75428
   412     194.911711.20793.11705
   412     294.630110.29613.1342
   412     394.836510.36842.36985
   412     495.109211.27572.38445
   413     192.32269.097793.30417
   413     292.17268.595943.36532
   413     392.65128.75092.94379
   413     492.7819.245462.9003
   414     189.41447.496463.53017
   414     289.36497.304813.63296
   414     390.10577.538693.46899
   414     490.12427.720233.37324
   415     186.17476.254833.8037
   415     286.20516.307943.94569
   415     387.19466.615843.98306
   415     487.12286.549933.83978
   416     182.5785.26836 4.128
   416     282.67345.519084.30696
   416     383.89785.89611 4.505
   416     483.75115.630054.31808
   417     178.5934.456294.50351
   417     278.74114.865974.71733
   417     380.18675.307335.04262
   417     479.97784.879934.81555
   418     174.18733.748724.92871
   418     274.37654.280315.17511
   418     376.02814.781085.59587
   418     475.76934.229555.33222
   419     169.33153.077445.40017
   419     269.54873.689875.67637
   419     371.38834.244616.15787
   419     471.09333.610165.86189
   420     164.00272.36855.91214
   420     264.23193.01136.21441
   420     366.23593.613646.7148
   420     465.92162.946876.39197
   421     158.18951.535076.4557
   421     258.40972.142496.77887
   421     360.54662.784817.24473
   421     460.23512.15166.90251
   422     151.89740.4698377.01769
   422     252.08060.9538797.35451
   422     354.30791.627067.71576
   422     454.02881.115487.36442
   423     145.1571-0.9639077.57918
   423     245.2654-0.722137.91963
   423     347.526-0.02864688.0834
   423     447.3196-0.2997657.73703
   424     138.0343-2.943198.11363
   424     238.0164-3.104318.44407
   424     340.2354-2.402148.2872
   424     440.1559-2.272427.96491
   425     130.6428-5.698998.58459
   425     230.4298-6.479158.88679
   425     332.5107-5.779838.24663
   425     432.6309-5.033797.97395
   426     123.1617-9.533388.9429
   426     222.6615-11.22169.19301
   426     324.483-10.53457.85613
   426     424.8999-8.884397.66664
   427     115.8569-14.84119.12345
   427     214.9472-17.8219.29091
   427     316.3611-17.14946.97946
   427     417.203-14.21416.91657
   428     19.1081-22.13649.04144
   428     27.62812-26.91369.08794
   428     38.45921-26.24865.44335
   428     49.89377-21.52675.56218
   429     13.44238-32.08688.58815
   429     21.18231-39.32168.4669
   429     31.23154-38.63273.03059
   429     43.47648-31.47073.39984
   430     1-0.424355-45.5547.62642
   430     2-3.7362-56.10337.28178
   430     3-4.68347-55.324-0.527394
   430     4-1.3483-44.87590.176221
   431     1-1.53587-63.64495.98521
   431     2-6.24904-78.61345.35253
   431     3-8.41089-77.6211-5.56025
   431     4-3.62821-62.7996-4.42128
   432     11.36795-87.77613.45293
   432     2-5.1942-108.5812.4595
   432     3-8.76992-107.169-12.4701
   432     4-2.08621-86.5823-10.7765
   433     1100.42117.38542.81208
   433     299.757515.31612.62931
   433     399.532815.25570.898128
   433     4100.20317.31981.15107
   434     199.920114.09274.93205
   434     299.359112.37224.76362
   434     399.058612.29743.3317
   434     499.629614.01413.55817
   435     198.761311.14886.24152
   435     298.35469.824666.15625
   435     398.44439.876455.05001
   435     498.845611.19285.18035
   436     197.13898.648817.20474
   436     296.88987.682677.22684
   436     397.55817.91616.40637
   436     497.77868.868166.41815
   437     195.14536.551938.05062
   437     295.04335.891998.18642
   437     396.35666.324837.60352
   437     496.40396.963647.49245
   438     192.81714.788228.8966
   438     292.84934.387919.14562
   438     394.82195.02238.75779
   438     494.70825.394238.52615
   439     190.15893.288599.8043
   439     290.31353.1095710.1638
   439     392.93863.941399.93589
   439     492.67614.084889.58794
   440     187.15741.9914410.8057
   440     287.42372.0019911.2722
   440     390.6863.0246911.1749
   440     490.28572.9716710.7154
   441     183.78860.84201811.9158
   441     284.1571.0141712.4854
   441     388.03612.2199612.4926
   441     487.50841.9986511.9264
   442     180.0235-0.21045213.1377
   442     280.48390.095888713.8061
   442     384.95371.4756713.8921
   442     484.30951.1137713.225
   443     175.8313-1.2163214.4653
   443     276.3721-0.80611815.2263
   443     381.39720.73651515.3639
   443     480.64940.26467314.603
   444     171.1835-2.2294515.8821
   444     271.7898-1.7526416.7269
   444     3 77.32-0.061298816.8839
   444     476.4856-0.60547116.0395
   445     166.0577-3.311717.3592
   445     266.7088-2.817318.2751
   445     372.6728-0.9955118.4114
   445     471.775-1.5626217.4981
   446     160.4421-4.5382718.8524
   446     261.1093-4.0932819.8203
   446     367.4057-2.1643619.8843
   446     466.4772-2.687118.9229
   447     154.3422-6.0045320.2961
   447     254.9849-5.7020221.2889
   447     361.4729-3.6948721.2119
   447     460.5596-4.0800320.2327
   448     147.7892-7.8347921.5972
   448     248.3504-7.8046722.5764
   448     354.838-5.7534822.2672
   448     454.0044-5.8713921.3123
   449     140.8511-10.194122.6263
   449     241.2514-10.617523.5383
   449     347.4835-8.5597322.875
   449     446.8187-8.2303322.0028
   450     133.6474-13.303923.2066
   450     233.7777-14.432523.9785
   450     339.4232-12.40422.798
   450     439.0491-11.378422.0876
   451     126.3693-17.463523.1004
   451     226.0804-19.644823.6347
   451     330.7213-17.670721.7201
   451     430.803-15.606621.2771
   452     119.3045-23.078321.9927
   452     218.3955-26.78922.1622
   452     321.5198-24.86719.2254
   452     422.2773-21.297719.1879
   453     112.8706-30.69819.4727
   453     211.0732-36.587419.1138
   453     312.0762-34.6614.7748
   453     413.7994-28.953515.3205
   454     17.65601-41.066115.0109
   454     24.61681-50.011213.9182
   454     32.81595-47.92247.67906
   454     45.88145-39.23089.03159
   455     14.47152-55.18367.93359
   455     2-0.268671-68.35645.85599
   455     3-5.59491-65.7857-2.92962
   455     4-0.705841-52.984-0.495332
   456     14.41523-74.3863-2.60744
   456     2-2.61701-93.3405-5.9716
   456     3-12.1769-89.7102-18.1362
   456     4-4.85608-71.3192-14.2877
   457     199.97468.955511.8218
   457     299.99778.732131.87965
   457     3100.6428.935091.66675
   457     4100.5939.14891.61787
   458     1100.3798.455774.69265
   458     2100.1787.604954.64052
   458     3100.6287.761163.91693
   458     4100.818.600123.99802
   459     1100.3646.977736.69956
   459     2100.1415.959976.65369
   459     3100.8026.196865.78514
   459     4100.9977.19795.86589
   460     199.91735.139538.22023
   460     2 99.784.165038.24838
   460     3100.9384.569037.39404
   460     4101.0285.519827.40077
   461     199.0793.229019.51127
   461     299.08222.38649.65055
   461     3100.9163.008998.87162
   461     4100.8383.819518.76511
   462     197.88711.3685610.7361
   462     298.0570.6896211.0062
   462     3100.6681.5593610.319
   462     4100.3942.1970310.0792
   463     196.3632-0.39959311.9967
   463     296.7117-0.90893512.4077
   463     3100.1580.22291111.8085
   463     499.67230.68139911.4257
   464     194.512-2.0713513.3555
   464     295.0437-2.4165313.9128
   464     399.3556-1.0154513.389
   464     498.6533-0.73089312.8586
   465     192.3245-3.660414.8496
   465     293.0401-3.8517115.5556
   465     398.2312-2.1790715.0909
   465     497.3111-2.0581714.4115
   466     189.7804-5.1883716.4984
   466     290.6783-5.2385517.3535
   466     396.7487-3.2956916.9296
   466     495.6127-3.3256216.1018
   467     186.8513-6.6803218.3066
   467     287.9271-6.6043619.3091
   467     394.8624-4.3964918.9062
   467     493.5155-4.5620617.9327
   468     183.5025-8.1629820.2649
   468     284.748-7.97941 21.41
   468     392.5146-5.5167221.0063
   468     490.9666-5.7990519.893
   469     179.6956-9.6644722.3474
   469     281.0964-9.3980123.6257
   469     389.6332-6.6974523.196
   469     487.9009-7.0713121.9538
   470     175.3908-11.215224.5071
   470     276.9233-10.90125.9018
   470     386.1301-7.9884425.4165
   470     484.2412-8.4180624.0634
   471     1 70.55-12.849826.6682
   471     272.1765-12.539628.1522
   471     381.8997-9.4522127.5744
   471     479.8978-9.8850926.139
   472     165.1415-14.610528.7159
   472     266.8038-14.381830.2468
   472     376.8171-11.169929.5293
   472     474.7691-11.527828.0556
   473     159.1462-16.552430.4816
   473     260.7566-16.522331.9957
   473     370.7389-13.249431.0766
   473     468.7441-13.415229.6299
   474     152.5664-18.752131.7235
   474     253.9958-19.096133.1275
   474     363.5043-15.837131.9239
   474     461.7076-15.636330.5994
   475     145.4392-21.321132.1012
   475     246.5008-22.302133.2612
   475     354.9418-19.13431.6603
   475     453.5504-18.307630.5932
   476     137.8547-24.42731.1413
   476     238.2824-26.435431.8696
   476     344.8821-23.418529.7153
   476     444.1872-21.585329.0952
   477     129.9825-28.326628.1944
   477     229.4028-31.93828.2317
   477     333.1828-29.078425.3074
   477     433.588-25.681325.3945
   478     122.1077-33.415622.3801
   478     220.0048-39.470221.3759
   478     319.7749-36.65217.3788
   478     421.8288-30.886118.5245
   479     114.6801-40.302912.5197
   479     210.3518-50.015810.0081
   479     34.72887-46.88664.51443
   479     49.16629-37.59957.1844
   480     18.37486-49.9152-2.9454
   480     20.893017-65.0073-7.56155
   480     3-11.5915-60.789-15.1401
   480     4-3.81846-46.3675-10.3496
   481     199.34992.836140.603533
   481     299.85423.526250.91467
   481     3101.2253.947731.39545
   481     4100.673.246531.06773
   482     1100.1613.71832 2.995
   482     2100.3693.555843.12449
   482     3101.5943.944072.9145
   482     4101.3394.089662.79451
   483     1100.9963.369755.02626
   483     2101.0512.720315.06231
   483     3102.2743.131084.45595
   483     4102.1713.758034.44437
   484     1101.6182.246956.70328
   484     2101.6571.376686.72992
   484     3103.1281.890515.92869
   484     4103.0312.73155.93419
   485     1101.9470.6899458.1411
   485     2102.073-0.2344878.22201
   485     3104.0280.4538267.34326
   485     4103.8261.340817.29819
   486     1101.972-1.086569.46424
   486     2102.256-1.969479.64333
   486     3104.878-1.052398.74698
   486     4104.493-0.216268.60563
   487     1101.701-2.9600810.776
   487     2102.191-3.7506311.0825
   487     3105.613-2.565910.1931
   487     4104.993-1.832379.92581
   488     1101.144-4.867812.154
   488     2101.871-5.5415912.6073
   488     3106.188-4.0616511.7289
   488     4105.299-3.4557411.3166
   489     1100.304-6.7827913.6539
   489     2101.29-7.3301914.2675
   489     3106.569-5.535113.3923
   489     4105.387-5.0669212.8223
   490     199.1724-8.6982715.3137
   490     2100.433-9.1172616.0972
   490     3106.721-6.9924515.2111
   490     4105.231-6.6643414.4749
   491     197.7305-10.617117.1569
   491     299.2765-10.909218.1175
   491     3106.606-8.4447517.2031
   491     4104.795-8.2553216.2948
   492     195.9468-12.544719.1935
   492     297.7864-12.713120.336
   492     3106.169-9.904319.3745
   492     4104.029-9.8503718.2906
   493     193.7776-14.483721.4189
   493     295.9134-14.532722.7449
   493     3105.337-11.382221.717
   493     4102.868-11.459120.4571
   494     191.1663-16.429423.8094
   494     293.5927-16.365625.3155
   494     3104.01-12.886724.2021
   494     4101.221-13.087222.771
   495     188.0418-18.365126.3154
   495     2 90.74-18.2002 27.99
   495     3102.053-14.421626.7731
   495     498.9656-14.732625.1835
   496     184.3169-20.2574 28.85
   496     287.2473-20.013830.6686
   496     399.2828-15.984629.3317
   496     495.9447-16.38227.609
   497     179.8866-22.050531.2728
   497     282.977-21.770433.1906
   497     395.4585-17.566731.7194
   497     491.9521-18.006229.9084
   498     174.6264-23.660333.3658
   498     277.755-23.420635.3074
   498     390.2625-19.150633.6906
   498     486.7238-19.552831.8656
   499     168.3901-24.967634.7992
   499     271.3616-24.905136.6436
   499     383.2818-20.711334.8733
   499     479.9254-20.937933.1524
   500     161.0105-25.814235.0827
   500     263.5197-26.164836.6414
   500     373.9844-22.21734.7129
   500     471.1399-22.033433.279
   501     152.3007-26.002633.4968
   501     253.8824-27.16534.4819
   501     361.6963-23.635132.3924
   501     459.859-22.65131.5227
   502     142.0616-25.309228.995
   502     242.0179-27.946828.9753
   502     345.5836-24.944426.7177
   502     445.4851-22.519826.8258
   503     130.0946-23.521820.0701
   503     227.4026-28.709718.4134
   503     324.6709-26.14815.9674
   503     427.367-21.260617.6568
   504     116.2357-20.51734.57257
   504     29.39779-29.99010.354114
   504     3-2.19824-27.3367-2.33422
   504     44.81451-18.3591.81618
   505     1 99.170.172405-0.0570193
   505     299.72610.8318790.261767
   505     3100.9831.217240.691806
   505     4100.3840.5494130.359466
   506     199.79941.030481.27694
   506     2100.2091.171741.47418
   506     3101.5161.578941.47959
   506     4101.061.423351.28429
   507     1100.8231.169472.78552
   507     2101.0750.8236192.85951
   507     3102.361.247652.47594
   507     4102.0611.572972.41774
   508     1101.9650.5901834.21729
   508     2102.136-0.09828344.21837
   508     3103.5190.3899213.55456
   508     4103.2961.050833.57929
   509     1103.046-0.5493735.51098
   509     2103.241-1.429245.50128
   509     3104.915-0.8124614.66088
   509     4104.6590.0317264.70303
   510     1103.977-2.07336.69792
   510     2104.289-3.025496.73264
   510     3106.452-2.218855.78918
   510     4106.06-1.31155.79146
   511     1104.719-3.841037.84121
   511     2105.226-4.78437.96333
   511     3108.044-3.736586.95906
   511     4107.436-2.848226.87758
   512     1105.26-5.757259.00662
   512     2106.021-6.641619.24775
   512     3109.629-5.311648.19999
   512     4108.742-4.493028.00316
   513     1 105.6-7.7651810.2517
   513     2106.659-8.5627110.635
   513     3111.163-6.91689.54341
   513     4109.949-6.19659.20876
   514     1105.736-9.8354611.6233
   514     2107.131-10.53212.1665
   514     3112.616-8.5412711.0192
   514     4111.037-7.9341110.5302
   515     1105.66-11.955213.1583
   515     2107.421-12.543613.8761
   515     3113.959-10.182412.6542
   515     4111.983-9.6960511.9976
   516     1105.354-14.11814.8848
   516     2107.51-14.593515.7902
   516     3115.156-11.839414.4711
   516     4112.755-11.478913.6354
   517     1104.784-16.315216.8214
   517     2107.361-16.672117.9267
   517     3116.159-13.507216.4865
   517     4113.307-13.278515.4613
   518     1103.898-18.526918.9761
   518     2106.92-18.756220.2923
   518     3116.888-15.170618.7083
   518     4113.565-15.082617.4844
   519     1102.622-20.711721.3418
   519     2106.102-20.799922.8769
   519     3117.226-16.798121.1302
   519     4113.419-16.86319.7012
   520     1100.846-22.793823.8885
   520     2104.785-22.723325.6449
   520     3116.993-18.332523.7236
   520     4112.707-18.565722.0887
   521     198.4219-24.645826.5513
   521     2102.795-24.397328.5198
   521     3115.928-19.679626.4243
   521     4111.195-20.096724.5932
   522     195.1411-26.064529.2104
   522     299.879-25.62331.3618
   522     3113.647-20.691729.1125
   522     4108.549-21.302327.1137
   523     190.7183-26.737831.6618
   523     295.6776-26.104833.9323
   523     3 109.6-21.144531.5808
   523     4104.296-21.939329.475
   524     184.7605-26.1974 33.57
   524     289.6779-25.415235.8382
   524     3102.995-20.704133.4857
   524     497.7679-21.63131.387
   525     176.7259-23.753934.3964
   525     281.1447-22.951336.4455
   525     392.6993-18.880234.2701
   525     488.0303-19.800432.3806
   526     165.8668-18.4133.2847
   526     269.0202-17.887834.7415
   526     377.0955-14.960533.0396
   526     473.7797-15.567331.7053
   527     151.1528-8.7612728.8804
   527     251.7693-9.1696929.1095
   527     353.8791-7.9331728.3485
   527     453.2138-7.5875428.157
   528     131.1477.0967719.0506
   528     227.22824.5013617.0278
   528     320.02523.6913517.9098
   528     424.01716.193119.8053
   529     199.5048-0.304865-0.149667
   529     299.774-0.0319972-0.00658796
   529     3100.3040.130070.15668
   529     4100.017-0.1457670.00905291
   530     199.71140.0396350.294166
   530     2100.0110.1994560.424572
   530     3100.7240.4192580.477835
   530     4100.4010.2530850.347048
   531     1100.4280.2446341.10507
   531     2100.6440.08369071.14382
   531     3101.4030.3348890.940719
   531     4101.1610.4841210.910209
   532     1101.5210.006889492.04526
   532     2101.653-0.4967671.98832
   532     3102.485-0.1886641.51325
   532     4102.3230.2960591.58734
   533     1102.819-0.7415942.97901
   533     2102.94-1.50721 2.866
   533     3103.976-1.090222.17017
   533     4103.818-0.3521512.30765
   534     1104.186-1.931013.86343
   534     2104.389-2.850663.74679
   534     3105.794-2.268942.89458
   534     4105.541-1.386323.04128
   535     1105.533-3.44784.70965
   535     2105.908-4.426724.63763
   535     3107.835-3.630773.6795
   535     4107.395-2.698863.78606
   536     1106.809-5.187315.55206
   536     2107.43-6.157265.56296
   536     3110.013-5.105434.52733
   536     4109.307-4.192894.55516
   537     1107.99-7.07316.43123
   537     2108.919-7.991466.55361
   537     3112.267-6.647775.44814
   537     4111.233-5.797635.36914
   538     1109.069-9.057827.38659
   538     2110.356-9.901317.64186
   538     3114.562-8.232326.45797
   538     4113.148-7.46846.25177
   539     1110.039-11.11618.45437
   539     2111.731-11.87358.8598
   539     3116.879-9.845857.57741
   539     4115.038-9.180067.22823
   540     1110.897-13.2359.66783
   540     2113.036-13.900410.2392
   540     3119.205-11.47988.83078
   540     4116.893-10.91878.32461
   541     1111.626-15.403511.0581
   541     2114.261-15.970911.8118
   541     3121.523-13.122310.2455
   541     4118.694-12.67279.56804
   542     1112.199-17.601312.6549
   542     2115.377-18.059713.6093
   542     3123.798-14.750411.8517
   542     4120.406-14.423710.9869
   543     1112.561-19.785714.4862
   543     2116.333-20.114515.6621
   543     3125.965-16.319513.6814
   543     4121.961-16.135712.6109
   544     1112.623-21.873616.5773
   544     2117.039-22.038517.9979
   544     3127.905-17.7515.7677
   544     4123.244-17.74214.4708
   545     1112.246-23.717318.9471
   545     2117.347-23.665420.6362
   545     3129.416-18.908218.1425
   545     4124.063-19.125216.5975
   546     1111.215-25.066821.6027
   546     2117.018-24.721623.5814
   546     3130.169-19.577920.8326
   546     4124.116-20.089719.0201
   547     1109.203-25.514124.5287
   547     2115.677-24.770126.8078
   547     3129.639-19.417823.8532
   547     4122.93-20.317921.7624
   548     1105.716-24.405727.6692
   548     2112.737-23.124930.2358
   548     3127.002-17.895527.1964
   548     4119.777-19.303124.837
   549     1100.008-20.706630.8969
   549     2107.287-18.717733.6895
   549     3120.966-14.185530.8117
   549     4113.537-16.242228.2357
   550     190.9466-12.781633.9585
   550     297.8918-9.8913636.8213
   550     3109.501-7.0087334.5717
   550     4102.484-9.8639331.914
   551     176.80271.9680636.372
   551     282.28375.947638.9704
   551     389.3835.6348238.2133
   551     483.93181.8571735.765
   552     154.939227.662437.2029
   552     256.69632.691438.7852
   552     355.156326.782641.1154
   552     453.539222.202539.5379
   553     1128.9737.953222.8256
   553     2132.13132.35623.3089
   553     3117.8427.777516.9272
   553     4115.19133.624516.6849
   554     1118.18624.125917.2756
   554     2118.77620.906517.8978
   554     3114.12219.308314.6076
   554     4113.70422.634214.104
   555     1113.76817.065313.557
   555     2113.81314.989914.0522
   555     3111.77614.209212.0417
   555     4111.8116.345611.6167
   556     1111.54512.688710.993
   556     2111.61311.208711.3358
   556     3110.0510.57389.89332
   556     4110.04112.10179.60049
   557     1110.4169.55359.0384
   557     2110.6968.409829.23959
   557     3108.8377.670848.04906
   557     4108.6238.862337.8901
   558     1109.987.043757.38004
   558     2110.5426.108397.45119
   558     3108.0775.159296.35928
   558     4107.598 6.1486.32859
   559     1110.0374.862335.84739
   559     2110.9124.069165.79623
   559     3107.7082.858724.72115
   559     4106.9383.71354.8143
   560     1110.4692.852634.34815
   560     2111.6732.165854.17862
   560     3107.6620.663853.07083
   560     4106.5851.42204 3.286
   561     1111.1910.926012.83062
   561     2112.7410.325632.54319
   561     3107.878-1.49191.36737
   561     4106.478-0.80931.70573
   562     1112.142-0.9706511.26256
   562     2114.057-1.495230.854374
   562     3108.297-3.65277-0.419175
   562     4106.554-3.034280.0467909
   563     1113.271-2.86974-0.380362
   563     2115.576-3.32237-0.915546
   563     3108.868-5.84762-2.31488
   563     4106.757-5.28855-1.71347
   564     1114.528-4.78914-2.1207
   564     2117.257-5.16763-2.79253
   564     3109.541-8.09167-4.34583
   564     4107.027-7.59347-3.59757
   565     1115.859-6.73356-3.98219
   565     2119.049-7.0292-4.8037
   565     3110.261-10.3847-6.53958
   565     4107.306-9.95547-5.62951
   566     1117.192-8.69218-5.99091
   566     2120.887-8.88867-6.97828
   566     3110.966-12.7059-8.92506
   566     4107.524-12.3618-7.83486
   567     1118.429-10.6329-8.17515
   567     2122.675-10.7047-9.34718
   567     3111.573-15.0047-11.5309
   567     4107.596-14.7719-10.2395
   568     1119.425-12.4924-10.5643
   568     2124.262-12.4028-11.9413
   568     3111.966-17.1867-14.3819
   568     4107.409-17.104-12.8667
   569     1119.965-14.1602-13.1865
   569     2125.418-13.8592-14.788
   569     3111.977-19.0917-17.4929
   569     4106.808-19.2133-15.7323
   570     1119.725-15.4539-16.0646
   570     2125.791-14.8764-17.9053
   570     3111.356-20.4608-20.8585
   570     4105.569-20.8593-18.8366
   571     1118.222-16.0804-19.2094
   571     2124.838-15.1465-21.2915
   571     3109.726-20.8876-24.4348
   571     4103.37-21.655-22.1503
   572     1114.73-15.5758-22.6084
   572     2121.731-14.1946-24.9076
   572     3106.521-19.744-28.1103
   572     499.7435-20.99-25.5915
   573     1108.16-13.2087-26.206
   573     2115.201-11.2915-28.6476
   573     3100.872-16.07-31.6534
   573     493.9966-17.9111-28.9864
   574     196.868-7.82536-29.8706
   574     2103.294-5.31828-32.2842
   574     391.4427-8.40892-34.622
   574     485.1004-10.9372-32.0012
   575     178.3532.41206-33.3332
   575     282.97355.45826-35.3727
   575     376.14495.45387-36.1956
   575     471.50772.23987-34.0149
   576     148.618220.5005-36.0272
   576     249.126223.6104-36.93
   576     351.520628.6384-34.7269
   576     450.900225.1726-33.8473
   577     1107.52832.318513.274
   577     2107.93328.896413.6428
   577     3102.61227.181810.1384
   577     4102.41330.70919.90425
   578     1106.94126.033212.2268
   578     2107.29222.832112.5828
   578     3102.41321.19039.31375
   578     4102.25224.49389.08289
   579     1106.39420.289310.3001
   579     2106.94717.9243 10.45
   579     3102.28916.32237.93712
   579     4101.91318.78027.88471
   580     1106.02615.82588.27799
   580     2106.78214.08518.25374
   580     3102.1112.4646.28235
   580     4101.52814.29226.38476
   581     1105.86712.30126.29241
   581     2106.81910.97296.12958
   581     3101.939.270924.48808
   581     4101.15710.68564.71802
   582     1105.9099.379644.33777
   582     2107.068.325374.05629
   582     3101.7936.489412.6017
   582     4100.8327.632372.94488
   583     1106.1176.831212.38456
   583     2107.4795.968861.99233
   583     3101.7093.954280.63306
   583     4100.5514.910281.08534
   584     1106.4514.508680.403361
   584     2108.0433.79148-0.0995509
   584     3101.6621.55941-1.42368
   584     4100.2922.3772-0.859721
   585     1106.8652.31822-1.63191
   585     2108.711.72092-2.25042
   585     3101.622-0.764022-3.58172
   585     4100.021-0.0576625-2.89909
   586     1107.310.19947-3.74473
   586     2109.433-0.289847-4.48701
   586     3101.551-3.06075-5.85801
   586     499.6938-2.45264-5.04672
   587     1107.733-1.88623-5.95655
   587     2110.162-2.27076-6.83286
   587     3101.404-5.35832-8.2707
   587     499.2643-4.84429-7.31881
   588     1108.069-3.962-8.28627
   588     2110.833-4.23869-9.30795
   588     3101.128-7.66981-10.8367
   588     498.6786-7.25225-9.73112
   589     1108.241-6.03761-10.7485
   589     2111.366-6.19853-11.9269
   589     3100.66-9.99354-13.568
   589     497.8749-9.68014-12.2958
   590     1108.148-8.10865-13.3502
   590     2111.655-8.14203-14.695
   590     399.9224-12.3102-16.4672
   590     496.7793-12.1132-15.0169
   591     1107.657-10.153-16.0853
   591     2111.555-10.0446-17.6026
   591     398.8149-14.5778-19.52
   591     495.3008-14.5126-17.8841
   592     1106.586-12.1242-18.9269
   592     2110.866-11.8596-20.6153
   592     397.2056-16.7236-22.6848
   592     493.3244-16.8071-20.8636
   593     1104.69-13.9416-21.8146
   593     2109.312-13.511-23.6598
   593     394.9181-18.6335-25.8769
   593     490.7024-18.8793-23.8843
   594     1101.637-15.4742-24.6365
   594     2106.508-14.8807-26.6028
   594     391.7131-20.1376-28.9449
   594     487.2424-20.5483-26.8179
   595     196.9701-16.5182-27.2012
   595     2101.92-15.7938-29.2178
   595     387.2632-20.9935-31.6344
   595     482.6922-21.5442-29.4475
   596     190.0725-16.7626-29.1954
   596     294.807-15.9956-31.1356
   596     381.117-20.8652-33.5339
   596     476.7184-21.4754-31.4221
   597     180.1078-15.7386-30.1188
   597     284.1427-15.123-31.7665
   597     372.6479-19.3057-33.991
   597     468.8799-19.7869-32.1857
   598     165.953-12.743-29.1812
   598     268.5122-12.6656-30.1782
   598     360.9813-15.7492-31.9813
   598     458.5922-15.7117-30.8685
   599     146.1186-6.72448-25.1339
   599     245.9678-7.93339-24.8905
   599     344.8863-9.56741-25.9006
   599     445.0861-8.23549-26.1174
   600     118.83933.88084-16.011
   600     214.12270.0467568-13.6075
   600     322.7012-0.163546-13.3021
   600     427.34213.88346-15.8458
   601     198.867329.85267.61828
   601     299.006427.02587.66364
   601     394.182325.48644.78239
   601     494.236428.39934.85275
   602     199.008525.06666.81747
   602     299.371522.76616.71848
   602     394.270221.10644.29075
   602     494.109523.49484.48853
   603     199.2092 21.045.59146
   603     299.799119.17715.35041
   603     394.283917.36283.2817
   603     493.910719.31713.6086
   604     199.315517.5754.00198
   604     2100.09916.07983.63997
   604     394.230414.13661.86664
   604     493.675615.7262.30408
   605     199.348614.57182.18197
   605     2100.29813.36411.71723
   605     394.092511.30040.163838
   605     493.382812.60520.696634
   606     199.320711.91640.213461
   606     2100.42610.934-0.345615
   606     393.84738.74005-1.74235
   606     492.99459.82321-1.11996
   607     199.22169.51247-1.86329
   607     2100.4868.71386-2.51643
   607     393.46746.36927-3.80406
   607     492.4717.27328-3.09023
   608     199.02467.28667-4.03325
   608     2100.4586.64645-4.78534
   608     392.9214.12635-5.99931
   608     491.77284.87773-5.18743
   609     198.69145.18515-6.29508
   609     2100.314.68857-7.15373
   609     392.17241.96754-8.32153
   609     4 90.862.58205-7.40252
   610     198.17393.16785-8.65335
   610     299.99312.80671-9.62702
   610     391.1815-0.138442-10.7715
   610     489.69090.348243-9.73552
   611     197.41431.20423-11.1129
   611     299.44920.973926-12.2094
   611     389.9034-2.21393-13.3508
   611     488.2215-1.84989-12.1887
   612     196.3432-0.729435-13.6736
   612     298.6045-0.832311-14.8988
   612     388.2869-4.27438-16.0559
   612     486.4037-4.02931-14.7607
   613     194.8762-2.6515-16.3254
   613     297.3678-2.63155-17.681
   613     386.2733-6.32934-18.8725
   613     484.1844-6.19877-17.441
   614     192.9106-4.57541-19.0413
   614     295.625-4.44144-20.5229
   614     383.794-8.38289-21.7672
   614     481.5045-8.35863-20.2027
   615     190.3202-6.50936-21.769
   615     293.2331-6.27867-23.3627
   615     380.7685-10.434-24.6788
   615     478.2983-10.4999-22.9941
   616     186.9498-8.45531-24.419
   616     290.0123-8.16029-26.0968
   616     377.102-12.4776-27.5047
   616     474.4926-12.6028-25.7272
   617     182.6097-10.4074-26.8487
   617     285.7369-10.1057-28.5619
   617     372.6822-14.5067-30.0835
   617     470.0078-14.6355-28.2617
   618     177.0701-12.3498-28.8394
   618     280.1253-12.1399-30.5096
   618     367.3771-16.518-32.17
   618     464.7588-16.5535-30.3831
   619     170.0563-14.2539-30.065
   619     272.8303-14.2993-31.5712
   619     361.0316-18.5228-33.4015
   619     458.6587-18.3015-31.7728
   620     161.2498-16.0748-30.0479
   620     2 63.43-16.6412-31.2091
   620     353.4664-20.568-33.2514
   620     451.6258-19.82-31.9667
   621     150.2962-17.7487-28.0986
   621     251.4275-19.2599-28.649
   621     344.4778-22.774-30.9652
   621     443.5943-21.0624-30.2988
   622     136.8346-19.1896-23.2314
   622     236.2664-22.3124-22.7888
   622     333.8433-25.4033-25.4773
   622     434.5344-22.0307-25.825
   623     120.574-20.2904-14.0591
   623     217.4037-26.0464-12.0891
   623     321.3418-28.9606-15.3086
   623     424.4798-22.8426-17.2263
   624     11.36554-20.93411.33904
   624     2-5.63808-30.86165.5718
   624     36.77526-34.35631.56722
   624     413.5731-23.8363-2.68783
   625     190.971427.75733.12702
   625     291.129625.99832.80553
   625     386.32724.48510.967925
   625     486.364126.31621.36636
   626     191.194224.77762.70403
   626     291.506923.30912.28634
   626     386.279121.64770.690498
   626     486.178323.19341.17611
   627     191.243722.13011.75344
   627     291.659420.85631.27177
   627     386.156719.0954-0.165009
   627     485.9637 20.450.378808
   628     191.126719.69260.444728
   628     291.628818.5825-0.0905753
   628     385.901116.7394-1.39622
   628     485.630617.9333-0.803406
   629     190.814517.4171-1.11082
   629     291.402616.4672-1.69977
   629     385.449214.5439-2.8798
   629     485.101615.5804-2.23767
   630     190.280415.2902-2.83658
   630     290.960414.5009-3.48408
   630     384.746112.489-4.54266
   630     484.316813.3679-3.84605
   631     189.494913.3011-4.68611
   631     290.275412.6716-5.39928
   631     383.746510.5569-6.34331
   631     483.22911.2795-5.58465
   632     188.424211.4349-6.63391
   632     289.31410.9623-7.42044
   632     382.4118.72896-8.25963
   632     481.79879.2987-7.43066
   633     187.02879.67236-8.66642
   633     288.03579.35171-9.53324
   633     380.70346.98495-10.2799
   633     479.99097.40738-9.37297
   634     185.26367.99028-10.7745
   634     286.39287.81343-11.7267
   634     378.58865.30206-12.3959
   634     477.77235.58566-11.405
   635     183.07826.36111-12.9472
   635     284.33076.31574-13.987
   635     376.03113.65394-14.5969
   635     475.11083.81127-13.5189
   636     180.41574.75233-15.1663
   636     281.78644.81982-16.2916
   636     372.99512.00893-16.8647
   636     471.97572.05862-15.7006
   637     177.2133.12487-17.4002
   637     278.68873.2773-18.603
   637     369.4450.327536-19.1677
   637     468.33840.297341-17.9241
   638     173.40171.43092-19.5977
   638     274.95721.62667-20.8618
   638     365.3472-1.44119-21.4542
   638     464.1749-1.51001-20.1458
   639     168.9091-0.389234-21.6794
   639     270.5035-0.21178-22.9776
   639     360.6722-3.36509-23.6449
   639     459.4699-3.41134-22.2972
   640     163.6614-2.41156-23.5276
   640     265.2317-2.34286-24.8177
   640     355.3994-5.53667-25.6224
   640     454.2216-5.4701-24.2752
   641     157.5888-4.73425-24.9728
   641     259.0429-4.90609-26.1929
   641     349.5223-8.08452-27.2184
   641     448.4496-7.77288-25.9311
   642     150.6354-7.48581-25.7768
   642     251.8416-8.0887-26.8388
   642     343.0575-11.1899-28.1977
   642     442.206-10.4407-27.0552
   643     142.7733-10.8362-25.6109
   643     243.5484-12.1433-26.3931
   643     336.0565-15.1106-28.2378
   643     435.5899-13.6456-27.3581
   644     134.0275-15.0116-24.0292
   644     234.1207-17.4113-24.3665
   644     328.6222-20.2149-26.9044
   644     428.7673-17.6352-26.448
   645     124.5125-20.3147-20.4354
   645     223.5876-24.3537-20.1093
   645     320.9325-27.0298-23.6225
   645     421.9982-22.7685-23.8022
   646     114.4889-27.1507-14.0455
   646     212.1047-33.5883-12.7737
   646     313.2715-36.3033-17.6444
   646     415.6706-29.5652-18.7355
   647     14.43525-36.0603-3.84475
   647     20.0240586-45.937-1.27118
   647     36.07026-49.0886-8.01381
   647     410.3442-38.7723-10.3634
   648     1-4.83735-47.756311.4588
   648     2-11.983-62.467815.7673
   648     3-0.038019-66.83846.46943
   648     46.80213-51.4482.43968
   649     183.589925.89060.540972
   649     283.708325.37980.162206
   649     380.360324.333-0.398377
   649     480.379424.88840.00459621
   650     183.604324.87760.490129
   650     283.669524.14420.105403
   650     380.131523.0329-0.666213
   650     480.212123.8145-0.248413
   651     183.396323.4803-0.0199465
   651     283.441122.6611-0.406981
   651     379.834521.5226-1.26017
   651     479.938822.3917-0.83651
   652     182.92321.8905-0.802354
   652     282.977321.086-1.19819
   652     379.319319.9262-2.04045
   652     479.416620.7819-1.6082
   653     182.142820.2411-1.75394
   653     282.229119.5165-2.16742
   653     378.495418.3294-2.94029
   653     478.56419.1063-2.49301
   654     181.01518.6125-2.81777
   654     281.149418.0082-3.25734
   654     377.302616.7841-3.92605
   654     477.328217.442-3.45669
   655     179.503117.0495-3.96071
   655     279.695916.5876-4.43351
   655     375.697215.3164-4.98056
   655     475.67115.8337-4.48267
   656     177.57315.5707-5.16244
   656     277.829915.2592-5.67402
   656     373.644613.9323-6.09477
   656     473.562414.3011-5.56297
   657     175.191714.1745-6.40898
   657     275.514314.0105-6.96298
   657     371.115612.6214-7.26289
   657     470.976912.8449-6.69327
   658     172.326712.8435-7.68784
   658     272.712512.8139-8.28569
   658     368.084611.359-8.4791
   658     467.892611.4504-7.86961
   659     168.945811.5452-8.98413
   659     269.388111.6265-9.62446
   659     364.529910.106-9.73469
   659     464.291710.0889-9.08568
   660     165.019310.2328-10.2769
   660     265.505510.3888-10.9548
   660     360.43488.80716-11.0154
   660     460.16228.71773-10.3303
   661     160.5216 8.842-11.5353
   661     261.03229.02097-12.2414
   661     3 55.797.38754-12.2984
   661     455.50117.2775-11.5847
   662     155.43557.28834-12.7145
   662     255.9427.41762-13.4337
   662     350.59835.74689-13.5494
   662     450.31895.68883-12.8195
   663     149.7585.4611-13.7508
   663     250.21975.44036-14.4605
   663     344.87963.75182-14.718
   663     444.64633.84619-13.9912
   664     143.5083.21603-14.5559
   664     243.86872.90801-15.2239
   664     338.67931.2252-15.7338
   664     438.54261.6097-15.0374
   665     136.73760.365419-15.0095
   665     236.9206-0.41613-15.592
   665     332.0783-2.06798-16.5004
   665     432.107-1.2059-15.8721
   666     129.5474-3.33447-14.9518
   666     2 29.45-4.84033-15.3902
   666     325.2062-6.43896-16.8889
   666     425.4933-4.84604-16.3792
   667     122.107-8.19944-14.1734
   667     221.5932-10.7645-14.3916
   667     318.2585-12.2988-16.731
   667     418.9277-9.63548-16.4054
   668     114.6826-14.637-12.4056
   668     213.575-18.7045-12.3067
   668     311.5172-20.1883-15.8106
   668     412.7317-16.003-15.7523
   669     17.67188-23.1707-9.30877
   669     25.74249-29.3216-8.77247
   669     35.3775-30.8143-13.8564
   669     47.34961-24.5122-14.1678
   670     11.64855-34.4687-4.46083
   670     2-1.39178-43.457-3.34146
   670     30.379106-45.0958-10.5331
   670     43.38224-35.9002-11.337
   671     1-2.583-49.3785 2.655
   671     2-7.0956-62.17234.52951
   671     3-2.75485-64.2164-5.43319
   671     41.62687-51.1237-6.87243
   672     1-3.93086-68.968912.6671
   672     2-10.3632-86.80215.4962
   672     3-3.07268-89.69311.93502
   672     43.12621-71.4152-0.301948
   673     179.230924.7408-0.0293759
   673     279.251624.8072-0.0306397
   673     379.251624.80720.0306397
   673     479.230924.74080.0293759
   674     179.119324.64850.198768
   674     278.978624.19770.207341
   674     378.978624.1977-0.207341
   674     479.119324.6485-0.198768
   675     178.796223.77660.290752
   675     278.589923.11520.303327
   675     378.589923.1152-0.303327
   675     478.796223.7766-0.290752
   676     178.167222.53180.309134
   676     277.947221.82650.322544
   676     377.947221.8265-0.322544
   676     478.167222.5318-0.309134
   677     177.168121.13280.285295
   677     276.964420.47990.297711
   677     376.964420.4799-0.297711
   677     477.168121.1328-0.285295
   678     175.754619.70350.23768
   678     275.584319.15760.248058
   678     375.584319.1576-0.248058
   678     475.754619.7035-0.23768
   679     173.892318.31070.1779
   679     273.764317.90060.185697
   679     373.764317.9006-0.185697
   679     473.892318.3107-0.1779
   680     171.55316.98470.113999
   680     271.470716.72090.119015
   680     371.470716.7209-0.119015
   680     471.55316.9847-0.113999
   681     168.712415.73010.0521789
   681     268.674615.60880.0544848
   681     368.674615.6088-0.0544848
   681     468.712415.7301-0.0521789
   682     165.349614.5304-0.0021359
   682     265.351214.5354-0.00223073
   682     365.351214.53540.00223073
   682     465.349614.53040.0021359
   683     161.448213.3512-0.0435139
   683     2 61.4813.4533-0.0454554
   683     3 61.4813.45330.0454554
   683     461.448213.35120.0435139
   684     156.998312.1392-0.0658507
   684     257.046812.2946-0.0688048
   684     357.046812.29460.0688048
   684     456.998312.13920.0658507
   685     152.000510.8203-0.0617531
   685     252.046210.9668-0.0645395
   685     352.046210.96680.0645395
   685     452.000510.82030.0617531
   686     146.4719.29505-0.0219235
   686     246.48739.3474-0.022919
   686     346.48739.34740.022919
   686     446.4719.295050.0219235
   687     140.44857.43270.0655107
   687     240.39937.275210.0685053
   687     340.39937.27521-0.0685053
   687     440.44857.4327-0.0655107
   688     134.0045.062170.215706
   688     233.84114.539790.225639
   688     333.84114.53979-0.225639
   688     434.0045.06217-0.215706
   689     127.25311.961050.447888
   689     226.9120.86780.468676
   689     326.9120.8678-0.468676
   689     427.25311.96105-0.447888
   690     120.3712-2.158490.78618
   690     219.7673-4.093970.822982
   690     319.7673-4.09397-0.822982
   690     420.3712-2.15849-0.78618
   691     113.6131-7.66721.26046
   691     212.636-10.79921.32001
   691     312.636-10.7992-1.32001
   691     413.6131-7.6672-1.26046
   692     17.33744-15.03981.90719
   692     25.84397-19.82661.99821
   692     35.84397-19.8266-1.99821
   692     47.33744-15.0398-1.90719
   693     12.03476-24.88032.77031
   693     2-0.158337-31.90952.90397
   693     3-0.158337-31.9095-2.90397
   693     42.03476-24.8803-2.77031
   694     1-1.63725-37.95223.90212
   694     2-4.76305-47.97084.09262
   694     3-4.76305-47.9708-4.09262
   694     4-1.63725-37.9522-3.90212
   695     1-2.81325-55.21535.3648
   695     2-7.16622-69.16715.63009
   695     3-7.16622-69.1671-5.63009
   695     4-2.81325-55.2153-5.3648
   696     1-0.367808-77.87027.23218
   696     2-6.31844-96.94287.59484
   696     3-6.31844-96.9428-7.59484
   696     4-0.367808-77.8702-7.23218
   697     180.379424.8884-0.00459621
   697     280.360324.3330.398377
   697     383.708325.3798-0.162206
   697     483.589925.8906-0.540972
   698     180.212123.81450.248413
   698     280.131523.03290.666213
   698     383.669524.1442-0.105403
   698     483.604324.8776-0.490129
   699     179.938822.39170.83651
   699     279.834521.52261.26017
   699     383.441122.66110.406981
   699     483.396323.48030.0199465
   700     179.416620.78191.6082
   700     279.319319.92622.04045
   700     382.977321.0861.19819
   700     482.92321.89050.802354
   701     178.56419.10632.49301
   701     278.495418.32942.94029
   701     382.229119.51652.16742
   701     482.142820.24111.75394
   702     177.328217.4423.45669
   702     277.302616.78413.92605
   702     381.149418.00823.25734
   702     481.01518.61252.81777
   703     175.67115.83374.48267
   703     275.697215.31644.98056
   703     379.695916.58764.43351
   703     479.503117.04953.96071
   704     173.562414.30115.56297
   704     273.644613.93236.09477
   704     377.829915.25925.67402
   704     477.57315.57075.16244
   705     170.976912.84496.69327
   705     271.115612.62147.26289
   705     375.514314.01056.96298
   705     475.191714.17456.40898
   706     167.892611.45047.86961
   706     268.084611.3598.4791
   706     372.712512.81398.28569
   706     472.326712.84357.68784
   707     164.291710.08899.08568
   707     264.529910.1069.73469
   707     369.388111.62659.62446
   707     468.945811.54528.98413
   708     160.16228.7177310.3303
   708     260.43488.8071611.0154
   708     365.505510.388810.9548
   708     465.019310.232810.2769
   709     155.50117.277511.5847
   709     2 55.797.3875412.2984
   709     361.03229.0209712.2414
   709     460.5216 8.84211.5353
   710     150.31895.6888312.8195
   710     250.59835.7468913.5494
   710     355.9427.4176213.4337
   710     455.43557.2883412.7145
   711     144.64633.8461913.9912
   711     244.87963.7518214.718
   711     350.21975.4403614.4605
   711     449.7585.461113.7508
   712     138.54261.609715.0374
   712     238.67931.225215.7338
   712     343.86872.9080115.2239
   712     443.5083.2160314.5559
   713     132.107-1.205915.8721
   713     232.0783-2.0679816.5004
   713     336.9206-0.4161315.592
   713     436.73760.36541915.0095
   714     125.4933-4.8460416.3792
   714     225.2062-6.4389616.8889
   714     3 29.45-4.8403315.3902
   714     429.5474-3.3344714.9518
   715     118.9277-9.6354816.4054
   715     218.2585-12.298816.731
   715     321.5932-10.764514.3916
   715     422.107-8.1994414.1734
   716     112.7317-16.00315.7523
   716     211.5172-20.188315.8106
   716     313.575-18.704512.3067
   716     414.6826-14.63712.4056
   717     17.34961-24.512214.1678
   717     25.3775-30.814313.8564
   717     35.74249-29.32168.77247
   717     47.67188-23.17079.30877
   718     13.38224-35.900211.337
   718     20.379106-45.095810.5331
   718     3-1.39178-43.4573.34146
   718     41.64855-34.46874.46083
   719     11.62687-51.12376.87243
   719     2-2.75485-64.21645.43319
   719     3-7.0956-62.1723-4.52951
   719     4-2.583-49.3785-2.655
   720     13.12621-71.41520.301948
   720     2-3.07268-89.6931-1.93502
   720     3-10.3632-86.802-15.4962
   720     4-3.93086-68.9689-12.6671
   721     186.364126.3162-1.36636
   721     286.32724.4851-0.967925
   721     391.129625.9983-2.80553
   721     490.971427.7573-3.12702
   722     186.178323.1934-1.17611
   722     286.279121.6477-0.690498
   722     391.506923.3091-2.28634
   722     491.194224.7776-2.70403
   723     185.9637 20.45-0.378808
   723     286.156719.09540.165009
   723     391.659420.8563-1.27177
   723     491.243722.1301-1.75344
   724     185.630617.93330.803406
   724     285.901116.73941.39622
   724     391.628818.58250.0905753
   724     491.126719.6926-0.444728
   725     185.101615.58042.23767
   725     285.449214.54392.8798
   725     391.402616.46721.69977
   725     490.814517.41711.11082
   726     184.316813.36793.84605
   726     284.746112.4894.54266
   726     390.960414.50093.48408
   726     490.280415.29022.83658
   727     183.22911.27955.58465
   727     283.746510.55696.34331
   727     390.275412.67165.39928
   727     489.494913.30114.68611
   728     181.79879.29877.43066
   728     282.4118.728968.25963
   728     389.31410.96237.42044
   728     488.424211.43496.63391
   729     179.99097.407389.37297
   729     280.70346.9849510.2799
   729     388.03579.351719.53324
   729     487.02879.672368.66642
   730     177.77235.5856611.405
   730     278.58865.3020612.3959
   730     386.39287.8134311.7267
   730     485.26367.9902810.7745
   731     175.11083.8112713.5189
   731     276.03113.6539414.5969
   731     384.33076.3157413.987
   731     483.07826.3611112.9472
   732     171.97572.0586215.7006
   732     272.99512.0089316.8647
   732     381.78644.8198216.2916
   732     480.41574.7523315.1663
   733     168.33840.29734117.9241
   733     269.4450.32753619.1677
   733     378.68873.277318.603
   733     477.2133.1248717.4002
   734     164.1749-1.5100120.1458
   734     265.3472-1.4411921.4542
   734     374.95721.6266720.8618
   734     473.40171.4309219.5977
   735     159.4699-3.4113422.2972
   735     260.6722-3.3650923.6449
   735     370.5035-0.2117822.9776
   735     468.9091-0.38923421.6794
   736     154.2216-5.470124.2752
   736     255.3994-5.5366725.6224
   736     365.2317-2.3428624.8177
   736     463.6614-2.4115623.5276
   737     148.4496-7.7728825.9311
   737     249.5223-8.0845227.2184
   737     359.0429-4.9060926.1929
   737     457.5888-4.7342524.9728
   738     142.206-10.440727.0552
   738     243.0575-11.189928.1977
   738     351.8416-8.088726.8388
   738     450.6354-7.4858125.7768
   739     135.5899-13.645627.3581
   739     236.0565-15.110628.2378
   739     343.5484-12.143326.3931
   739     442.7733-10.836225.6109
   740     128.7673-17.635226.448
   740     228.6222-20.214926.9044
   740     334.1207-17.411324.3665
   740     434.0275-15.011624.0292
   741     121.9982-22.768523.8022
   741     220.9325-27.029823.6225
   741     323.5876-24.353720.1093
   741     424.5125-20.314720.4354
   742     115.6706-29.565218.7355
   742     213.2715-36.303317.6444
   742     312.1047-33.588312.7737
   742     414.4889-27.150714.0455
   743     110.3442-38.772310.3634
   743     26.07026-49.08868.01381
   743     30.0240586-45.9371.27118
   743     44.43525-36.06033.84475
   744     16.80213-51.448-2.43968
   744     2-0.038019-66.8384-6.46943
   744     3-11.983-62.4678-15.7673
   744     4-4.83735-47.7563-11.4588
   745     194.236428.3993-4.85275
   745     294.182325.4864-4.78239
   745     399.006427.0258-7.66364
   745     498.867329.8526-7.61828
   746     194.109523.4948-4.48853
   746     294.270221.1064-4.29075
   746     399.371522.7661-6.71848
   746     499.008525.0666-6.81747
   747     193.910719.3171-3.6086
   747     294.283917.3628-3.2817
   747     399.799119.1771-5.35041
   747     499.2092 21.04-5.59146
   748     193.675615.726-2.30408
   748     294.230414.1366-1.86664
   748     3100.09916.0798-3.63997
   748     499.315517.575-4.00198
   749     193.382812.6052-0.696634
   749     294.092511.3004-0.163838
   749     3100.29813.3641-1.71723
   749     499.348614.5718-2.18197
   750     192.99459.823211.11996
   750     293.84738.740051.74235
   750     3100.42610.9340.345615
   750     499.320711.9164-0.213461
   751     192.4717.273283.09023
   751     293.46746.369273.80406
   751     3100.4868.713862.51643
   751     499.22169.512471.86329
   752     191.77284.877735.18743
   752     292.9214.126355.99931
   752     3100.4586.646454.78534
   752     499.02467.286674.03325
   753     1 90.862.582057.40252
   753     292.17241.967548.32153
   753     3100.314.688577.15373
   753     498.69145.185156.29508
   754     189.69090.3482439.73552
   754     291.1815-0.13844210.7715
   754     399.99312.806719.62702
   754     498.17393.167858.65335
   755     188.2215-1.8498912.1887
   755     289.9034-2.2139313.3508
   755     399.44920.97392612.2094
   755     497.41431.2042311.1129
   756     186.4037-4.0293114.7607
   756     288.2869-4.2743816.0559
   756     398.6045-0.83231114.8988
   756     496.3432-0.72943513.6736
   757     184.1844-6.1987717.441
   757     286.2733-6.3293418.8725
   757     397.3678-2.6315517.681
   757     494.8762-2.651516.3254
   758     181.5045-8.3586320.2027
   758     283.794-8.3828921.7672
   758     395.625-4.4414420.5229
   758     492.9106-4.5754119.0413
   759     178.2983-10.499922.9941
   759     280.7685-10.43424.6788
   759     393.2331-6.2786723.3627
   759     490.3202-6.5093621.769
   760     174.4926-12.602825.7272
   760     277.102-12.477627.5047
   760     390.0123-8.1602926.0968
   760     486.9498-8.4553124.419
   761     170.0078-14.635528.2617
   761     272.6822-14.506730.0835
   761     385.7369-10.105728.5619
   761     482.6097-10.407426.8487
   762     164.7588-16.553530.3831
   762     267.3771-16.518 32.17
   762     380.1253-12.139930.5096
   762     477.0701-12.349828.8394
   763     158.6587-18.301531.7728
   763     261.0316-18.522833.4015
   763     372.8303-14.299331.5712
   763     470.0563-14.253930.065
   764     151.6258-19.8231.9667
   764     253.4664-20.56833.2514
   764     3 63.43-16.641231.2091
   764     461.2498-16.074830.0479
   765     143.5943-21.062430.2988
   765     244.4778-22.77430.9652
   765     351.4275-19.259928.649
   765     450.2962-17.748728.0986
   766     134.5344-22.030725.825
   766     233.8433-25.403325.4773
   766     336.2664-22.312422.7888
   766     436.8346-19.189623.2314
   767     124.4798-22.842617.2263
   767     221.3418-28.960615.3086
   767     317.4037-26.046412.0891
   767     420.574-20.290414.0591
   768     113.5731-23.83632.68783
   768     26.77526-34.3563-1.56722
   768     3-5.63808-30.8616-5.5718
   768     41.36554-20.9341-1.33904
   769     1102.41330.7091-9.90425
   769     2102.61227.1818-10.1384
   769     3107.93328.8964-13.6428
   769     4107.52832.3185-13.274
   770     1102.25224.4938-9.08289
   770     2102.41321.1903-9.31375
   770     3107.29222.8321-12.5828
   770     4106.94126.0332-12.2268
   771     1101.91318.7802-7.88471
   771     2102.28916.3223-7.93712
   771     3106.94717.9243-10.45
   771     4106.39420.2893-10.3001
   772     1101.52814.2922-6.38476
   772     2102.1112.464-6.28235
   772     3106.78214.0851-8.25374
   772     4106.02615.8258-8.27799
   773     1101.15710.6856-4.71802
   773     2101.939.27092-4.48808
   773     3106.81910.9729-6.12958
   773     4105.86712.3012-6.29241
   774     1100.8327.63237-2.94488
   774     2101.7936.48941-2.6017
   774     3107.068.32537-4.05629
   774     4105.9099.37964-4.33777
   775     1100.5514.91028-1.08534
   775     2101.7093.95428-0.63306
   775     3107.4795.96886-1.99233
   775     4106.1176.83121-2.38456
   776     1100.2922.37720.859721
   776     2101.6621.559411.42368
   776     3108.0433.791480.0995509
   776     4106.4514.50868-0.403361
   777     1100.021-0.05766252.89909
   777     2101.622-0.7640223.58172
   777     3108.711.720922.25042
   777     4106.8652.318221.63191
   778     199.6938-2.452645.04672
   778     2101.551-3.060755.85801
   778     3109.433-0.2898474.48701
   778     4107.310.199473.74473
   779     199.2643-4.844297.31881
   779     2101.404-5.358328.2707
   779     3110.162-2.270766.83286
   779     4107.733-1.886235.95655
   780     198.6786-7.252259.73112
   780     2101.128-7.6698110.8367
   780     3110.833-4.238699.30795
   780     4108.069-3.9628.28627
   781     197.8749-9.6801412.2958
   781     2100.66-9.9935413.568
   781     3111.366-6.1985311.9269
   781     4108.241-6.0376110.7485
   782     196.7793-12.113215.0169
   782     299.9224-12.310216.4672
   782     3111.655-8.1420314.695
   782     4108.148-8.1086513.3502
   783     195.3008-14.512617.8841
   783     298.8149-14.5778 19.52
   783     3111.555-10.044617.6026
   783     4107.657-10.15316.0853
   784     193.3244-16.807120.8636
   784     297.2056-16.723622.6848
   784     3110.866-11.859620.6153
   784     4106.586-12.124218.9269
   785     190.7024-18.879323.8843
   785     294.9181-18.633525.8769
   785     3109.312-13.51123.6598
   785     4104.69-13.941621.8146
   786     187.2424-20.548326.8179
   786     291.7131-20.137628.9449
   786     3106.508-14.880726.6028
   786     4101.637-15.474224.6365
   787     182.6922-21.544229.4475
   787     287.2632-20.993531.6344
   787     3101.92-15.793829.2178
   787     496.9701-16.518227.2012
   788     176.7184-21.475431.4221
   788     281.117-20.865233.5339
   788     394.807-15.995631.1356
   788     490.0725-16.762629.1954
   789     168.8799-19.786932.1857
   789     272.6479-19.305733.991
   789     384.1427-15.12331.7665
   789     480.1078-15.738630.1188
   790     158.5922-15.711730.8685
   790     260.9813-15.749231.9813
   790     368.5122-12.665630.1782
   790     465.953-12.74329.1812
   791     145.0861-8.2354926.1174
   791     244.8863-9.5674125.9006
   791     345.9678-7.9333924.8905
   791     446.1186-6.7244825.1339
   792     127.34213.8834615.8458
   792     222.7012-0.16354613.3021
   792     314.12270.046756813.6075
   792     418.83933.8808416.011
   793     1115.19133.6245-16.6849
   793     2117.8427.7775-16.9272
   793     3132.13132.356-23.3089
   793     4128.9737.9532-22.8256
   794     1113.70422.6342-14.104
   794     2114.12219.3083-14.6076
   794     3118.77620.9065-17.8978
   794     4118.18624.1259-17.2756
   795     1111.8116.3456-11.6167
   795     2111.77614.2092-12.0417
   795     3113.81314.9899-14.0522
   795     4113.76817.0653-13.557
   796     1110.04112.1017-9.60049
   796     2110.0510.5738-9.89332
   796     3111.61311.2087-11.3358
   796     4111.54512.6887-10.993
   797     1108.6238.86233-7.8901
   797     2108.8377.67084-8.04906
   797     3110.6968.40982-9.23959
   797     4110.4169.5535-9.0384
   798     1107.598 6.148-6.32859
   798     2108.0775.15929-6.35928
   798     3110.5426.10839-7.45119
   798     4109.987.04375-7.38004
   799     1106.9383.7135-4.8143
   799     2107.7082.85872-4.72115
   799     3110.9124.06916-5.79623
   799     4110.0374.86233-5.84739
   800     1106.5851.42204-3.286
   800     2107.6620.66385-3.07083
   800     3111.6732.16585-4.17862
   800     4110.4692.85263-4.34815
   801     1106.478-0.8093-1.70573
   801     2107.878-1.4919-1.36737
   801     3112.7410.32563-2.54319
   801     4111.1910.92601-2.83062
   802     1106.554-3.03428-0.0467909
   802     2108.297-3.652770.419175
   802     3114.057-1.49523-0.854374
   802     4112.142-0.970651-1.26256
   803     1106.757-5.288551.71347
   803     2108.868-5.847622.31488
   803     3115.576-3.322370.915546
   803     4113.271-2.869740.380362
   804     1107.027-7.593473.59757
   804     2109.541-8.091674.34583
   804     3117.257-5.167632.79253
   804     4114.528-4.789142.1207
   805     1107.306-9.955475.62951
   805     2110.261-10.38476.53958
   805     3119.049-7.02924.8037
   805     4115.859-6.733563.98219
   806     1107.524-12.36187.83486
   806     2110.966-12.70598.92506
   806     3120.887-8.888676.97828
   806     4117.192-8.692185.99091
   807     1107.596-14.771910.2395
   807     2111.573-15.004711.5309
   807     3122.675-10.70479.34718
   807     4118.429-10.63298.17515
   808     1107.409-17.10412.8667
   808     2111.966-17.186714.3819
   808     3124.262-12.402811.9413
   808     4119.425-12.492410.5643
   809     1106.808-19.213315.7323
   809     2111.977-19.091717.4929
   809     3125.418-13.859214.788
   809     4119.965-14.160213.1865
   810     1105.569-20.859318.8366
   810     2111.356-20.460820.8585
   810     3125.791-14.876417.9053
   810     4119.725-15.453916.0646
   811     1103.37-21.65522.1503
   811     2109.726-20.887624.4348
   811     3124.838-15.146521.2915
   811     4118.222-16.080419.2094
   812     199.7435-20.9925.5915
   812     2106.521-19.74428.1103
   812     3121.731-14.194624.9076
   812     4114.73-15.575822.6084
   813     193.9966-17.911128.9864
   813     2100.872-16.0731.6534
   813     3115.201-11.291528.6476
   813     4108.16-13.208726.206
   814     185.1004-10.937232.0012
   814     291.4427-8.4089234.622
   814     3103.294-5.3182832.2842
   814     496.868-7.8253629.8706
   815     171.50772.2398734.0149
   815     276.14495.4538736.1956
   815     382.97355.4582635.3727
   815     478.3532.4120633.3332
   816     150.900225.172633.8473
   816     251.520628.638434.7269
   816     349.126223.6104 36.93
   816     448.618220.500536.0272
   817     191.882846.0832-56.5563
   817     2 86.8239.0803-53.3562
   817     387.756129.7039-54.3433
   817     493.159736.7966-57.7731
   818     1110.03615.5775-43.3642
   818     2106.01913.232-41.7246
   818     3109.77512.3832-40.0162
   818     4114.15714.832-41.6878
   819     1120.368-2.20299-33.5612
   819     2116.911-2.09478-32.7462
   819     3122.0051.76458-29.7684
   819     4125.8331.79123-30.5186
   820     1125.723-12.2112-26.0862
   820     2122.654-10.8355-25.7212
   820     3128.17-4.51666-22.2524
   820     4131.597-5.72949-22.5084
   821     1127.973-17.3285-20.2925
   821     2125.201-15.3804-20.1604
   821     3130.611-7.99897-16.6232
   821     4133.715-9.76588-16.6306
   822     1128.31-19.3813-15.7259
   822     2125.786-17.2656-15.7013
   822     3130.803-9.68087-12.3187
   822     4133.627-11.6076-12.2181
   823     1127.504-19.5373-12.0633
   823     2125.197-17.4861-12.0738
   823     3129.681-10.216-8.95458
   823     4132.253-12.0796-8.82645
   824     1126.051-18.5459-9.07173
   824     2123.939-16.6881-9.07573
   824     3127.837-10.0338-6.26385
   824     4130.18-11.7125-6.1533
   825     1124.27-16.8866-6.58088
   825     2122.334-15.2899-6.55499
   825     3125.646-9.41613-4.05819
   825     4127.779-10.848-3.98999
   826     1122.366-14.8637-4.46529
   826     2120.591-13.5594-4.39658
   826     3123.341-8.54716-2.20348
   826     4125.283-9.7045-2.19059
   827     1120.47-12.6664-2.63161
   827     2118.84-11.6654-2.51328
   827     3121.065-7.54573-0.60356
   827     4122.834-8.42038-0.652193
   828     1118.666-10.4084-1.01006
   828     2117.167-9.71068-0.838912
   828     3118.909-6.487040.810419
   828     4120.521-7.081150.697913
   829     1117.009-8.154310.451577
   829     2115.63-7.754250.676543
   829     3116.926-5.417322.08715
   829     4118.394-5.737851.91066
   830     1115.536-5.935531.79221
   830     2114.272-5.826042.07057
   830     3115.156-4.364163.25993
   830     4116.488-4.419473.02065
   831     1114.282-3.761193.04074
   831     2113.132-3.936423.37107
   831     3113.629-3.344574.35005
   831     4114.827-3.14184.04993
   832     1113.283-1.623774.21902
   832     2112.253-2.082334.5994
   832     3112.379-2.372425.36958
   832     4113.438-1.914655.0107
   833     1112.5870.4992925.34549
   833     2111.693-0.2505695.77432
   833     3111.449-1.467076.32449
   833     4112.353-0.749015.9081
   834     1112.2652.648736.44072
   834     2111.5341.581466.91845
   834     3110.901-0.665747.21914
   834     4111.6220.334096.74365
   835     1112.4294.893797.5369
   835     2111.9083.448768.06924
   835     3110.828-0.04305878.06328
   835     4111.3161.290517.52061
   836     1113.2617.354768.69501
   836     2113.0255.408729.29795
   836     3111.3780.2569728.88072
   836     4111.5532.032018.25046
   837     1115.0810.247610.0365
   837     2115.2767.567610.7394
   837     3112.825-0.02946839.70843
   837     4112.5282.391058.9526
   838     1118.5113.967311.8025
   838     2119.51110.152412.6266
   838     3115.808-1.3495410.5215
   838     4114.6432.063159.60033
   839     1125.00819.215514.4641
   839     2128.08813.736415.2461
   839     3122.332-4.290310.7374
   839     4118.9770.5433679.76286
   840     1138.92826.947118.8631
   840     2149.67920.169418.1331
   840     3140.745-8.280176.13132
   840     4129.489-2.55726.38778
   841     1142.87454.9332-75.0407
   841     2130.12544.1036-68.9171
   841     3136.05129.4049-65.7477
   841     4149.74440.2522-72.0857
   842     1146.91229.1928-50.6772
   842     2137.9823.4616-47.1015
   842     3143.55617.9018-43.1812
   842     4153.17423.7091-46.7864
   843     1147.86912.0811-34.005
   843     2141.3019.53342-32.0173
   843     3146.8259.99207-27.8009
   843     4153.93312.6817-29.7166
   844     1146.8721.05747-22.4997
   844     2141.8110.438783-21.4856
   844     3147.2434.62381-17.2716
   844     4152.7515.43824-18.1628
   845     1144.686-5.78572-14.4926
   845     2140.629-5.27485-14.0673
   845     3145.8451.04954-10.0357
   845     4150.2840.771059-10.3171
   846     1141.837-9.76647-8.87754
   846     2138.477-8.64032-8.79591
   846     3143.364-1.26509-5.04473
   846     4147.054-2.13887-4.97856
   847     1138.678-11.802-4.90502
   847     2135.822-10.3905-5.0105
   847     3140.297-2.69955-1.58572
   847     4143.439-3.8529-1.33815
   848     1135.439-12.5303-2.06243
   848     2132.962-11.0433-2.25518
   848     3136.976-3.52330.829767
   848     4 139.7-4.757511.15388
   849     1132.264-12.3940.00347221
   849     2130.084-10.9631-0.213205
   849     3133.617-3.927612.53799
   849     4136.009-5.119552.87308
   850     1129.244-11.69891.53716
   850     2127.304-10.40461.33627
   850     3130.355-4.048183.77087
   850     4132.476-5.123464.07658
   851     1126.429-10.65492.70793
   851     2124.689-9.544432.54732
   851     3127.271-3.98097 4.688
   851     4129.166-4.896484.94011
   852     1123.849-9.40413.63257
   852     2122.277-8.503443.52685
   852     3124.412-3.793445.3981
   852     4126.112-4.525985.58276
   853     1121.514-8.041644.39043
   853     2120.089-7.363124.34778
   853     3121.802-3.532525.97343
   853     4123.332-4.071496.08339
   854     1119.429-6.62985.03349
   854     2118.134-6.177075.05778
   854     3119.451-3.230316.45919
   854     4120.829-3.57316.49155
   855     1117.595-5.208625.59283
   855     2116.42-4.979665.6848
   855     3117.365-2.908396.87932
   855     4118.603-3.057586.83421
   856     1116.014-3.803786.08253
   856     2114.956-3.792476.2403
   856     3115.552-2.581187.23968
   856     4116.655-2.543167.11966
   857     1114.692-2.43296.50156
   857     2113.758-2.629656.72062
   857     3114.024-2.259317.52895
   857     4114.987-2.043747.33894
   858     1113.648-1.111336.83402
   858     2112.853-1.50297.10669
   858     3112.809-1.953387.71757
   858     4113.616-1.57357.46523
   859     1112.9130.1417437.04723
   859     2112.29-0.4270967.36177
   859     3111.951-1.679237.75449
   859     4112.57-1.15261 7.451
   860     1112.541.295097.08524
   860     2112.1410.5717517.4249
   860     3111.521-1.46497.56085
   860     4111.901-0.8143347.22167
   861     1112.6012.291916.84777
   861     2112.4931.44247.19134
   861     3111.609-1.35717.01825
   861     4111.682-0.610766.66275
   862     1113.1473.021166.11374
   862     2113.3572.074616.44601
   862     3112.246-1.416525.94965
   862     4111.988-0.601225.59262
   863     1113.9843.24774.22858
   863     2114.1412.18108 4.615
   863     3112.925-1.680384.13895
   863     4112.715-0.759723.72822
   864     1113.3222.48023-1.41724
   864     2110.3010.677164-0.260068
   864     3109.38-2.306772.07054
   864     4112.396-0.6061250.996221
   865     1200.64851.4077-82.3226
   865     2180.97939.3141-74.9055
   865     3189.33221.9234-65.5341
   865     4210.28933.8232-72.889
   866     1188.31536.5541-53.7259
   866     2174.14728.8492-48.9304
   866     3180.57219.6157-41.0626
   866     4195.63627.2536-45.7239
   867     1177.84125.0482-33.6475
   867     2167.44720.3948-30.6726
   867     3172.89217.1832-23.9751
   867     4183.94221.8853-26.7792
   868     1168.82616.3533-19.6515
   868     2161.03813.7837-17.9211
   868     3165.94314.8205-12.1633
   868     4174.23717.5316-13.7093
   869     1160.999.93222-9.97467
   869     2155.0198.75412-9.07866
   869     3159.56512.6283-4.09695
   869     4165.9414.0149-4.80903
   870     1154.135.2887-3.34979
   870     2149.4485.01474-3.00053
   870     3153.68710.65071.32625
   870     4158.70311.17631.15208
   871     1148.0972.010261.12734
   871     2144.3452.29941.13067
   871     3148.2788.897264.89695
   871     4152.3128.882965.05539
   872     1142.778-0.2335074.1016
   872     2139.7080.3815533.89853
   872     3143.3197.359397.18087
   872     4146.637.026297.53038
   873     1138.079-1.701676.03251
   873     2135.52-0.9244155.71942
   873     3138.7936.018878.58171
   873     4141.5595.518449.02543
   874     1133.924-2.594517.2468
   874     2131.754-1.767026.88976
   874     3134.6784.853469.38635
   874     4137.0264.288619.85867
   875     1130.248-3.065277.97563
   875     2128.378-2.26317.61945
   875     3130.95  3.849.79724
   875     4132.9713.2798710.2543
   876     1126.993-3.230118.38096
   876     2125.361-2.50348.05566
   876     3127.5832.956159.95542
   876     4129.3442.446510.3684
   877     1124.109-3.17648.57425
   877     2122.667-2.557598.29951
   877     3124.5482.181589.95695
   877     4126.0981.7520210.3075
   878     1121.554-2.969418.62935
   878     2120.264-2.478638.41769
   878     3121.8151.498649.86418
   878     4123.1941.1676510.141
   879     1119.287-2.657738.59125
   879     2118.121-2.30648.4501
   879     3119.3570.8930689.71332
   879     4120.5940.6713329.91037
   880     1117.273-2.277728.48145
   880     2116.209-2.070828.41449
   880     3117.1460.3547429.51899
   880     4118.2660.2471989.63374
   881     1115.481-1.857528.30068
   881     2 114.5-1.794578.30842
   881     3115.157-0.1213169.27609
   881     4116.18-0.1144779.30911
   882     1113.882-1.420818.02894
   882     2112.97-1.495828.10874
   882     3113.37-0.5335228.95927
   882     4114.311-0.4168758.91429
   883     1112.448-0.9908397.62306
   883     2111.594-1.191037.76844
   883     3111.765-0.8718388.52028
   883     4112.637-0.6556518.40476
   884     1111.15-0.5942047.01126
   884     2110.344-0.89815 7.211
   884     3110.326-1.115737.88381
   884     4111.141-0.8173637.71005
   885     1109.952-0.2610676.08517
   885     2109.177-0.6383596.32349
   885     3109.025-1.233786.94634
   885     4109.802-0.8773966.7316
   886     1108.797-0.005572514.6961
   886     2107.999-0.4263544.95902
   886     3107.783-1.192415.59313
   886     4108.58-0.7995325.35418
   887     1107.6020.2861212.71188
   887     2106.653-0.1902453.0115
   887     3106.415-0.9995663.77803
   887     4107.363-0.5526633.50776
   888     1106.5741.410490.609103
   888     2105.7110.7946770.980882
   888     3105.223-0.7747581.62678
   888     4106.074-0.2193691.27882
   889     1255.96738.8662-73.7095
   889     2230.64227.3652-66.9534
   889     3238.54311.8145-50.8087
   889     4265.1122.9743-57.0329
   890     1228.81436.6873-48.3874
   890     2209.81828.4871-43.6721
   890     3215.58518.7359-30.9269
   890     4235.45226.7388-35.1942
   891     1207.20933.317-29.897
   891     2192.90327.5986-26.7238
   891     3197.4522.5551-16.5927
   891     4212.38728.2065-19.3881
   892     1189.91629.5005-16.5726
   892     2179.07325.6181-14.5408
   892     3182.92224.2144-6.42601
   892     4194.23628.137-8.13883
   893     1175.97125.6679-7.11292
   893     2167.68923.1239-5.9093
   893     3171.11824.40620.6414
   893     4179.76527.0725-0.292672
   894     1164.63822.0539-0.516018
   894     2158.25320.47020.0998629
   894     3 161.423.63165.42864
   894     4168.07725.39565.0406
   895     1155.35318.76963.98102
   895     2150.37917.86264.19087
   895     3153.30422.24828.55769
   895     4158.51723.37268.54049
   896     1147.68515.85386.95308
   896     2143.76615.41266.89256
   896     3146.48720.507410.4964
   896     4150.60621.18610.7199
   897     1141.30113.30538.82979
   897     2138.17613.17428.5991
   897     3140.69318.583211.5938
   897     4143.98818.958211.9624
   898     1135.94511.10079.92963
   898     2133.4211.16569.60206
   898     3135.72716.593612.1074
   898     4138.39816.768712.5519
   899     1131.4179.2069210.4866
   899     2129.3469.3846110.1152
   899     3131.43514.615812.2258
   899     4133.6314.666512.6964
   900     1127.5567.5869610.6705
   900     2125.8327.8171310.2933
   900     3127.69712.698212.0848
   900     4129.52912.679512.5464
   901     1124.2376.2042710.6026
   901     2122.7756.4433510.2464
   901     3124.41410.86911.7801
   901     4125.96810.820712.2083
   902     1121.3555.0247810.3665
   902     2120.0915.2413210.0503
   902     3121.5039.1427511.3772
   902     4122.8469.0938811.7553
   903     1118.8244.0182210.0169
   903     2117.7034.189349.75394
   903     3118.8937.5250110.9177
   903     4120.0797.4970811.2345
   904     1116.5693.158929.5851
   904     2115.5473.267619.38442
   904     3116.5196.0166610.4245
   904     4117.5956.0260710.6725
   905     1114.5222.426359.08226
   905     2113.5572.459468.95023
   905     3114.324.617439.90421
   905     4115.3284.6773510.0789
   906     1112.6191.80588.50114
   906     2111.671.752538.44219
   906     3112.2333.329429.34851
   906     4113.2163.451239.44711
   907     1110.7951.289237.81587
   907     2109.8171.140157.83297
   907     3110.1932.161068.73372
   907     4111.1962.355378.75524
   908     1108.9790.8766366.98079
   908     2107.9230.6234317.07541
   908     3108.1281.13168.01839
   908     4109.2021.408687.96348
   909     1107.0950.5780945.93034
   909     2105.9070.2148366.10161
   909     3105.9640.2760217.13863
   909     4107.1640.6446517.01048
   910     1105.0720.4147114.58654
   910     2103.715-0.05578454.82808
   910     3103.651-0.3507485.99834
   910     4105.0150.1104535.80512
   911     1102.8840.399482.88144
   911     2101.404-0.1442423.17019
   911     3101.256-0.6714114.44072
   911     4102.739-0.1466194.20429
   912     1100.5630.3308450.65153
   912     299.0886-0.1942220.925501
   912     398.9591-0.6179842.20006
   912     4100.437-0.1077651.9787
   913     1297.86124.504-48.6148
   913     2268.60314.1751-44.3142
   913     3273.3384.8427-22.8751
   913     4303.36214.896-26.1901
   914     1260.17332.2577-32.5636
   914     2237.60524.4111-29.4298
   914     3241.05318.138-12.5455
   914     4264.16725.8083-14.9048
   915     1230.24936.1698-20.4891
   915     2212.85830.2548-18.274
   915     3215.52126.5678-4.99085
   915     4233.30832.3952-6.59728
   916     1206.4637.4314-11.5251
   916     2193.06533.0088-10.0217
   916     3195.25631.41990.423552
   916     4208.94635.8291-0.601347
   917     1187.51536.9231-4.97442
   917     2177.19233.6438-4.0116
   917     3179.09733.68454.20468
   917     4189.64437.00853.61842
   918     1172.38635.2792-0.276018
   918     2164.42232.86880.284851
   918     3166.14334.11676.75494
   918     4174.28436.61476.49086
   919     1160.26332.95013.01646
   919     2154.10431.19433.28576
   919     3155.69533.28638.39074
   919     4161.99735.1598.35587
   920     1150.50530.24925.25419
   920     2145.72628.98225.31831
   920     3147.2131.6189.35792
   920     4152.10733.01979.4795
   921     1142.60927.39066.70986
   921     2138.88426.48476.6354
   921     3140.26829.4249.84493
   921     4144.09330.473110.0671
   922     1136.17924.5177.59259
   922     2133.25623.87467.4302
   922     3134.5426.93019.9943
   922     4137.54827.717110.2747
   923     1130.90221.71998.06059
   923     2128.58821.26647.84829
   923     3129.76924.29649.91215
   923     4132.15624.890510.2194
   924     1126.53219.0558.23182
   924     2124.67718.73367.99778
   924     3125.75121.63349.67607
   924     4127.66822.08759.98727
   925     1122.87116.55278.19245
   925     2121.3616.31997.95737
   925     3122.32319.01519.34149
   925     4123.88819.36999.64006
   926     1119.76214.2278.00367
   926     2118.50114.04927.78259
   926     3119.35116.48828.94666
   926     4120.65916.77559.22092
   927     1117.07412.08047.70687
   927     2115.98711.93117.51074
   927     3116.72514.08028.5165
   927     4117.8514.32558.7583
   928     1114.69610.10997.32748
   928     2113.7219.967287.16445
   928     3114.34611.80558.06565
   928     4115.35412.02998.2693
   929     1112.5348.309926.87777
   929     2111.6118.154796.75423
   929     3112.1259.669757.6007
   929     4113.0759.892157.76202
   930     1110.4966.676226.35848
   930     2109.5696.490146.28007
   930     3109.9727.674287.12175
   930     4110.921 7.9137.23733
   931     1108.4935.209375.75957
   931     2107.4994.97275.73203
   931     3107.7925.82016.62322
   931     4108.8036.094746.68969
   932     1106.4293.918045.0594
   932     2105.2973.608045.0894
   932     3105.4794.112256.09338
   932     4106.6244.445426.10684
   933     1104.1952.821154.2213
   933     2102.8372.410444.31663
   933     3102.9082.56595.5105
   933     4104.2732.984925.46647
   934     1101.6561.944923.18201
   934     299.96451.400763.35025
   934     399.92521.217074.83098
   934     4101.6211.755254.72604
   935     198.63661.307311.81828
   935     296.46820.5915262.06145
   935     396.34050.1432273.95956
   935     498.51060.8420973.79729
   936     194.92240.935602-0.0726409
   936     292.14090.02423540.228953
   936     391.9867-0.4781382.67224
   936     494.77020.4144782.47464
   937     1316.64415.4143-11.899
   937     2285.5115.69505-11.2669
   937     3285.4315.437612.3423
   937     4316.55915.143912.8941
   938     1274.25327.8796-8.54942
   938     2250.03120.3229-8.09303
   938     3250.03920.350110.535
   938     4274.26227.908210.9997
   939     1240.63435.4975-5.97028
   939     2221.83229.6355-5.64265
   939     3221.89429.83259.0051
   939     4240.69935.70419.39258
   940     1213.9739.5643-3.99006
   940     2199.40535.0263-3.7556
   940     3199.49335.30957.72651
   940     4214.06239.86128.04602
   941     1192.80941.0773-2.47383
   941     2181.54537.5699-2.30585
   941     3181.64337.88126.67125
   941     4192.91141.40356.93169
   942     1175.99440.7984-1.31582
   942     2167.29338.0901-1.19451
   942     3167.38738.39065.8108
   942     4176.09241.11316.02048
   943     1162.60439.3024-0.433392
   943     2155.88437.2112-0.344259
   943     3155.96737.47695.11699
   943     4162.69139.58055.28351
   944     1151.90837.01710.237324
   944     2146.71335.40070.304717
   944     3146.7835.61834.56294
   944     4151.97937.24484.69318
   945     1143.32534.25590.745025
   945     2139.29933.00330.798043
   945     3139.35133.16774.12373
   945     4143.37934.42794.22385
   946     1136.39831.24471.12615
   946     2133.26530.26951.16985
   946     3 133.330.38123.77682
   946     4136.43431.36143.85228
   947     1130.76428.14221.4073
   947     2128.30927.37741.44503
   947     3128.32927.44083.50208
   947     4130.78528.20853.55774
   948     1126.13725.05741.60724
   948     2124.19124.45061.64107
   948     3124.19824.47323.28167
   948     4126.14525.08113.32187
   949     1122.28922.06191.73846
   949     2120.7221.57211.76951
   949     3120.71721.56343.09986
   949     4122.28622.05283.12849
   950     1119.03619.20061.80844
   950     2117.73918.79521.83716
   950     3117.7318.76592.94281
   950     4119.027 19.172.96342
   951     1116.22916.49871.82066
   951     2115.11816.15131.84704
   951     3115.10616.11322.79846
   951     4116.21616.45892.81432
   952     1113.74113.96871.77544
   952     2112.74513.65711.79915
   952     3112.73413.62242.65655
   952     4113.7313.93252.67073
   953     1111.46611.61511.6706
   953     2110.51911.31941.69123
   953     3110.51311.30012.50896
   953     4111.45911.59492.5243
   954     1109.3029.438241.50208
   954     2108.3449.139611.51935
   954     3108.3469.146532.35028
   954     4109.3049.445462.36943
   955     1107.1537.439041.2644
   955     2106.1197.117331.27839
   955     3106.1327.15912.17895
   955     4107.1667.482632.20428
   956     1104.9155.622670.950581
   956     2103.7295.254250.962088
   956     3103.7545.335881.99899
   956     4104.9415.707852.0326
   957     1102.4654.004380.550758
   957     2101.0273.558130.561686
   957     3101.0653.679851.82299
   957     4102.5044.131371.86678
   958     199.64152.619440.0478975
   958     297.80492.049460.0618263
   958     397.85362.205611.67765
   958     499.69232.782331.73361
   959     196.20751.54511-0.590599
   959     293.73330.776601-0.567096
   959     393.78810.9521771.61539
   959     496.26461.728261.68602
   960     191.75540.921489-1.4594
   960     288.1843-0.188972-1.41718
   960     388.24420.003056541.7407
   960     491.81791.121781.83433
   961     1307.49815.653427.403
   961     2276.8065.404224.0921
   961     3271.8114.455346.0381
   961     4301.71224.96350.3595
   962     1266.9426.753317.3606
   962     2243.35218.920614.939
   962     3239.86125.410932.1649
   962     4262.89433.427735.3765
   963     1235.12433.39259.8764
   963     2217.01527.43668.17648
   963     3214.43631.60821.6782
   963     4232.14737.672623.9958
   964     1210.10636.78824.4184
   964     2196.2132.28163.29139
   964     3194.16534.463913.8663
   964     4207.77139.010615.4765
   965     1190.36937.87250.546576
   965     2 179.734.4779-0.136279
   965     3177.96235.03448.14787
   965     4188.41238.41119.20921
   966     1174.72937.3511-2.10123
   966     2166.52534.8046-2.44846
   966     3164.96234.09264.0491
   966     4172.99636.57574.69339
   967     1162.26935.7528-3.82002
   967     2155.94233.8489-3.92078
   967     3154.48532.19531.18768
   967     4160.67634.00221.52229
   968     1152.27733.468-4.8468
   968     2147.37532.0479-4.77275
   968     3145.99329.7367-0.741252
   968     4150.78131.0369-0.630454
   969     1144.20130.7811-5.36941
   969     2140.3829.7224-5.17713
   969     3139.06126.9915-1.97795
   969     4142.78627.9163-2.0233
   970     1137.61427.8951-5.53494
   970     2134.60927.1039-5.26847
   970     3133.35624.147-2.70988
   970     4136.27824.798-2.85868
   971     1132.18424.9521-5.45742
   971     2129.79124.3561-5.15065
   971     3128.6121.3278-3.08207
   971     4130.9321.7832-3.29364
   972     1127.65122.0484-5.22452
   972     2125.71321.5919-4.90332
   972     3124.61318.6137-3.20586
   972     4126.48718.9341-3.44897
   973     1123.80819.247-4.90314
   973     2122.20318.8867-4.5872
   973     3121.19316.0533-3.16611
   973     4122.74316.2854-3.41681
   974     1120.49216.5865-4.54396
   974     2119.12216.2883-4.24828
   974     3118.21213.6731-3.02694
   974     4119.53313.8538-3.26677
   975     1117.56814.0883-4.18494
   975     2116.35413.8249-3.92111
   975     3115.55211.4852-2.83611
   975     4116.72311.6441-3.05065
   976     1114.92311.7624-3.85395
   976     2 113.811.5111-3.63109
   976     3113.1139.49245-2.62819
   976     4 114.29.65392-2.80588
   977     1112.4619.61148-3.57035
   977     2111.3719.35255-3.39593
   977     3110.8077.6923-2.42658
   977     4111.8667.87744-2.55779
   978     1110.0947.63505-3.34573
   978     2108.9837.35031-3.22615
   978     3108.5486.07973-2.2442
   978     4109.6346.30785-2.3205
   979     1107.7385.83254-3.18339
   979     2106.5535.50396-3.12434
   979     3106.2534.64961-2.08269
   979     4107.4194.93968-2.09632
   980     1105.3094.20765-3.07603
   980     2103.993.81596-3.08263
   980     3103.8313.39846-1.92918
   980     4105.1383.77048-1.87274
   981     1102.7162.77441-3.00021
   981     2101.1932.29749-3.07646
   981     3101.1772.32558-1.74883
   981     4102.6942.80188-1.61564
   982     199.8531.56797-2.90393
   982     298.03710.979206-3.05079
   982     398.15921.43235-1.46911
   982     499.97382.0385-1.25476
   983     196.59370.66475-2.67997
   983     294.3653-0.0684479-2.88998
   983     394.59750.715609-0.945979
   983     496.82841.48001-0.653261
   984     192.79270.238985-2.09107
   984     290.002-0.670957-2.331
   984     390.25420.1456210.113977
   984     493.04711.087710.457836
   985     1272.34124.314459.2833
   985     2244.54312.696952.838
   985     3236.13528.55169.7838
   985     4262.62740.508376.7903
   986     1240.35928.456837.9505
   986     2219.66120.095933.4784
   986     3213.70930.421346.7369
   986     4233.50138.994551.6739
   987     1215.71329.994222.4743
   987     2200.24424.077919.5076
   987     3195.68729.761729.9496
   987     4210.51135.766533.3033
   988     1196.51129.800111.4573
   988     2184.87825.69349.61324
   988     3 181.127.67917.9016
   988     4192.25631.766720.069
   989     1181.35828.49823.79399
   989     2172.53825.71372.76785
   989     3169.19924.89269.40328
   989     4177.65527.572510.7005
   990     1169.23526.5264-1.37947
   990     2162.48124.6956-1.82436
   990     3159.41121.84913.53537
   990     4165.87723.51214.20819
   991     1159.40324.1881-4.729
   991     2154.16923.0354-4.77304
   991     3151.29118.8142-0.403709
   991     4156.28819.7562-0.167477
   992     1151.31821.6899-6.76193
   992     2147.20721.0108-6.54072
   992     3144.49515.9381-2.94438
   992     4148.40716.3807-3.00301
   993     1144.58219.1698-7.86117
   993     2141.30218.8131-7.47549
   993     3138.75413.2981-4.48483
   993     4141.86313.4066-4.73245
   994     1138.89416.7169-8.3133
   994     2136.2316.5711-7.83731
   994     3133.85510.9268-5.3221
   994     4136.37110.8237-5.68026
   995     1134.02714.3863-8.33128
   995     2131.81714.3692-7.8191
   995     3129.6278.83039-5.67656
   995     4131.7088.60616-6.08751
   996     1129.80512.2095-8.0721
   996     2127.92712.2605-7.56296
   996     3125.9336.99993-5.71068
   996     4127.6976.7215-6.1321
   997     1126.08710.2023-7.65052
   997     2124.44710.2762-7.17271
   997     3122.6585.41902-5.54336
   997     4124.1995.13602-5.94427
   998     1122.7598.36989-7.14937
   998     2121.2848.43288-6.72331
   998     3119.7074.06846-5.26069
   998     4121.0963.81799-5.61833
   999     1119.7296.71179-6.62722
   999     2118.3576.73797-6.26768
   999     3116.9962.92909-4.92375
   999     4118.2932.73934-5.22129
  1000     1116.9155.22438-6.12369
  1000     2115.5965.19351-5.84145
  1000     3114.4541.98359-4.57418
  1000     4115.711.87634-4.79898
  1001     1114.2483.90363-5.6628
  1001     2112.9393.79958-5.46571
  1001     3112.0181.2173-4.23751
  1001     4113.2741.20972-4.38001
  1002     1111.6662.74731-5.2543
  1002     2110.332.5572-5.14786
  1002     3109.6290.618627-3.92474
  1002     4110.9230.724103-3.97791
  1003     1109.1161.75697-4.8928
  1003     2107.721.47126-4.88005
  1003     3107.2380.178689-3.63173
  1003     4108.6010.406771-3.59113
  1004     1106.5540.940131-4.55386
  1004     2105.0740.553898-4.63443
  1004     3104.802-0.109842-3.3362
  1004     4106.2590.245008-3.201
  1005     1103.9510.312149-4.18551
  1005     2102.376-0.171365-4.35325
  1005     3 102.3-0.255519-2.99163
  1005     4103.860.220785-2.76727
  1006     1101.306-0.103719-3.69243
  1006     299.6574-0.665064-3.93048
  1006     399.7453-0.274064-2.51767
  1006     4101.3860.299953-2.22133
  1007     198.6817-0.282527-2.90658
  1007     297.0564-0.86812-3.17759
  1007     397.2474-0.199574-1.78881
  1007     498.87020.410547-1.4607
  1008     196.2815-0.233806-1.54067
  1008     294.9568-0.718446-1.76986
  1008     395.1461-0.104166-0.635353
  1008     496.47080.403542-0.35953
  1009     1218.95235.963376.4079
  1009     2196.41423.255368.5593
  1009     3187.29341.58278.7103
  1009     4208.43954.486886.6317
  1010     1201.64529.419248.7568
  1010     2185.60321.22743.7529
  1010     3178.85531.314352.0849
  1010     4193.94539.586257.2282
  1011     1188.2423.787829.5567
  1011     2176.62118.738126.5361
  1011     3171.06522.581233.5001
  1011     4   18227.595136.6941
  1012     1177.44419.028816.4144
  1012     2168.84616.123514.747
  1012     3163.91115.474320.6498
  1012     4171.99218.247322.5032
  1013     1168.45315.04737.57267
  1013     2161.94113.57856.80952
  1013     3157.3819.8599111.864
  1013     4163.48311.12412.8124
  1014     1160.77211.73521.76071
  1014     2155.71811.20671.58606
  1014     3151.4465.522285.94648
  1014     4156.1625.796886.29761
  1015     1154.0918.9894-1.93376
  1015     2150.0729.05558-1.74044
  1015     3146.072.236982.04306
  1015     4149.8041.888272.01326
  1016     1148.2046.7182-4.16348
  1016     2144.9297.1391-3.75533
  1016     3141.208-0.201169-0.456047
  1016     4144.239-0.916747-0.715452
  1017     1142.9684.84271-5.39425
  1017     2140.2355.45267-4.87695
  1017     3136.813-1.96806-1.98581
  1017     4139.334-2.87197-2.36941
  1018     1138.2773.29686-5.95757
  1018     2135.9423.98203-5.40354
  1018     3132.831-3.20855-2.85613
  1018     4134.982-4.17729-3.29083
  1019     1134.0462.02624-6.08842
  1019     2132.0022.70872-5.54701
  1019     3129.211-4.03852-3.28736
  1019     4131.093-4.98719-3.72264
  1020     1130.2020.986946-5.95256
  1020     2128.3711.61357-5.45712
  1020     3 125.9-4.54847-3.43563
  1020     4127.591-5.41902-3.83664
  1021     1126.6810.144248-5.66589
  1021     2125.0010.678839-5.23885
  1021     3122.848-4.80743-3.41088
  1021     4124.407-5.56039-3.75358
  1022     1123.428-0.528491-5.30826
  1022     2121.847-0.110477-4.96452
  1022     3120.005-4.86686-3.28955
  1022     4121.481-5.47558-3.55738
  1023     1120.387-1.05073-4.93291
  1023     2118.865-0.765681-4.68213
  1023     3117.325-4.76415-3.12338
  1023     4118.758-5.21102-3.30506
  1024     1117.512-1.43553-4.57276
  1024     2116.015-1.29365-4.42067
  1024     3114.766-4.52591-2.94519
  1024     4116.188-4.80021-3.03347
  1025     1114.761-1.69019-4.24402
  1025     2113.261-1.69614-4.19281
  1025     3112.291-4.17108-2.77226
  1025     4113.729-4.26828-2.76358
  1026     1 112.1-1.81687-3.94746
  1026     2110.58-1.9691-3.9954
  1026     3109.874-3.7142-2.60787
  1026     4111.345-3.63668-2.5028
  1027     1109.509-1.81366-3.66769
  1027     2107.964-2.10219-3.8078
  1027     3107.502-3.16895-2.44118
  1027     4109.009-2.92845-2.24593
  1028     1106.986-1.67676-3.37058
  1028     2105.431-2.07924-3.58815
  1028     3105.185-2.55258-2.24625
  1028     4106.712-2.17451-1.97536
  1029     1104.563-1.4056-2.99978
  1029     2103.046-1.88133-3.26881
  1029     3102.974-1.89126-1.98192
  1029     4104.471-1.42112-1.66225
  1030     1102.318-1.01462-2.47554
  1030     2100.942-1.49724-2.75442
  1030     3100.985-1.2263-1.59648
  1030     4102.349-0.737297-1.27222
  1031     1100.408-0.560005-1.70638
  1031     299.3498-0.953-1.9358
  1031     399.4372-0.61952-1.04795
  1031     4100.489-0.216357-0.783751
  1032     199.0813-0.192825-0.643342
  1032     298.6089-0.383024-0.755831
  1032     398.6798-0.151729-0.361671
  1032     499.15110.0464219-0.23377
  1033     1158.04543.135976.3988
  1033     2142.73631.137969.3734
  1033     3135.95347.196273.0162
  1033     4150.20159.167179.809
  1034     1159.32725.710149.7951
  1034     2148.81819.271745.8124
  1034     3142.83925.623850.0283
  1034     4152.60331.984953.9741
  1035     1158.76113.863132.112
  1035     2151.18710.866730.0096
  1035     3145.45910.776734.4126
  1035     4152.46513.630936.5854
  1036     1156.7335.8707120.3639
  1036     2151.0164.9655919.4109
  1036     3145.4510.80912923.7454
  1036     4150.7071.5156624.8232
  1037     1153.7130.53959412.5843
  1037     2149.2150.86689612.3202
  1037     3143.872-5.6877516.4347
  1037     4147.982-6.2543316.8467
  1038     1150.106-2.949287.46904
  1038     2146.437-1.93897.60095
  1038     3141.404-9.7356411.4156
  1038     4144.739-11.009511.4364
  1039     1146.214-5.162634.14317
  1039     2143.13-3.819264.48494
  1039     3138.479-12.07187.9663
  1039     4141.272-13.68847.77216
  1040     1142.248-6.493612.01579
  1040     2139.591-5.038692.44928
  1040     3135.369-13.22415.59414
  1040     4137.772-14.95045.29801
  1041     1138.347-7.21510.685857
  1041     2136.01-5.786981.13647
  1041     3132.237-13.56753.96037
  1041     4134.353-15.25633.63463
  1042     1134.594-7.51602-0.119682
  1042     2132.499-6.199670.301167
  1042     3129.175-13.36522.83095
  1042     4131.078-14.92532.52203
  1043     1131.028-7.52618-0.587092
  1043     2129.117-6.3726-0.225321
  1043     3126.229-12.79992.04357
  1043     4127.974-14.17611.78137
  1044     1127.664-7.33364-0.843388
  1044     2125.887-6.3724-0.558969
  1044     3123.415-11.9961.48536
  1044     4125.049-13.15581.28929
  1045     1124.493-6.9968-0.974799
  1045     2122.81-6.24404-0.779049
  1045     3120.73-11.03621.07785
  1045     4122.29-11.96170.960652
  1046     1121.496-6.55303-1.03907
  1046     2119.873-6.01625-0.938742
  1046     3118.16-9.973750.766877
  1046     4119.678-10.65650.736847
  1047     1118.65-6.025-1.07345
  1047     2117.057-5.70549-1.07186
  1047     3115.685-8.84210.515998
  1047     4117.19-9.280470.57798
  1048     1115.928-5.42559-1.09958
  1048     2114.342-5.31893-1.19674
  1048     3113.288-7.662670.30229
  1048     4114.801-7.861280.457703
  1049     1113.309-4.76202-1.12609
  1049     2111.718-4.85696-1.31791
  1049     3110.957-6.451460.114029
  1049     4112.488-6.422360.359945
  1050     1110.782-4.03998-1.14962
  1050     2109.189-4.31572-1.4262
  1050     3108.694-5.22552-0.0504338
  1050     4110.241-4.991130.276901
  1051     1108.357-3.26833-1.15482
  1051     2106.783-3.69063-1.4981
  1051     3106.52-4.00935-0.183292
  1051     4108.059-3.606610.20764
  1052     1106.065-2.4652-1.11502
  1052     2104.56-2.98222-1.49613
  1052     3104.486-2.84085-0.268714
  1052     4105.966-2.325750.156411
  1053     1103.975-1.66624-0.996187
  1053     2102.623-2.20654-1.37401
  1053     3102.68-1.77551-0.287431
  1053     4104.016-1.225210.129214
  1054     1102.19-0.934767-0.76983
  1054     2101.103-1.41289-1.09396
  1054     3101.227-0.885649-0.228011
  1054     4102.305-0.3922890.127095
  1055     1100.835-0.368643-0.443559
  1055     2100.127-0.707991-0.667781
  1055     3100.256-0.24961-0.107306
  1055     4100.9610.1042940.13701
  1056     1100.001-0.0840628-0.115125
  1056     299.6875-0.268711-0.230432
  1056     399.79320.07300020.00906739
  1056     4100.1070.2694920.132833
  1057     199.788539.694561.9551
  1057     293.042131.422157.8689
  1057     391.269641.897957.0538
  1057     4 97.5750.050160.8786
  1058     1119.83615.88944.4066
  1058     2114.77312.8948 42.42
  1058     3110.60414.237444.2809
  1058     4115.25117.115746.2237
  1059     1130.8591.5139832.627
  1059     2126.7311.3509631.7728
  1059     3121.375-2.5071434.8972
  1059     4125.108-2.4858835.8159
  1060     1136.16-6.9747124.5118
  1060     2132.635-5.6663424.269
  1060     3 126.9-12.307727.8744
  1060     4130.054-13.785628.2317
  1061     1137.917-11.737318.8095
  1061     2134.825-9.7468318.8796
  1061     3129.202-17.652122.5386
  1061     4131.955-19.832122.6012
  1062     1137.533-14.142814.7256
  1062     2134.778-11.924114.9379
  1062     3129.543-20.15618.4272
  1062     4131.993-22.574318.3488
  1063     1135.902-15.066211.7451
  1063     2133.427-12.875712.0018
  1063     3128.713-20.870815.2163
  1063     4130.919-23.261815.0859
  1064     1133.593-15.06899.5273
  1064     2131.353-13.04719.7729
  1064     3127.208-20.480412.6753
  1064     4129.213-22.696712.5447
  1065     1130.957-14.51087.84344
  1065     2128.914-12.73048.04624
  1065     3125.335-19.427210.6379
  1065     4127.174-21.390410.5375
  1066     1128.203-13.6216.53717
  1066     2126.324-12.11616.67883
  1066     3123.28-17.99348.98245
  1066     4124.984-19.66578.93077
  1067     1125.453-12.54265.50002
  1067     2123.701-11.32625.56944
  1067     3121.15-16.35557.61877
  1067     4122.752-17.72157.62795
  1068     1122.766-11.36274.65554
  1068     2121.106-10.43664.64542
  1068     3119.003-14.62046.47919
  1068     4120.535-15.67656.55788
  1069     1120.165-10.13233.94907
  1069     2118.566-9.492623.85425
  1069     3116.867-12.84955.51221
  1069     4118.359-13.59845.66709
  1070     1117.653-8.879313.34118
  1070     2116.083-8.519283.15812
  1070     3114.752-11.07594.67817
  1070     4116.231-11.52394.91433
  1071     1115.22-7.6192.80353
  1071     2113.655-7.528682.53081
  1071     3112.658-9.31753.94636
  1071     4114.147-9.474084.26665
  1072     1112.855-6.361412.31648
  1072     2111.28-6.525931.9562
  1072     3110.589-7.586993.29316
  1072     4112.102-7.467023.6967
  1073     1110.556-5.11841.86798
  1073     2108.971-5.514151.42813
  1073     3108.558-5.901232.70098
  1073     4110.093-5.528843.18072
  1074     1108.332-3.910031.45336
  1074     2106.759-4.499310.950807
  1074     3106.594-4.290122.15807
  1074     4108.129-3.704422.69754
  1075     1106.218-2.770531.07532
  1075     2104.708-3.495640.539088
  1075     3104.751-2.804571.6587
  1075     4106.235-2.065982.22865
  1076     1104.278-1.752490.743136
  1076     2102.909-2.531810.21612
  1076     3103.107-1.521031.20362
  1076     4104.46-0.7156561.76016
  1077     1102.601-0.925570.468975
  1077     2101.474-1.657090.0049968
  1077     3101.755-0.5365160.799745
  1077     4102.8740.2271791.28744
  1078     1101.284-0.3631490.259442
  1078     2100.491-0.943696-0.0893171
  1078     3100.7710.0561370.458132
  1078     4101.5640.6673250.823198
  1079     1100.393-0.1067250.104933
  1079     299.9537-0.472982-0.103225
  1079     3100.1630.2247290.190784
  1079     4100.6040.6134150.407628
  1080     199.9012-0.10244-0.0109533
  1080     299.7164-0.276773-0.105318
  1080     399.82780.08223020.0142712
  1080     4100.0150.2685130.112133

BCForce

 NODE    X-BCForce    Y-BCForce
     1             0     0
     2             0     0
     3        -69.923820.9508
     4             0     0
     5             0     0
     6             0     0
     7             0     0
     8        -69.9238-20.9508
     9             0     0
    10             0     0
    11             0     0
    12             0     0
    13             0     0
    14             0     0
    15             0     0
    16             0     0
    17             0     0
    18             0     0
    19             0     0
    20             0     0
    21             0     0
    22             0     0
    23             0     0
    24             0     0
    25             0     0
    26             0     0
    27             0     0
    28             0     0
    29             0     0
    30             0     0
    31             0     0
    32             0     0
    33             0     0
    34             0     0
    35             0     0
    36             0     0
    37             0     0
    38             0     0
    39             0     0
    40             0     0
    41             0     0
    42             0     0
    43             0     0
    44             0     0
    45             0     0
    46             0     0
    47             0     0
    48             0     0
    49             0     0
    50             0     0
    51             0     0
    52             0     0
    53             0     0
    54             0     0
    55             0     0
    56             0     0
    57             0     0
    58             0     0
    59             0     0
    60             0     0
    61             0     0
    62             0     0
    63             0     0
    64             0     0
    65             0     0
    66             0     0
    67             0     0
    68             0     0
    69             0     0
    70             0     0
    71             0     0
    72             0     0
    73             0     0
    74             0     0
    75             0     0
    76             0     0
    77             0     0
    78             0     0
    79             0     0
    80             0     0
    81             0     0
    82             0     0
    83             0     0
    84             0     0
    85             0     0
    86             0     0
    87             0     0
    88             0     0
    89             0     0
    90             0     0
    91             0     0
    92             0     0
    93             0     0
    94             0     0
    95             0     0
    96             0     0
    97             0     0
    98             0     0
    99             0     0
   100             0     0
   101             0     0
   102             0     0
   103             0     0
   104             0     0
   105             0     0
   106             0     0
   107             0     0
   108             0     0
   109             0     0
   110             0     0
   111             0     0
   112             0     0
   113             0     0
   114             0     0
   115             0     0
   116             0     0
   117             0     0
   118             0     0
   119             0     0
   120             0     0
   121             0     0
   122             0     0
   123             0     0
   124             0     0
   125             0     0
   126             0     0
   127             0     0
   128             0     0
   129             0     0
   130             0     0
   131             0     0
   132             0     0
   133             0     0
   134             0     0
   135             0     0
   136             0     0
   137             0     0
   138             0     0
   139             0     0
   140             0     0
   141             0     0
   142             0     0
   143             0     0
   144             0     0
   145             0     0
   146             0     0
   147             0     0
   148             0     0
   149             0     0
   150             0     0
   151             0     0
   152             0     0
   153        -103.96914.562
   154        -91.63938.30745
   155        -84.15323.65678
   156        -77.40730.690965
   157        -72.9073-0.119997
   158        -72.90730.119997
   159        -77.4073-0.690965
   160        -84.1532-3.65678
   161        -91.6393-8.30745
   162        -103.969-14.562
   163             0     0
   164             0     0
   165             0     0
   166             0     0
   167             0     0
   168             0     0
   169             0     0
   170             0     0
   171             0     0
   172             0     0
   173             0     0
   174             0     0
   175             0     0
   176             0     0
   177             0     0
   178             0     0
   179             0     0
   180             0     0
   181             0     0
   182             0     0
   183             0     0
   184             0     0
   185             0     0
   186             0     0
   187             0     0
   188             0     0
   189             0     0
   190             0     0
   191             0     0
   192             0     0
   193             0     0
   194             0     0
   195             0     0
   196             0     0
   197             0     0
   198             0     0
   199             0     0
   200             0     0
   201             0     0
   202             0     0
   203             0     0
   204             0     0
   205             0     0
   206             0     0
   207             0     0
   208             0     0
   209             0     0
   210             0     0
   211             0     0
   212             0     0
   213             0     0
   214             0     0
   215             0     0
   216             0     0
   217             0     0
   218             0     0
   219             0     0
   220             0     0
   221             0     0
   222             0     0
   223             0     0
   224             0     0
   225             0     0
   226             0     0
   227             0     0
   228             0     0
   229             0     0
   230             0     0
   231             0     0
   232             0     0
   233             0     0
   234             0     0
   235             0     0
   236             0     0
   237             0     0
   238             0     0
   239             0     0
   240             0     0
   241             0     0
   242             0     0
   243             0     0
   244             0     0
   245             0     0
   246             0     0
   247             0     0
   248             0     0
   249             0     0
   250             0     0
   251             0     0
   252             0     0
   253             0     0
   254             0     0
   255             0     0
   256             0     0
   257             0     0
   258             0     0
   259             0     0
   260             0     0
   261             0     0
   262             0     0
   263             0     0
   264             0     0
   265             0     0
   266             0     0
   267             0     0
   268             0     0
   269             0     0
   270             0     0
   271             0     0
   272             0     0
   273             0     0
   274             0     0
   275             0     0
   276             0     0
   277             0     0
   278             0     0
   279             0     0
   280             0     0
   281             0     0
   282             0     0
   283             0     0
   284             0     0
   285             0     0
   286             0     0
   287             0     0
   288             0     0
   289             0     0
   290             0     0
   291             0     0
   292             0     0
   293             0     0
   294             0     0
   295             0     0
   296             0     0
   297             0     0
   298             0     0
   299             0     0
   300             0     0
   301             0     0
   302             0     0
   303             0     0
   304             0     0
   305             0     0
   306             0     0
   307             0     0
   308             0     0
   309             0     0
   310             0     0
   311             0     0
   312             0     0
   313             0     0
   314             0     0
   315             0     0
   316             0     0
   317             0     0
   318             0     0
   319             0     0
   320             0     0
   321             0     0
   322             0     0
   323             0     0
   324             0     0
   325             0     0
   326             0     0
   327             0     0
   328             0     0
   329             0     0
   330             0     0
   331             0     0
   332             0     0
   333             0     0
   334             0     0
   335             0     0
   336             0     0
   337             0     0
   338             0     0
   339             0     0
   340             0     0
   341             0     0
   342             0     0
   343             0     0
   344             0     0
   345             0     0
   346             0     0
   347             0     0
   348             0     0
   349             0     0
   350             0     0
   351             0     0
   352             0     0
   353             0     0
   354             0     0
   355             0     0
   356             0     0
   357             0     0
   358             0     0
   359             0     0
   360             0     0
   361             0     0
   362             0     0
   363             0     0
   364             0     0
   365             0     0
   366             0     0
   367             0     0
   368             0     0
   369             0     0
   370             0     0
   371             0     0
   372             0     0
   373             0     0
   374             0     0
   375             0     0
   376             0     0
   377             0     0
   378             0     0
   379             0     0
   380             0     0
   381             0     0
   382             0     0
   383             0     0
   384             0     0
   385             0     0
   386             0     0
   387             0     0
   388             0     0
   389             0     0
   390             0     0
   391             0     0
   392             0     0
   393             0     0
   394             0     0
   395             0     0
   396             0     0
   397             0     0
   398             0     0
   399             0     0
   400             0     0
   401             0     0
   402             0     0
   403             0     0
   404             0     0
   405             0     0
   406             0     0
   407             0     0
   408             0     0
   409             0     0
   410             0     0
   411             0     0
   412             0     0
   413             0     0
   414             0     0
   415             0     0
   416             0     0
   417             0     0
   418             0     0
   419             0     0
   420             0     0
   421             0     0
   422             0     0
   423             0     0
   424             0     0
   425             0     0
   426             0     0
   427             0     0
   428             0     0
   429             0     0
   430             0     0
   431             0     0
   432             0     0
   433             0     0
   434             0     0
   435             0     0
   436             0     0
   437             0     0
   438             0     0
   439             0     0
   440             0     0
   441             0     0
   442             0     0
   443             0     0
   444             0     0
   445             0     0
   446             0     0
   447             0     0
   448             0     0
   449             0     0
   450             0     0
   451             0     0
   452             0     0
   453             0     0
   454             0     0
   455             0     0
   456             0     0
   457             0     0
   458             0     0
   459             0     0
   460             0     0
   461             0     0
   462             0     0
   463             0     0
   464             0     0
   465             0     0
   466             0     0
   467             0     0
   468             0     0
   469             0     0
   470             0     0
   471             0     0
   472             0     0
   473             0     0
   474             0     0
   475             0     0
   476             0     0
   477             0     0
   478             0     0
   479             0     0
   480             0     0
   481             0     0
   482             0     0
   483             0     0
   484             0     0
   485             0     0
   486             0     0
   487             0     0
   488             0     0
   489             0     0
   490             0     0
   491             0     0
   492             0     0
   493             0     0
   494             0     0
   495             0     0
   496             0     0
   497             0     0
   498             0     0
   499             0     0
   500             0     0
   501             0     0
   502             0     0
   503             0     0
   504             0     0
   505             0     0
   506             0     0
   507             0     0
   508             0     0
   509             0     0
   510             0     0
   511             0     0
   512             0     0
   513             0     0
   514             0     0
   515             0     0
   516             0     0
   517             0     0
   518             0     0
   519             0     0
   520             0     0
   521             0     0
   522             0     0
   523             0     0
   524             0     0
   525             0     0
   526             0     0
   527             0     0
   528             0     0
   529             0     0
   530             0     0
   531             0     0
   532             0     0
   533             0     0
   534             0     0
   535             0     0
   536             0     0
   537             0     0
   538             0     0
   539             0     0
   540             0     0
   541             0     0
   542             0     0
   543             0     0
   544             0     0
   545             0     0
   546             0     0
   547             0     0
   548             0     0
   549             0     0
   550             0     0
   551             0     0
   552             0     0
   553             0     0
   554             0     0
   555             0     0
   556             0     0
   557             0     0
   558             0     0
   559             0     0
   560             0     0
   561             0     0
   562             0     0
   563             0     0
   564             0     0
   565             0     0
   566             0     0
   567             0     0
   568             0     0
   569             0     0
   570             0     0
   571             0     0
   572             0     0
   573             0     0
   574             0     0
   575             0     0
   576             0     0
   577             0     0
   578             0     0
   579             0     0
   580             0     0
   581             0     0
   582             0     0
   583             0     0
   584             0     0
   585             0     0
   586             0     0
   587             0     0
   588             0     0
   589             0     0
   590             0     0
   591             0     0
   592             0     0
   593             0     0
   594             0     0
   595             0     0
   596             0     0
   597             0     0
   598             0     0
   599             0     0
   600             0     0
   601             0     0
   602             0     0
   603             0     0
   604             0     0
   605             0     0
   606             0     0
   607             0     0
   608             0     0
   609             0     0
   610             0     0
   611             0     0
   612             0     0
   613             0     0
   614             0     0
   615             0     0
   616             0     0
   617             0     0
   618             0     0
   619             0     0
   620             0     0
   621             0     0
   622             0     0
   623             0     0
   624             0     0
   625             0     0
   626             0     0
   627             0     0
   628             0     0
   629             0     0
   630             0     0
   631             0     0
   632             0     0
   633             0     0
   634             0     0
   635             0     0
   636             0     0
   637             0     0
   638             0     0
   639             0     0
   640             0     0
   641             0     0
   642             0     0
   643             0     0
   644             0     0
   645             0     0
   646             0     0
   647             0     0
   648             0     0
   649             0     0
   650             0     0
   651             0     0
   652             0     0
   653             0     0
   654             0     0
   655             0     0
   656             0     0
   657             0     0
   658             0     0
   659             0     0
   660             0     0
   661             0     0
   662             0     0
   663             0     0
   664             0     0
   665             0     0
   666             0     0
   667             0     0
   668             0     0
   669             0     0
   670             0     0
   671             0     0
   672             0     0
   673             0     0
   674             0     0
   675             0     0
   676             0     0
   677             0     0
   678             0     0
   679             0     0
   680             0     0
   681             0     0
   682             0     0
   683             0     0
   684             0     0
   685             0     0
   686             0     0
   687             0     0
   688             0     0
   689             0     0
   690             0     0
   691             0     0
   692             0     0
   693             0     0
   694             0     0
   695             0     0
   696             0     0
   697             0     0
   698             0     0
   699             0     0
   700             0     0
   701             0     0
   702             0     0
   703             0     0
   704             0     0
   705             0     0
   706             0     0
   707             0     0
   708             0     0
   709             0     0
   710             0     0
   711             0     0
   712             0     0
   713             0     0
   714             0     0
   715             0     0
   716             0     0
   717             0     0
   718             0     0
   719             0     0
   720             0     0
   721             0     0
   722             0     0
   723             0     0
   724             0     0
   725             0     0
   726             0     0
   727             0     0
   728             0     0
   729             0     0
   730             0     0
   731             0     0
   732             0     0
   733             0     0
   734             0     0
   735             0     0
   736             0     0
   737             0     0
   738             0     0
   739             0     0
   740             0     0
   741             0     0
   742             0     0
   743             0     0
   744             0     0
   745             0     0
   746             0     0
   747             0     0
   748             0     0
   749             0     0
   750             0     0
   751             0     0
   752             0     0
   753             0     0
   754             0     0
   755             0     0
   756             0     0
   757             0     0
   758             0     0
   759             0     0
   760             0     0
   761             0     0
   762             0     0
   763             0     0
   764             0     0
   765             0     0
   766             0     0
   767             0     0
   768             0     0
   769             0     0
   770             0     0
   771             0     0
   772             0     0
   773             0     0
   774             0     0
   775             0     0
   776             0     0
   777             0     0
   778             0     0
   779             0     0
   780             0     0
   781             0     0
   782             0     0
   783             0     0
   784             0     0
   785             0     0
   786             0     0
   787             0     0
   788             0     0
   789             0     0
   790             0     0
   791             0     0
   792             0     0
   793             0     0
   794             0     0
   795             0     0
   796             0     0
   797             0     0
   798             0     0
   799             0     0
   800             0     0
   801             0     0
   802             0     0
   803             0     0
   804             0     0
   805             0     0
   806             0     0
   807             0     0
   808             0     0
   809             0     0
   810             0     0
   811             0     0
   812             0     0
   813             0     0
   814             0     0
   815             0     0
   816             0     0
   817             0     0
   818             0     0
   819             0     0
   820             0     0
   821             0     0
   822             0     0
   823             0     0
   824             0     0
   825             0     0
   826             0     0
   827             0     0
   828             0     0
   829             0     0
   830             0     0
   831             0     0
   832             0     0
   833             0     0
   834             0     0
   835             0     0
   836             0     0
   837             0     0
   838             0     0
   839             0     0
   840             0     0
   841             0     0
   842             0     0
   843             0     0
   844             0     0
   845             0     0
   846             0     0
   847             0     0
   848             0     0
   849             0     0
   850             0     0
   851             0     0
   852             0     0
   853             0     0
   854             0     0
   855             0     0
   856             0     0
   857             0     0
   858             0     0
   859             0     0
   860             0     0
   861             0     0
   862             0     0
   863             0     0
   864             0     0
   865             0     0
   866             0     0
   867             0     0
   868             0     0
   869             0     0
   870             0     0
   871             0     0
   872             0     0
   873             0     0
   874             0     0
   875             0     0
   876             0     0
   877             0     0
   878             0     0
   879             0     0
   880             0     0
   881             0     0
   882             0     0
   883             0     0
   884             0     0
   885             0     0
   886             0     0
   887             0     0
   888             0     0
   889             0     0
   890             0     0
   891             0     0
   892             0     0
   893             0     0
   894             0     0
   895             0     0
   896             0     0
   897             0     0
   898             0     0
   899             0     0
   900             0     0
   901             0     0
   902             0     0
   903             0     0
   904             0     0
   905             0     0
   906             0     0
   907             0     0
   908             0     0
   909             0     0
   910             0     0
   911             0     0
   912             0     0
   913             0     0
   914             0     0
   915             0     0
   916             0     0
   917             0     0
   918             0     0
   919             0     0
   920             0     0
   921             0     0
   922             0     0
   923             0     0
   924             0     0
   925             0     0
   926             0     0
   927             0     0
   928             0     0
   929             0     0
   930             0     0
   931             0     0
   932             0     0
   933             0     0
   934             0     0
   935             0     0
   936             0     0
   937             0     0
   938             0     0
   939             0     0
   940             0     0
   941             0     0
   942             0     0
   943             0     0
   944             0     0
   945             0     0
   946             0     0
   947             0     0
   948             0     0
   949             0     0
   950             0     0
   951             0     0
   952             0     0
   953             0     0
   954             0     0
   955             0     0
   956             0     0
   957             0     0
   958             0     0
   959             0     0
   960             0     0
   961             0     0
   962             0     0
   963             0     0
   964             0     0
   965             0     0
   966             0     0
   967             0     0
   968             0     0
   969             0     0
   970             0     0
   971             0     0
   972             0     0
   973             0     0
   974             0     0
   975             0     0
   976             0     0
   977             0     0
   978             0     0
   979             0     0
   980             0     0
   981             0     0
   982             0     0
   983             0     0
   984             0     0
   985             0     0
   986             0     0
   987             0     0
   988             0     0
   989             0     0
   990             0     0
   991             0     0
   992             0     0
   993             0     0
   994             0     0
   995             0     0
   996             0     0
   997             0     0
   998             0     0
   999             0     0
  1000             0     0
  1001             0     0
  1002             0     0
  1003             0     0
  1004             0     0
  1005             0     0
  1006             0     0
  1007             0     0
  1008             0     0
  1009             0     0
  1010             0     0
  1011             0     0
  1012             0     0
  1013             0     0
  1014             0     0
  1015             0     0
  1016             0     0
  1017             0     0
  1018             0     0
  1019             0     0
  1020             0     0
  1021             0     0
  1022             0     0
  1023             0     0
  1024             0     0
  1025             0     0
  1026             0     0
  1027             0     0
  1028             0     0
  1029             0     0
  1030             0     0
  1031             0     0
  1032             0     0
  1033             0     0
  1034             0     0
  1035             0     0
  1036             0     0
  1037             0     0
  1038             0     0
  1039             0     0
  1040             0     0
  1041             0     0
  1042             0     0
  1043             0     0
  1044             0     0
  1045             0     0
  1046             0     0
  1047             0     0
  1048             0     0
  1049             0     0
  1050             0     0
  1051             0     0
  1052             0     0
  1053             0     0
  1054             0     0
  1055             0     0
  1056             0     0
  1057             0     0
  1058             0     0
  1059             0     0
  1060             0     0
  1061             0     0
  1062             0     0
  1063             0     0
  1064             0     0
  1065             0     0
  1066             0     0
  1067             0     0
  1068             0     0
  1069             0     0
  1070             0     0
  1071             0     0
  1072             0     0
  1073             0     0
  1074             0     0
  1075             0     0
  1076             0     0
  1077             0     0
  1078             0     0
  1079             0     0
  1080             0     0
  1081             0     0
  1082             0     0
  1083             0     0
  1084             0     0
  1085             0     0
  1086             0     0
  1087             0     0
  1088             0     0
  1089             0     0
  1090             0     0
  1091             0     0
  1092             0     0
  1093             0     0
  1094             0     0
  1095             0     0
  1096             0     0
  1097             0     0
  1098             0     0
  1099             0     0
  1100             0     0
  1101             0     0
  1102             0     0
  1103             0     0
  1104             0     0
  1105             0     0
  1106             0     0
  1107             0     0
  1108             0     0
  1109             0     0
  1110             0     0
  1111             0     0
  1112             0     0
  1113             0     0
  1114             0     0
  1115             0     0
  1116             0     0
  1117             0     0
  1118             0     0
  1119             0     0
  1120             0     0
  1121             0     0
  1122             0     0
  1123             0     0
  1124             0     0
  1125             0     0

