Title: 3D beam
        (16:37:50 on July 12, 2026, Sunday)

C O N T R O L   I N F O R M A T I O N

  DIMENSION = 3
  NUMNP     = 525
  NUMEG     = 1

     1     1     1     1     5     5   100
     2     1     1     1     5   2.5   100
     3     1     1     1     5     0   100
     4     1     1     1     5  -2.5   100
     5     1     1     1     5    -5   100
     6     0     0     0     5     5    95
     7     0     0     0     5   2.5    95
     8     0     0     0     5     0    95
     9     0     0     0     5  -2.5    95
    10     0     0     0     5    -5    95
    11     0     0     0     5     5    90
    12     0     0     0     5   2.5    90
    13     0     0     0     5     0    90
    14     0     0     0     5  -2.5    90
    15     0     0     0     5    -5    90
    16     0     0     0     5     5    85
    17     0     0     0     5   2.5    85
    18     0     0     0     5     0    85
    19     0     0     0     5  -2.5    85
    20     0     0     0     5    -5    85
    21     0     0     0     5     5    80
    22     0     0     0     5   2.5    80
    23     0     0     0     5     0    80
    24     0     0     0     5  -2.5    80
    25     0     0     0     5    -5    80
    26     0     0     0     5     5    75
    27     0     0     0     5   2.5    75
    28     0     0     0     5     0    75
    29     0     0     0     5  -2.5    75
    30     0     0     0     5    -5    75
    31     0     0     0     5     5    70
    32     0     0     0     5   2.5    70
    33     0     0     0     5     0    70
    34     0     0     0     5  -2.5    70
    35     0     0     0     5    -5    70
    36     0     0     0     5     5    65
    37     0     0     0     5   2.5    65
    38     0     0     0     5     0    65
    39     0     0     0     5  -2.5    65
    40     0     0     0     5    -5    65
    41     0     0     0     5     5    60
    42     0     0     0     5   2.5    60
    43     0     0     0     5     0    60
    44     0     0     0     5  -2.5    60
    45     0     0     0     5    -5    60
    46     0     0     0     5     5    55
    47     0     0     0     5   2.5    55
    48     0     0     0     5     0    55
    49     0     0     0     5  -2.5    55
    50     0     0     0     5    -5    55
    51     0     0     0     5     5    50
    52     0     0     0     5   2.5    50
    53     0     0     0     5     0    50
    54     0     0     0     5  -2.5    50
    55     0     0     0     5    -5    50
    56     0     0     0     5     5    45
    57     0     0     0     5   2.5    45
    58     0     0     0     5     0    45
    59     0     0     0     5  -2.5    45
    60     0     0     0     5    -5    45
    61     0     0     0     5     5    40
    62     0     0     0     5   2.5    40
    63     0     0     0     5     0    40
    64     0     0     0     5  -2.5    40
    65     0     0     0     5    -5    40
    66     0     0     0     5     5    35
    67     0     0     0     5   2.5    35
    68     0     0     0     5     0    35
    69     0     0     0     5  -2.5    35
    70     0     0     0     5    -5    35
    71     0     0     0     5     5    30
    72     0     0     0     5   2.5    30
    73     0     0     0     5     0    30
    74     0     0     0     5  -2.5    30
    75     0     0     0     5    -5    30
    76     0     0     0     5     5    25
    77     0     0     0     5   2.5    25
    78     0     0     0     5     0    25
    79     0     0     0     5  -2.5    25
    80     0     0     0     5    -5    25
    81     0     0     0     5     5    20
    82     0     0     0     5   2.5    20
    83     0     0     0     5     0    20
    84     0     0     0     5  -2.5    20
    85     0     0     0     5    -5    20
    86     0     0     0     5     5    15
    87     0     0     0     5   2.5    15
    88     0     0     0     5     0    15
    89     0     0     0     5  -2.5    15
    90     0     0     0     5    -5    15
    91     0     0     0     5     5    10
    92     0     0     0     5   2.5    10
    93     0     0     0     5     0    10
    94     0     0     0     5  -2.5    10
    95     0     0     0     5    -5    10
    96     0     0     0     5     5     5
    97     0     0     0     5   2.5     5
    98     0     0     0     5     0     5
    99     0     0     0     5  -2.5     5
   100     0     0     0     5    -5     5
   101     0     0     0     5     5     0
   102     0     0     0     5   2.5     0
   103     0     0     0     5     0     0
   104     0     0     0     5  -2.5     0
   105     0     0     0     5    -5     0
   106     1     1     1   2.5     5   100
   107     1     1     1   2.5   2.5   100
   108     1     1     1   2.5     0   100
   109     1     1     1   2.5  -2.5   100
   110     1     1     1   2.5    -5   100
   111     0     0     0   2.5     5    95
   112     0     0     0   2.5   2.5    95
   113     0     0     0   2.5     0    95
   114     0     0     0   2.5  -2.5    95
   115     0     0     0   2.5    -5    95
   116     0     0     0   2.5     5    90
   117     0     0     0   2.5   2.5    90
   118     0     0     0   2.5     0    90
   119     0     0     0   2.5  -2.5    90
   120     0     0     0   2.5    -5    90
   121     0     0     0   2.5     5    85
   122     0     0     0   2.5   2.5    85
   123     0     0     0   2.5     0    85
   124     0     0     0   2.5  -2.5    85
   125     0     0     0   2.5    -5    85
   126     0     0     0   2.5     5    80
   127     0     0     0   2.5   2.5    80
   128     0     0     0   2.5     0    80
   129     0     0     0   2.5  -2.5    80
   130     0     0     0   2.5    -5    80
   131     0     0     0   2.5     5    75
   132     0     0     0   2.5   2.5    75
   133     0     0     0   2.5     0    75
   134     0     0     0   2.5  -2.5    75
   135     0     0     0   2.5    -5    75
   136     0     0     0   2.5     5    70
   137     0     0     0   2.5   2.5    70
   138     0     0     0   2.5     0    70
   139     0     0     0   2.5  -2.5    70
   140     0     0     0   2.5    -5    70
   141     0     0     0   2.5     5    65
   142     0     0     0   2.5   2.5    65
   143     0     0     0   2.5     0    65
   144     0     0     0   2.5  -2.5    65
   145     0     0     0   2.5    -5    65
   146     0     0     0   2.5     5    60
   147     0     0     0   2.5   2.5    60
   148     0     0     0   2.5     0    60
   149     0     0     0   2.5  -2.5    60
   150     0     0     0   2.5    -5    60
   151     0     0     0   2.5     5    55
   152     0     0     0   2.5   2.5    55
   153     0     0     0   2.5     0    55
   154     0     0     0   2.5  -2.5    55
   155     0     0     0   2.5    -5    55
   156     0     0     0   2.5     5    50
   157     0     0     0   2.5   2.5    50
   158     0     0     0   2.5     0    50
   159     0     0     0   2.5  -2.5    50
   160     0     0     0   2.5    -5    50
   161     0     0     0   2.5     5    45
   162     0     0     0   2.5   2.5    45
   163     0     0     0   2.5     0    45
   164     0     0     0   2.5  -2.5    45
   165     0     0     0   2.5    -5    45
   166     0     0     0   2.5     5    40
   167     0     0     0   2.5   2.5    40
   168     0     0     0   2.5     0    40
   169     0     0     0   2.5  -2.5    40
   170     0     0     0   2.5    -5    40
   171     0     0     0   2.5     5    35
   172     0     0     0   2.5   2.5    35
   173     0     0     0   2.5     0    35
   174     0     0     0   2.5  -2.5    35
   175     0     0     0   2.5    -5    35
   176     0     0     0   2.5     5    30
   177     0     0     0   2.5   2.5    30
   178     0     0     0   2.5     0    30
   179     0     0     0   2.5  -2.5    30
   180     0     0     0   2.5    -5    30
   181     0     0     0   2.5     5    25
   182     0     0     0   2.5   2.5    25
   183     0     0     0   2.5     0    25
   184     0     0     0   2.5  -2.5    25
   185     0     0     0   2.5    -5    25
   186     0     0     0   2.5     5    20
   187     0     0     0   2.5   2.5    20
   188     0     0     0   2.5     0    20
   189     0     0     0   2.5  -2.5    20
   190     0     0     0   2.5    -5    20
   191     0     0     0   2.5     5    15
   192     0     0     0   2.5   2.5    15
   193     0     0     0   2.5     0    15
   194     0     0     0   2.5  -2.5    15
   195     0     0     0   2.5    -5    15
   196     0     0     0   2.5     5    10
   197     0     0     0   2.5   2.5    10
   198     0     0     0   2.5     0    10
   199     0     0     0   2.5  -2.5    10
   200     0     0     0   2.5    -5    10
   201     0     0     0   2.5     5     5
   202     0     0     0   2.5   2.5     5
   203     0     0     0   2.5     0     5
   204     0     0     0   2.5  -2.5     5
   205     0     0     0   2.5    -5     5
   206     0     0     0   2.5     5     0
   207     0     0     0   2.5   2.5     0
   208     0     0     0   2.5     0     0
   209     0     0     0   2.5  -2.5     0
   210     0     0     0   2.5    -5     0
   211     1     1     1     0     5   100
   212     1     1     1     0   2.5   100
   213     1     1     1     0     0   100
   214     1     1     1     0  -2.5   100
   215     1     1     1     0    -5   100
   216     0     0     0     0     5    95
   217     0     0     0     0   2.5    95
   218     0     0     0     0     0    95
   219     0     0     0     0  -2.5    95
   220     0     0     0     0    -5    95
   221     0     0     0     0     5    90
   222     0     0     0     0   2.5    90
   223     0     0     0     0     0    90
   224     0     0     0     0  -2.5    90
   225     0     0     0     0    -5    90
   226     0     0     0     0     5    85
   227     0     0     0     0   2.5    85
   228     0     0     0     0     0    85
   229     0     0     0     0  -2.5    85
   230     0     0     0     0    -5    85
   231     0     0     0     0     5    80
   232     0     0     0     0   2.5    80
   233     0     0     0     0     0    80
   234     0     0     0     0  -2.5    80
   235     0     0     0     0    -5    80
   236     0     0     0     0     5    75
   237     0     0     0     0   2.5    75
   238     0     0     0     0     0    75
   239     0     0     0     0  -2.5    75
   240     0     0     0     0    -5    75
   241     0     0     0     0     5    70
   242     0     0     0     0   2.5    70
   243     0     0     0     0     0    70
   244     0     0     0     0  -2.5    70
   245     0     0     0     0    -5    70
   246     0     0     0     0     5    65
   247     0     0     0     0   2.5    65
   248     0     0     0     0     0    65
   249     0     0     0     0  -2.5    65
   250     0     0     0     0    -5    65
   251     0     0     0     0     5    60
   252     0     0     0     0   2.5    60
   253     0     0     0     0     0    60
   254     0     0     0     0  -2.5    60
   255     0     0     0     0    -5    60
   256     0     0     0     0     5    55
   257     0     0     0     0   2.5    55
   258     0     0     0     0     0    55
   259     0     0     0     0  -2.5    55
   260     0     0     0     0    -5    55
   261     0     0     0     0     5    50
   262     0     0     0     0   2.5    50
   263     0     0     0     0     0    50
   264     0     0     0     0  -2.5    50
   265     0     0     0     0    -5    50
   266     0     0     0     0     5    45
   267     0     0     0     0   2.5    45
   268     0     0     0     0     0    45
   269     0     0     0     0  -2.5    45
   270     0     0     0     0    -5    45
   271     0     0     0     0     5    40
   272     0     0     0     0   2.5    40
   273     0     0     0     0     0    40
   274     0     0     0     0  -2.5    40
   275     0     0     0     0    -5    40
   276     0     0     0     0     5    35
   277     0     0     0     0   2.5    35
   278     0     0     0     0     0    35
   279     0     0     0     0  -2.5    35
   280     0     0     0     0    -5    35
   281     0     0     0     0     5    30
   282     0     0     0     0   2.5    30
   283     0     0     0     0     0    30
   284     0     0     0     0  -2.5    30
   285     0     0     0     0    -5    30
   286     0     0     0     0     5    25
   287     0     0     0     0   2.5    25
   288     0     0     0     0     0    25
   289     0     0     0     0  -2.5    25
   290     0     0     0     0    -5    25
   291     0     0     0     0     5    20
   292     0     0     0     0   2.5    20
   293     0     0     0     0     0    20
   294     0     0     0     0  -2.5    20
   295     0     0     0     0    -5    20
   296     0     0     0     0     5    15
   297     0     0     0     0   2.5    15
   298     0     0     0     0     0    15
   299     0     0     0     0  -2.5    15
   300     0     0     0     0    -5    15
   301     0     0     0     0     5    10
   302     0     0     0     0   2.5    10
   303     0     0     0     0     0    10
   304     0     0     0     0  -2.5    10
   305     0     0     0     0    -5    10
   306     0     0     0     0     5     5
   307     0     0     0     0   2.5     5
   308     0     0     0     0     0     5
   309     0     0     0     0  -2.5     5
   310     0     0     0     0    -5     5
   311     0     0     0     0     5     0
   312     0     0     0     0   2.5     0
   313     0     0     0     0     0     0
   314     0     0     0     0  -2.5     0
   315     0     0     0     0    -5     0
   316     1     1     1  -2.5     5   100
   317     1     1     1  -2.5   2.5   100
   318     1     1     1  -2.5     0   100
   319     1     1     1  -2.5  -2.5   100
   320     1     1     1  -2.5    -5   100
   321     0     0     0  -2.5     5    95
   322     0     0     0  -2.5   2.5    95
   323     0     0     0  -2.5     0    95
   324     0     0     0  -2.5  -2.5    95
   325     0     0     0  -2.5    -5    95
   326     0     0     0  -2.5     5    90
   327     0     0     0  -2.5   2.5    90
   328     0     0     0  -2.5     0    90
   329     0     0     0  -2.5  -2.5    90
   330     0     0     0  -2.5    -5    90
   331     0     0     0  -2.5     5    85
   332     0     0     0  -2.5   2.5    85
   333     0     0     0  -2.5     0    85
   334     0     0     0  -2.5  -2.5    85
   335     0     0     0  -2.5    -5    85
   336     0     0     0  -2.5     5    80
   337     0     0     0  -2.5   2.5    80
   338     0     0     0  -2.5     0    80
   339     0     0     0  -2.5  -2.5    80
   340     0     0     0  -2.5    -5    80
   341     0     0     0  -2.5     5    75
   342     0     0     0  -2.5   2.5    75
   343     0     0     0  -2.5     0    75
   344     0     0     0  -2.5  -2.5    75
   345     0     0     0  -2.5    -5    75
   346     0     0     0  -2.5     5    70
   347     0     0     0  -2.5   2.5    70
   348     0     0     0  -2.5     0    70
   349     0     0     0  -2.5  -2.5    70
   350     0     0     0  -2.5    -5    70
   351     0     0     0  -2.5     5    65
   352     0     0     0  -2.5   2.5    65
   353     0     0     0  -2.5     0    65
   354     0     0     0  -2.5  -2.5    65
   355     0     0     0  -2.5    -5    65
   356     0     0     0  -2.5     5    60
   357     0     0     0  -2.5   2.5    60
   358     0     0     0  -2.5     0    60
   359     0     0     0  -2.5  -2.5    60
   360     0     0     0  -2.5    -5    60
   361     0     0     0  -2.5     5    55
   362     0     0     0  -2.5   2.5    55
   363     0     0     0  -2.5     0    55
   364     0     0     0  -2.5  -2.5    55
   365     0     0     0  -2.5    -5    55
   366     0     0     0  -2.5     5    50
   367     0     0     0  -2.5   2.5    50
   368     0     0     0  -2.5     0    50
   369     0     0     0  -2.5  -2.5    50
   370     0     0     0  -2.5    -5    50
   371     0     0     0  -2.5     5    45
   372     0     0     0  -2.5   2.5    45
   373     0     0     0  -2.5     0    45
   374     0     0     0  -2.5  -2.5    45
   375     0     0     0  -2.5    -5    45
   376     0     0     0  -2.5     5    40
   377     0     0     0  -2.5   2.5    40
   378     0     0     0  -2.5     0    40
   379     0     0     0  -2.5  -2.5    40
   380     0     0     0  -2.5    -5    40
   381     0     0     0  -2.5     5    35
   382     0     0     0  -2.5   2.5    35
   383     0     0     0  -2.5     0    35
   384     0     0     0  -2.5  -2.5    35
   385     0     0     0  -2.5    -5    35
   386     0     0     0  -2.5     5    30
   387     0     0     0  -2.5   2.5    30
   388     0     0     0  -2.5     0    30
   389     0     0     0  -2.5  -2.5    30
   390     0     0     0  -2.5    -5    30
   391     0     0     0  -2.5     5    25
   392     0     0     0  -2.5   2.5    25
   393     0     0     0  -2.5     0    25
   394     0     0     0  -2.5  -2.5    25
   395     0     0     0  -2.5    -5    25
   396     0     0     0  -2.5     5    20
   397     0     0     0  -2.5   2.5    20
   398     0     0     0  -2.5     0    20
   399     0     0     0  -2.5  -2.5    20
   400     0     0     0  -2.5    -5    20
   401     0     0     0  -2.5     5    15
   402     0     0     0  -2.5   2.5    15
   403     0     0     0  -2.5     0    15
   404     0     0     0  -2.5  -2.5    15
   405     0     0     0  -2.5    -5    15
   406     0     0     0  -2.5     5    10
   407     0     0     0  -2.5   2.5    10
   408     0     0     0  -2.5     0    10
   409     0     0     0  -2.5  -2.5    10
   410     0     0     0  -2.5    -5    10
   411     0     0     0  -2.5     5     5
   412     0     0     0  -2.5   2.5     5
   413     0     0     0  -2.5     0     5
   414     0     0     0  -2.5  -2.5     5
   415     0     0     0  -2.5    -5     5
   416     0     0     0  -2.5     5     0
   417     0     0     0  -2.5   2.5     0
   418     0     0     0  -2.5     0     0
   419     0     0     0  -2.5  -2.5     0
   420     0     0     0  -2.5    -5     0
   421     1     1     1    -5     5   100
   422     1     1     1    -5   2.5   100
   423     1     1     1    -5     0   100
   424     1     1     1    -5  -2.5   100
   425     1     1     1    -5    -5   100
   426     0     0     0    -5     5    95
   427     0     0     0    -5   2.5    95
   428     0     0     0    -5     0    95
   429     0     0     0    -5  -2.5    95
   430     0     0     0    -5    -5    95
   431     0     0     0    -5     5    90
   432     0     0     0    -5   2.5    90
   433     0     0     0    -5     0    90
   434     0     0     0    -5  -2.5    90
   435     0     0     0    -5    -5    90
   436     0     0     0    -5     5    85
   437     0     0     0    -5   2.5    85
   438     0     0     0    -5     0    85
   439     0     0     0    -5  -2.5    85
   440     0     0     0    -5    -5    85
   441     0     0     0    -5     5    80
   442     0     0     0    -5   2.5    80
   443     0     0     0    -5     0    80
   444     0     0     0    -5  -2.5    80
   445     0     0     0    -5    -5    80
   446     0     0     0    -5     5    75
   447     0     0     0    -5   2.5    75
   448     0     0     0    -5     0    75
   449     0     0     0    -5  -2.5    75
   450     0     0     0    -5    -5    75
   451     0     0     0    -5     5    70
   452     0     0     0    -5   2.5    70
   453     0     0     0    -5     0    70
   454     0     0     0    -5  -2.5    70
   455     0     0     0    -5    -5    70
   456     0     0     0    -5     5    65
   457     0     0     0    -5   2.5    65
   458     0     0     0    -5     0    65
   459     0     0     0    -5  -2.5    65
   460     0     0     0    -5    -5    65
   461     0     0     0    -5     5    60
   462     0     0     0    -5   2.5    60
   463     0     0     0    -5     0    60
   464     0     0     0    -5  -2.5    60
   465     0     0     0    -5    -5    60
   466     0     0     0    -5     5    55
   467     0     0     0    -5   2.5    55
   468     0     0     0    -5     0    55
   469     0     0     0    -5  -2.5    55
   470     0     0     0    -5    -5    55
   471     0     0     0    -5     5    50
   472     0     0     0    -5   2.5    50
   473     0     0     0    -5     0    50
   474     0     0     0    -5  -2.5    50
   475     0     0     0    -5    -5    50
   476     0     0     0    -5     5    45
   477     0     0     0    -5   2.5    45
   478     0     0     0    -5     0    45
   479     0     0     0    -5  -2.5    45
   480     0     0     0    -5    -5    45
   481     0     0     0    -5     5    40
   482     0     0     0    -5   2.5    40
   483     0     0     0    -5     0    40
   484     0     0     0    -5  -2.5    40
   485     0     0     0    -5    -5    40
   486     0     0     0    -5     5    35
   487     0     0     0    -5   2.5    35
   488     0     0     0    -5     0    35
   489     0     0     0    -5  -2.5    35
   490     0     0     0    -5    -5    35
   491     0     0     0    -5     5    30
   492     0     0     0    -5   2.5    30
   493     0     0     0    -5     0    30
   494     0     0     0    -5  -2.5    30
   495     0     0     0    -5    -5    30
   496     0     0     0    -5     5    25
   497     0     0     0    -5   2.5    25
   498     0     0     0    -5     0    25
   499     0     0     0    -5  -2.5    25
   500     0     0     0    -5    -5    25
   501     0     0     0    -5     5    20
   502     0     0     0    -5   2.5    20
   503     0     0     0    -5     0    20
   504     0     0     0    -5  -2.5    20
   505     0     0     0    -5    -5    20
   506     0     0     0    -5     5    15
   507     0     0     0    -5   2.5    15
   508     0     0     0    -5     0    15
   509     0     0     0    -5  -2.5    15
   510     0     0     0    -5    -5    15
   511     0     0     0    -5     5    10
   512     0     0     0    -5   2.5    10
   513     0     0     0    -5     0    10
   514     0     0     0    -5  -2.5    10
   515     0     0     0    -5    -5    10
   516     0     0     0    -5     5     5
   517     0     0     0    -5   2.5     5
   518     0     0     0    -5     0     5
   519     0     0     0    -5  -2.5     5
   520     0     0     0    -5    -5     5
   521     0     0     0    -5     5     0
   522     0     0     0    -5   2.5     0
   523     0     0     0    -5     0     0
   524     0     0     0    -5  -2.5     0
   525     0     0     0    -5    -5     0

 EQUATION NUMBERS

   NODE   Degrees of freedom
     N     X    Y    Z
        1            0     0     0
        2            0     0     0
        3            0     0     0
        4            0     0     0
        5            0     0     0
        6            1     2     3
        7            4     5     6
        8            7     8     9
        9           10    11    12
       10           13    14    15
       11           16    17    18
       12           19    20    21
       13           22    23    24
       14           25    26    27
       15           28    29    30
       16           31    32    33
       17           34    35    36
       18           37    38    39
       19           40    41    42
       20           43    44    45
       21           46    47    48
       22           49    50    51
       23           52    53    54
       24           55    56    57
       25           58    59    60
       26           61    62    63
       27           64    65    66
       28           67    68    69
       29           70    71    72
       30           73    74    75
       31           76    77    78
       32           79    80    81
       33           82    83    84
       34           85    86    87
       35           88    89    90
       36           91    92    93
       37           94    95    96
       38           97    98    99
       39          100   101   102
       40          103   104   105
       41          106   107   108
       42          109   110   111
       43          112   113   114
       44          115   116   117
       45          118   119   120
       46          121   122   123
       47          124   125   126
       48          127   128   129
       49          130   131   132
       50          133   134   135
       51          136   137   138
       52          139   140   141
       53          142   143   144
       54          145   146   147
       55          148   149   150
       56          151   152   153
       57          154   155   156
       58          157   158   159
       59          160   161   162
       60          163   164   165
       61          166   167   168
       62          169   170   171
       63          172   173   174
       64          175   176   177
       65          178   179   180
       66          181   182   183
       67          184   185   186
       68          187   188   189
       69          190   191   192
       70          193   194   195
       71          196   197   198
       72          199   200   201
       73          202   203   204
       74          205   206   207
       75          208   209   210
       76          211   212   213
       77          214   215   216
       78          217   218   219
       79          220   221   222
       80          223   224   225
       81          226   227   228
       82          229   230   231
       83          232   233   234
       84          235   236   237
       85          238   239   240
       86          241   242   243
       87          244   245   246
       88          247   248   249
       89          250   251   252
       90          253   254   255
       91          256   257   258
       92          259   260   261
       93          262   263   264
       94          265   266   267
       95          268   269   270
       96          271   272   273
       97          274   275   276
       98          277   278   279
       99          280   281   282
      100          283   284   285
      101          286   287   288
      102          289   290   291
      103          292   293   294
      104          295   296   297
      105          298   299   300
      106            0     0     0
      107            0     0     0
      108            0     0     0
      109            0     0     0
      110            0     0     0
      111          301   302   303
      112          304   305   306
      113          307   308   309
      114          310   311   312
      115          313   314   315
      116          316   317   318
      117          319   320   321
      118          322   323   324
      119          325   326   327
      120          328   329   330
      121          331   332   333
      122          334   335   336
      123          337   338   339
      124          340   341   342
      125          343   344   345
      126          346   347   348
      127          349   350   351
      128          352   353   354
      129          355   356   357
      130          358   359   360
      131          361   362   363
      132          364   365   366
      133          367   368   369
      134          370   371   372
      135          373   374   375
      136          376   377   378
      137          379   380   381
      138          382   383   384
      139          385   386   387
      140          388   389   390
      141          391   392   393
      142          394   395   396
      143          397   398   399
      144          400   401   402
      145          403   404   405
      146          406   407   408
      147          409   410   411
      148          412   413   414
      149          415   416   417
      150          418   419   420
      151          421   422   423
      152          424   425   426
      153          427   428   429
      154          430   431   432
      155          433   434   435
      156          436   437   438
      157          439   440   441
      158          442   443   444
      159          445   446   447
      160          448   449   450
      161          451   452   453
      162          454   455   456
      163          457   458   459
      164          460   461   462
      165          463   464   465
      166          466   467   468
      167          469   470   471
      168          472   473   474
      169          475   476   477
      170          478   479   480
      171          481   482   483
      172          484   485   486
      173          487   488   489
      174          490   491   492
      175          493   494   495
      176          496   497   498
      177          499   500   501
      178          502   503   504
      179          505   506   507
      180          508   509   510
      181          511   512   513
      182          514   515   516
      183          517   518   519
      184          520   521   522
      185          523   524   525
      186          526   527   528
      187          529   530   531
      188          532   533   534
      189          535   536   537
      190          538   539   540
      191          541   542   543
      192          544   545   546
      193          547   548   549
      194          550   551   552
      195          553   554   555
      196          556   557   558
      197          559   560   561
      198          562   563   564
      199          565   566   567
      200          568   569   570
      201          571   572   573
      202          574   575   576
      203          577   578   579
      204          580   581   582
      205          583   584   585
      206          586   587   588
      207          589   590   591
      208          592   593   594
      209          595   596   597
      210          598   599   600
      211            0     0     0
      212            0     0     0
      213            0     0     0
      214            0     0     0
      215            0     0     0
      216          601   602   603
      217          604   605   606
      218          607   608   609
      219          610   611   612
      220          613   614   615
      221          616   617   618
      222          619   620   621
      223          622   623   624
      224          625   626   627
      225          628   629   630
      226          631   632   633
      227          634   635   636
      228          637   638   639
      229          640   641   642
      230          643   644   645
      231          646   647   648
      232          649   650   651
      233          652   653   654
      234          655   656   657
      235          658   659   660
      236          661   662   663
      237          664   665   666
      238          667   668   669
      239          670   671   672
      240          673   674   675
      241          676   677   678
      242          679   680   681
      243          682   683   684
      244          685   686   687
      245          688   689   690
      246          691   692   693
      247          694   695   696
      248          697   698   699
      249          700   701   702
      250          703   704   705
      251          706   707   708
      252          709   710   711
      253          712   713   714
      254          715   716   717
      255          718   719   720
      256          721   722   723
      257          724   725   726
      258          727   728   729
      259          730   731   732
      260          733   734   735
      261          736   737   738
      262          739   740   741
      263          742   743   744
      264          745   746   747
      265          748   749   750
      266          751   752   753
      267          754   755   756
      268          757   758   759
      269          760   761   762
      270          763   764   765
      271          766   767   768
      272          769   770   771
      273          772   773   774
      274          775   776   777
      275          778   779   780
      276          781   782   783
      277          784   785   786
      278          787   788   789
      279          790   791   792
      280          793   794   795
      281          796   797   798
      282          799   800   801
      283          802   803   804
      284          805   806   807
      285          808   809   810
      286          811   812   813
      287          814   815   816
      288          817   818   819
      289          820   821   822
      290          823   824   825
      291          826   827   828
      292          829   830   831
      293          832   833   834
      294          835   836   837
      295          838   839   840
      296          841   842   843
      297          844   845   846
      298          847   848   849
      299          850   851   852
      300          853   854   855
      301          856   857   858
      302          859   860   861
      303          862   863   864
      304          865   866   867
      305          868   869   870
      306          871   872   873
      307          874   875   876
      308          877   878   879
      309          880   881   882
      310          883   884   885
      311          886   887   888
      312          889   890   891
      313          892   893   894
      314          895   896   897
      315          898   899   900
      316            0     0     0
      317            0     0     0
      318            0     0     0
      319            0     0     0
      320            0     0     0
      321          901   902   903
      322          904   905   906
      323          907   908   909
      324          910   911   912
      325          913   914   915
      326          916   917   918
      327          919   920   921
      328          922   923   924
      329          925   926   927
      330          928   929   930
      331          931   932   933
      332          934   935   936
      333          937   938   939
      334          940   941   942
      335          943   944   945
      336          946   947   948
      337          949   950   951
      338          952   953   954
      339          955   956   957
      340          958   959   960
      341          961   962   963
      342          964   965   966
      343          967   968   969
      344          970   971   972
      345          973   974   975
      346          976   977   978
      347          979   980   981
      348          982   983   984
      349          985   986   987
      350          988   989   990
      351          991   992   993
      352          994   995   996
      353          997   998   999
      354         1000  1001  1002
      355         1003  1004  1005
      356         1006  1007  1008
      357         1009  1010  1011
      358         1012  1013  1014
      359         1015  1016  1017
      360         1018  1019  1020
      361         1021  1022  1023
      362         1024  1025  1026
      363         1027  1028  1029
      364         1030  1031  1032
      365         1033  1034  1035
      366         1036  1037  1038
      367         1039  1040  1041
      368         1042  1043  1044
      369         1045  1046  1047
      370         1048  1049  1050
      371         1051  1052  1053
      372         1054  1055  1056
      373         1057  1058  1059
      374         1060  1061  1062
      375         1063  1064  1065
      376         1066  1067  1068
      377         1069  1070  1071
      378         1072  1073  1074
      379         1075  1076  1077
      380         1078  1079  1080
      381         1081  1082  1083
      382         1084  1085  1086
      383         1087  1088  1089
      384         1090  1091  1092
      385         1093  1094  1095
      386         1096  1097  1098
      387         1099  1100  1101
      388         1102  1103  1104
      389         1105  1106  1107
      390         1108  1109  1110
      391         1111  1112  1113
      392         1114  1115  1116
      393         1117  1118  1119
      394         1120  1121  1122
      395         1123  1124  1125
      396         1126  1127  1128
      397         1129  1130  1131
      398         1132  1133  1134
      399         1135  1136  1137
      400         1138  1139  1140
      401         1141  1142  1143
      402         1144  1145  1146
      403         1147  1148  1149
      404         1150  1151  1152
      405         1153  1154  1155
      406         1156  1157  1158
      407         1159  1160  1161
      408         1162  1163  1164
      409         1165  1166  1167
      410         1168  1169  1170
      411         1171  1172  1173
      412         1174  1175  1176
      413         1177  1178  1179
      414         1180  1181  1182
      415         1183  1184  1185
      416         1186  1187  1188
      417         1189  1190  1191
      418         1192  1193  1194
      419         1195  1196  1197
      420         1198  1199  1200
      421            0     0     0
      422            0     0     0
      423            0     0     0
      424            0     0     0
      425            0     0     0
      426         1201  1202  1203
      427         1204  1205  1206
      428         1207  1208  1209
      429         1210  1211  1212
      430         1213  1214  1215
      431         1216  1217  1218
      432         1219  1220  1221
      433         1222  1223  1224
      434         1225  1226  1227
      435         1228  1229  1230
      436         1231  1232  1233
      437         1234  1235  1236
      438         1237  1238  1239
      439         1240  1241  1242
      440         1243  1244  1245
      441         1246  1247  1248
      442         1249  1250  1251
      443         1252  1253  1254
      444         1255  1256  1257
      445         1258  1259  1260
      446         1261  1262  1263
      447         1264  1265  1266
      448         1267  1268  1269
      449         1270  1271  1272
      450         1273  1274  1275
      451         1276  1277  1278
      452         1279  1280  1281
      453         1282  1283  1284
      454         1285  1286  1287
      455         1288  1289  1290
      456         1291  1292  1293
      457         1294  1295  1296
      458         1297  1298  1299
      459         1300  1301  1302
      460         1303  1304  1305
      461         1306  1307  1308
      462         1309  1310  1311
      463         1312  1313  1314
      464         1315  1316  1317
      465         1318  1319  1320
      466         1321  1322  1323
      467         1324  1325  1326
      468         1327  1328  1329
      469         1330  1331  1332
      470         1333  1334  1335
      471         1336  1337  1338
      472         1339  1340  1341
      473         1342  1343  1344
      474         1345  1346  1347
      475         1348  1349  1350
      476         1351  1352  1353
      477         1354  1355  1356
      478         1357  1358  1359
      479         1360  1361  1362
      480         1363  1364  1365
      481         1366  1367  1368
      482         1369  1370  1371
      483         1372  1373  1374
      484         1375  1376  1377
      485         1378  1379  1380
      486         1381  1382  1383
      487         1384  1385  1386
      488         1387  1388  1389
      489         1390  1391  1392
      490         1393  1394  1395
      491         1396  1397  1398
      492         1399  1400  1401
      493         1402  1403  1404
      494         1405  1406  1407
      495         1408  1409  1410
      496         1411  1412  1413
      497         1414  1415  1416
      498         1417  1418  1419
      499         1420  1421  1422
      500         1423  1424  1425
      501         1426  1427  1428
      502         1429  1430  1431
      503         1432  1433  1434
      504         1435  1436  1437
      505         1438  1439  1440
      506         1441  1442  1443
      507         1444  1445  1446
      508         1447  1448  1449
      509         1450  1451  1452
      510         1453  1454  1455
      511         1456  1457  1458
      512         1459  1460  1461
      513         1462  1463  1464
      514         1465  1466  1467
      515         1468  1469  1470
      516         1471  1472  1473
      517         1474  1475  1476
      518         1477  1478  1479
      519         1480  1481  1482
      520         1483  1484  1485
      521         1486  1487  1488
      522         1489  1490  1491
      523         1492  1493  1494
      524         1495  1496  1497
      525         1498  1499  1500

 E L E M E N T   G R O U P   D A T A


 E L E M E N T   D E F I N I T I O N

   ELEMENT TYPE  = 7
   NUME          = 320
   NUMMAT        = 1

 M A T E R I A L   D E F I N I T I O N
    1     0210000   0.3

 E L E M E N T   I N F O R M A T I O N
    1     1   106   107   112   111     1     2     7     6     1
    2     2   107   108   113   112     2     3     8     7     1
    3     3   108   109   114   113     3     4     9     8     1
    4     4   109   110   115   114     4     5    10     9     1
    5     5   111   112   117   116     6     7    12    11     1
    6     6   112   113   118   117     7     8    13    12     1
    7     7   113   114   119   118     8     9    14    13     1
    8     8   114   115   120   119     9    10    15    14     1
    9     9   116   117   122   121    11    12    17    16     1
   10    10   117   118   123   122    12    13    18    17     1
   11    11   118   119   124   123    13    14    19    18     1
   12    12   119   120   125   124    14    15    20    19     1
   13    13   121   122   127   126    16    17    22    21     1
   14    14   122   123   128   127    17    18    23    22     1
   15    15   123   124   129   128    18    19    24    23     1
   16    16   124   125   130   129    19    20    25    24     1
   17    17   126   127   132   131    21    22    27    26     1
   18    18   127   128   133   132    22    23    28    27     1
   19    19   128   129   134   133    23    24    29    28     1
   20    20   129   130   135   134    24    25    30    29     1
   21    21   131   132   137   136    26    27    32    31     1
   22    22   132   133   138   137    27    28    33    32     1
   23    23   133   134   139   138    28    29    34    33     1
   24    24   134   135   140   139    29    30    35    34     1
   25    25   136   137   142   141    31    32    37    36     1
   26    26   137   138   143   142    32    33    38    37     1
   27    27   138   139   144   143    33    34    39    38     1
   28    28   139   140   145   144    34    35    40    39     1
   29    29   141   142   147   146    36    37    42    41     1
   30    30   142   143   148   147    37    38    43    42     1
   31    31   143   144   149   148    38    39    44    43     1
   32    32   144   145   150   149    39    40    45    44     1
   33    33   146   147   152   151    41    42    47    46     1
   34    34   147   148   153   152    42    43    48    47     1
   35    35   148   149   154   153    43    44    49    48     1
   36    36   149   150   155   154    44    45    50    49     1
   37    37   151   152   157   156    46    47    52    51     1
   38    38   152   153   158   157    47    48    53    52     1
   39    39   153   154   159   158    48    49    54    53     1
   40    40   154   155   160   159    49    50    55    54     1
   41    41   156   157   162   161    51    52    57    56     1
   42    42   157   158   163   162    52    53    58    57     1
   43    43   158   159   164   163    53    54    59    58     1
   44    44   159   160   165   164    54    55    60    59     1
   45    45   161   162   167   166    56    57    62    61     1
   46    46   162   163   168   167    57    58    63    62     1
   47    47   163   164   169   168    58    59    64    63     1
   48    48   164   165   170   169    59    60    65    64     1
   49    49   166   167   172   171    61    62    67    66     1
   50    50   167   168   173   172    62    63    68    67     1
   51    51   168   169   174   173    63    64    69    68     1
   52    52   169   170   175   174    64    65    70    69     1
   53    53   171   172   177   176    66    67    72    71     1
   54    54   172   173   178   177    67    68    73    72     1
   55    55   173   174   179   178    68    69    74    73     1
   56    56   174   175   180   179    69    70    75    74     1
   57    57   176   177   182   181    71    72    77    76     1
   58    58   177   178   183   182    72    73    78    77     1
   59    59   178   179   184   183    73    74    79    78     1
   60    60   179   180   185   184    74    75    80    79     1
   61    61   181   182   187   186    76    77    82    81     1
   62    62   182   183   188   187    77    78    83    82     1
   63    63   183   184   189   188    78    79    84    83     1
   64    64   184   185   190   189    79    80    85    84     1
   65    65   186   187   192   191    81    82    87    86     1
   66    66   187   188   193   192    82    83    88    87     1
   67    67   188   189   194   193    83    84    89    88     1
   68    68   189   190   195   194    84    85    90    89     1
   69    69   191   192   197   196    86    87    92    91     1
   70    70   192   193   198   197    87    88    93    92     1
   71    71   193   194   199   198    88    89    94    93     1
   72    72   194   195   200   199    89    90    95    94     1
   73    73   196   197   202   201    91    92    97    96     1
   74    74   197   198   203   202    92    93    98    97     1
   75    75   198   199   204   203    93    94    99    98     1
   76    76   199   200   205   204    94    95   100    99     1
   77    77   201   202   207   206    96    97   102   101     1
   78    78   202   203   208   207    97    98   103   102     1
   79    79   203   204   209   208    98    99   104   103     1
   80    80   204   205   210   209    99   100   105   104     1
   81    81   211   212   217   216   106   107   112   111     1
   82    82   212   213   218   217   107   108   113   112     1
   83    83   213   214   219   218   108   109   114   113     1
   84    84   214   215   220   219   109   110   115   114     1
   85    85   216   217   222   221   111   112   117   116     1
   86    86   217   218   223   222   112   113   118   117     1
   87    87   218   219   224   223   113   114   119   118     1
   88    88   219   220   225   224   114   115   120   119     1
   89    89   221   222   227   226   116   117   122   121     1
   90    90   222   223   228   227   117   118   123   122     1
   91    91   223   224   229   228   118   119   124   123     1
   92    92   224   225   230   229   119   120   125   124     1
   93    93   226   227   232   231   121   122   127   126     1
   94    94   227   228   233   232   122   123   128   127     1
   95    95   228   229   234   233   123   124   129   128     1
   96    96   229   230   235   234   124   125   130   129     1
   97    97   231   232   237   236   126   127   132   131     1
   98    98   232   233   238   237   127   128   133   132     1
   99    99   233   234   239   238   128   129   134   133     1
  100   100   234   235   240   239   129   130   135   134     1
  101   101   236   237   242   241   131   132   137   136     1
  102   102   237   238   243   242   132   133   138   137     1
  103   103   238   239   244   243   133   134   139   138     1
  104   104   239   240   245   244   134   135   140   139     1
  105   105   241   242   247   246   136   137   142   141     1
  106   106   242   243   248   247   137   138   143   142     1
  107   107   243   244   249   248   138   139   144   143     1
  108   108   244   245   250   249   139   140   145   144     1
  109   109   246   247   252   251   141   142   147   146     1
  110   110   247   248   253   252   142   143   148   147     1
  111   111   248   249   254   253   143   144   149   148     1
  112   112   249   250   255   254   144   145   150   149     1
  113   113   251   252   257   256   146   147   152   151     1
  114   114   252   253   258   257   147   148   153   152     1
  115   115   253   254   259   258   148   149   154   153     1
  116   116   254   255   260   259   149   150   155   154     1
  117   117   256   257   262   261   151   152   157   156     1
  118   118   257   258   263   262   152   153   158   157     1
  119   119   258   259   264   263   153   154   159   158     1
  120   120   259   260   265   264   154   155   160   159     1
  121   121   261   262   267   266   156   157   162   161     1
  122   122   262   263   268   267   157   158   163   162     1
  123   123   263   264   269   268   158   159   164   163     1
  124   124   264   265   270   269   159   160   165   164     1
  125   125   266   267   272   271   161   162   167   166     1
  126   126   267   268   273   272   162   163   168   167     1
  127   127   268   269   274   273   163   164   169   168     1
  128   128   269   270   275   274   164   165   170   169     1
  129   129   271   272   277   276   166   167   172   171     1
  130   130   272   273   278   277   167   168   173   172     1
  131   131   273   274   279   278   168   169   174   173     1
  132   132   274   275   280   279   169   170   175   174     1
  133   133   276   277   282   281   171   172   177   176     1
  134   134   277   278   283   282   172   173   178   177     1
  135   135   278   279   284   283   173   174   179   178     1
  136   136   279   280   285   284   174   175   180   179     1
  137   137   281   282   287   286   176   177   182   181     1
  138   138   282   283   288   287   177   178   183   182     1
  139   139   283   284   289   288   178   179   184   183     1
  140   140   284   285   290   289   179   180   185   184     1
  141   141   286   287   292   291   181   182   187   186     1
  142   142   287   288   293   292   182   183   188   187     1
  143   143   288   289   294   293   183   184   189   188     1
  144   144   289   290   295   294   184   185   190   189     1
  145   145   291   292   297   296   186   187   192   191     1
  146   146   292   293   298   297   187   188   193   192     1
  147   147   293   294   299   298   188   189   194   193     1
  148   148   294   295   300   299   189   190   195   194     1
  149   149   296   297   302   301   191   192   197   196     1
  150   150   297   298   303   302   192   193   198   197     1
  151   151   298   299   304   303   193   194   199   198     1
  152   152   299   300   305   304   194   195   200   199     1
  153   153   301   302   307   306   196   197   202   201     1
  154   154   302   303   308   307   197   198   203   202     1
  155   155   303   304   309   308   198   199   204   203     1
  156   156   304   305   310   309   199   200   205   204     1
  157   157   306   307   312   311   201   202   207   206     1
  158   158   307   308   313   312   202   203   208   207     1
  159   159   308   309   314   313   203   204   209   208     1
  160   160   309   310   315   314   204   205   210   209     1
  161   161   316   317   322   321   211   212   217   216     1
  162   162   317   318   323   322   212   213   218   217     1
  163   163   318   319   324   323   213   214   219   218     1
  164   164   319   320   325   324   214   215   220   219     1
  165   165   321   322   327   326   216   217   222   221     1
  166   166   322   323   328   327   217   218   223   222     1
  167   167   323   324   329   328   218   219   224   223     1
  168   168   324   325   330   329   219   220   225   224     1
  169   169   326   327   332   331   221   222   227   226     1
  170   170   327   328   333   332   222   223   228   227     1
  171   171   328   329   334   333   223   224   229   228     1
  172   172   329   330   335   334   224   225   230   229     1
  173   173   331   332   337   336   226   227   232   231     1
  174   174   332   333   338   337   227   228   233   232     1
  175   175   333   334   339   338   228   229   234   233     1
  176   176   334   335   340   339   229   230   235   234     1
  177   177   336   337   342   341   231   232   237   236     1
  178   178   337   338   343   342   232   233   238   237     1
  179   179   338   339   344   343   233   234   239   238     1
  180   180   339   340   345   344   234   235   240   239     1
  181   181   341   342   347   346   236   237   242   241     1
  182   182   342   343   348   347   237   238   243   242     1
  183   183   343   344   349   348   238   239   244   243     1
  184   184   344   345   350   349   239   240   245   244     1
  185   185   346   347   352   351   241   242   247   246     1
  186   186   347   348   353   352   242   243   248   247     1
  187   187   348   349   354   353   243   244   249   248     1
  188   188   349   350   355   354   244   245   250   249     1
  189   189   351   352   357   356   246   247   252   251     1
  190   190   352   353   358   357   247   248   253   252     1
  191   191   353   354   359   358   248   249   254   253     1
  192   192   354   355   360   359   249   250   255   254     1
  193   193   356   357   362   361   251   252   257   256     1
  194   194   357   358   363   362   252   253   258   257     1
  195   195   358   359   364   363   253   254   259   258     1
  196   196   359   360   365   364   254   255   260   259     1
  197   197   361   362   367   366   256   257   262   261     1
  198   198   362   363   368   367   257   258   263   262     1
  199   199   363   364   369   368   258   259   264   263     1
  200   200   364   365   370   369   259   260   265   264     1
  201   201   366   367   372   371   261   262   267   266     1
  202   202   367   368   373   372   262   263   268   267     1
  203   203   368   369   374   373   263   264   269   268     1
  204   204   369   370   375   374   264   265   270   269     1
  205   205   371   372   377   376   266   267   272   271     1
  206   206   372   373   378   377   267   268   273   272     1
  207   207   373   374   379   378   268   269   274   273     1
  208   208   374   375   380   379   269   270   275   274     1
  209   209   376   377   382   381   271   272   277   276     1
  210   210   377   378   383   382   272   273   278   277     1
  211   211   378   379   384   383   273   274   279   278     1
  212   212   379   380   385   384   274   275   280   279     1
  213   213   381   382   387   386   276   277   282   281     1
  214   214   382   383   388   387   277   278   283   282     1
  215   215   383   384   389   388   278   279   284   283     1
  216   216   384   385   390   389   279   280   285   284     1
  217   217   386   387   392   391   281   282   287   286     1
  218   218   387   388   393   392   282   283   288   287     1
  219   219   388   389   394   393   283   284   289   288     1
  220   220   389   390   395   394   284   285   290   289     1
  221   221   391   392   397   396   286   287   292   291     1
  222   222   392   393   398   397   287   288   293   292     1
  223   223   393   394   399   398   288   289   294   293     1
  224   224   394   395   400   399   289   290   295   294     1
  225   225   396   397   402   401   291   292   297   296     1
  226   226   397   398   403   402   292   293   298   297     1
  227   227   398   399   404   403   293   294   299   298     1
  228   228   399   400   405   404   294   295   300   299     1
  229   229   401   402   407   406   296   297   302   301     1
  230   230   402   403   408   407   297   298   303   302     1
  231   231   403   404   409   408   298   299   304   303     1
  232   232   404   405   410   409   299   300   305   304     1
  233   233   406   407   412   411   301   302   307   306     1
  234   234   407   408   413   412   302   303   308   307     1
  235   235   408   409   414   413   303   304   309   308     1
  236   236   409   410   415   414   304   305   310   309     1
  237   237   411   412   417   416   306   307   312   311     1
  238   238   412   413   418   417   307   308   313   312     1
  239   239   413   414   419   418   308   309   314   313     1
  240   240   414   415   420   419   309   310   315   314     1
  241   241   421   422   427   426   316   317   322   321     1
  242   242   422   423   428   427   317   318   323   322     1
  243   243   423   424   429   428   318   319   324   323     1
  244   244   424   425   430   429   319   320   325   324     1
  245   245   426   427   432   431   321   322   327   326     1
  246   246   427   428   433   432   322   323   328   327     1
  247   247   428   429   434   433   323   324   329   328     1
  248   248   429   430   435   434   324   325   330   329     1
  249   249   431   432   437   436   326   327   332   331     1
  250   250   432   433   438   437   327   328   333   332     1
  251   251   433   434   439   438   328   329   334   333     1
  252   252   434   435   440   439   329   330   335   334     1
  253   253   436   437   442   441   331   332   337   336     1
  254   254   437   438   443   442   332   333   338   337     1
  255   255   438   439   444   443   333   334   339   338     1
  256   256   439   440   445   444   334   335   340   339     1
  257   257   441   442   447   446   336   337   342   341     1
  258   258   442   443   448   447   337   338   343   342     1
  259   259   443   444   449   448   338   339   344   343     1
  260   260   444   445   450   449   339   340   345   344     1
  261   261   446   447   452   451   341   342   347   346     1
  262   262   447   448   453   452   342   343   348   347     1
  263   263   448   449   454   453   343   344   349   348     1
  264   264   449   450   455   454   344   345   350   349     1
  265   265   451   452   457   456   346   347   352   351     1
  266   266   452   453   458   457   347   348   353   352     1
  267   267   453   454   459   458   348   349   354   353     1
  268   268   454   455   460   459   349   350   355   354     1
  269   269   456   457   462   461   351   352   357   356     1
  270   270   457   458   463   462   352   353   358   357     1
  271   271   458   459   464   463   353   354   359   358     1
  272   272   459   460   465   464   354   355   360   359     1
  273   273   461   462   467   466   356   357   362   361     1
  274   274   462   463   468   467   357   358   363   362     1
  275   275   463   464   469   468   358   359   364   363     1
  276   276   464   465   470   469   359   360   365   364     1
  277   277   466   467   472   471   361   362   367   366     1
  278   278   467   468   473   472   362   363   368   367     1
  279   279   468   469   474   473   363   364   369   368     1
  280   280   469   470   475   474   364   365   370   369     1
  281   281   471   472   477   476   366   367   372   371     1
  282   282   472   473   478   477   367   368   373   372     1
  283   283   473   474   479   478   368   369   374   373     1
  284   284   474   475   480   479   369   370   375   374     1
  285   285   476   477   482   481   371   372   377   376     1
  286   286   477   478   483   482   372   373   378   377     1
  287   287   478   479   484   483   373   374   379   378     1
  288   288   479   480   485   484   374   375   380   379     1
  289   289   481   482   487   486   376   377   382   381     1
  290   290   482   483   488   487   377   378   383   382     1
  291   291   483   484   489   488   378   379   384   383     1
  292   292   484   485   490   489   379   380   385   384     1
  293   293   486   487   492   491   381   382   387   386     1
  294   294   487   488   493   492   382   383   388   387     1
  295   295   488   489   494   493   383   384   389   388     1
  296   296   489   490   495   494   384   385   390   389     1
  297   297   491   492   497   496   386   387   392   391     1
  298   298   492   493   498   497   387   388   393   392     1
  299   299   493   494   499   498   388   389   394   393     1
  300   300   494   495   500   499   389   390   395   394     1
  301   301   496   497   502   501   391   392   397   396     1
  302   302   497   498   503   502   392   393   398   397     1
  303   303   498   499   504   503   393   394   399   398     1
  304   304   499   500   505   504   394   395   400   399     1
  305   305   501   502   507   506   396   397   402   401     1
  306   306   502   503   508   507   397   398   403   402     1
  307   307   503   504   509   508   398   399   404   403     1
  308   308   504   505   510   509   399   400   405   404     1
  309   309   506   507   512   511   401   402   407   406     1
  310   310   507   508   513   512   402   403   408   407     1
  311   311   508   509   514   513   403   404   409   408     1
  312   312   509   510   515   514   404   405   410   409     1
  313   313   511   512   517   516   406   407   412   411     1
  314   314   512   513   518   517   407   408   413   412     1
  315   315   513   514   519   518   408   409   414   413     1
  316   316   514   515   520   519   409   410   415   414     1
  317   317   516   517   522   521   411   412   417   416     1
  318   318   517   518   523   522   412   413   418   417     1
  319   319   518   519   524   523   413   414   419   418     1
  320   320   519   520   525   524   414   415   420   419     1

 N O D A L   F O R C E S

  NODE              FX                FY                FZ
     1             0     0     0
     2             0     0     0
     3             0     0     0
     4             0     0     0
     5             0     0     0
     6             0     0     0
     7             0     0     0
     8             0     0     0
     9             0     0     0
    10             0     0     0
    11             0     0     0
    12             0     0     0
    13             0     0     0
    14             0     0     0
    15             0     0     0
    16             0     0     0
    17             0     0     0
    18             0     0     0
    19             0     0     0
    20             0     0     0
    21             0     0     0
    22             0     0     0
    23             0     0     0
    24             0     0     0
    25             0     0     0
    26             0     0     0
    27             0     0     0
    28             0     0     0
    29             0     0     0
    30             0     0     0
    31             0     0     0
    32             0     0     0
    33             0     0     0
    34             0     0     0
    35             0     0     0
    36             0     0     0
    37             0     0     0
    38             0     0     0
    39             0     0     0
    40             0     0     0
    41             0     0     0
    42             0     0     0
    43             0     0     0
    44             0     0     0
    45             0     0     0
    46             0     0     0
    47             0     0     0
    48             0     0     0
    49             0     0     0
    50             0     0     0
    51             0     0     0
    52             0     0     0
    53             0     0     0
    54             0     0     0
    55             0     0     0
    56             0     0     0
    57             0     0     0
    58             0     0     0
    59             0     0     0
    60             0     0     0
    61             0     0     0
    62             0     0     0
    63             0     0     0
    64             0     0     0
    65             0     0     0
    66             0     0     0
    67             0     0     0
    68             0     0     0
    69             0     0     0
    70             0     0     0
    71             0     0     0
    72             0     0     0
    73             0     0     0
    74             0     0     0
    75             0     0     0
    76             0     0     0
    77             0     0     0
    78             0     0     0
    79             0     0     0
    80             0     0     0
    81             0     0     0
    82             0     0     0
    83             0     0     0
    84             0     0     0
    85             0     0     0
    86             0     0     0
    87             0     0     0
    88             0     0     0
    89             0     0     0
    90             0     0     0
    91             0     0     0
    92             0     0     0
    93             0     0     0
    94             0     0     0
    95             0     0     0
    96             0     0     0
    97             0     0     0
    98             0     0     0
    99             0     0     0
   100             0     0     0
   101             0   -40     0
   102             0   -40     0
   103             0   -40     0
   104             0   -40     0
   105             0   -40     0
   106             0     0     0
   107             0     0     0
   108             0     0     0
   109             0     0     0
   110             0     0     0
   111             0     0     0
   112             0     0     0
   113             0     0     0
   114             0     0     0
   115             0     0     0
   116             0     0     0
   117             0     0     0
   118             0     0     0
   119             0     0     0
   120             0     0     0
   121             0     0     0
   122             0     0     0
   123             0     0     0
   124             0     0     0
   125             0     0     0
   126             0     0     0
   127             0     0     0
   128             0     0     0
   129             0     0     0
   130             0     0     0
   131             0     0     0
   132             0     0     0
   133             0     0     0
   134             0     0     0
   135             0     0     0
   136             0     0     0
   137             0     0     0
   138             0     0     0
   139             0     0     0
   140             0     0     0
   141             0     0     0
   142             0     0     0
   143             0     0     0
   144             0     0     0
   145             0     0     0
   146             0     0     0
   147             0     0     0
   148             0     0     0
   149             0     0     0
   150             0     0     0
   151             0     0     0
   152             0     0     0
   153             0     0     0
   154             0     0     0
   155             0     0     0
   156             0     0     0
   157             0     0     0
   158             0     0     0
   159             0     0     0
   160             0     0     0
   161             0     0     0
   162             0     0     0
   163             0     0     0
   164             0     0     0
   165             0     0     0
   166             0     0     0
   167             0     0     0
   168             0     0     0
   169             0     0     0
   170             0     0     0
   171             0     0     0
   172             0     0     0
   173             0     0     0
   174             0     0     0
   175             0     0     0
   176             0     0     0
   177             0     0     0
   178             0     0     0
   179             0     0     0
   180             0     0     0
   181             0     0     0
   182             0     0     0
   183             0     0     0
   184             0     0     0
   185             0     0     0
   186             0     0     0
   187             0     0     0
   188             0     0     0
   189             0     0     0
   190             0     0     0
   191             0     0     0
   192             0     0     0
   193             0     0     0
   194             0     0     0
   195             0     0     0
   196             0     0     0
   197             0     0     0
   198             0     0     0
   199             0     0     0
   200             0     0     0
   201             0     0     0
   202             0     0     0
   203             0     0     0
   204             0     0     0
   205             0     0     0
   206             0   -40     0
   207             0   -40     0
   208             0   -40     0
   209             0   -40     0
   210             0   -40     0
   211             0     0     0
   212             0     0     0
   213             0     0     0
   214             0     0     0
   215             0     0     0
   216             0     0     0
   217             0     0     0
   218             0     0     0
   219             0     0     0
   220             0     0     0
   221             0     0     0
   222             0     0     0
   223             0     0     0
   224             0     0     0
   225             0     0     0
   226             0     0     0
   227             0     0     0
   228             0     0     0
   229             0     0     0
   230             0     0     0
   231             0     0     0
   232             0     0     0
   233             0     0     0
   234             0     0     0
   235             0     0     0
   236             0     0     0
   237             0     0     0
   238             0     0     0
   239             0     0     0
   240             0     0     0
   241             0     0     0
   242             0     0     0
   243             0     0     0
   244             0     0     0
   245             0     0     0
   246             0     0     0
   247             0     0     0
   248             0     0     0
   249             0     0     0
   250             0     0     0
   251             0     0     0
   252             0     0     0
   253             0     0     0
   254             0     0     0
   255             0     0     0
   256             0     0     0
   257             0     0     0
   258             0     0     0
   259             0     0     0
   260             0     0     0
   261             0     0     0
   262             0     0     0
   263             0     0     0
   264             0     0     0
   265             0     0     0
   266             0     0     0
   267             0     0     0
   268             0     0     0
   269             0     0     0
   270             0     0     0
   271             0     0     0
   272             0     0     0
   273             0     0     0
   274             0     0     0
   275             0     0     0
   276             0     0     0
   277             0     0     0
   278             0     0     0
   279             0     0     0
   280             0     0     0
   281             0     0     0
   282             0     0     0
   283             0     0     0
   284             0     0     0
   285             0     0     0
   286             0     0     0
   287             0     0     0
   288             0     0     0
   289             0     0     0
   290             0     0     0
   291             0     0     0
   292             0     0     0
   293             0     0     0
   294             0     0     0
   295             0     0     0
   296             0     0     0
   297             0     0     0
   298             0     0     0
   299             0     0     0
   300             0     0     0
   301             0     0     0
   302             0     0     0
   303             0     0     0
   304             0     0     0
   305             0     0     0
   306             0     0     0
   307             0     0     0
   308             0     0     0
   309             0     0     0
   310             0     0     0
   311             0   -40     0
   312             0   -40     0
   313             0   -40     0
   314             0   -40     0
   315             0   -40     0
   316             0     0     0
   317             0     0     0
   318             0     0     0
   319             0     0     0
   320             0     0     0
   321             0     0     0
   322             0     0     0
   323             0     0     0
   324             0     0     0
   325             0     0     0
   326             0     0     0
   327             0     0     0
   328             0     0     0
   329             0     0     0
   330             0     0     0
   331             0     0     0
   332             0     0     0
   333             0     0     0
   334             0     0     0
   335             0     0     0
   336             0     0     0
   337             0     0     0
   338             0     0     0
   339             0     0     0
   340             0     0     0
   341             0     0     0
   342             0     0     0
   343             0     0     0
   344             0     0     0
   345             0     0     0
   346             0     0     0
   347             0     0     0
   348             0     0     0
   349             0     0     0
   350             0     0     0
   351             0     0     0
   352             0     0     0
   353             0     0     0
   354             0     0     0
   355             0     0     0
   356             0     0     0
   357             0     0     0
   358             0     0     0
   359             0     0     0
   360             0     0     0
   361             0     0     0
   362             0     0     0
   363             0     0     0
   364             0     0     0
   365             0     0     0
   366             0     0     0
   367             0     0     0
   368             0     0     0
   369             0     0     0
   370             0     0     0
   371             0     0     0
   372             0     0     0
   373             0     0     0
   374             0     0     0
   375             0     0     0
   376             0     0     0
   377             0     0     0
   378             0     0     0
   379             0     0     0
   380             0     0     0
   381             0     0     0
   382             0     0     0
   383             0     0     0
   384             0     0     0
   385             0     0     0
   386             0     0     0
   387             0     0     0
   388             0     0     0
   389             0     0     0
   390             0     0     0
   391             0     0     0
   392             0     0     0
   393             0     0     0
   394             0     0     0
   395             0     0     0
   396             0     0     0
   397             0     0     0
   398             0     0     0
   399             0     0     0
   400             0     0     0
   401             0     0     0
   402             0     0     0
   403             0     0     0
   404             0     0     0
   405             0     0     0
   406             0     0     0
   407             0     0     0
   408             0     0     0
   409             0     0     0
   410             0     0     0
   411             0     0     0
   412             0     0     0
   413             0     0     0
   414             0     0     0
   415             0     0     0
   416             0   -40     0
   417             0   -40     0
   418             0   -40     0
   419             0   -40     0
   420             0   -40     0
   421             0     0     0
   422             0     0     0
   423             0     0     0
   424             0     0     0
   425             0     0     0
   426             0     0     0
   427             0     0     0
   428             0     0     0
   429             0     0     0
   430             0     0     0
   431             0     0     0
   432             0     0     0
   433             0     0     0
   434             0     0     0
   435             0     0     0
   436             0     0     0
   437             0     0     0
   438             0     0     0
   439             0     0     0
   440             0     0     0
   441             0     0     0
   442             0     0     0
   443             0     0     0
   444             0     0     0
   445             0     0     0
   446             0     0     0
   447             0     0     0
   448             0     0     0
   449             0     0     0
   450             0     0     0
   451             0     0     0
   452             0     0     0
   453             0     0     0
   454             0     0     0
   455             0     0     0
   456             0     0     0
   457             0     0     0
   458             0     0     0
   459             0     0     0
   460             0     0     0
   461             0     0     0
   462             0     0     0
   463             0     0     0
   464             0     0     0
   465             0     0     0
   466             0     0     0
   467             0     0     0
   468             0     0     0
   469             0     0     0
   470             0     0     0
   471             0     0     0
   472             0     0     0
   473             0     0     0
   474             0     0     0
   475             0     0     0
   476             0     0     0
   477             0     0     0
   478             0     0     0
   479             0     0     0
   480             0     0     0
   481             0     0     0
   482             0     0     0
   483             0     0     0
   484             0     0     0
   485             0     0     0
   486             0     0     0
   487             0     0     0
   488             0     0     0
   489             0     0     0
   490             0     0     0
   491             0     0     0
   492             0     0     0
   493             0     0     0
   494             0     0     0
   495             0     0     0
   496             0     0     0
   497             0     0     0
   498             0     0     0
   499             0     0     0
   500             0     0     0
   501             0     0     0
   502             0     0     0
   503             0     0     0
   504             0     0     0
   505             0     0     0
   506             0     0     0
   507             0     0     0
   508             0     0     0
   509             0     0     0
   510             0     0     0
   511             0     0     0
   512             0     0     0
   513             0     0     0
   514             0     0     0
   515             0     0     0
   516             0     0     0
   517             0     0     0
   518             0     0     0
   519             0     0     0
   520             0     0     0
   521             0   -40     0
   522             0   -40     0
   523             0   -40     0
   524             0   -40     0
   525             0   -40     0


TOTAL SYSTEM DATA
  NEQ = 1500
  NWK = 387975
  MK  = 321
 D I S P L A C E M E N T S

  NODE      X-DISPLACEMENT    Y-DISPLACEMENT    Z-DISPLACEMENT
     1             0     0     0
     2             0     0     0
     3             0     0     0
     4             0     0     0
     5             0     0     0
     6        -0.0037831-0.00665661-0.0117377
     7        -0.00188422-0.00500797-0.00571816
     8        -4.13471e-15-0.00448645-6.6979e-15
     9        0.00188422-0.005007970.00571816
    10        0.0037831-0.006656610.0117377
    11        -0.0035621-0.0242774-0.0233679
    12        -0.00177541-0.0230572-0.0116169
    13        -1.34072e-14-0.022625-1.44716e-14
    14        0.00177541-0.02305720.0116169
    15        0.0035621-0.02427740.0233679
    16        -0.00335361-0.0540242-0.0346669
    17        -0.00165317-0.0527863-0.0172221
    18        -3.00184e-14-0.0523851-2.25611e-14
    19        0.00165317-0.05278630.0172221
    20        0.00335361-0.05402420.0346669
    21        -0.00314157-0.094679-0.0453357
    22        -0.00155478-0.0935279-0.0225641
    23        -5.41327e-14-0.0931416-3.08909e-14
    24        0.00155478-0.09352790.0225641
    25        0.00314157-0.0946790.0453357
    26        -0.00294937-0.145674-0.0553463
    27        -0.00145824-0.144593-0.0275696
    28        -8.60085e-14-0.144234-3.95379e-14
    29        0.00145824-0.1445930.0275696
    30        0.00294937-0.1456740.0553463
    31        -0.00275238-0.206357-0.0647118
    32        -0.00136111-0.205348-0.0322521
    33        -1.25998e-13-0.205012-4.84709e-14
    34        0.00136111-0.2053480.0322521
    35        0.00275238-0.2063570.0647118
    36        -0.00255578-0.276082-0.0734314
    37        -0.00126385-0.275145-0.0366119
    38        -1.74428e-13-0.274834-5.77557e-14
    39        0.00126385-0.2751450.0366119
    40        0.00255578-0.2760820.0734314
    41        -0.00235917-0.354204-0.0815052
    42        -0.00116663-0.35334-0.0406488
    43        -2.31747e-13-0.353052-6.7141e-14
    44        0.00116663-0.353340.0406488
    45        0.00235917-0.3542040.0815052
    46        -0.00216258-0.440077-0.0889331
    47        -0.00106941-0.439285-0.0443627
    48        -2.97864e-13-0.439021-7.68898e-14
    49        0.00106941-0.4392850.0443627
    50        0.00216258-0.4400770.0889331
    51        -0.00196598-0.533055-0.095715
    52        -0.000972194-0.532335-0.0477537
    53        -3.73375e-13-0.532095-8.67125e-14
    54        0.000972194-0.5323350.0477537
    55        0.00196598-0.5330550.095715
    56        -0.00176938-0.632492-0.101851
    57        -0.000874974-0.631844-0.0508218
    58        -4.58312e-13-0.631628-9.61709e-14
    59        0.000874974-0.6318440.0508218
    60        0.00176938-0.6324920.101851
    61        -0.00157278-0.737742-0.107341
    62        -0.000777755-0.737166-0.0535668
    63        -5.51599e-13-0.736974-1.05131e-13
    64        0.000777755-0.7371660.0535668
    65        0.00157278-0.7377420.107341
    66        -0.00137619-0.848159-0.112186
    67        -0.000680536-0.847655-0.055989
    68        -6.53264e-13-0.847487-1.1334e-13
    69        0.000680536-0.8476550.055989
    70        0.00137619-0.8481590.112186
    71        -0.00117959-0.963098-0.116384
    72        -0.000583314-0.962665-0.0580882
    73        -7.61453e-13-0.962522-1.20563e-13
    74        0.000583314-0.9626650.0580882
    75        0.00117959-0.9630980.116384
    76        -0.000982968-1.08191-0.119936
    77        -0.000486112-1.08155-0.0598644
    78        -8.76282e-13-1.08143-1.2665e-13
    79        0.000486112-1.081550.0598644
    80        0.000982968-1.081910.119936
    81        -0.00078648-1.20396-0.122843
    82        -0.000388788-1.20367-0.0613177
    83        -9.96481e-13-1.20357-1.31589e-13
    84        0.000388788-1.203670.0613177
    85        0.00078648-1.203960.122843
    86        -0.000589482-1.32858-0.125104
    87        -0.000291998-1.32837-0.0624477
    88        -1.12076e-12-1.32829-1.34623e-13
    89        0.000291998-1.328370.0624477
    90        0.000589482-1.328580.125104
    91        -0.000394704-1.45515-0.126715
    92        -0.000194346-1.455-0.0632583
    93        -1.24623e-12-1.45495-1.36574e-13
    94        0.000194346-1.4550.0632583
    95        0.000394704-1.455150.126715
    96        -0.000193821-1.58297-0.12769
    97        -9.23085e-05-1.58293-0.0637221
    98        -1.37272e-12-1.58292-1.37665e-13
    99        9.23085e-05-1.582930.0637221
   100        0.000193821-1.582970.12769
   101        6.96833e-05-1.71177-0.128078
   102        4.91933e-06-1.71161-0.0639015
   103        -1.49948e-12-1.71154-1.37676e-13
   104        -4.91934e-06-1.711610.0639015
   105        -6.96833e-05-1.711770.128078
   106             0     0     0
   107             0     0     0
   108             0     0     0
   109             0     0     0
   110             0     0     0
   111        -0.00174541-0.00796896-0.0113221
   112        -0.000879387-0.00627455-0.0053844
   113        -3.04452e-15-0.00574493-3.54212e-15
   114        0.000879387-0.006274550.0053844
   115        0.00174541-0.007968960.0113221
   116        -0.00182849-0.0256489-0.0234205
   117        -0.000919719-0.0243908-0.0116562
   118        -1.25324e-14-0.0239423-7.96331e-15
   119        0.000919719-0.02439080.0116562
   120        0.00182849-0.02564890.0234205
   121        -0.00166464-0.0552794-0.0347193
   122        -0.000825498-0.054044-0.017266
   123        -2.90636e-14-0.0536397-1.23496e-14
   124        0.000825498-0.0540440.017266
   125        0.00166464-0.05527940.0347193
   126        -0.00156781-0.0958638-0.0453793
   127        -0.000779676-0.0947053-0.0225974
   128        -5.31463e-14-0.094314-1.6888e-14
   129        0.000779676-0.09470530.0225974
   130        0.00156781-0.09586380.0453793
   131        -0.00147077-0.146784-0.0553889
   132        -0.000731343-0.145698-0.0276035
   133        -8.49407e-14-0.145334-2.15326e-14
   134        0.000731343-0.1456980.0276035
   135        0.00147077-0.1467840.0553889
   136        -0.00137283-0.207393-0.064755
   137        -0.000682615-0.206379-0.0322861
   138        -1.24972e-13-0.206039-2.63485e-14
   139        0.000682615-0.2063790.0322861
   140        0.00137283-0.2073930.064755
   141        -0.00127469-0.277044-0.0734746
   142        -0.000633829-0.276103-0.036646
   143        -1.73318e-13-0.275787-3.12711e-14
   144        0.000633829-0.2761030.036646
   145        0.00127469-0.2770440.0734746
   146        -0.00117665-0.355093-0.0815484
   147        -0.000585074-0.354223-0.0406828
   148        -2.30496e-13-0.353932-3.62778e-14
   149        0.000585074-0.3542230.0406828
   150        0.00117665-0.3550930.0815484
   151        -0.0010786-0.440891-0.0889763
   152        -0.000536319-0.440095-0.0443968
   153        -2.96764e-13-0.439827-4.14102e-14
   154        0.000536319-0.4400950.0443968
   155        0.0010786-0.4408910.0889763
   156        -0.000980543-0.533795-0.0957582
   157        -0.000487562-0.533071-0.0477878
   158        -3.72254e-13-0.532828-4.673e-14
   159        0.000487562-0.5330710.0477878
   160        0.000980543-0.5337950.0957582
   161        -0.000882489-0.633158-0.101894
   162        -0.000438806-0.632506-0.0508558
   163        -4.57245e-13-0.632288-5.17504e-14
   164        0.000438806-0.6325060.0508558
   165        0.000882489-0.6331580.101894
   166        -0.000784434-0.738334-0.107384
   167        -0.00039005-0.737755-0.0536009
   168        -5.5091e-13-0.73756-5.65006e-14
   169        0.00039005-0.7377550.0536009
   170        0.000784434-0.7383340.107384
   171        -0.00068638-0.848677-0.112229
   172        -0.000341293-0.84817-0.056023
   173        -6.52176e-13-0.848-6.09644e-14
   174        0.000341293-0.848170.056023
   175        0.00068638-0.8486770.112229
   176        -0.000588325-0.963542-0.116427
   177        -0.000292539-0.963107-0.0581222
   178        -7.61051e-13-0.962962-6.49097e-14
   179        0.000292539-0.9631070.0581222
   180        0.000588325-0.9635420.116427
   181        -0.000490273-1.08228-0.11998
   182        -0.000243777-1.08192-0.0598984
   183        -8.75397e-13-1.0818-6.82011e-14
   184        0.000243777-1.081920.0598984
   185        0.000490273-1.082280.11998
   186        -0.000392204-1.20425-0.122886
   187        -0.000195014-1.20396-0.0613517
   188        -9.9639e-13-1.20386-7.0759e-14
   189        0.000195014-1.203960.0613517
   190        0.000392204-1.204250.122886
   191        -0.00029412-1.3288-0.125147
   192        -0.000146332-1.32859-0.0624819
   193        -1.1208e-12-1.32851-7.24581e-14
   194        0.000146332-1.328590.0624819
   195        0.00029412-1.32880.125147
   196        -0.000197561-1.4553-0.126761
   197        -9.79476e-05-1.45515-0.0632917
   198        -1.24664e-12-1.4551-7.35522e-14
   199        9.79476e-05-1.455150.0632917
   200        0.000197561-1.45530.126761
   201        -9.09835e-05-1.58307-0.127732
   202        -4.4556e-05-1.58301-0.063762
   203        -1.37262e-12-1.583-7.43093e-14
   204        4.4556e-05-1.583010.063762
   205        9.09835e-05-1.583070.127732
   206        3.78439e-05-1.71158-0.128093
   207        -4.51515e-06-1.71149-0.0639383
   208        -1.49937e-12-1.71144-7.44074e-14
   209        4.51515e-06-1.711490.0639383
   210        -3.78439e-05-1.711580.128093
   211             0     0     0
   212             0     0     0
   213             0     0     0
   214             0     0     0
   215             0     0     0
   216        -1.97116e-14-0.00836465-0.0113617
   217        -1.1345e-14-0.00662581-0.00534725
   218        -2.63513e-15-0.00609087-5.98329e-16
   219        6.47285e-15-0.006625810.00534725
   220        1.62592e-14-0.008364650.0113617
   221        -4.73926e-14-0.0260952-0.0233653
   222        -3.00641e-14-0.0248432-0.0116267
   223        -1.21396e-14-0.0243887-1.34056e-15
   224        6.34215e-15-0.02484320.0116267
   225        2.52806e-14-0.02609520.0233653
   226        -8.27229e-14-0.0556981-0.0347367
   227        -5.59849e-14-0.0544589-0.0172845
   228        -2.8675e-14-0.054058-2.0701e-15
   229        -8.01009e-16-0.05445890.0172845
   230        2.76194e-14-0.05569810.0347367
   231        -1.25358e-13-0.0962537-0.0453824
   232        -8.92836e-14-0.0950983-0.0226056
   233        -5.27044e-14-0.0947091-2.74577e-15
   234        -1.55635e-14-0.09509830.0226056
   235        2.21958e-14-0.09625370.0453824
   236        -1.75334e-13-0.147151-0.0553931
   237        -1.30283e-13-0.146065-0.0276119
   238        -8.45218e-14-0.145703-3.47443e-15
   239        -3.81951e-14-0.1460650.0276119
   240        8.79678e-15-0.1471510.0553931
   241        -2.33456e-13-0.207735-0.0647591
   242        -1.79311e-13-0.206722-0.0322947
   243        -1.24497e-13-0.206383-4.10242e-15
   244        -6.90351e-14-0.2067220.0322947
   245        -1.28716e-14-0.2077350.0647591
   246        -2.99767e-13-0.277362-0.0734788
   247        -2.36608e-13-0.276421-0.0366546
   248        -1.72812e-13-0.276107-4.69478e-15
   249        -1.08268e-13-0.2764210.0366546
   250        -4.31322e-14-0.2773620.0734788
   251        -3.74513e-13-0.355386-0.0815525
   252        -3.02386e-13-0.354517-0.0406915
   253        -2.2992e-13-0.354227-5.22382e-15
   254        -1.56838e-13-0.3545170.0406915
   255        -8.29198e-14-0.3553860.0815525
   256        -4.56891e-13-0.44116-0.0889804
   257        -3.76912e-13-0.440364-0.0444054
   258        -2.96324e-13-0.440098-5.95109e-15
   259        -2.15158e-13-0.4403640.0444054
   260        -1.33442e-13-0.441160.0889804
   261        -5.4777e-13-0.53404-0.0957624
   262        -4.60011e-13-0.533316-0.0477964
   263        -3.71717e-13-0.533074-6.80979e-15
   264        -2.83114e-13-0.5333160.0477964
   265        -1.93769e-13-0.534040.0957624
   266        -6.46344e-13-0.633378-0.101898
   267        -5.51524e-13-0.632727-0.0508644
   268        -4.56572e-13-0.632509-7.4596e-15
   269        -3.60927e-13-0.6327270.0508644
   270        -2.64816e-13-0.6333780.101898
   271        -7.51454e-13-0.73853-0.107389
   272        -6.51174e-13-0.737951-0.0536095
   273        -5.50462e-13-0.737757-7.9758e-15
   274        -4.49217e-13-0.7379510.0536095
   275        -3.47125e-13-0.738530.107389
   276        -8.61825e-13-0.848849-0.112233
   277        -7.56846e-13-0.848342-0.0560316
   278        -6.51902e-13-0.848173-8.66612e-15
   279        -5.4682e-13-0.8483420.0560316
   280        -4.40023e-13-0.8488490.112233
   281        -9.76108e-13-0.963689-0.116431
   282        -8.68677e-13-0.963254-0.0581308
   283        -7.60583e-13-0.963109-9.26321e-15
   284        -6.51951e-13-0.9632540.0581308
   285        -5.43593e-13-0.9636890.116431
   286        -1.09691e-12-1.0824-0.119984
   287        -9.85434e-13-1.08204-0.059907
   288        -8.75487e-13-1.08192-9.91945e-15
   289        -7.64465e-13-1.082040.059907
   290        -6.53283e-13-1.08240.119984
   291        -1.22155e-12-1.20435-0.12289
   292        -1.10919e-12-1.20406-0.0613603
   293        -9.96283e-13-1.20396-1.06102e-14
   294        -8.8312e-13-1.204060.0613603
   295        -7.6901e-13-1.204350.12289
   296        -1.34789e-12-1.32888-0.125151
   297        -1.23432e-12-1.32866-0.0624904
   298        -1.12091e-12-1.32859-1.05408e-14
   299        -1.00679e-12-1.328660.0624904
   300        -8.91759e-13-1.328880.125151
   301        -1.47271e-12-1.45535-0.126767
   302        -1.36031e-12-1.4552-0.0633007
   303        -1.247e-12-1.45515-1.05488e-14
   304        -1.13291e-12-1.45520.0633007
   305        -1.01841e-12-1.455350.126767
   306        -1.59942e-12-1.58309-0.127731
   307        -1.48628e-12-1.58303-0.0637711
   308        -1.3727e-12-1.58301-1.13067e-14
   309        -1.25915e-12-1.583030.0637711
   310        -1.14547e-12-1.583090.127731
   311        -1.72659e-12-1.71156-0.128079
   312        -1.61214e-12-1.71146-0.0639456
   313        -1.49868e-12-1.71142-1.09343e-14
   314        -1.38588e-12-1.711460.0639456
   315        -1.27259e-12-1.711560.128079
   316             0     0     0
   317             0     0     0
   318             0     0     0
   319             0     0     0
   320             0     0     0
   321        0.00174541-0.00796896-0.0113221
   322        0.000879387-0.00627455-0.0053844
   323        -2.83915e-15-0.005744932.3385e-15
   324        -0.000879387-0.006274550.0053844
   325        -0.00174541-0.007968960.0113221
   326        0.00182849-0.0256489-0.0234205
   327        0.000919719-0.0243908-0.0116562
   328        -1.23029e-14-0.02394235.26645e-15
   329        -0.000919719-0.02439080.0116562
   330        -0.00182849-0.02564890.0234205
   331        0.00166464-0.0552794-0.0347193
   332        0.000825498-0.054044-0.017266
   333        -2.88519e-14-0.05363978.23975e-15
   334        -0.000825498-0.0540440.017266
   335        -0.00166464-0.05527940.0347193
   336        0.00156781-0.0958638-0.0453793
   337        0.000779676-0.0947053-0.0225974
   338        -5.29099e-14-0.0943141.13494e-14
   339        -0.000779676-0.09470530.0225974
   340        -0.00156781-0.09586380.0453793
   341        0.00147077-0.146784-0.0553889
   342        0.000731343-0.145698-0.0276035
   343        -8.47798e-14-0.1453341.46165e-14
   344        -0.000731343-0.1456980.0276035
   345        -0.00147077-0.1467840.0553889
   346        0.00137283-0.207393-0.064755
   347        0.000682615-0.206379-0.0322861
   348        -1.2465e-13-0.2060391.81461e-14
   349        -0.000682615-0.2063790.0322861
   350        -0.00137283-0.2073930.064755
   351        0.00127469-0.277044-0.0734746
   352        0.000633829-0.276103-0.036646
   353        -1.72799e-13-0.2757872.19312e-14
   354        -0.000633829-0.2761030.036646
   355        -0.00127469-0.2770440.0734746
   356        0.00117665-0.355093-0.0815484
   357        0.000585074-0.354223-0.0406828
   358        -2.30344e-13-0.3539322.57752e-14
   359        -0.000585074-0.3542230.0406828
   360        -0.00117665-0.3550930.0815484
   361        0.0010786-0.440891-0.0889763
   362        0.000536319-0.440095-0.0443968
   363        -2.96541e-13-0.4398272.95765e-14
   364        -0.000536319-0.4400950.0443968
   365        -0.0010786-0.4408910.0889763
   366        0.000980543-0.533795-0.0957582
   367        0.000487562-0.533071-0.0477878
   368        -3.72114e-13-0.5328283.32305e-14
   369        -0.000487562-0.5330710.0477878
   370        -0.000980543-0.5337950.0957582
   371        0.000882489-0.633158-0.101894
   372        0.000438806-0.632506-0.0508558
   373        -4.56753e-13-0.6322883.68039e-14
   374        -0.000438806-0.6325060.0508558
   375        -0.000882489-0.6331580.101894
   376        0.000784434-0.738334-0.107384
   377        0.00039005-0.737755-0.0536009
   378        -5.50542e-13-0.737564.04539e-14
   379        -0.00039005-0.7377550.0536009
   380        -0.000784434-0.7383340.107384
   381        0.00068638-0.848677-0.112229
   382        0.000341293-0.84817-0.056023
   383        -6.5236e-13-0.8484.34642e-14
   384        -0.000341293-0.848170.056023
   385        -0.00068638-0.8486770.112229
   386        0.000588325-0.963542-0.116427
   387        0.000292539-0.963107-0.0581222
   388        -7.6093e-13-0.9629624.62487e-14
   389        -0.000292539-0.9631070.0581222
   390        -0.000588325-0.9635420.116427
   391        0.000490273-1.08228-0.11998
   392        0.000243777-1.08192-0.0598984
   393        -8.7581e-13-1.08184.81619e-14
   394        -0.000243777-1.081920.0598984
   395        -0.000490273-1.082280.11998
   396        0.000392204-1.20425-0.122886
   397        0.000195014-1.20396-0.0613517
   398        -9.96647e-13-1.203864.98876e-14
   399        -0.000195014-1.203960.0613517
   400        -0.000392204-1.204250.122886
   401        0.00029412-1.3288-0.125147
   402        0.000146332-1.32859-0.0624819
   403        -1.12061e-12-1.328515.10844e-14
   404        -0.000146332-1.328590.0624819
   405        -0.00029412-1.32880.125147
   406        0.000197561-1.4553-0.126761
   407        9.79476e-05-1.45515-0.0632917
   408        -1.24659e-12-1.45515.21186e-14
   409        -9.79476e-05-1.455150.0632917
   410        -0.000197561-1.45530.126761
   411        9.09835e-05-1.58307-0.127732
   412        4.4556e-05-1.58301-0.063762
   413        -1.37217e-12-1.5835.25574e-14
   414        -4.4556e-05-1.583010.063762
   415        -9.09835e-05-1.583070.127732
   416        -3.78439e-05-1.71158-0.128093
   417        4.51515e-06-1.71149-0.0639383
   418        -1.49968e-12-1.711445.21826e-14
   419        -4.51515e-06-1.711490.0639383
   420        3.78439e-05-1.711580.128093
   421             0     0     0
   422             0     0     0
   423             0     0     0
   424             0     0     0
   425             0     0     0
   426        0.0037831-0.00665661-0.0117377
   427        0.00188422-0.00500797-0.00571816
   428        -3.68797e-15-0.004486455.40875e-15
   429        -0.00188422-0.005007970.00571816
   430        -0.0037831-0.006656610.0117377
   431        0.0035621-0.0242774-0.0233679
   432        0.00177541-0.0230572-0.0116169
   433        -1.29888e-14-0.0226251.17831e-14
   434        -0.00177541-0.02305720.0116169
   435        -0.0035621-0.02427740.0233679
   436        0.00335361-0.0540242-0.0346669
   437        0.00165317-0.0527863-0.0172221
   438        -2.95868e-14-0.05238511.84518e-14
   439        -0.00165317-0.05278630.0172221
   440        -0.00335361-0.05402420.0346669
   441        0.00314157-0.094679-0.0453357
   442        0.00155478-0.0935279-0.0225641
   443        -5.3726e-14-0.09314162.53709e-14
   444        -0.00155478-0.09352790.0225641
   445        -0.00314157-0.0946790.0453357
   446        0.00294937-0.145674-0.0553463
   447        0.00145824-0.144593-0.0275696
   448        -8.55263e-14-0.1442343.26369e-14
   449        -0.00145824-0.1445930.0275696
   450        -0.00294937-0.1456740.0553463
   451        0.00275238-0.206357-0.0647118
   452        0.00136111-0.205348-0.0322521
   453        -1.25469e-13-0.2050124.03681e-14
   454        -0.00136111-0.2053480.0322521
   455        -0.00275238-0.2063570.0647118
   456        0.00255578-0.276082-0.0734314
   457        0.00126385-0.275145-0.0366119
   458        -1.73712e-13-0.2748344.83197e-14
   459        -0.00126385-0.2751450.0366119
   460        -0.00255578-0.2760820.0734314
   461        0.00235917-0.354204-0.0815052
   462        0.00116663-0.35334-0.0406488
   463        -2.3124e-13-0.3530525.67839e-14
   464        -0.00116663-0.353340.0406488
   465        -0.00235917-0.3542040.0815052
   466        0.00216258-0.440077-0.0889331
   467        0.00106941-0.439285-0.0443627
   468        -2.97717e-13-0.4390216.50328e-14
   469        -0.00106941-0.4392850.0443627
   470        -0.00216258-0.4400770.0889331
   471        0.00196598-0.533055-0.095715
   472        0.000972194-0.532335-0.0477537
   473        -3.73181e-13-0.5320957.3249e-14
   474        -0.000972194-0.5323350.0477537
   475        -0.00196598-0.5330550.095715
   476        0.00176938-0.632492-0.101851
   477        0.000874974-0.631844-0.0508218
   478        -4.57777e-13-0.6316288.13782e-14
   479        -0.000874974-0.6318440.0508218
   480        -0.00176938-0.6324920.101851
   481        0.00157278-0.737742-0.107341
   482        0.000777755-0.737166-0.0535668
   483        -5.51298e-13-0.7369748.90059e-14
   484        -0.000777755-0.7371660.0535668
   485        -0.00157278-0.7377420.107341
   486        0.00137619-0.848159-0.112186
   487        0.000680536-0.847655-0.055989
   488        -6.52998e-13-0.8474879.58685e-14
   489        -0.000680536-0.8476550.055989
   490        -0.00137619-0.8481590.112186
   491        0.00117959-0.963098-0.116384
   492        0.000583314-0.962665-0.0580882
   493        -7.61816e-13-0.9625221.01856e-13
   494        -0.000583314-0.9626650.0580882
   495        -0.00117959-0.9630980.116384
   496        0.000982968-1.08191-0.119936
   497        0.000486112-1.08155-0.0598644
   498        -8.76227e-13-1.081431.07106e-13
   499        -0.000486112-1.081550.0598644
   500        -0.000982968-1.081910.119936
   501        0.00078648-1.20396-0.122843
   502        0.000388788-1.20367-0.0613177
   503        -9.97404e-13-1.203571.10577e-13
   504        -0.000388788-1.203670.0613177
   505        -0.00078648-1.203960.122843
   506        0.000589482-1.32858-0.125104
   507        0.000291998-1.32837-0.0624477
   508        -1.12004e-12-1.328291.13628e-13
   509        -0.000291998-1.328370.0624477
   510        -0.000589482-1.328580.125104
   511        0.000394704-1.45515-0.126715
   512        0.000194346-1.455-0.0632583
   513        -1.2462e-12-1.454951.15035e-13
   514        -0.000194346-1.4550.0632583
   515        -0.000394704-1.455150.126715
   516        0.000193821-1.58297-0.12769
   517        9.23085e-05-1.58293-0.0637221
   518        -1.37208e-12-1.582921.15623e-13
   519        -9.23085e-05-1.582930.0637221
   520        -0.000193821-1.582970.12769
   521        -6.96833e-05-1.71177-0.128078
   522        -4.91934e-06-1.71161-0.0639015
   523        -1.50067e-12-1.711541.1647e-13
   524        4.91933e-06-1.711610.0639015
   525        6.96833e-05-1.711770.128078

 STRESSES FOR ELEMENT GROUP 0

     1     1185.248187.087538.064 1.49177.840928.7302
     1     2116.189109.886349.7841.3105862.128218.9403
     1     3-10.7987-34.3241268.4254.89114-48.949812.3921
     1     419.329826.193440.025.5645-33.237221.3004
     1     5191.091193.291551.337-2.580365.368845.6989
     1     6121.371115.428361.514-2.7607249.902730.3475
     1     7-4.87749-27.0561280.894-10.3032-62.056923.7993
     1     825.912234.1221454.032-9.62979-46.590838.2691
     2     179.901283.514229.7161.1820557.989112.1117
     2     217.451713.142757.59441.150153.06563.24531
     2     3-11.1819-27.263336.88254.29225-48.68451.9297
     2     413.39326.876192.7724.41147-43.76097.20175
     2     583.631687.3082238.356-2.7788244.876819.5028
     2     618.486314.241259.9446-2.8107739.9975.22575
     2     7-10.0164-25.859339.3636-10.4899-65.34743.91014
     2     817.254330.9757201.543-10.3707-60.467514.5928
     3     1-17.4517-13.1427-57.59441.150153.0656-3.24531
     3     2-79.9012-83.514-229.7161.1820557.9891-12.1117
     3     3-13.393-26.876-192.7724.41147-43.7609-7.20175
     3     411.181927.2633-36.88254.29225-48.6845-1.9297
     3     5-18.4863-14.2412-59.9446-2.8107739.997-5.22575
     3     6-83.6316-87.3082-238.356-2.7788244.8768-19.5028
     3     7-17.2543-30.9757-201.543-10.3707-60.4675-14.5928
     3     810.016425.8593-39.3636-10.4899-65.3474-3.91014
     4     1-116.189-109.886-349.7841.3105862.1282-18.9403
     4     2-185.248-187.087-538.064 1.49177.8409-28.7302
     4     3-19.3298-26.193-440.025.5645-33.2372-21.3004
     4     410.798734.3241-268.4254.89114-48.9498-12.3921
     4     5-121.371-115.428-361.514-2.7607249.9027-30.3475
     4     6-191.091-193.291-551.337-2.580365.3688-45.6989
     4     7-25.9122-34.1221-454.032-9.62979-46.5908-38.2691
     4     84.8774927.0561-280.894-10.3032-62.0569-23.7993
     5     1-15.4213-4.48889446.4677.4019954.8444-9.53949
     5     2-31.3596-57.737284.9116.5791258.8983-8.48083
     5     3-7.32386-24.2711302.1627.61021-49.4089-1.14673
     5     414.454331.4797466.228.3486-53.4627-1.18086
     5     5-20.456-7.87783433.073-11.252953.1258-12.0701
     5     6-35.6259-60.3575273.311-12.075757.1374-10.1772
     5     7-11.7168-27.1873290.435-9.37612-50.1452-2.84305
     5     89.2929727.7951 452.7-8.63773-54.1568-3.71145
     6     16.8122423.4331214.2115.978674.1826-6.38302
     6     2-16.2819-35.971439.29055.7952174.9552-1.71032
     6     3-11.9064-29.681242.49026.75924-40.5612-0.239693
     6     416.809232.1325219.827.03063-41.3338-0.894545
     6     52.9709719.9586204.882-12.176668.8194-7.48003
     6     6-17.1098-36.432536.992-12.3669.6361-2.00427
     6     7-12.6023-29.834340.3237-9.78978-41.8624-0.533636
     6     813.099928.966210.623-9.5184-42.6791-1.99156
     7     116.281935.9714-39.29055.7952174.95521.71032
     7     2-6.81224-23.4331-214.2115.978674.18266.38302
     7     3-16.8092-32.1325-219.827.03063-41.33380.894545
     7     411.906429.6812-42.49026.75924-40.56120.239693
     7     517.109836.4325-36.992-12.3669.63612.00427
     7     6-2.97097-19.9586-204.882-12.176668.81947.48003
     7     7-13.0999-28.966-210.623-9.5184-42.67911.99156
     7     812.602329.8343-40.3237-9.78978-41.86240.533636
     8     131.359657.737-284.9116.5791258.89838.48083
     8     215.42134.48889-446.4677.4019954.84449.53949
     8     3-14.4543-31.4797-466.228.3486-53.46271.18086
     8     47.3238624.2711-302.1627.61021-49.40891.14673
     8     535.625960.3575-273.311-12.075757.137410.1772
     8     620.4567.87783-433.073-11.252953.125812.0701
     8     7-9.29297-27.7951-452.7-8.63773-54.15683.71145
     8     811.716827.1873-290.435-9.37612-50.14522.84305
     9     110.138529.0266435.7988.4590560.2579-0.93544
     9     2-12.3768-26.109274.5297.9111860.3904-0.481869
     9     3-9.92051-24.2989275.8087.70238-45.7439-0.415406
     9     413.221131.105437.3477.81419-45.8764-0.920806
     9     510.949430.9331436.594-7.8510561.491-1.319
     9     6-11.6048-24.2413275.234-8.3989261.4055-0.775963
     9     7-9.80265-23.9574275.86-8.42878-44.7806-0.709501
     9     813.377831.4854437.489-8.31698-44.6951-1.30437
    10     110.25825.3696196.4787.6009764.8037-0.249103
    10     2-12.7305-29.320337.1677.3490565.1897-0.066747
    10     3-11.1861-26.453138.49057.99641-39.4316-0.0486927
    10     412.858628.6895198.2548.10713-39.8175-0.181724
    10     510.585326.2008196.738-8.2497166.2362-0.455221
    10     6-12.3662-28.452137.5133-8.5016366.5516-0.121976
    10     7-11.0336-26.079138.625-7.55249-38.0203-0.103922
    10     812.974229.0265198.302-7.44177-38.3357-0.387841
    11     112.730529.3203-37.1677.3490565.18970.066747
    11     2-10.258-25.3696-196.4787.6009764.80370.249103
    11     3-12.8586-28.6895-198.2548.10713-39.81750.181724
    11     411.186126.4531-38.49057.99641-39.43160.0486927
    11     512.366228.4521-37.5133-8.5016366.55160.121976
    11     6-10.5853-26.2008-196.738-8.2497166.23620.455221
    11     7-12.9742-29.0265-198.302-7.44177-38.33570.387841
    11     811.033626.0791-38.625-7.55249-38.02030.103922
    12     112.376826.109-274.5297.9111860.39040.481869
    12     2-10.1385-29.0266-435.7988.4590560.25790.93544
    12     3-13.2211-31.105-437.3477.81419-45.87640.920806
    12     49.9205124.2989-275.8087.70238-45.74390.415406
    12     511.604824.2413-275.234-8.3989261.40550.775963
    12     6-10.9494-30.9331-436.594-7.8510561.491 1.319
    12     7-13.3778-31.4854-437.489-8.31698-44.69511.30437
    12     89.8026523.9574-275.86-8.42878-44.78060.709501
    13     14.0131421.2149408.0767.5216655.9097-0.166241
    13     2-15.1623-29.598257.8757.5301556.64580.26767
    13     3-8.65758-22.6035261.9257.2684-42.74220.0773964
    13     412.879129.2214413.1387.3673-43.4784-0.335836
    13     54.127621.3124408.36-8.2970856.7514-1.1173
    13     6-15.0323-29.485258.195-8.2885957.5413-0.346071
    13     7-8.36653-22.1147262.406-7.8757-41.8261-0.536345
    13     813.154629.6947413.583-7.77681-42.616-1.28689
    14     19.6788825.3909187.1938.1297563.21550.336364
    14     2-11.6269-26.377435.93788.0639563.34120.0901283
    14     3-10.5247-25.187136.62567.60113-36.14560.0483194
    14     412.762527.4304188.737.68537-36.27130.180331
    14     59.894625.7382187.565-7.1014864.7459-0.0503041
    14     6-11.4969-26.115836.1097-7.1672864.8808-0.0134789
    14     7-10.367-24.860936.8251-7.06398-34.7203-0.0552878
    14     813.005927.8422189.129-6.97974-34.8552-0.206337
    15     111.626926.3774-35.93788.0639563.3412-0.0901283
    15     2-9.67888-25.3909-187.1938.1297563.2155-0.336364
    15     3-12.7625-27.4304-188.737.68537-36.2713-0.180331
    15     410.524725.1871-36.62567.60113-36.1456-0.0483194
    15     511.496926.1158-36.1097-7.1672864.88080.0134789
    15     6-9.8946-25.7382-187.565-7.1014864.74590.0503041
    15     7-13.0059-27.8422-189.129-6.97974-34.85520.206337
    15     810.36724.8609-36.8251-7.06398-34.72030.0552878
    16     115.162329.598-257.8757.5301556.6458-0.26767
    16     2-4.01314-21.2149-408.0767.5216655.90970.166241
    16     3-12.8791-29.2214-413.1387.3673-43.47840.335836
    16     48.6575822.6035-261.9257.2684-42.7422-0.0773964
    16     515.032329.485-258.195-8.2885957.54130.346071
    16     6-4.1276-21.3124-408.36-8.2970856.75141.1173
    16     7-13.1546-29.6947-413.583-7.77681-42.6161.28689
    16     88.3665322.1147-262.406-7.8757-41.82610.536345
    17     14.7532320.5921383.6037.2042752.9377-0.356643
    17     2-13.7564-27.3417242.3347.0739653.60370.0030244
    17     3-7.96357-21.0534245.9586.80448-39.73230.00786073
    17     412.315827.639387.9866.91323-40.3983-0.369345
    17     54.9582221.0577383.821-7.5078353.8172-1.15158
    17     6-13.5646-26.8893242.521-7.6381454.4725-0.5391
    17     7-7.80407-20.6764246.113-7.40199-38.8811-0.534264
    17     812.488528.0291388.172-7.29324-39.5363-1.16429
    18     18.8185922.9585175.3537.4264760.04570.106212
    18     2-11.2755-25.671433.34717.3362260.30070.0284595
    18     3-9.84555-23.601634.39717.07531-33.07490.0308381
    18     412.065625.807177.1817.16353-33.32990.115089
    18     58.947323.2677175.472-6.8414161.3465-0.248366
    18     6-11.142-25.357333.4783-6.9316661.6004-0.0665495
    18     7-9.71501-23.294634.5252-6.67343-31.7687-0.0641709
    18     812.191226.1091177.298-6.58521-32.0226-0.239489
    19     111.275525.6714-33.34717.3362260.3007-0.0284595
    19     2-8.81859-22.9585-175.3537.4264760.0457-0.106212
    19     3-12.0656-25.807-177.1817.16353-33.3299-0.115089
    19     49.8455523.6016-34.39717.07531-33.0749-0.0308381
    19     511.14225.3573-33.4783-6.9316661.60040.0665495
    19     6-8.9473-23.2677-175.472-6.8414161.34650.248366
    19     7-12.1912-26.1091-177.298-6.58521-32.02260.239489
    19     89.7150123.2946-34.5252-6.67343-31.76870.0641709
    20     113.756427.3417-242.3347.0739653.6037-0.0030244
    20     2-4.75323-20.5921-383.6037.2042752.93770.356643
    20     3-12.3158-27.639-387.9866.91323-40.39830.369345
    20     47.9635721.0534-245.9586.80448-39.7323-0.00786073
    20     513.564626.8893-242.521-7.6381454.47250.5391
    20     6-4.95822-21.0577-383.821-7.5078353.81721.15158
    20     7-12.4885-28.0291-388.172-7.29324-39.53631.16429
    20     87.8040720.6764-246.113-7.40199-38.88110.534264
    21     13.9798  18.9358.6676.7129749.9618-0.39391
    21     2-13.1635-25.8867226.5216.6118750.6396-0.0003152
    21     3-7.27139-19.4887230.2086.35513-36.71950.00366963
    21     411.781226.1163363.1726.45688-37.3972-0.384646
    21     54.124519.2469358.803-7.1087550.8137-1.21793
    21     6-13.0148-25.5359226.666-7.2098551.4918-0.551579
    21     7-7.12175-19.1356230.354-6.92108-35.862-0.547594
    21     811.926926.4655363.309-6.81932-36.54-1.20867
    22     18.2275821.624164.0636.9672957.02470.113372
    22     2-10.4922-23.831731.26376.8813357.24460.0303781
    22     3-9.16465-22.006132.20966.61229-30.09870.0308118
    22     411.379624.2315165.7916.69408-30.31860.114991
    22     58.355321.9236164.189-6.4006458.344-0.242658
    22     6-10.3636-23.531231.3919-6.4865958.5619-0.06502
    22     7-9.04229-21.720132.3316-6.23437-28.7803-0.0645863
    22     811.50124.5165165.91-6.15258-28.9981-0.241039
    23     110.492223.8317-31.26376.8813357.2446-0.0303781
    23     2-8.22758-21.624-164.0636.9672957.0247-0.113372
    23     3-11.3796-24.2315-165.7916.69408-30.3186-0.114991
    23     49.1646522.0061-32.20966.61229-30.0987-0.0308118
    23     510.363623.5312-31.3919-6.4865958.56190.06502
    23     6-8.3553-21.9236-164.189-6.4006458.3440.242658
    23     7-11.501-24.5165-165.91-6.15258-28.99810.241039
    23     89.0422921.7201-32.3316-6.23437-28.78030.0645863
    24     113.163525.8867-226.5216.6118750.63960.0003152
    24     2-3.9798 -18.9-358.6676.7129749.96180.39391
    24     3-11.7812-26.1163-363.1726.45688-37.39720.384646
    24     47.2713919.4887-230.2086.35513-36.7195-0.00366963
    24     513.014825.5359-226.666-7.2098551.49180.551579
    24     6-4.1245-19.2469-358.803-7.1087550.81371.21793
    24     7-11.9269-26.4655-363.309-6.81932-36.541.20867
    24     87.1217519.1356-230.354-6.92108-35.8620.547594
    25     13.4717317.3791333.7836.266746.9386-0.382766
    25     2-12.4407-24.2924210.796.1668447.61240.00403344
    25     3-6.56493-17.9236214.4645.90917-33.70850.00436677
    25     411.231624.5554338.2636.00319-34.3824-0.383364
    25     53.6219617.729333.933-6.612847.8011-1.20253
    25     6-12.2912-23.9431210.939-6.7126648.4721-0.546569
    25     7-6.42414-17.5947214.604-6.43201-32.8498-0.546236
    25     811.373124.8849338.406-6.33799-33.5207-1.20313
    26     17.5294219.9925152.6756.4949154.0190.114841
    26     2-9.83697-22.303529.05466.4157954.24610.0307714
    26     3-8.48696-20.427230.02256.14799-27.07810.0309139
    26     410.706522.6518154.4266.22398-27.30520.115372
    26     57.6477120.269152.793-5.9698855.3396-0.241706
    26     6-9.71839-22.026629.1731-6.04955.5651-0.064765
    26     7-8.37308-20.161430.1362-5.79478-25.7587-0.0646226
    26     810.820122.9173154.539-5.71879-25.9842-0.241175
    27     19.8369722.3035-29.05466.4157954.2461-0.0307714
    27     2-7.52942-19.9925-152.6756.4949154.019-0.114841
    27     3-10.7065-22.6518-154.4266.22398-27.3052-0.115372
    27     48.4869620.4272-30.02256.14799-27.0781-0.0309139
    27     59.7183922.0266-29.1731-6.04955.56510.064765
    27     6-7.64771-20.269-152.793-5.9698855.33960.241706
    27     7-10.8201-22.9173-154.539-5.71879-25.98420.241175
    27     88.3730820.1614-30.1362-5.79478-25.75870.0646226
    28     112.440724.2924-210.796.1668447.6124-0.00403344
    28     2-3.47173-17.3791-333.7836.266746.93860.382766
    28     3-11.2316-24.5554-338.2636.00319-34.38240.383364
    28     46.5649317.9236-214.4645.90917-33.7085-0.00436677
    28     512.291223.9431-210.939-6.7126648.47210.546569
    28     6-3.62196-17.729-333.933-6.612847.80111.20253
    28     7-11.3731-24.8849-338.406-6.33799-33.52071.20313
    28     86.4241417.5947-214.604-6.43201-32.84980.546236
    29     12.9202115.8173308.895.810843.9287-0.38257
    29     2-11.7414-22.7376195.0355.7202444.60370.00505474
    29     3-5.86121-16.3603198.7135.46176-30.69610.00471633
    29     410.688623.0039313.3775.54868-31.3712-0.382776
    29     53.056216.1344309.026-6.1358744.789-1.20305
    29     6-11.6053-22.4204195.172-6.2264345.4622-0.545677
    29     7-5.73058-16.0558198.844-5.94541-29.8376-0.546015
    29     810.819223.3082313.507-5.85849-30.5108-1.20326
    30     16.8580518.4223141.3036.0251651.0060.115884
    30     2-9.15414-20.711226.87035.9515551.23170.0310511
    30     3-7.8083-18.844427.83415.68267-24.06760.0309693
    30     410.030621.072143.055.75288-24.29340.115579
    30     56.9686818.6802141.414-5.535552.3274-0.240594
    30     6-9.04368-20.453526.9809-5.6091152.5514-0.0644669
    30     7-7.70293-18.598727.9395-5.35607-22.7481-0.0645487
    30     810.136221.3179143.156-5.28586-22.9722-0.240899
    31     19.1541420.7112-26.87035.9515551.2317-0.0310511
    31     2-6.85805-18.4223-141.3036.0251651.006-0.115884
    31     3-10.0306-21.072-143.055.75288-24.2934-0.115579
    31     47.808318.8444-27.83415.68267-24.0676-0.0309693
    31     59.0436820.4535-26.9809-5.6091152.55140.0644669
    31     6-6.96868-18.6802-141.414-5.535552.32740.240594
    31     7-10.1362-21.3179-143.156-5.28586-22.97220.240899
    31     87.7029318.5987-27.9395-5.35607-22.74810.0645487
    32     111.741422.7376-195.0355.7202444.6037-0.00505474
    32     2-2.92021-15.8173-308.895.810843.92870.38257
    32     3-10.6886-23.0039-313.3775.54868-31.37120.382776
    32     45.8612116.3603-198.7135.46176-30.6961-0.00471633
    32     511.605322.4204-195.172-6.2264345.46220.545677
    32     6-3.0562-16.1344-309.026-6.1358744.7891.20305
    32     7-10.8192-23.3082-313.507-5.85849-30.51081.20326
    32     85.7305816.0558-198.844-5.94541-29.83760.546015
    33     12.3774314.2665   2845.3566940.9164-0.382947
    33     2-11.0361-21.1716179.2875.2726541.59120.00458411
    33     3-5.15708-14.7963182.9635.01448-27.68420.00464456
    33     410.14421.4507288.4855.0943-28.359-0.382908
    33     52.5034614.5607284.126-5.6556141.7771-1.20328
    33     6-10.9101-20.8775179.412-5.7396542.4497-0.546099
    33     7-5.03738-14.517183.082-5.45852-26.8257-0.546038
    33     810.263721.7301288.605-5.3787-27.4984-1.20324
    34     16.1818416.8408129.9295.5536847.99410.115486
    34     2-8.47644-19.130924.68145.4859248.22010.0309444
    34     3-7.12979-17.262225.6465.21725-21.05540.0309588
    34     49.3551619.4923131.6765.28172-21.28140.11554
    34     56.2834417.0779130.03-5.10349.3151-0.240983
    34     6-8.37481-18.893724.783-5.1707649.5394-0.0645711
    34     7-7.03309-17.036625.7427-4.91752-19.736-0.0645567
    34     89.4518319.7179131.773-4.85304-19.9604-0.240929
    35     18.4764419.1309-24.68145.4859248.2201-0.0309444
    35     2-6.18184-16.8408-129.9295.5536847.9941-0.115486
    35     3-9.35516-19.4923-131.6765.28172-21.2814-0.11554
    35     47.1297917.2622-25.6465.21725-21.0554-0.0309588
    35     58.3748118.8937-24.783-5.1707649.53940.0645711
    35     6-6.28344-17.0779-130.03-5.10349.31510.240983
    35     7-9.45183-19.7179-131.773-4.85304-19.96040.240929
    35     87.0330917.0366-25.7427-4.91752-19.7360.0645567
    36     111.036121.1716-179.2875.2726541.5912-0.00458411
    36     2-2.37743-14.2665  -2845.3566940.91640.382947
    36     3-10.144-21.4507-288.4855.0943-28.3590.382908
    36     45.1570814.7963-182.9635.01448-27.6842-0.00464456
    36     510.910120.8775-179.412-5.7396542.44970.546099
    36     6-2.50346-14.5607-284.126-5.6556141.77711.20328
    36     7-10.2637-21.7301-288.605-5.3787-27.49841.20324
    36     85.0373814.517-183.082-5.45852-26.82570.546038
    37     11.832712.7132259.1094.9022437.9045-0.382898
    37     2-10.3323-19.6082163.5364.8254638.57930.00464727
    37     3-4.45303-13.2325167.2134.56721-24.67230.00464142
    37     49.5996219.8979263.5954.63991-25.3471-0.382901
    37     51.9478912.9819259.224-5.1759538.7651-1.20326
    37     6-10.2171-19.3394163.652-5.2527439.4378-0.546046
    37     7-4.34398-12.9781167.322-4.97165-23.8137-0.546052
    37     89.7086820.1523263.704-4.89895-24.4865-1.20326
    38     15.5064615.2615118.5555.0826244.98210.11554
    38     2-7.79773-17.548122.49345.0205745.20810.0309588
    38     3-6.45126-15.679923.45784.7519-18.04350.0309573
    38     48.6796217.9126120.3024.81062-18.26940.115534
    38     55.5995415.4787118.648-4.6700846.3032-0.240932
    38     6-7.70465-17.330922.5865-4.7321346.5275-0.0645577
    38     7-6.36318-15.474423.5459-4.47889-16.7241-0.0645591
    38     88.767718.1181120.39-4.42017-16.9484-0.240938
    39     17.7977317.5481-22.49345.0205745.2081-0.0309588
    39     2-5.50646-15.2615-118.5555.0826244.9821-0.11554
    39     3-8.67962-17.9126-120.3024.81062-18.2694-0.115534
    39     46.4512615.6799-23.45784.7519-18.0435-0.0309573
    39     57.7046517.3309-22.5865-4.7321346.52750.0645577
    39     6-5.59954-15.4787-118.648-4.6700846.30320.240932
    39     7-8.7677-18.1181-120.39-4.42017-16.94840.240938
    39     86.3631815.4744-23.5459-4.47889-16.72410.0645591
    40     110.332319.6082-163.5364.8254638.5793-0.00464727
    40     2-1.8327-12.7132-259.1094.9022437.90450.382898
    40     3-9.59962-19.8979-263.5954.63991-25.34710.382901
    40     44.4530313.2325-167.2134.56721-24.6723-0.00464142
    40     510.217119.3394-163.652-5.2527439.43780.546046
    40     6-1.94789-12.9819-259.224-5.1759538.76511.20326
    40     7-9.70868-20.1523-263.704-4.89895-24.48651.20326
    40     84.3439812.9781-167.322-4.97165-23.81370.546052
    41     11.2883611.1604234.2194.4478734.8925-0.382903
    41     2-9.62817-18.0443147.7864.3781735.56730.00464198
    41     3-3.74897-11.6687151.4634.11994-21.66030.00464361
    41     49.0552218.3449238.7044.18553-22.3351-0.382901
    41     51.3929111.4043234.323-4.6961735.7531-1.20326
    41     6-9.52363-17.8003147.891-4.7658736.4258-0.546049
    41     7-3.65059-11.4391151.561-4.48477-20.8017-0.546048
    41     89.1535918.5745238.802-4.41919-21.4745-1.20326
    42     14.830913.6817107.184.6115141.97010.115536
    42     2-7.11925-15.965920.30524.5552242.19610.0309577
    42     3-5.77274-14.097621.26974.28655-15.03150.030958
    42     48.0040916.3328108.9284.33952-15.25740.115537
    42     54.9153213.8787107.265-4.2372243.2912-0.240936
    42     6-7.03482-15.768920.3896-4.2935143.5155-0.0645585
    42     7-5.69329-13.912221.3491-4.04027-13.7121-0.0645582
    42     88.0835416.5182109.007-3.9873-13.9364-0.240934
    43     17.1192515.9659-20.30524.5552242.1961-0.0309577
    43     2-4.8309-13.6817-107.184.6115141.9701-0.115536
    43     3-8.00409-16.3328-108.9284.33952-15.2574-0.115537
    43     45.7727414.0976-21.26974.28655-15.0315-0.030958
    43     57.0348215.7689-20.3896-4.2935143.51550.0645585
    43     6-4.91532-13.8787-107.265-4.2372243.29120.240936
    43     7-8.08354-16.5182-109.007-3.9873-13.93640.240934
    43     85.6932913.9122-21.3491-4.04027-13.71210.0645582
    44     19.6281718.0443-147.7864.3781735.5673-0.00464198
    44     2-1.28836-11.1604-234.2194.4478734.89250.382903
    44     3-9.05522-18.3449-238.7044.18553-22.33510.382901
    44     43.7489711.6687-151.4634.11994-21.6603-0.00464361
    44     59.5236317.8003-147.891-4.7658736.42580.546049
    44     6-1.39291-11.4043-234.323-4.6961735.75311.20326
    44     7-9.15359-18.5745-238.802-4.41919-21.47451.20326
    44     83.6505911.4391-151.561-4.48477-20.80170.546048
    45     10.7439559.60743209.3283.9934831.8805-0.3829
    45     2-8.92413-16.4804132.0363.930932.55530.00464423
    45     3-3.04491-10.1049135.7133.67267-18.64830.00464234
    45     48.5108116.792213.8133.73113-19.3231-0.382901
    45     50.8378139.82643209.422-4.2164232.7411-1.20326
    45     6-8.83027-16.2614132.13-4.2789933.4139-0.546049
    45     7-2.95723-9.90026135.801-3.9979-17.7898-0.546051
    45     88.598516.9966213.901-3.93944-18.4625-1.20326
    46     14.1553812.10295.80634.140438.95820.115537
    46     2-6.44071-14.383618.11714.0898639.18410.0309581
    46     3-5.0942-12.515319.08153.82118-12.01950.0309576
    46     47.3285814.753197.55363.86841-12.24550.115535
    46     54.2311912.278995.8821-3.8043540.2792-0.240936
    46     6-6.3649-14.206718.1929-3.8548940.5035-0.0645586
    46     7-5.02336-12.3519.1524-3.60166-10.7001-0.0645591
    46     87.3994314.918497.6244-3.55443-10.9244-0.240938
    47     16.4407114.3836-18.11714.0898639.1841-0.0309581
    47     2-4.15538-12.102-95.80634.140438.9582-0.115537
    47     3-7.32858-14.7531-97.55363.86841-12.2455-0.115535
    47     45.094212.5153-19.08153.82118-12.0195-0.0309576
    47     56.364914.2067-18.1929-3.8548940.50350.0645586
    47     6-4.23119-12.2789-95.8821-3.8043540.27920.240936
    47     7-7.39943-14.9184-97.6244-3.55443-10.92440.240938
    47     85.02336 12.35-19.1524-3.60166-10.70010.0645591
    48     18.9241316.4804-132.0363.930932.5553-0.00464423
    48     2-0.743955-9.60743-209.3283.9934831.88050.3829
    48     3-8.51081-16.792-213.8133.73113-19.32310.382901
    48     43.0449110.1049-135.7133.67267-18.6483-0.00464234
    48     58.8302716.2614-132.13-4.2789933.41390.546049
    48     6-0.837813-9.82643-209.422-4.2164232.74111.20326
    48     7-8.5985-16.9966-213.901-3.93944-18.46251.20326
    48     82.957239.90026-135.801-3.9979-17.78980.546051
    49     10.1995428.05451184.4373.5390928.8685-0.382902
    49     2-8.22006-14.9166116.2873.4836429.54340.00464136
    49     3-2.34085-8.5409119.9633.2254-15.63630.00464571
    49     47.9664615.2392188.9233.27678-16.3111-0.382907
    49     50.2827288.2486184.52-3.7366629.7291-1.20326
    49     6-8.13688-14.7225116.37-3.7921130.4019-0.546044
    49     7-2.26379-8.36109120.04-3.511-14.7778-0.546039
    49     88.0435315.419   189-3.45962-15.4505-1.20327
    50     13.4798510.522384.43223.669335.94620.115535
    50     2-5.76219-12.801315.92893.6245136.17210.0309574
    50     3-4.41572-10.933116.89333.35588-9.007530.0309591
    50     46.6529713.173386.17953.39731-9.233490.115541
    50     53.5470310.67984.4994-3.3714837.2672-0.240929
    50     6-5.69501-12.644615.9961-3.4162737.4915-0.0645568
    50     7-4.35357-10.788116.9555-3.163-7.68816-0.0645551
    50     86.7151213.318486.2416-3.12156-7.91244-0.240923
    51     15.7621912.8013-15.92893.6245136.1721-0.0309574
    51     2-3.47985-10.5223-84.43223.669335.9462-0.115535
    51     3-6.65297-13.1733-86.17953.39731-9.23349-0.115541
    51     44.4157210.9331-16.89333.35588-9.00753-0.0309591
    51     55.6950112.6446-15.9961-3.4162737.49150.0645568
    51     6-3.54703-10.679-84.4994-3.3714837.26720.240929
    51     7-6.71512-13.3184-86.2416-3.12156-7.912440.240923
    51     84.3535710.7881-16.9555-3.163-7.688160.0645551
    52     18.2200614.9166-116.2873.4836429.5434-0.00464136
    52     2-0.199542-8.05451-184.4373.5390928.86850.382902
    52     3-7.96646-15.2392-188.9233.27678-16.31110.382907
    52     42.340858.5409-119.9633.2254-15.6363-0.00464571
    52     58.1368814.7225-116.37-3.7921130.40190.546044
    52     6-0.282728-8.2486-184.52-3.7366629.72911.20326
    52     7-8.04353-15.419  -189-3.45962-15.45051.20327
    52     82.263798.36109-120.04-3.511-14.77780.546039
    53     1-0.3447776.5017159.5473.0846925.8566-0.382892
    53     2-7.51603-13.3528100.5363.0363626.53130.0046499
    53     3-1.63677-6.97748104.2132.7781-12.62460.00462519
    53     47.4217813.6858164.0322.8222-13.2993-0.38285
    53     5-0.2723086.67084159.619-3.2569326.7173-1.20323
    53     6-7.44351-13.1836100.609-3.3052627.3899-0.546072
    53     7-1.57061-6.82312104.279-3.02429-11.7659-0.546097
    53     87.4878913.8402164.098-2.98019-12.4386-1.20319
    54     12.804298.9425373.05793.1981932.93420.115541
    54     2-5.08366-11.21913.74073.1591533.16020.0309591
    54     3-3.73694-9.3503614.70542.8903-5.995440.0309487
    54     45.9778911.594174.80552.92614-6.221450.115502
    54     52.862889.0791973.1166-2.9386134.2553-0.240969
    54     6-5.02509-11.082413.7993-2.9776534.4797-0.0645674
    54     7-3.68318-9.2249314.7591-2.72452-4.67601-0.0645779
    54     86.0316811.719674.8593-2.68869-4.90042-0.241008
    55     15.0836611.219-13.74073.1591533.1602-0.0309591
    55     2-2.80429-8.94253-73.05793.1981932.9342-0.115541
    55     3-5.97789-11.5941-74.80552.92614-6.22145-0.115502
    55     43.736949.35036-14.70542.8903-5.99544-0.0309487
    55     55.0250911.0824-13.7993-2.9776534.47970.0645674
    55     6-2.86288-9.07919-73.1166-2.9386134.25530.240969
    55     7-6.03168-11.7196-74.8593-2.68869-4.900420.241008
    55     83.683189.22493-14.7591-2.72452-4.676010.0645779
    56     17.5160313.3528-100.5363.0363626.5313-0.0046499
    56     20.344777-6.5017-159.5473.0846925.85660.382892
    56     3-7.42178-13.6858-164.0322.8222-13.29930.38285
    56     41.636776.97748-104.2132.7781-12.6246-0.00462519
    56     57.4435113.1836-100.609-3.3052627.38990.546072
    56     60.272308-6.67084-159.619-3.2569326.71731.20323
    56     7-7.48789-13.8402-164.098-2.98019-12.43861.20319
    56     81.570616.82312-104.279-3.02429-11.76590.546097
    57     1-0.8895084.94832134.6552.6303522.8446-0.382938
    57     2-6.81179-11.788884.7872.5891423.51960.00467102
    57     3-0.93283-5.412288.46362.33114-9.611410.00489514
    57     4 6.87912.1347139.1422.36872-10.2864-0.383081
    57     5-0.8275755.09269134.717-2.7770623.7048-1.20345
    57     6-6.75013-11.644784.8484-2.8182824.378-0.545903
    57     7-0.876629-5.2808488.5196-2.53641-8.75336-0.545679
    57     86.9354812.2663139.198-2.49883-9.42653-1.20359
    58     12.128967.362961.68462.7270729.92230.115577
    58     2-4.40517-9.6368911.55272.6937730.1480.0309688
    58     3-3.05981-7.7706712.51622.42568-2.984040.0310445
    58     45.3001210.011663.43052.45523-3.209720.11586
    58     52.178697.4792161.734-2.5057731.2433-0.240723
    58     6-4.35528-9.5204211.6025-2.5390631.4672-0.0645015
    58     7-3.01555-7.6673212.5604-2.28549-1.6647-0.0644258
    58     85.3442310.114863.4744-2.25595-1.88851-0.24044
    59     14.405179.63689-11.55272.6937730.148-0.0309688
    59     2-2.12896-7.3629-61.68462.7270729.9223-0.115577
    59     3-5.30012-10.0116-63.43052.45523-3.20972-0.11586
    59     43.059817.77067-12.51622.42568-2.98404-0.0310445
    59     54.355289.52042-11.6025-2.5390631.46720.0645015
    59     6-2.17869-7.47921-61.734-2.5057731.24330.240723
    59     7-5.34423-10.1148-63.4744-2.25595-1.888510.24044
    59     83.015557.66732-12.5604-2.28549-1.66470.0644258
    60     16.8117911.7888-84.7872.5891423.5196-0.00467102
    60     20.889508-4.94832-134.6552.6303522.84460.382938
    60     3-6.879-12.1347-139.1422.36872-10.28640.383081
    60     40.932835.4122-88.46362.33114-9.61141-0.00489514
    60     56.7501311.6447-84.8484-2.8182824.3780.545903
    60     60.827575-5.09269-134.717-2.7770623.70481.20345
    60     7-6.93548-12.2663-139.198-2.49883-9.426531.20359
    60     80.8766295.28084-88.5196-2.53641-8.753360.545679
    61     1-1.432793.39678109.7682.1756419.8326-0.382739
    61     2-6.10821-10.225569.03572.1415720.50670.00428268
    61     3-0.227747-3.8532572.71151.88166-6.603060.00318418
    61     46.3269510.5744114.2491.90979-7.27716-0.381957
    61     5-1.382273.51544109.817-2.2977620.6947-1.20237
    61     6-6.05628-10.105469.0887-2.3318321.3659-0.546884
    61     7-0.184727-3.7539772.7556-2.05481-5.74203-0.547982
    61     86.3685610.6723114.29-2.02668-6.41315-1.20159
    62     11.45295.7829850.30842.2560726.90930.115101
    62     2-3.72654-8.05419.364252.2285827.13660.0308413
    62     3-2.37469-6.1758910.33331.958180.02949650.0304637
    62     44.635138.4456352.06191.98379-0.19780.113692
    62     51.495195.8802550.3521-2.0727528.2307-0.24209
    62     6-3.68503-7.95769.40614-2.1002428.457-0.0648678
    62     7-2.33599-6.0859710.3723-1.847671.34892-0.0652454
    62     84.67468.5363352.1027-1.822061.12256-0.243499
    63     13.726548.0541-9.364252.2285827.1366-0.0308413
    63     2-1.4529-5.78298-50.30842.2560726.9093-0.115101
    63     3-4.63513-8.44563-52.06191.98379-0.1978-0.113692
    63     42.374696.17589-10.33331.958180.0294965-0.0304637
    63     53.685037.9576-9.40614-2.1002428.4570.0648678
    63     6-1.49519-5.88025-50.3521-2.0727528.23070.24209
    63     7-4.6746-8.53633-52.1027-1.822061.122560.243499
    63     82.335996.08597-10.3723-1.847671.348920.0652454
    64     16.1082110.2255-69.03572.1415720.5067-0.00428268
    64     21.43279-3.39678-109.7682.1756419.83260.382739
    64     3-6.32695-10.5744-114.2491.90979-7.277160.381957
    64     40.2277473.85325-72.71151.88166-6.60306-0.00318418
    64     56.0562810.1054-69.0887-2.3318321.36590.546884
    64     61.38227-3.51544-109.817-2.2977620.69471.20237
    64     7-6.36856-10.6723-114.29-2.02668-6.413151.20159
    64     80.1847273.75397-72.7556-2.05481-5.742030.547982
    65     1-1.979011.8444384.87471.7232416.819-0.385492
    65     2-5.40586-8.6617653.28091.6962217.49730.0051939
    65     30.470766-2.2670956.96231.44949-3.59030.00674699
    65     45.812649.0598289.37681.47944-4.26862-0.393405
    65     5-1.932541.9449584.929-1.8164217.6719-1.20788
    65     6-5.36649-8.5683453.3187-1.8434518.3517-0.543616
    65     70.514516-2.1634557.0045-1.54302-2.74533-0.542063
    65     85.863499.1705689.4355-1.51308-3.42511-1.21579
    66     10.7758794.2025338.92961.7856423.90550.116878
    66     2-3.04794-6.470897.175311.763524.1270.0313173
    66     3-1.71949-4.635388.12451.502023.04620.0323777
    66     43.917636.8151740.65591.516562.824620.120835
    66     50.8061234.2770638.9559-1.6391625.2232-0.236981
    66     6-3.01552-6.394197.20666-1.661325.441-0.0634988
    66     7-1.69848-4.585298.14445-1.404694.36309-0.0624384
    66     83.936476.8630940.6708-1.390164.14531-0.233023
    67     13.047946.47089-7.175311.763524.127-0.0313173
    67     2-0.775879-4.20253-38.92961.7856423.9055-0.116878
    67     3-3.91763-6.81517-40.65591.516562.82462-0.120835
    67     41.719494.63538-8.12451.502023.0462-0.0323777
    67     53.015526.39419-7.20666-1.661325.4410.0634988
    67     6-0.806123-4.27706-38.9559-1.6391625.22320.236981
    67     7-3.93647-6.86309-40.6708-1.390164.145310.233023
    67     81.698484.58529-8.14445-1.404694.363090.0624384
    68     15.405868.66176-53.28091.6962217.4973-0.0051939
    68     21.97901-1.84443-84.87471.7232416.8190.385492
    68     3-5.81264-9.05982-89.37681.47944-4.268620.393405
    68     4-0.4707662.26709-56.96231.44949-3.5903-0.00674699
    68     55.366498.56834-53.3187-1.8434518.35170.543616
    68     61.93254-1.94495-84.929-1.8164217.67191.20788
    68     7-5.86349-9.17056-89.4355-1.51308-3.425111.21579
    68     8-0.5145162.16345-57.0045-1.54302-2.745330.542063
    69     1-2.530890.25568959.9521.2576313.8334-0.359663
    69     2-4.67333-7.0853337.62431.2397314.48240.0139058
    69     31.16552-0.87429541.23930.913354-0.504220.014508
    69     45.153057.2574864.35770.895455-1.15324-0.31824
    69     5-2.535090.28729359.9063-1.3416614.7324-1.17922
    69     6-4.64692-7.0231237.6501-1.3595615.3636-0.542064
    69     71.13822-0.93739441.2114-1.158770.417761-0.541462
    69     85.095137.1637764.2583-1.17667-0.213355-1.13779
    70     10.1281592.6349927.66031.3048220.84650.118807
    70     2-2.37363-4.912565.003581.2917421.07430.0318343
    70     3-1.0105-3.026625.978310.9787165.965120.0288041
    70     43.34835.316829.43090.9954075.737310.107498
    70     50.1562572.6892427.6997-1.2180622.1849-0.243583
    70     6-2.35175-4.864525.0285-1.2311422.4145-0.0652678
    70     7-0.983195-2.965936.00864-1.013597.29705-0.068298
    70     83.381825.383729.4757-0.9968997.06743-0.254891
    71     12.373634.91256-5.003581.2917421.0743-0.0318343
    71     2-0.128159-2.63499-27.66031.3048220.8465-0.118807
    71     3-3.3483-5.3168-29.43090.9954075.73731-0.107498
    71     41.01053.02662-5.978310.9787165.96512-0.0288041
    71     52.351754.86452-5.0285-1.2311422.41450.0652678
    71     6-0.156257-2.68924-27.6997-1.2180622.18490.243583
    71     7-3.38182-5.3837-29.4757-0.9968997.067430.254891
    71     80.9831952.96593-6.00864-1.013597.297050.068298
    72     14.673337.08533-37.62431.2397314.4824-0.0139058
    72     22.53089-0.255689-59.9521.2576313.83340.359663
    72     3-5.15305-7.25748-64.35770.895455-1.153240.31824
    72     4-1.165520.874295-41.23930.913354-0.50422-0.014508
    72     54.646927.02312-37.6501-1.3595615.36360.542064
    72     62.53509-0.287293-59.9063-1.3416614.73241.17922
    72     7-5.09513-7.16377-64.2583-1.17667-0.2133551.13779
    72     8-1.138220.937394-41.2114-1.158770.4177610.541462
    73     1-3.05661-1.0827735.12360.86100510.5999-0.444706
    73     2-4.14984-5.5743821.24480.82425911.4708-0.0483219
    73     32.268542.1527825.48850.9072192.083640.0348389
    73     45.082787.3819640.10491.129061.21276-0.466235
    73     5-2.98534-0.93801935.2164-0.8381811.2416-1.23424
    73     6-4.15709-5.5081421.1544-0.87492612.205-0.592002
    73     72.538942.8668525.6757-0.300252.71314-0.508842
    73     85.431698.1745540.4753-0.07840771.74972-1.25577
    74     1-0.7255760.98708515.61170.88907218.01590.0763158
    74     2-1.66362-3.163662.713940.8591518.33350.0204488
    74     3-0.0395143-0.6524173.954540.8455149.586520.0461205
    74     42.73214.2841417.63810.9079729.268860.172124
    74     5-0.752551.0199515.4889-0.717277 19.25-0.281498
    74     6-1.638-3.078192.7139-0.74719919.5839-0.0754273
    74     70.0349191-0.4530684.00331-0.23695910.907-0.0497555
    74     82.753934.4308917.5642-0.17450110.5731-0.18569
    75     11.663623.16366-2.713940.8591518.3335-0.0204488
    75     20.725576-0.987085-15.61170.88907218.0159-0.0763158
    75     3-2.7321-4.28414-17.63810.9079729.26886-0.172124
    75     40.03951430.652417-3.954540.8455149.58652-0.0461205
    75     5 1.6383.07819-2.7139-0.74719919.58390.0754273
    75     60.75255-1.01995-15.4889-0.717277 19.250.281498
    75     7-2.75393-4.43089-17.5642-0.17450110.57310.18569
    75     8-0.03491910.453068-4.00331-0.23695910.9070.0497555
    76     14.149845.57438-21.24480.82425911.47080.0483219
    76     23.056611.08277-35.12360.86100510.59990.444706
    76     3-5.08278-7.38196-40.10491.129061.212760.466235
    76     4-2.26854-2.15278-25.48850.9072192.08364-0.0348389
    76     54.157095.50814-21.1544-0.87492612.2050.592002
    76     62.985340.938019-35.2164-0.8381811.24161.23424
    76     7-5.43169-8.17455-40.4753-0.07840771.749721.25577
    76     8-2.53894-2.86685-25.6757-0.300252.713140.508842
    77     1-2.74976-2.7026412.07180.08773368.79713-0.979119
    77     2-2.87309-4.270056.970430.1384928.280950.0505649
    77     30.380881-5.825127.4801-2.04467 4.747-0.104423
    77     43.42497-3.0059513.8332-3.025285.26318-1.39511
    77     5-2.51391-2.568312.7236-0.63430511.2855-2.08245
    77     6-2.83299-4.331467.16553-0.58354710.3044-0.63551
    77     7-0.973796-9.141026.28041-1.93226.50946-0.790498
    77     82.26605-6.126113.0903-2.912827.49058-2.49844
    78     1-0.877343-0.4970315.44897-0.081107215.03770.337123
    78     2-1.02423-1.974520.670902-0.044501714.69810.090332
    78     3-1.25379-4.01297-0.00950235-2.4624311.39760.0777679
    78     41.0486-1.611695.69235-2.8022211.73710.290234
    78     5-0.897084-0.5899835.47612-0.74640717.6173-0.0835167
    78     6-1.06971-2.093210.637981-0.70980217.1262-0.0223782
    78     7-1.75405-5.1928-0.497198-2.5118713.7913-0.0349423
    78     80.574087-2.765795.26473-2.8516614.2824-0.130406
    79     11.024231.97452-0.670902-0.044501714.6981-0.090332
    79     20.8773430.497031-5.44897-0.081107215.0377-0.337123
    79     3-1.04861.61169-5.69235-2.8022211.7371-0.290234
    79     41.253794.012970.00950235-2.4624311.3976-0.0777679
    79     51.069712.09321-0.637981-0.70980217.12620.0223782
    79     60.8970840.589983-5.47612-0.74640717.61730.0835167
    79     7-0.5740872.76579-5.26473-2.8516614.28240.130406
    79     81.754055.19280.497198-2.5118713.79130.0349423
    80     12.873094.27005-6.970430.1384928.28095-0.0505649
    80     22.749762.70264-12.07180.08773368.797130.979119
    80     3-3.424973.00595-13.8332-3.025285.263181.39511
    80     4-0.3808815.82512-7.4801-2.04467 4.7470.104423
    80     52.832994.33146-7.16553-0.58354710.30440.63551
    80     62.513912.5683-12.7236-0.63430511.28552.08245
    80     7-2.266056.1261-13.0903-2.912827.490582.49844
    80     80.9737969.14102-6.28041-1.93226.509460.790498
    81     1189.339187.058536.5221.387986.91415.49324
    81     2117.374108.266345.8451.2128170.78453.48381
    81     3-0.373318-34.3664267.7314.52627 -41.13.09338
    81     438.949530.4368444.4185.17971-24.97045.92943
    81     5189.275187.344536.021-2.0258283.613920.0649
    81     6117.93109.171346.79-2.2009167.723513.3922
    81     70.899674-31.7865269.394-8.2139-43.334413.0018
    81     839.602532.3967444.635-7.56045-27.44420.501
    82     180.297182.4782226.2171.1217767.44952.16753
    82     217.513512.761856.61261.100862.47080.580787
    82     3-9.55475-27.288236.47714.10823-37.41710.434339
    82     420.082828.2227191.8764.1865-32.43851.62098
    82     580.738582.9615227.205-2.3446164.03758.63587
    82     617.654812.945156.9003-2.3655859.08752.31398
    82     7-9.32751-26.904436.8508-8.82846-41.20052.16753
    82     820.610128.9066192.95-8.75019-36.25068.08932
    83     1-17.5135-12.7618-56.61261.100862.4708-0.580787
    83     2-80.2971-82.4782-226.2171.1217767.4495-2.16753
    83     3-20.0828-28.2227-191.8764.1865-32.4385-1.62098
    83     49.5547527.2882-36.47714.10823-37.4171-0.434339
    83     5-17.6548-12.9451-56.9003-2.3655859.0875-2.31398
    83     6-80.7385-82.9615-227.205-2.3446164.0375-8.63587
    83     7-20.6101-28.9066-192.95-8.75019-36.2506-8.08932
    83     89.3275126.9044-36.8508-8.82846-41.2005-2.16753
    84     1-117.374-108.266-345.8451.2128170.7845-3.48381
    84     2-189.339-187.058-536.5221.387986.9141-5.49324
    84     3-38.9495-30.4368-444.4185.17971-24.9704-5.92943
    84     40.37331834.3664-267.7314.52627 -41.1-3.09338
    84     5-117.93-109.171-346.79-2.2009167.7235-13.3922
    84     6-189.275-187.344-536.021-2.0258283.6139-20.0649
    84     7-39.6025-32.3967-444.635-7.56045-27.444-20.501
    84     8-0.89967431.7865-269.394-8.2139-43.3344-13.0018
    85     14.542811.26155455.7356.9249454.85150.508766
    85     2-18.7094-54.6354292.6646.2953459.292-0.603158
    85     3-8.61077-24.9332304.6047.81507-47.882-0.863874
    85     413.030130.2733466.9847.9012-52.3225-0.855926
    85     56.510744.48869459.067-9.3974455.30681.19936
    85     6-17.5695-52.2363294.064-10.02759.4756-0.142748
    85     7-8.28604-24.4362305.189-8.96769-48.8025-0.403463
    85     814.182831.5982469.502-8.88156-52.9712-0.165329
    86     115.742127.5979220.9525.9398778.338-0.796681
    86     2-14.1157-35.384140.87015.8379779.0896-0.21347
    86     3-12.4174-30.361542.88647.55628-38.0104-0.183173
    86     415.920231.9689222.3177.6654-38.762-0.68361
    86     515.810227.8697220.907-10.622276.7331-0.500016
    86     6-13.9856-35.050240.9699-10.724177.4883-0.133979
    86     7-12.2765-30.002342.9971-9.44012-39.529-0.103682
    86     815.999132.2661222.283-9.331-40.2842-0.386945
    87     114.115735.3841-40.87015.8379779.08960.21347
    87     2-15.7421-27.5979-220.9525.9398778.3380.796681
    87     3-15.9202-31.9689-222.3177.6654-38.7620.68361
    87     412.417430.3615-42.88647.55628-38.01040.183173
    87     513.985635.0502-40.9699-10.724177.48830.133979
    87     6-15.8102-27.8697-220.907-10.622276.73310.500016
    87     7-15.9991-32.2661-222.283-9.331-40.28420.386945
    87     812.276530.0023-42.9971-9.44012-39.5290.103682
    88     118.709454.6354-292.6646.2953459.2920.603158
    88     2-4.54281-1.26155-455.7356.9249454.8515-0.508766
    88     3-13.0301-30.2733-466.9847.9012-52.32250.855926
    88     48.6107724.9332-304.6047.81507-47.8820.863874
    88     517.569552.2363-294.064-10.02759.47560.142748
    88     6-6.51074-4.48869-459.067-9.3974455.3068-1.19936
    88     7-14.1828-31.5982-469.502-8.88156-52.97120.165329
    88     88.2860424.4362-305.189-8.96769-48.80250.403463
    89     13.871126.7943435.498.155959.9506-1.65666
    89     2-17.6194-28.0499274.1678.2295860.0899-1.13652
    89     3-10.0895-24.0266277.6337.84231-46.3892-0.144289
    89     414.025531.9423440.0817.87552-46.5285-0.398107
    89     52.8166725.5925433.177-8.520959.8451-3.04757
    89     6-18.4741-29.0519272.32-8.4472260.0379-2.1525
    89     7-10.7839-24.6545275.946-8.08464-46.1749-1.16027
    89     813.131331.1146437.928-8.05144-46.3677-1.78901
    90     16.2464323.5201196.0058.1900764.3187-0.746191
    90     2-14.0183-30.312636.82738.1156364.8001-0.199941
    90     3-11.2741-26.385538.82877.92552-40.5448-0.0108589
    90     412.542128.9693199.5287.89795-41.0262-0.040526
    90     55.8288423.2514194.882-8.5939164.2899-1.43924
    90     6-14.0485-30.193936.6081-8.6683564.7204-0.385643
    90     7-11.4573-26.623838.4565-7.84377-40.108-0.19656
    90     811.971528.3436198.252-7.87134-40.5384-0.733573
    91     114.018330.3126-36.82738.1156364.80010.199941
    91     2-6.24643-23.5201-196.0058.1900764.31870.746191
    91     3-12.5421-28.9693-199.5287.89795-41.02620.040526
    91     411.274126.3855-38.82877.92552-40.54480.0108589
    91     514.048530.1939-36.6081-8.6683564.72040.385643
    91     6-5.82884-23.2514-194.882-8.5939164.28991.43924
    91     7-11.9715-28.3436-198.252-7.87134-40.53840.733573
    91     811.457326.6238-38.4565-7.84377-40.1080.19656
    92     117.619428.0499-274.1678.2295860.08991.13652
    92     2-3.8711-26.7943-435.498.155959.95061.65666
    92     3-14.0255-31.9423-440.0817.87552-46.52850.398107
    92     410.089524.0266-277.6337.84231-46.38920.144289
    92     518.474129.0519-272.32-8.4472260.03792.1525
    92     6-2.81667-25.5925-433.177-8.520959.84513.04757
    92     7-13.1313-31.1146-437.928-8.05144-46.36771.78901
    92     810.783924.6545-275.946-8.08464-46.17491.16027
    93     15.4619821.4956408.0667.6597455.3010.185575
    93     2-14.9601-29.8292257.4067.6149456.06890.321216
    93     3-8.96111-22.8702261.2937.38102-43.2670.112682
    93     413.383829.2787412.7787.3506-44.0349-0.0666493
    93     55.7183421.8416408.575-7.7916655.521-0.61701
    93     6-14.7365-29.516257.838-7.8364656.2513-0.206677
    93     7-8.85035-22.8203261.612-7.52099-43.1283-0.415211
    93     813.527329.3614413.174-7.55142-43.8586-0.869234
    94     19.6324425.4199186.8447.7059261.95740.292491
    94     2-11.577-26.224135.90667.7651362.0690.0783728
    94     3-10.6098-25.171536.51257.51706-37.22410.037684
    94     412.326727.2126188.197.47338-37.33580.140638
    94     59.6575125.3265187.021-7.5113562.4684-0.0445486
    94     6-11.6353-26.400835.889-7.4521462.5878-0.0119367
    94     7-10.6448-25.293936.5182-7.20675-36.8165-0.0526256
    94     812.375127.1736188.39-7.25043-36.936-0.196401
    95     111.57726.2241-35.90667.7651362.069-0.0783728
    95     2-9.63244-25.4199-186.8447.7059261.9574-0.292491
    95     3-12.3267-27.2126-188.197.47338-37.3358-0.140638
    95     410.609825.1715-36.51257.51706-37.2241-0.037684
    95     511.635326.4008-35.889-7.4521462.58780.0119367
    95     6-9.65751-25.3265-187.021-7.5113562.46840.0445486
    95     7-12.3751-27.1736-188.39-7.25043-36.9360.196401
    95     810.644825.2939-36.5182-7.20675-36.81650.0526256
    96     114.960129.8292-257.4067.6149456.0689-0.321216
    96     2-5.46198-21.4956-408.0667.6597455.301-0.185575
    96     3-13.3838-29.2787-412.7787.3506-44.03490.0666493
    96     48.9611122.8702-261.2937.38102-43.267-0.112682
    96     514.736529.516-257.838-7.8364656.25130.206677
    96     6-5.71834-21.8416-408.575-7.7916655.5210.61701
    96     7-13.5273-29.3614-413.174-7.55142-43.85860.869234
    96     88.8503522.8203-261.612-7.52099-43.12830.415211
    97     15.2479720.856383.8567.1468152.4405-0.154941
    97     2-13.9773-27.387242.2717.1929153.08830.032533
    97     3-8.20636-21.2119245.8556.91289-40.25370.0409798
    97     412.854927.818388.2276.89918-40.9015-0.137456
    97     55.165720.6816383.756-7.3621152.5688-0.964006
    97     6-14.0528-27.5547242.187-7.3160153.2328-0.514246
    97     7-8.23325-21.2663245.819-7.07146-40.1001-0.505799
    97     812.821227.7569388.176-7.08517-40.7641-0.94652
    98     18.446522.8537175.2217.280659.02860.0797772
    98     2-11.3557-25.653933.33147.3178259.28250.0213762
    98     3-9.92717-23.590834.37897.02156-34.09950.0224621
    98     411.696825.6975177.0496.98646-34.35340.0838297
    98     58.3876322.7204175.158-7.0720759.4246-0.275738
    98     6-11.4123-25.784933.2737-7.0348559.6796-0.0738839
    98     7-9.98063-23.714434.3243-6.8106-33.6995-0.072798
    98     811.641125.5716176.989-6.8457-33.9544-0.271686
    99     111.355725.6539-33.33147.3178259.2825-0.0213762
    99     2-8.4465-22.8537-175.2217.280659.0286-0.0797772
    99     3-11.6968-25.6975-177.0496.98646-34.3534-0.0838297
    99     49.9271723.5908-34.37897.02156-34.0995-0.0224621
    99     511.412325.7849-33.2737-7.0348559.67960.0738839
    99     6-8.38763-22.7204-175.158-7.0720759.42460.275738
    99     7-11.6411-25.5716-176.989-6.8457-33.95440.271686
    99     89.9806323.7144-34.3243-6.8106-33.69950.072798
   100     113.977327.387-242.2717.1929153.0883-0.032533
   100     2-5.24797-20.856-383.8567.1468152.44050.154941
   100     3-12.8549-27.818-388.2276.89918-40.90150.137456
   100     48.2063621.2119-245.8556.91289-40.2537-0.0409798
   100     514.052827.5547-242.187-7.3160153.23280.514246
   100     6-5.1657-20.6816-383.756-7.3621152.56880.964006
   100     7-12.8212-27.7569-388.176-7.08517-40.76410.94652
   100     88.2332521.2663-245.819-7.07146-40.10010.505799
   101     14.5085219.0405358.876.711149.4454-0.134109
   101     2-13.4145-26.0793226.3946.7159350.12860.0431817
   101     3-7.50497-19.6428230.0986.45785-37.22790.0454037
   101     412.272726.2719363.3696.4449-37.9111-0.13514
   101     54.5020619.0244358.865-6.8872949.5952-0.950485
   101     6-13.4234-26.0978226.383-6.8824650.2743-0.50825
   101     7-7.52605-19.6897230.075-6.61066-37.0855-0.506028
   101     812.25426.2274363.352-6.6236-37.7646-0.951516
   102     17.8626121.5115163.9256.7845556.01830.0852358
   102     2-10.5738-23.82431.2436.8183856.23810.0228389
   102     3-9.24224-21.997632.19046.55956-31.10840.02356
   102     411.030824.1251165.666.52707-31.32810.0879272
   102     57.8098421.3911163.87-6.6650156.4015-0.273182
   102     6-10.6251-23.94331.191-6.6311856.622-0.073199
   102     7-9.29151-22.111832.1404-6.36524-30.7225-0.0724778
   102     810.980124.0094165.606-6.39772-30.943-0.270491
   103     110.573823.824-31.2436.8183856.2381-0.0228389
   103     2-7.86261-21.5115-163.9256.7845556.0183-0.0852358
   103     3-11.0308-24.1251-165.666.52707-31.3281-0.0879272
   103     49.2422421.9976-32.19046.55956-31.1084-0.02356
   103     510.625123.943-31.191-6.6311856.6220.073199
   103     6-7.80984-21.3911-163.87-6.6650156.40150.273182
   103     7-10.9801-24.0094-165.606-6.39772-30.9430.270491
   103     89.2915122.1118-32.1404-6.36524-30.72250.0724778
   104     113.414526.0793-226.3946.7159350.1286-0.0431817
   104     2-4.50852-19.0405-358.876.711149.44540.134109
   104     3-12.2727-26.2719-363.3696.4449-37.91110.13514
   104     47.5049719.6428-230.0986.45785-37.2279-0.0454037
   104     513.423426.0978-226.383-6.8824650.27430.50825
   104     6-4.50206-19.0244-358.865-6.8872949.59520.950485
   104     7-12.254-26.2274-363.352-6.6236-37.76460.951516
   104     87.5260519.6897-230.075-6.61066-37.08550.506028
   105     13.9435917.5357333.9726.2521446.4274-0.13582
   105     2-12.6679-24.4358210.6796.2671347.10050.0458265
   105     3-6.78243-18.0667214.3556.00415-34.22150.0456018
   105     411.689324.702338.4465.99173-34.8946-0.135001
   105     53.920517.4827333.948-6.4278746.5705-0.953842
   105     6-12.6902-24.488210.657-6.4128847.2449-0.506448
   105     7-6.8009-18.11214.337-6.14437-34.076-0.506673
   105     8 11.6724.6579338.426-6.15679-34.7505-0.953023
   106     17.188819.8869152.546.3352753.00230.088579
   106     2-9.91265-22.295429.03426.3668653.22920.0237347
   106     3-8.55884-20.418530.00346.09922-28.09470.0236064
   106     410.381522.5518154.2986.06872-28.32160.0881004
   106     57.1417719.7767152.494-6.2051553.3927-0.270271
   106     6-9.95994-22.405928.987-6.1735553.6202-0.072419
   106     7-8.60449-20.525229.9578-5.9158-27.704-0.0725472
   106     810.336122.4454154.253-5.9463-27.9315-0.27075
   107     19.9126522.2954-29.03426.3668653.2292-0.0237347
   107     2-7.1888-19.8869-152.546.3352753.0023-0.088579
   107     3-10.3815-22.5518-154.2986.06872-28.3216-0.0881004
   107     48.5588420.4185-30.00346.09922-28.0947-0.0236064
   107     59.9599422.4059-28.987-6.1735553.62020.072419
   107     6-7.14177-19.7767-152.494-6.2051553.39270.270271
   107     7-10.3361-22.4454-154.253-5.9463-27.93150.27075
   107     88.6044920.5252-29.9578-5.9158-27.7040.0725472
   108     112.667924.4358-210.6796.2671347.1005-0.0458265
   108     2-3.94359-17.5357-333.9726.2521446.42740.13582
   108     3-11.6893-24.702-338.4465.99173-34.89460.135001
   108     46.7824318.0667-214.3556.00415-34.2215-0.0456018
   108     512.690224.488-210.657-6.4128847.24490.506448
   108     6-3.9205-17.4827-333.948-6.4278746.57050.953842
   108     7-11.67-24.6579-338.426-6.15679-34.75050.953023
   108     86.8009 18.11-214.337-6.14437-34.0760.506673
   109     13.3640815.9575309.0655.8004343.4155-0.134489
   109     2-11.9517-22.8777194.935.8118944.09110.0456929
   109     3-6.06181-16.4926198.6135.54961-31.20850.045741
   109     411.111723.1387313.5445.53819-31.8841-0.134691
   109     53.3470415.9175309.048-5.9592743.5607-0.951731
   109     6-11.9689-22.9179194.913-5.947844.2364-0.506156
   109     7-6.07897-16.5326198.596-5.6793-31.0635-0.506108
   109     811.094723.0989313.527-5.69071-31.7391-0.951933
   110     16.544218.3263141.185.8741949.99080.0880509
   110     2-9.22346-20.702426.85225.9037650.21620.0235932
   110     3-7.87469-18.836527.81665.63739-25.08320.0236227
   110     49.7306520.9798142.9325.60926-25.30860.0881611
   110     56.4997618.2227141.136-5.7563550.3799-0.270566
   110     6-9.26785-20.80626.8077-5.7267750.606-0.072498
   110     7-7.91691-18.93527.7743-5.46809-24.6933-0.0724685
   110     89.6883720.8812142.89-5.49622-24.9194-0.270456
   111     19.2234620.7024-26.85225.9037650.2162-0.0235932
   111     2-6.5442-18.3263-141.185.8741949.9908-0.0880509
   111     3-9.73065-20.9798-142.9325.60926-25.3086-0.0881611
   111     47.8746918.8365-27.81665.63739-25.0832-0.0236227
   111     59.2678520.806-26.8077-5.7267750.6060.072498
   111     6-6.49976-18.2227-141.136-5.7563550.37990.270566
   111     7-9.68837-20.8812-142.89-5.49622-24.91940.270456
   111     87.9169118.935-27.7743-5.46809-24.69330.0724685
   112     111.951722.8777-194.935.8118944.0911-0.0456929
   112     2-3.36408-15.9575-309.0655.8004343.41550.134489
   112     3-11.1117-23.1387-313.5445.53819-31.88410.134691
   112     46.0618116.4926-198.6135.54961-31.2085-0.045741
   112     511.968922.9179-194.913-5.947844.23640.506156
   112     6-3.34704-15.9175-309.048-5.9592743.56070.951731
   112     7-11.0947-23.0989-313.527-5.69071-31.73910.951933
   112     86.0789716.5326-198.596-5.6793-31.06350.506108
   113     12.7858714.3972284.1625.346440.4038-0.134797
   113     2-11.2297-21.2989179.195.3575541.07880.0457337
   113     3-5.34138-14.9179182.8715.09513-28.19660.0456935
   113     410.532421.5747288.6395.08464-28.8717-0.134789
   113     52.7691314.3582284.145-5.493940.5485-0.952134
   113     6-11.2464-21.3379179.174-5.4827441.2238-0.506143
   113     7-5.35709-14.9546182.855-5.21424-28.0516-0.506183
   113     810.516721.5379288.623-5.22473-28.727-0.952126
   114     15.892116.7516129.8155.4151946.97870.0881838
   114     2-8.54061-19.123324.66445.4423247.20440.0236288
   114     3-7.19077-17.254925.62995.17575-22.0710.0236165
   114     49.0796319.4076131.5685.14991-22.29680.0881381
   114     55.8514316.6567129.774-5.3059347.3681-0.270436
   114     6-8.5813-19.218324.6237-5.2787947.5945-0.0724631
   114     7-7.22952-17.345425.5911-5.02031-21.6811-0.0724753
   114     89.040919.3172131.529-5.04615-21.9074-0.270481
   115     18.5406119.1233-24.66445.4423247.2044-0.0236288
   115     2-5.8921-16.7516-129.8155.4151946.9787-0.0881838
   115     3-9.07963-19.4076-131.5685.14991-22.2968-0.0881381
   115     47.1907717.2549-25.62995.17575-22.071-0.0236165
   115     58.581319.2183-24.6237-5.2787947.59450.0724631
   115     6-5.85143-16.6567-129.774-5.3059347.36810.270436
   115     7-9.0409-19.3172-131.529-5.04615-21.90740.270481
   115     87.2295217.3454-25.5911-5.02031-21.68110.0724753
   116     111.229721.2989-179.195.3575541.0788-0.0457337
   116     2-2.78587-14.3972-284.1625.346440.40380.134797
   116     3-10.5324-21.5747-288.6395.08464-28.87170.134789
   116     45.3413814.9179-182.8715.09513-28.1966-0.0456935
   116     511.246421.3379-179.174-5.4827441.22380.506143
   116     6-2.76913-14.3582-284.145-5.493940.54850.952134
   116     7-10.5167-21.5379-288.623-5.22473-28.7270.952126
   116     85.3570914.9546-182.855-5.21424-28.05160.506183
   117     12.2064812.8323259.2574.8929837.3917-0.134783
   117     2-10.5097-19.7252163.4484.9030538.06690.0456808
   117     3-4.62087-13.3432167.1294.64067-25.18460.0456941
   117     49.9534120.0107263.7354.63112-25.8598-0.134778
   117     52.1913812.7971259.242-5.0277437.5365-0.952116
   117     6-10.5248-19.7605163.433-5.0176838.212-0.506204
   117     7-4.6352-13.3766167.115-4.74915-25.0396-0.50619
   117     89.9390819.9773263.72-4.7587-25.715-0.952111
   118     15.2413615.1801118.4514.9557443.96680.0881226
   118     2-7.85639-17.541122.47794.9806244.19240.0236124
   118     3-6.50679-15.673323.44324.71409-19.05910.0236158
   118     48.428717.8355120.2034.69056-19.28480.0881354
   118     55.2040415.093118.413-4.8559544.3561-0.270506
   118     6-7.89371-17.628122.4406-4.8310744.5824-0.072482
   118     7-6.5421-15.755623.4078-4.57253-18.6691-0.0724785
   118     88.3933917.7531120.168-4.59606-18.8955-0.270494
   119     17.8563917.5411-22.47794.9806244.1924-0.0236124
   119     2-5.24136-15.1801-118.4514.9557443.9668-0.0881226
   119     3-8.4287-17.8355-120.2034.69056-19.2848-0.0881354
   119     46.5067915.6733-23.44324.71409-19.0591-0.0236158
   119     57.8937117.6281-22.4406-4.8310744.58240.072482
   119     6-5.20404-15.093-118.413-4.8559544.35610.270506
   119     7-8.39339-17.7531-120.168-4.59606-18.89550.270494
   119     86.542115.7556-23.4078-4.57253-18.66910.0724785
   120     110.509719.7252-163.4484.9030538.0669-0.0456808
   120     2-2.20648-12.8323-259.2574.8929837.39170.134783
   120     3-9.95341-20.0107-263.7354.63112-25.85980.134778
   120     44.6208713.3432-167.1294.64067-25.1846-0.0456941
   120     510.524819.7605-163.433-5.0176838.2120.506204
   120     6-2.19138-12.7971-259.242-5.0277437.53650.952116
   120     7-9.93908-19.9773-263.72-4.7587-25.7150.952111
   120     84.635213.3766-167.115-4.74915-25.03960.50619
   121     11.627511.2686234.3534.4394334.3798-0.134777
   121     2-9.78906-18.1503147.7064.448635.05490.0456981
   121     3-3.90037-11.7685151.3884.18621-22.17270.0456953
   121     49.3743618.4468238.834.17759-22.8478-0.134778
   121     51.6137611.2365234.339-4.5617434.5245-0.952112
   121     6-9.80281-18.1824147.693-4.55258  35.2-0.506186
   121     7-3.9133-11.7987151.375-4.28406-22.0276-0.506188
   121     89.3614318.4166238.817-4.29268-22.7031-0.952113
   122     14.5903513.6077107.0864.4964240.95480.0881396
   122     2-7.17249-15.959620.29114.5189741.18050.0236169
   122     3-5.82284-14.091621.25644.25244-16.04710.0236162
   122     47.7777416.2633108.8394.23121-16.27280.0881368
   122     54.5565113.5288107.052-4.4058241.3441-0.270488
   122     6-7.20633-16.038520.2573-4.3832741.5704-0.0724771
   122     7-5.85468-14.165921.2246-4.12474-15.6571-0.0724778
   122     87.745916.189108.807-4.14597-15.8835-0.270491
   123     17.1724915.9596-20.29114.5189741.1805-0.0236169
   123     2-4.59035-13.6077-107.0864.4964240.9548-0.0881396
   123     3-7.77774-16.2633-108.8394.23121-16.2728-0.0881368
   123     45.8228414.0916-21.25644.25244-16.0471-0.0236162
   123     57.2063316.0385-20.2573-4.3832741.57040.0724771
   123     6-4.55651-13.5288-107.052-4.4058241.34410.270488
   123     7-7.7459-16.189-108.807-4.14597-15.88350.270491
   123     85.8546814.1659-21.2246-4.12474-15.65710.0724778
   124     19.7890618.1503-147.7064.448635.0549-0.0456981
   124     2-1.6275-11.2686-234.3534.4394334.37980.134777
   124     3-9.37436-18.4468-238.834.17759-22.84780.134778
   124     43.9003711.7685-151.3884.18621-22.1727-0.0456953
   124     59.8028118.1824-147.693-4.55258  35.20.506186
   124     6-1.61376-11.2365-234.339-4.5617434.52450.952112
   124     7-9.36143-18.4166-238.817-4.29268-22.70310.952113
   124     83.913311.7987-151.375-4.28406-22.02760.506188
   125     11.048459.70457209.4483.9859131.3678-0.134779
   125     2-9.06858-16.5757131.9653.9941332.0430.0456955
   125     3-3.17989-10.1939135.6463.73175-19.16070.0456982
   125     48.7953116.8828213.9263.72407-19.8358-0.134782
   125     51.036129.6758209.436-4.0957231.5126-0.952113
   125     6-9.08092-16.6045131.952-4.087532.188-0.506187
   125     7-3.19141-10.2207135.634-3.81897-19.0156-0.506185
   125     88.7837916.8559213.914-3.82665-19.6911-0.952116
   126     13.9394112.035695.72164.0370637.94280.0881374
   126     2-6.48851-14.377918.10454.0573238.16850.0236163
   126     3-5.13886-12.5119.06973.79079-13.03510.0236173
   126     47.1267914.691197.47453.77186-13.26080.0881411
   126     53.9090311.964795.6912-3.9557338.3321-0.27049
   126     6-6.5189-14.448818.0741-3.9354838.5585-0.0724775
   126     7-5.16726-12.576219.0413-3.67694-12.6452-0.0724764
   126     87.098414.624997.4461-3.69587-12.8715-0.270486
   127     16.4885114.3779-18.10454.0573238.1685-0.0236163
   127     2-3.93941-12.0356-95.72164.0370637.9428-0.0881374
   127     3-7.12679-14.6911-97.47453.77186-13.2608-0.0881411
   127     45.13886 12.51-19.06973.79079-13.0351-0.0236173
   127     56.518914.4488-18.0741-3.9354838.55850.0724775
   127     6-3.90903-11.9647-95.6912-3.9557338.33210.27049
   127     7-7.0984-14.6249-97.4461-3.69587-12.87150.270486
   127     85.1672612.5762-19.0413-3.67694-12.64520.0724764
   128     19.0685816.5757-131.9653.9941332.043-0.0456955
   128     2-1.04845-9.70457-209.4483.9859131.36780.134779
   128     3-8.79531-16.8828-213.9263.72407-19.83580.134782
   128     43.1798910.1939-135.6463.73175-19.1607-0.0456982
   128     59.0809216.6045-131.952-4.087532.1880.506187
   128     6-1.03612-9.6758-209.436-4.0957231.51260.952113
   128     7-8.78379-16.8559-213.914-3.82665-19.69110.952116
   128     83.1914110.2207-135.634-3.81897-19.01560.506185
   129     10.4694028.14062184.5443.5323828.3558-0.134776
   129     2-8.34809-15.001116.2233.5396629.0310.0456936
   129     3-2.45933-8.61906119.9043.27727-16.14870.0456815
   129     48.2162915.3189189.0223.27052-16.8239-0.134758
   129     50.4584588.1151184.533-3.629728.5006-0.952109
   129     6-8.35901-15.0265116.212-3.6224129.176-0.506192
   129     7-2.46945-8.64268119.894-3.35391-16.0036-0.506204
   129     88.2061515.2953189.011-3.36066-16.6791-0.952091
   130     13.2884510.463484.35713.5777234.93080.0881345
   130     2-5.80455-12.796315.91773.5956735.15650.0236156
   130     3-4.45493-10.928416.8833.32911-10.02320.0236107
   130     46.4758213.1189 86.113.3125-10.24880.0881162
   130     53.2615410.400684.3302-3.5056435.3202-0.270496
   130     6-5.83148-12.859115.8908-3.4876935.5465-0.0724792
   130     7-4.47984-10.986516.8581-3.22917-9.6332-0.0724841
   130     86.4509213.060886.0851-3.24578-9.85952-0.270514
   131     15.8045512.7963-15.91773.5956735.1565-0.0236156
   131     2-3.28845-10.4634-84.35713.5777234.9308-0.0881345
   131     3-6.47582-13.1189-86.113.3125-10.2488-0.0881162
   131     44.4549310.9284-16.8833.32911-10.0232-0.0236107
   131     55.8314812.8591-15.8908-3.4876935.54650.0724792
   131     6-3.26154-10.4006-84.3302-3.5056435.32020.270496
   131     7-6.45092-13.0608-86.0851-3.24578-9.859520.270514
   131     84.4798410.9865-16.8581-3.22917-9.63320.0724841
   132     18.3480915.001-116.2233.5396629.031-0.0456936
   132     2-0.469402-8.14062-184.5443.5323828.35580.134776
   132     3-8.21629-15.3189-189.0223.27052-16.82390.134758
   132     42.459338.61906-119.9043.27727-16.1487-0.0456815
   132     58.3590115.0265-116.212-3.6224129.1760.506192
   132     6-0.458458-8.1151-184.533-3.629728.50060.952109
   132     7-8.20615-15.2953-189.011-3.36066-16.67910.952091
   132     82.469458.64268-119.894-3.35391-16.00360.506204
   133     1-0.1096286.57667159.643.0788625.3439-0.134785
   133     2-7.62759-13.4263100.4813.0852126.0190.0457002
   133     3-1.73912-7.04486104.1622.82289-13.13670.0457488
   133     47.637113.7545164.1172.81711-13.8119-0.134872
   133     5-0.1190886.55451159.63-3.1636625.4886-0.952121
   133     6-7.63715-13.4486100.471-3.1573126.164-0.506171
   133     7-1.74783-7.06515104.153-2.8887-12.9919-0.506122
   133     87.6284913.7344164.109-2.89448-13.6673-0.952209
   134     12.637518.8913172.99273.1183731.91890.088144
   134     2-5.12058-11.214613.7313.1340232.14460.0236181
   134     3-3.77082-9.3463714.69642.86756-7.011130.0236389
   134     45.8249311.547174.74562.85322-7.236840.0882216
   134     52.613998.8365172.9691-3.0555432.3082-0.27047
   134     6-5.14406-11.269413.7075-3.039932.5345-0.0724721
   134     7-3.79235-9.3965914.6749-2.7813-6.62114-0.0724513
   134     85.8033611.496974.724-2.79565-6.8475-0.270392
   135     15.1205811.2146-13.7313.1340232.1446-0.0236181
   135     2-2.63751-8.89131-72.99273.1183731.9189-0.088144
   135     3-5.82493-11.5471-74.74562.85322-7.23684-0.0882216
   135     43.770829.34637-14.69642.86756-7.01113-0.0236389
   135     55.1440611.2694-13.7075-3.039932.53450.0724721
   135     6-2.61399-8.83651-72.9691-3.0555432.30820.27047
   135     7-5.80336-11.4969-74.724-2.79565-6.84750.270392
   135     83.792359.39659-14.6749-2.7813-6.621140.0724513
   136     17.6275913.4263-100.4813.0852126.019-0.0457002
   136     20.109628-6.57667-159.643.0788625.34390.134785
   136     3-7.6371-13.7545-164.1172.81711-13.81190.134872
   136     41.739127.04486-104.1622.82289-13.1367-0.0457488
   136     57.6371513.4486-100.471-3.1573126.1640.506171
   136     60.119088-6.55451-159.63-3.1636625.48860.952121
   136     7-7.62849-13.7344-164.109-2.89448-13.66730.952209
   136     81.747837.06515-104.153-2.8887-12.99190.506122
   137     1-0.6887415.01259134.7352.6252822.3317-0.134752
   137     2-6.90702-11.851684.73952.6306923.0070.0457116
   137     3-1.01759-5.4685388.42122.36791-10.12460.0456084
   137     47.0585712.1919139.2132.36296-10.7999-0.134343
   137     5-0.6971624.99335134.726-2.6976822.4766-0.952082
   137     6-6.91506-11.870584.7315-2.6922723.1522-0.506207
   137     7-1.02494-5.4857888.414-2.42423-9.97882-0.50631
   137     87.0508412.1743139.205-2.42918-10.6544-0.951673
   138     11.98667.3191161.62842.6589728.90670.0881469
   138     2-4.43666-9.633111.54432.6723329.13210.0236189
   138     3-3.08767-7.7668612.50892.40538-3.999760.0235575
   138     45.173529.9730463.38072.39342-4.225180.0879178
   138     51.966747.2725361.6088-2.6055129.2962-0.270519
   138     6-4.45665-9.6798111.5244-2.5921529.5224-0.0724854
   138     7-3.10557-7.8086712.4911-2.33398-3.60972-0.0725468
   138     85.155759.9313563.3632-2.34594-3.83583-0.270748
   139     14.436669.6331-11.54432.6723329.1321-0.0236189
   139     2-1.9866-7.31911-61.62842.6589728.9067-0.0881469
   139     3-5.17352-9.97304-63.38072.39342-4.22518-0.0879178
   139     43.087677.76686-12.50892.40538-3.99976-0.0235575
   139     54.456659.67981-11.5244-2.5921529.52240.0724854
   139     6-1.96674-7.27253-61.6088-2.6055129.29620.270519
   139     7-5.15575-9.93135-63.3632-2.34594-3.835830.270748
   139     83.105577.80867-12.4911-2.33398-3.609720.0725468
   140     16.9070211.8516-84.73952.6306923.007-0.0457116
   140     20.688741-5.01259-134.7352.6252822.33170.134752
   140     3-7.05857-12.1919-139.2132.36296-10.79990.134343
   140     41.017595.46853-88.42122.36791-10.1246-0.0456084
   140     56.9150611.8705-84.7315-2.6922723.15220.506207
   140     60.697162-4.99335-134.726-2.6976822.47660.952082
   140     7-7.05084-12.1743-139.205-2.42918-10.65440.951673
   140     81.024945.48578-88.414-2.42423-9.978820.50631
   141     1-1.267553.44887109.8312.1719419.3206-0.134762
   141     2-6.1867-10.277368.99612.1764519.99530.0455597
   141     3-0.298901-3.8985572.67611.91617-7.113190.0455733
   141     46.4786910.6241114.3071.91238-7.78788-0.136194
   141     5-1.273253.43414109.826-2.2315619.4644-0.952216
   141     6-6.19349-10.293168.9893-2.2270420.1395-0.506402
   141     7-0.304591-3.9118172.6704-1.95634-6.97046-0.506388
   141     86.4740810.6119114.304-1.96012-7.64552-0.953647
   142     11.335565.7469350.26252.1999125.89530.0879863
   142     2-3.75252-8.051019.35742.2109126.12210.0235759
   142     3-2.39932-6.1749810.32621.94658-0.9849730.0236905
   142     44.526758.4106852.01891.93678-1.211790.0884142
   142     51.318735.7080950.2452-2.1550226.2835-0.270691
   142     6-3.76912-8.089629.34069-2.1440226.5109-0.0725315
   142     7-2.41411-6.2093610.3113-1.88321-0.595867-0.0724169
   142     84.511738.3760652.0035-1.89301-0.823286-0.270264
   143     13.752528.05101-9.35742.2109126.1221-0.0235759
   143     2-1.33556-5.74693-50.26252.1999125.8953-0.0879863
   143     3-4.52675-8.41068-52.01891.93678-1.21179-0.0884142
   143     42.399326.17498-10.32621.94658-0.984973-0.0236905
   143     53.769128.08962-9.34069-2.1440226.51090.0725315
   143     6-1.31873-5.70809-50.2452-2.1550226.28350.270691
   143     7-4.51173-8.37606-52.0035-1.89301-0.8232860.270264
   143     82.414116.20936-10.3113-1.88321-0.5958670.0724169
   144     16.186710.2773-68.99612.1764519.9953-0.0455597
   144     21.26755-3.44887-109.8312.1719419.32060.134762
   144     3-6.47869-10.6241-114.3071.91238-7.787880.136194
   144     40.2989013.89855-72.67611.91617-7.11319-0.0455733
   144     56.1934910.2931-68.9893-2.2270420.13950.506402
   144     61.27325-3.43414-109.826-2.2315619.46440.952216
   144     7-6.47408-10.6119-114.304-1.96012-7.645520.953647
   144     80.3045913.91181-72.6704-1.95634-6.970460.506388
   145     1-1.845751.8862984.92451.7179616.3038-0.136472
   145     2-5.46836-8.7031753.24891.7215216.98160.0454769
   145     30.424985-2.3039656.9367  1.45-4.10450.0446337
   145     45.909679.0835289.41031.44633-4.78236-0.135849
   145     5-1.851561.8733684.9181-1.7654616.4524-0.953878
   145     6-5.47307-8.7149953.2451-1.7619117.1302-0.505919
   145     70.420117-2.3161656.9327-1.50141-3.95449-0.506762
   145     85.90379.0702289.4037-1.50507-4.63229-0.953255
   146     10.6818764.1733738.89261.7398522.88480.0883907
   146     2-3.06885-6.468717.169681.7486423.10670.0236842
   146     3-1.7315-4.627528.123241.472192.025930.0233926
   146     43.854176.8009640.63251.464961.804030.0873022
   146     50.6695114.1434338.8813-1.7058323.2789-0.269691
   146     6-3.08181-6.499257.15701-1.6970423.5016-0.0722634
   146     7-1.74212-4.65268.11291-1.449232.41996-0.072555
   146     83.844146.7764840.6236-1.456452.19728-0.270779
   147     13.068856.46871-7.169681.7486423.1067-0.0236842
   147     2-0.681876-4.17337-38.89261.7398522.8848-0.0883907
   147     3-3.85417-6.80096-40.63251.464961.80403-0.0873022
   147     41.73154.62752-8.123241.472192.02593-0.0233926
   147     53.081816.49925-7.15701-1.6970423.50160.0722634
   147     6-0.669511-4.14343-38.8813-1.7058323.27890.269691
   147     7-3.84414-6.77648-40.6236-1.456452.197280.270779
   147     81.742124.6526-8.11291-1.449232.419960.072555
   148     15.468368.70317-53.24891.7215216.9816-0.0454769
   148     21.84575-1.88629-84.92451.7179616.30380.136472
   148     3-5.90967-9.08352-89.41031.44633-4.782360.135849
   148     4-0.4249852.30396-56.9367  1.45-4.1045-0.0446337
   148     55.473078.71499-53.2451-1.7619117.13020.505919
   148     61.85156-1.87336-84.9181-1.7654616.45240.953878
   148     7-5.9037-9.07022-89.4037-1.50507-4.632290.953255
   148     8-0.4201172.31616-56.9327-1.50141-3.954490.506762
   149     1-2.440830.30424760.05751.2650813.3281-0.122181
   149     2-4.72174-7.1102137.62351.2670313.98040.0505374
   149     31.05857-0.9055541.2191.03869-1.039050.0623192
   149     45.155277.2871164.43121.04154-1.69134-0.0972667
   149     5-2.462440.2787460.011-1.3016913.4571-0.927785
   149     6-4.7335-7.12587  37.6-1.2997414.1118-0.495667
   149     71.05401-0.90440641.2027-1.00929-0.894571-0.483885
   149     85.140867.278464.3919-1.00644-1.54926-0.902871
   150     10.06076612.6192827.63981.2803719.84960.0897172
   150     2-2.38718-4.906265.002581.2868820.07650.0240396
   150     3-1.03904-3.032085.969281.057064.964880.0255136
   150     43.232655.2750629.38811.050954.738010.095218
   150     50.04687692.5923827.6204-1.2584220.2208-0.266179
   150     6-2.39805-4.930144.99024-1.2519120.4478-0.0713224
   150     7-1.04931-3.054565.95754-0.9606665.34022-0.0698484
   150     83.219365.2495629.3693-0.9667745.11315-0.260678
   151     12.387184.90626-5.002581.2868820.0765-0.0240396
   151     2-0.0607661-2.61928-27.63981.2803719.8496-0.0897172
   151     3-3.23265-5.27506-29.38811.050954.73801-0.095218
   151     41.039043.03208-5.969281.057064.96488-0.0255136
   151     52.398054.93014-4.99024-1.2519120.44780.0713224
   151     6-0.0468769-2.59238-27.6204-1.2584220.22080.266179
   151     7-3.21936-5.24956-29.3693-0.9667745.113150.260678
   151     81.049313.05456-5.95754-0.9606665.340220.0698484
   152     14.721747.11021-37.62351.2670313.9804-0.0505374
   152     22.44083-0.304247-60.05751.2650813.32810.122181
   152     3-5.15527-7.28711-64.43121.04154-1.691340.0972667
   152     4-1.058570.90555-41.2191.03869-1.03905-0.0623192
   152     54.73357.12587 -37.6-1.2997414.11180.495667
   152     62.46244-0.27874-60.011-1.3016913.45710.927785
   152     7-5.14086-7.2784-64.3919-1.00644-1.549260.902871
   152     8-1.054010.904406-41.2027-1.00929-0.8945710.483885
   153     1-3.00607-1.1597434.92120.81928210.0807-0.156713
   153     2-4.16796-5.6184921.22060.82028910.92820.0366124
   153     32.593912.1221825.57130.4519551.686330.0111717
   153     45.760527.4400940.13110.4356080.838856-0.260474
   153     5-2.92976-1.0854435.1013-0.8291510.2889-1.04588
   153     6-4.15039-5.6029321.2636-0.82814311.1287-0.566165
   153     72.588472.0840425.5913-0.6237011.8085-0.591606
   153     85.813827.460740.2882-0.6400480.968698-1.14964
   154     1-0.7611110.95845615.64260.83245816.9410.0846834
   154     2-1.68464-3.198162.710710.8328117.24220.0226908
   154     3-0.0443199-0.7738013.930110.4499698.466980.0233727
   154     42.891674.245317.72450.464948.165750.0872283
   154     5-0.7635470.95531615.6376-0.78408417.3972-0.308039
   154     6-1.68568-3.199912.70899-0.78373317.7061-0.0825389
   154     7-0.022374-0.7219123.95138-0.5915888.93272-0.081857
   154     82.912214.2957917.7425-0.5766168.62382-0.305495
   155     11.684643.19816-2.710710.8328117.2422-0.0226908
   155     20.761111-0.958456-15.64260.83245816.941-0.0846834
   155     3-2.89167-4.2453-17.72450.464948.16575-0.0872283
   155     40.04431990.773801-3.930110.4499698.46698-0.0233727
   155     51.685683.19991-2.70899-0.78373317.70610.0825389
   155     60.763547-0.955316-15.6376-0.78408417.39720.308039
   155     7-2.91221-4.29579-17.7425-0.5766168.623820.305495
   155     80.0223740.721912-3.95138-0.5915888.932720.081857
   156     14.167965.61849-21.22060.82028910.9282-0.0366124
   156     23.006071.15974-34.92120.81928210.08070.156713
   156     3-5.76052-7.44009-40.13110.4356080.8388560.260474
   156     4-2.59391-2.12218-25.57130.4519551.68633-0.0111717
   156     54.150395.60293-21.2636-0.82814311.12870.566165
   156     62.929761.08544-35.1013-0.8291510.28891.04588
   156     7-5.81382-7.4607-40.2882-0.6400480.9686981.14964
   156     8-2.58847-2.08404-25.5913-0.6237011.80850.591606
   157     1-2.08547-2.5271411.79120.1225627.64903-0.417692
   157     2-2.74179-4.215526.819580.1259677.26839-0.00563046
   157     3-0.0447178-5.234717.32294-0.3963163.98516-0.0804438
   157     43.95818-2.1120913.7288-0.3490184.3658-0.606115
   157     5-1.94926-2.3977412.1158-0.3934637.82273-1.4442
   157     6-2.69079-4.171326.94539-0.3900597.46744-0.554059
   157     70.0823383-5.013067.524810.0438214.07061-0.628872
   157     84.17044-1.8052314.12950.09111844.4259-1.63262
   158     1-0.910557-0.449055.384550.074033613.28490.114511
   158     2-1.00049-1.885510.6862750.085981613.06160.0306832
   158     3-1.11806-3.212050.253045-0.5256099.799770.023661
   158     40.481113-1.128775.59813-0.62642510.02310.0883042
   158     5-0.908824-0.4712135.41249-0.5992313.8768-0.18001
   158     6-1.01315-1.922060.680642-0.58728213.609-0.0482335
   158     7-1.26401-3.559640.114109-0.76766210.328-0.0552557
   158     80.349543-1.461985.49277-0.86847910.5958-0.206217
   159     11.000491.88551-0.6862750.085981613.0616-0.0306832
   159     20.9105570.44905-5.384550.074033613.2849-0.114511
   159     3-0.4811131.12877-5.59813-0.62642510.0231-0.0883042
   159     41.118063.21205-0.253045-0.5256099.79977-0.023661
   159     51.013151.92206-0.680642-0.58728213.6090.0482335
   159     60.9088240.471213-5.41249-0.5992313.87680.18001
   159     7-0.3495431.46198-5.49277-0.86847910.59580.206217
   159     81.264013.55964-0.114109-0.76766210.3280.0552557
   160     12.741794.21552-6.819580.1259677.268390.00563046
   160     22.085472.52714-11.79120.1225627.649030.417692
   160     3-3.958182.11209-13.7288-0.3490184.36580.606115
   160     40.04471785.23471-7.32294-0.3963163.985160.0804438
   160     52.690794.17132-6.94539-0.3900597.467440.554059
   160     61.949262.39774-12.1158-0.3934637.822731.4442
   160     7-4.170441.80523-14.12950.09111844.42591.63262
   160     8-0.08233835.01306-7.524810.0438214.070610.628872
   161     1189.275187.344536.0212.0258283.6139-20.0649
   161     2117.93109.171346.792.2009167.7235-13.3922
   161     30.899674-31.7865269.3948.2139-43.3344-13.0018
   161     439.602532.3967444.6357.56045-27.444-20.501
   161     5189.339187.058536.522-1.387986.9141-5.49324
   161     6117.374108.266345.845-1.2128170.7845-3.48381
   161     7-0.373318-34.3664267.731-4.52627 -41.1-3.09338
   161     838.949530.4368444.418-5.17971-24.9704-5.92943
   162     180.738582.9615227.2052.3446164.0375-8.63587
   162     217.654812.945156.90032.3655859.0875-2.31398
   162     3-9.32751-26.904436.85088.82846-41.2005-2.16753
   162     420.610128.9066192.958.75019-36.2506-8.08932
   162     580.297182.4782226.217-1.1217767.4495-2.16753
   162     617.513512.761856.6126-1.100862.4708-0.580787
   162     7-9.55475-27.288236.4771-4.10823-37.4171-0.434339
   162     820.082828.2227191.876-4.1865-32.4385-1.62098
   163     1-17.6548-12.9451-56.90032.3655859.08752.31398
   163     2-80.7385-82.9615-227.2052.3446164.03758.63587
   163     3-20.6101-28.9066-192.958.75019-36.25068.08932
   163     49.3275126.9044-36.85088.82846-41.20052.16753
   163     5-17.5135-12.7618-56.6126-1.100862.47080.580787
   163     6-80.2971-82.4782-226.217-1.1217767.44952.16753
   163     7-20.0828-28.2227-191.876-4.1865-32.43851.62098
   163     89.5547527.2882-36.4771-4.10823-37.41710.434339
   164     1-117.93-109.171-346.792.2009167.723513.3922
   164     2-189.275-187.344-536.0212.0258283.613920.0649
   164     3-39.6025-32.3967-444.6357.56045-27.44420.501
   164     4-0.89967431.7865-269.3948.2139-43.334413.0018
   164     5-117.374-108.266-345.845-1.2128170.78453.48381
   164     6-189.339-187.058-536.522-1.387986.91415.49324
   164     7-38.9495-30.4368-444.418-5.17971-24.97045.92943
   164     80.37331834.3664-267.731-4.52627 -41.13.09338
   165     16.510744.48869459.0679.3974455.3068-1.19936
   165     2-17.5695-52.2363294.06410.02759.47560.142748
   165     3-8.28604-24.4362305.1898.96769-48.80250.403463
   165     414.182831.5982469.5028.88156-52.97120.165329
   165     54.542811.26155455.735-6.9249454.8515-0.508766
   165     6-18.7094-54.6354292.664-6.2953459.2920.603158
   165     7-8.61077-24.9332304.604-7.81507-47.8820.863874
   165     813.030130.2733466.984-7.9012-52.32250.855926
   166     115.810227.8697220.90710.622276.73310.500016
   166     2-13.9856-35.050240.969910.724177.48830.133979
   166     3-12.2765-30.002342.99719.44012-39.5290.103682
   166     415.999132.2661222.283 9.331-40.28420.386945
   166     515.742127.5979220.952-5.9398778.3380.796681
   166     6-14.1157-35.384140.8701-5.8379779.08960.21347
   166     7-12.4174-30.361542.8864-7.55628-38.01040.183173
   166     815.920231.9689222.317-7.6654-38.7620.68361
   167     113.985635.0502-40.969910.724177.4883-0.133979
   167     2-15.8102-27.8697-220.90710.622276.7331-0.500016
   167     3-15.9991-32.2661-222.283 9.331-40.2842-0.386945
   167     412.276530.0023-42.99719.44012-39.529-0.103682
   167     514.115735.3841-40.8701-5.8379779.0896-0.21347
   167     6-15.7421-27.5979-220.952-5.9398778.338-0.796681
   167     7-15.9202-31.9689-222.317-7.6654-38.762-0.68361
   167     812.417430.3615-42.8864-7.55628-38.0104-0.183173
   168     117.569552.2363-294.06410.02759.4756-0.142748
   168     2-6.51074-4.48869-459.0679.3974455.30681.19936
   168     3-14.1828-31.5982-469.5028.88156-52.9712-0.165329
   168     48.2860424.4362-305.1898.96769-48.8025-0.403463
   168     518.709454.6354-292.664-6.2953459.292-0.603158
   168     6-4.54281-1.26155-455.735-6.9249454.85150.508766
   168     7-13.0301-30.2733-466.984-7.9012-52.3225-0.855926
   168     88.6107724.9332-304.604-7.81507-47.882-0.863874
   169     12.8166725.5925433.1778.520959.84513.04757
   169     2-18.4741-29.0519272.328.4472260.03792.1525
   169     3-10.7839-24.6545275.9468.08464-46.17491.16027
   169     413.131331.1146437.9288.05144-46.36771.78901
   169     53.871126.7943435.49-8.155959.95061.65666
   169     6-17.6194-28.0499274.167-8.2295860.08991.13652
   169     7-10.0895-24.0266277.633-7.84231-46.38920.144289
   169     814.025531.9423440.081-7.87552-46.52850.398107
   170     15.8288423.2514194.8828.5939164.28991.43924
   170     2-14.0485-30.193936.60818.6683564.72040.385643
   170     3-11.4573-26.623838.45657.84377-40.1080.19656
   170     411.971528.3436198.2527.87134-40.53840.733573
   170     56.2464323.5201196.005-8.1900764.31870.746191
   170     6-14.0183-30.312636.8273-8.1156364.80010.199941
   170     7-11.2741-26.385538.8287-7.92552-40.54480.0108589
   170     812.542128.9693199.528-7.89795-41.02620.040526
   171     114.048530.1939-36.60818.6683564.7204-0.385643
   171     2-5.82884-23.2514-194.8828.5939164.2899-1.43924
   171     3-11.9715-28.3436-198.2527.87134-40.5384-0.733573
   171     411.457326.6238-38.45657.84377-40.108-0.19656
   171     514.018330.3126-36.8273-8.1156364.8001-0.199941
   171     6-6.24643-23.5201-196.005-8.1900764.3187-0.746191
   171     7-12.5421-28.9693-199.528-7.89795-41.0262-0.040526
   171     811.274126.3855-38.8287-7.92552-40.5448-0.0108589
   172     118.474129.0519-272.328.4472260.0379-2.1525
   172     2-2.81667-25.5925-433.1778.520959.8451-3.04757
   172     3-13.1313-31.1146-437.9288.05144-46.3677-1.78901
   172     410.783924.6545-275.9468.08464-46.1749-1.16027
   172     517.619428.0499-274.167-8.2295860.0899-1.13652
   172     6-3.8711-26.7943-435.49-8.155959.9506-1.65666
   172     7-14.0255-31.9423-440.081-7.87552-46.5285-0.398107
   172     810.089524.0266-277.633-7.84231-46.3892-0.144289
   173     15.7183421.8416408.5757.7916655.5210.61701
   173     2-14.7365-29.516257.8387.8364656.25130.206677
   173     3-8.85035-22.8203261.6127.52099-43.12830.415211
   173     413.527329.3614413.1747.55142-43.85860.869234
   173     55.4619821.4956408.066-7.6597455.301-0.185575
   173     6-14.9601-29.8292257.406-7.6149456.0689-0.321216
   173     7-8.96111-22.8702261.293-7.38102-43.267-0.112682
   173     813.383829.2787412.778-7.3506-44.03490.0666493
   174     19.6575125.3265187.0217.5113562.46840.0445486
   174     2-11.6353-26.400835.8897.4521462.58780.0119367
   174     3-10.6448-25.293936.51827.20675-36.81650.0526256
   174     412.375127.1736188.397.25043-36.9360.196401
   174     59.6324425.4199186.844-7.7059261.9574-0.292491
   174     6-11.577-26.224135.9066-7.7651362.069-0.0783728
   174     7-10.6098-25.171536.5125-7.51706-37.2241-0.037684
   174     812.326727.2126188.19-7.47338-37.3358-0.140638
   175     111.635326.4008-35.8897.4521462.5878-0.0119367
   175     2-9.65751-25.3265-187.0217.5113562.4684-0.0445486
   175     3-12.3751-27.1736-188.397.25043-36.936-0.196401
   175     410.644825.2939-36.51827.20675-36.8165-0.0526256
   175     511.57726.2241-35.9066-7.7651362.0690.0783728
   175     6-9.63244-25.4199-186.844-7.7059261.95740.292491
   175     7-12.3267-27.2126-188.19-7.47338-37.33580.140638
   175     810.609825.1715-36.5125-7.51706-37.22410.037684
   176     114.736529.516-257.8387.8364656.2513-0.206677
   176     2-5.71834-21.8416-408.5757.7916655.521-0.61701
   176     3-13.5273-29.3614-413.1747.55142-43.8586-0.869234
   176     48.8503522.8203-261.6127.52099-43.1283-0.415211
   176     514.960129.8292-257.406-7.6149456.06890.321216
   176     6-5.46198-21.4956-408.066-7.6597455.3010.185575
   176     7-13.3838-29.2787-412.778-7.3506-44.0349-0.0666493
   176     88.9611122.8702-261.293-7.38102-43.2670.112682
   177     15.165720.6816383.7567.3621152.56880.964006
   177     2-14.0528-27.5547242.1877.3160153.23280.514246
   177     3-8.23325-21.2663245.8197.07146-40.10010.505799
   177     412.821227.7569388.1767.08517-40.76410.94652
   177     55.2479720.856383.856-7.1468152.44050.154941
   177     6-13.9773-27.387242.271-7.1929153.0883-0.032533
   177     7-8.20636-21.2119245.855-6.91289-40.2537-0.0409798
   177     812.854927.818388.227-6.89918-40.90150.137456
   178     18.3876322.7204175.1587.0720759.42460.275738
   178     2-11.4123-25.784933.27377.0348559.67960.0738839
   178     3-9.98063-23.714434.32436.8106-33.69950.072798
   178     411.641125.5716176.9896.8457-33.95440.271686
   178     58.446522.8537175.221-7.280659.0286-0.0797772
   178     6-11.3557-25.653933.3314-7.3178259.2825-0.0213762
   178     7-9.92717-23.590834.3789-7.02156-34.0995-0.0224621
   178     811.696825.6975177.049-6.98646-34.3534-0.0838297
   179     111.412325.7849-33.27377.0348559.6796-0.0738839
   179     2-8.38763-22.7204-175.1587.0720759.4246-0.275738
   179     3-11.6411-25.5716-176.9896.8457-33.9544-0.271686
   179     49.9806323.7144-34.32436.8106-33.6995-0.072798
   179     511.355725.6539-33.3314-7.3178259.28250.0213762
   179     6-8.4465-22.8537-175.221-7.280659.02860.0797772
   179     7-11.6968-25.6975-177.049-6.98646-34.35340.0838297
   179     89.9271723.5908-34.3789-7.02156-34.09950.0224621
   180     114.052827.5547-242.1877.3160153.2328-0.514246
   180     2-5.1657-20.6816-383.7567.3621152.5688-0.964006
   180     3-12.8212-27.7569-388.1767.08517-40.7641-0.94652
   180     48.2332521.2663-245.8197.07146-40.1001-0.505799
   180     513.977327.387-242.271-7.1929153.08830.032533
   180     6-5.24797-20.856-383.856-7.1468152.4405-0.154941
   180     7-12.8549-27.818-388.227-6.89918-40.9015-0.137456
   180     88.2063621.2119-245.855-6.91289-40.25370.0409798
   181     14.5020619.0244358.8656.8872949.59520.950485
   181     2-13.4234-26.0978226.3836.8824650.27430.50825
   181     3-7.52605-19.6897230.0756.61066-37.08550.506028
   181     412.25426.2274363.3526.6236-37.76460.951516
   181     54.5085219.0405358.87-6.711149.44540.134109
   181     6-13.4145-26.0793226.394-6.7159350.1286-0.0431817
   181     7-7.50497-19.6428230.098-6.45785-37.2279-0.0454037
   181     812.272726.2719363.369-6.4449-37.91110.13514
   182     17.8098421.3911163.876.6650156.40150.273182
   182     2-10.6251-23.94331.1916.6311856.6220.073199
   182     3-9.29151-22.111832.14046.36524-30.72250.0724778
   182     410.980124.0094165.6066.39772-30.9430.270491
   182     57.8626121.5115163.925-6.7845556.0183-0.0852358
   182     6-10.5738-23.82431.243-6.8183856.2381-0.0228389
   182     7-9.24224-21.997632.1904-6.55956-31.1084-0.02356
   182     811.030824.1251165.66-6.52707-31.3281-0.0879272
   183     110.625123.943-31.1916.6311856.622-0.073199
   183     2-7.80984-21.3911-163.876.6650156.4015-0.273182
   183     3-10.9801-24.0094-165.6066.39772-30.943-0.270491
   183     49.2915122.1118-32.14046.36524-30.7225-0.0724778
   183     510.573823.824-31.243-6.8183856.23810.0228389
   183     6-7.86261-21.5115-163.925-6.7845556.01830.0852358
   183     7-11.0308-24.1251-165.66-6.52707-31.32810.0879272
   183     89.2422421.9976-32.1904-6.55956-31.10840.02356
   184     113.423426.0978-226.3836.8824650.2743-0.50825
   184     2-4.50206-19.0244-358.8656.8872949.5952-0.950485
   184     3-12.254-26.2274-363.3526.6236-37.7646-0.951516
   184     47.5260519.6897-230.0756.61066-37.0855-0.506028
   184     513.414526.0793-226.394-6.7159350.12860.0431817
   184     6-4.50852-19.0405-358.87-6.711149.4454-0.134109
   184     7-12.2727-26.2719-363.369-6.4449-37.9111-0.13514
   184     87.5049719.6428-230.098-6.45785-37.22790.0454037
   185     13.920517.4827333.9486.4278746.57050.953842
   185     2-12.6902-24.488210.6576.4128847.24490.506448
   185     3-6.8009-18.11214.3376.14437-34.0760.506673
   185     4 11.6724.6579338.4266.15679-34.75050.953023
   185     53.9435917.5357333.972-6.2521446.42740.13582
   185     6-12.6679-24.4358210.679-6.2671347.1005-0.0458265
   185     7-6.78243-18.0667214.355-6.00415-34.2215-0.0456018
   185     811.689324.702338.446-5.99173-34.89460.135001
   186     17.1417719.7767152.4946.2051553.39270.270271
   186     2-9.95994-22.405928.9876.1735553.62020.072419
   186     3-8.60449-20.525229.95785.9158-27.7040.0725472
   186     410.336122.4454154.2535.9463-27.93150.27075
   186     57.188819.8869152.54-6.3352753.0023-0.088579
   186     6-9.91265-22.295429.0342-6.3668653.2292-0.0237347
   186     7-8.55884-20.418530.0034-6.09922-28.0947-0.0236064
   186     810.381522.5518154.298-6.06872-28.3216-0.0881004
   187     19.9599422.4059-28.9876.1735553.6202-0.072419
   187     2-7.14177-19.7767-152.4946.2051553.3927-0.270271
   187     3-10.3361-22.4454-154.2535.9463-27.9315-0.27075
   187     48.6044920.5252-29.95785.9158-27.704-0.0725472
   187     59.9126522.2954-29.0342-6.3668653.22920.0237347
   187     6-7.1888-19.8869-152.54-6.3352753.00230.088579
   187     7-10.3815-22.5518-154.298-6.06872-28.32160.0881004
   187     88.5588420.4185-30.0034-6.09922-28.09470.0236064
   188     112.690224.488-210.6576.4128847.2449-0.506448
   188     2-3.9205-17.4827-333.9486.4278746.5705-0.953842
   188     3-11.67-24.6579-338.4266.15679-34.7505-0.953023
   188     46.8009 18.11-214.3376.14437-34.076-0.506673
   188     512.667924.4358-210.679-6.2671347.10050.0458265
   188     6-3.94359-17.5357-333.972-6.2521446.4274-0.13582
   188     7-11.6893-24.702-338.446-5.99173-34.8946-0.135001
   188     86.7824318.0667-214.355-6.00415-34.22150.0456018
   189     13.3470415.9175309.0485.9592743.56070.951731
   189     2-11.9689-22.9179194.9135.947844.23640.506156
   189     3-6.07897-16.5326198.5965.6793-31.06350.506108
   189     411.094723.0989313.5275.69071-31.73910.951933
   189     53.3640815.9575309.065-5.8004343.41550.134489
   189     6-11.9517-22.8777194.93-5.8118944.0911-0.0456929
   189     7-6.06181-16.4926198.613-5.54961-31.2085-0.045741
   189     811.111723.1387313.544-5.53819-31.88410.134691
   190     16.4997618.2227141.1365.7563550.37990.270566
   190     2-9.26785-20.80626.80775.7267750.6060.072498
   190     3-7.91691-18.93527.77435.46809-24.69330.0724685
   190     49.6883720.8812142.895.49622-24.91940.270456
   190     56.544218.3263141.18-5.8741949.9908-0.0880509
   190     6-9.22346-20.702426.8522-5.9037650.2162-0.0235932
   190     7-7.87469-18.836527.8166-5.63739-25.0832-0.0236227
   190     89.7306520.9798142.932-5.60926-25.3086-0.0881611
   191     19.2678520.806-26.80775.7267750.606-0.072498
   191     2-6.49976-18.2227-141.1365.7563550.3799-0.270566
   191     3-9.68837-20.8812-142.895.49622-24.9194-0.270456
   191     47.9169118.935-27.77435.46809-24.6933-0.0724685
   191     59.2234620.7024-26.8522-5.9037650.21620.0235932
   191     6-6.5442-18.3263-141.18-5.8741949.99080.0880509
   191     7-9.73065-20.9798-142.932-5.60926-25.30860.0881611
   191     87.8746918.8365-27.8166-5.63739-25.08320.0236227
   192     111.968922.9179-194.9135.947844.2364-0.506156
   192     2-3.34704-15.9175-309.0485.9592743.5607-0.951731
   192     3-11.0947-23.0989-313.5275.69071-31.7391-0.951933
   192     46.0789716.5326-198.5965.6793-31.0635-0.506108
   192     511.951722.8777-194.93-5.8118944.09110.0456929
   192     6-3.36408-15.9575-309.065-5.8004343.4155-0.134489
   192     7-11.1117-23.1387-313.544-5.53819-31.8841-0.134691
   192     86.0618116.4926-198.613-5.54961-31.20850.045741
   193     12.7691314.3582284.1455.493940.54850.952134
   193     2-11.2464-21.3379179.1745.4827441.22380.506143
   193     3-5.35709-14.9546182.8555.21424-28.05160.506183
   193     410.516721.5379288.6235.22473-28.7270.952126
   193     52.7858714.3972284.162-5.346440.40380.134797
   193     6-11.2297-21.2989179.19-5.3575541.0788-0.0457337
   193     7-5.34138-14.9179182.871-5.09513-28.1966-0.0456935
   193     810.532421.5747288.639-5.08464-28.87170.134789
   194     15.8514316.6567129.7745.3059347.36810.270436
   194     2-8.5813-19.218324.62375.2787947.59450.0724631
   194     3-7.22952-17.345425.59115.02031-21.68110.0724753
   194     49.040919.3172131.5295.04615-21.90740.270481
   194     55.892116.7516129.815-5.4151946.9787-0.0881838
   194     6-8.54061-19.123324.6644-5.4423247.2044-0.0236288
   194     7-7.19077-17.254925.6299-5.17575-22.071-0.0236165
   194     89.0796319.4076131.568-5.14991-22.2968-0.0881381
   195     18.581319.2183-24.62375.2787947.5945-0.0724631
   195     2-5.85143-16.6567-129.7745.3059347.3681-0.270436
   195     3-9.0409-19.3172-131.5295.04615-21.9074-0.270481
   195     47.2295217.3454-25.59115.02031-21.6811-0.0724753
   195     58.5406119.1233-24.6644-5.4423247.20440.0236288
   195     6-5.8921-16.7516-129.815-5.4151946.97870.0881838
   195     7-9.07963-19.4076-131.568-5.14991-22.29680.0881381
   195     87.1907717.2549-25.6299-5.17575-22.0710.0236165
   196     111.246421.3379-179.1745.4827441.2238-0.506143
   196     2-2.76913-14.3582-284.1455.493940.5485-0.952134
   196     3-10.5167-21.5379-288.6235.22473-28.727-0.952126
   196     45.3570914.9546-182.8555.21424-28.0516-0.506183
   196     511.229721.2989-179.19-5.3575541.07880.0457337
   196     6-2.78587-14.3972-284.162-5.346440.4038-0.134797
   196     7-10.5324-21.5747-288.639-5.08464-28.8717-0.134789
   196     85.3413814.9179-182.871-5.09513-28.19660.0456935
   197     12.1913812.7971259.2425.0277437.53650.952116
   197     2-10.5248-19.7605163.4335.0176838.2120.506204
   197     3-4.6352-13.3766167.1154.74915-25.03960.50619
   197     49.9390819.9773263.724.7587-25.7150.952111
   197     52.2064812.8323259.257-4.8929837.39170.134783
   197     6-10.5097-19.7252163.448-4.9030538.0669-0.0456808
   197     7-4.62087-13.3432167.129-4.64067-25.1846-0.0456941
   197     89.9534120.0107263.735-4.63112-25.85980.134778
   198     15.2040415.093118.4134.8559544.35610.270506
   198     2-7.89371-17.628122.44064.8310744.58240.072482
   198     3-6.5421-15.755623.40784.57253-18.66910.0724785
   198     48.3933917.7531120.1684.59606-18.89550.270494
   198     55.2413615.1801118.451-4.9557443.9668-0.0881226
   198     6-7.85639-17.541122.4779-4.9806244.1924-0.0236124
   198     7-6.50679-15.673323.4432-4.71409-19.0591-0.0236158
   198     88.428717.8355120.203-4.69056-19.2848-0.0881354
   199     17.8937117.6281-22.44064.8310744.5824-0.072482
   199     2-5.20404-15.093-118.4134.8559544.3561-0.270506
   199     3-8.39339-17.7531-120.1684.59606-18.8955-0.270494
   199     46.542115.7556-23.40784.57253-18.6691-0.0724785
   199     57.8563917.5411-22.4779-4.9806244.19240.0236124
   199     6-5.24136-15.1801-118.451-4.9557443.96680.0881226
   199     7-8.4287-17.8355-120.203-4.69056-19.28480.0881354
   199     86.5067915.6733-23.4432-4.71409-19.05910.0236158
   200     110.524819.7605-163.4335.0176838.212-0.506204
   200     2-2.19138-12.7971-259.2425.0277437.5365-0.952116
   200     3-9.93908-19.9773-263.724.7587-25.715-0.952111
   200     44.635213.3766-167.1154.74915-25.0396-0.50619
   200     510.509719.7252-163.448-4.9030538.06690.0456808
   200     6-2.20648-12.8323-259.257-4.8929837.3917-0.134783
   200     7-9.95341-20.0107-263.735-4.63112-25.8598-0.134778
   200     84.6208713.3432-167.129-4.64067-25.18460.0456941
   201     11.6137611.2365234.3394.5617434.52450.952112
   201     2-9.80281-18.1824147.6934.55258  35.20.506186
   201     3-3.9133-11.7987151.3754.28406-22.02760.506188
   201     49.3614318.4166238.8174.29268-22.70310.952113
   201     51.627511.2686234.353-4.4394334.37980.134777
   201     6-9.78906-18.1503147.706-4.448635.0549-0.0456981
   201     7-3.90037-11.7685151.388-4.18621-22.1727-0.0456953
   201     89.3743618.4468238.83-4.17759-22.84780.134778
   202     14.5565113.5288107.0524.4058241.34410.270488
   202     2-7.20633-16.038520.25734.3832741.57040.0724771
   202     3-5.85468-14.165921.22464.12474-15.65710.0724778
   202     47.745916.189108.8074.14597-15.88350.270491
   202     54.5903513.6077107.086-4.4964240.9548-0.0881396
   202     6-7.17249-15.959620.2911-4.5189741.1805-0.0236169
   202     7-5.82284-14.091621.2564-4.25244-16.0471-0.0236162
   202     87.7777416.2633108.839-4.23121-16.2728-0.0881368
   203     17.2063316.0385-20.25734.3832741.5704-0.0724771
   203     2-4.55651-13.5288-107.0524.4058241.3441-0.270488
   203     3-7.7459-16.189-108.8074.14597-15.8835-0.270491
   203     45.8546814.1659-21.22464.12474-15.6571-0.0724778
   203     57.1724915.9596-20.2911-4.5189741.18050.0236169
   203     6-4.59035-13.6077-107.086-4.4964240.95480.0881396
   203     7-7.77774-16.2633-108.839-4.23121-16.27280.0881368
   203     85.8228414.0916-21.2564-4.25244-16.04710.0236162
   204     19.8028118.1824-147.6934.55258  35.2-0.506186
   204     2-1.61376-11.2365-234.3394.5617434.5245-0.952112
   204     3-9.36143-18.4166-238.8174.29268-22.7031-0.952113
   204     43.913311.7987-151.3754.28406-22.0276-0.506188
   204     59.7890618.1503-147.706-4.448635.05490.0456981
   204     6-1.6275-11.2686-234.353-4.4394334.3798-0.134777
   204     7-9.37436-18.4468-238.83-4.17759-22.8478-0.134778
   204     83.9003711.7685-151.388-4.18621-22.17270.0456953
   205     11.036129.6758209.4364.0957231.51260.952113
   205     2-9.08092-16.6045131.9524.087532.1880.506187
   205     3-3.19141-10.2207135.6343.81897-19.01560.506185
   205     48.7837916.8559213.9143.82665-19.69110.952116
   205     51.048459.70457209.448-3.9859131.36780.134779
   205     6-9.06858-16.5757131.965-3.9941332.043-0.0456955
   205     7-3.17989-10.1939135.646-3.73175-19.1607-0.0456982
   205     88.7953116.8828213.926-3.72407-19.83580.134782
   206     13.9090311.964795.69123.9557338.33210.27049
   206     2-6.5189-14.448818.07413.9354838.55850.0724775
   206     3-5.16726-12.576219.04133.67694-12.64520.0724764
   206     47.098414.624997.44613.69587-12.87150.270486
   206     53.9394112.035695.7216-4.0370637.9428-0.0881374
   206     6-6.48851-14.377918.1045-4.0573238.1685-0.0236163
   206     7-5.13886-12.5119.0697-3.79079-13.0351-0.0236173
   206     87.1267914.691197.4745-3.77186-13.2608-0.0881411
   207     16.518914.4488-18.07413.9354838.5585-0.0724775
   207     2-3.90903-11.9647-95.69123.9557338.3321-0.27049
   207     3-7.0984-14.6249-97.44613.69587-12.8715-0.270486
   207     45.1672612.5762-19.04133.67694-12.6452-0.0724764
   207     56.4885114.3779-18.1045-4.0573238.16850.0236163
   207     6-3.93941-12.0356-95.7216-4.0370637.94280.0881374
   207     7-7.12679-14.6911-97.4745-3.77186-13.26080.0881411
   207     85.13886 12.51-19.0697-3.79079-13.03510.0236173
   208     19.0809216.6045-131.9524.087532.188-0.506187
   208     2-1.03612-9.6758-209.4364.0957231.5126-0.952113
   208     3-8.78379-16.8559-213.9143.82665-19.6911-0.952116
   208     43.1914110.2207-135.6343.81897-19.0156-0.506185
   208     59.0685816.5757-131.965-3.9941332.0430.0456955
   208     6-1.04845-9.70457-209.448-3.9859131.3678-0.134779
   208     7-8.79531-16.8828-213.926-3.72407-19.8358-0.134782
   208     83.1798910.1939-135.646-3.73175-19.16070.0456982
   209     10.4584588.1151184.5333.629728.50060.952109
   209     2-8.35901-15.0265116.2123.6224129.1760.506192
   209     3-2.46945-8.64268119.8943.35391-16.00360.506204
   209     48.2061515.2953189.0113.36066-16.67910.952091
   209     50.4694028.14062184.544-3.5323828.35580.134776
   209     6-8.34809-15.001116.223-3.5396629.031-0.0456936
   209     7-2.45933-8.61906119.904-3.27727-16.1487-0.0456815
   209     88.2162915.3189189.022-3.27052-16.82390.134758
   210     13.2615410.400684.33023.5056435.32020.270496
   210     2-5.83148-12.859115.89083.4876935.54650.0724792
   210     3-4.47984-10.986516.85813.22917-9.63320.0724841
   210     46.4509213.060886.08513.24578-9.859520.270514
   210     53.2884510.463484.3571-3.5777234.9308-0.0881345
   210     6-5.80455-12.796315.9177-3.5956735.1565-0.0236156
   210     7-4.45493-10.928416.883-3.32911-10.0232-0.0236107
   210     86.4758213.1189 86.11-3.3125-10.2488-0.0881162
   211     15.8314812.8591-15.89083.4876935.5465-0.0724792
   211     2-3.26154-10.4006-84.33023.5056435.3202-0.270496
   211     3-6.45092-13.0608-86.08513.24578-9.85952-0.270514
   211     44.4798410.9865-16.85813.22917-9.6332-0.0724841
   211     55.8045512.7963-15.9177-3.5956735.15650.0236156
   211     6-3.28845-10.4634-84.3571-3.5777234.93080.0881345
   211     7-6.47582-13.1189-86.11-3.3125-10.24880.0881162
   211     84.4549310.9284-16.883-3.32911-10.02320.0236107
   212     18.3590115.0265-116.2123.6224129.176-0.506192
   212     2-0.458458-8.1151-184.5333.629728.5006-0.952109
   212     3-8.20615-15.2953-189.0113.36066-16.6791-0.952091
   212     42.469458.64268-119.8943.35391-16.0036-0.506204
   212     58.3480915.001-116.223-3.5396629.0310.0456936
   212     6-0.469402-8.14062-184.544-3.5323828.3558-0.134776
   212     7-8.21629-15.3189-189.022-3.27052-16.8239-0.134758
   212     82.459338.61906-119.904-3.27727-16.14870.0456815
   213     1-0.1190886.55451159.633.1636625.48860.952121
   213     2-7.63715-13.4486100.4713.1573126.1640.506171
   213     3-1.74783-7.06515104.1532.8887-12.99190.506122
   213     47.6284913.7344164.1092.89448-13.66730.952209
   213     5-0.1096286.57667159.64-3.0788625.34390.134785
   213     6-7.62759-13.4263100.481-3.0852126.019-0.0457002
   213     7-1.73912-7.04486104.162-2.82289-13.1367-0.0457488
   213     87.637113.7545164.117-2.81711-13.81190.134872
   214     12.613998.8365172.96913.0555432.30820.27047
   214     2-5.14406-11.269413.70753.039932.53450.0724721
   214     3-3.79235-9.3965914.67492.7813-6.621140.0724513
   214     45.8033611.496974.7242.79565-6.84750.270392
   214     52.637518.8913172.9927-3.1183731.9189-0.088144
   214     6-5.12058-11.214613.731-3.1340232.1446-0.0236181
   214     7-3.77082-9.3463714.6964-2.86756-7.01113-0.0236389
   214     85.8249311.547174.7456-2.85322-7.23684-0.0882216
   215     15.1440611.2694-13.70753.039932.5345-0.0724721
   215     2-2.61399-8.83651-72.96913.0555432.3082-0.27047
   215     3-5.80336-11.4969-74.7242.79565-6.8475-0.270392
   215     43.792359.39659-14.67492.7813-6.62114-0.0724513
   215     55.1205811.2146-13.731-3.1340232.14460.0236181
   215     6-2.63751-8.89131-72.9927-3.1183731.91890.088144
   215     7-5.82493-11.5471-74.7456-2.85322-7.236840.0882216
   215     83.770829.34637-14.6964-2.86756-7.011130.0236389
   216     17.6371513.4486-100.4713.1573126.164-0.506171
   216     20.119088-6.55451-159.633.1636625.4886-0.952121
   216     3-7.62849-13.7344-164.1092.89448-13.6673-0.952209
   216     41.747837.06515-104.1532.8887-12.9919-0.506122
   216     57.6275913.4263-100.481-3.0852126.0190.0457002
   216     60.109628-6.57667-159.64-3.0788625.3439-0.134785
   216     7-7.6371-13.7545-164.117-2.81711-13.8119-0.134872
   216     81.739127.04486-104.162-2.82289-13.13670.0457488
   217     1-0.6971624.99335134.7262.6976822.47660.952082
   217     2-6.91506-11.870584.73152.6922723.15220.506207
   217     3-1.02494-5.4857888.4142.42423-9.978820.50631
   217     47.0508412.1743139.2052.42918-10.65440.951673
   217     5-0.6887415.01259134.735-2.6252822.33170.134752
   217     6-6.90702-11.851684.7395-2.6306923.007-0.0457116
   217     7-1.01759-5.4685388.4212-2.36791-10.1246-0.0456084
   217     87.0585712.1919139.213-2.36296-10.79990.134343
   218     11.966747.2725361.60882.6055129.29620.270519
   218     2-4.45665-9.6798111.52442.5921529.52240.0724854
   218     3-3.10557-7.8086712.49112.33398-3.609720.0725468
   218     45.155759.9313563.36322.34594-3.835830.270748
   218     51.98667.3191161.6284-2.6589728.9067-0.0881469
   218     6-4.43666-9.633111.5443-2.6723329.1321-0.0236189
   218     7-3.08767-7.7668612.5089-2.40538-3.99976-0.0235575
   218     85.173529.9730463.3807-2.39342-4.22518-0.0879178
   219     14.456659.67981-11.52442.5921529.5224-0.0724854
   219     2-1.96674-7.27253-61.60882.6055129.2962-0.270519
   219     3-5.15575-9.93135-63.36322.34594-3.83583-0.270748
   219     43.105577.80867-12.49112.33398-3.60972-0.0725468
   219     54.436669.6331-11.5443-2.6723329.13210.0236189
   219     6-1.9866-7.31911-61.6284-2.6589728.90670.0881469
   219     7-5.17352-9.97304-63.3807-2.39342-4.225180.0879178
   219     83.087677.76686-12.5089-2.40538-3.999760.0235575
   220     16.9150611.8705-84.73152.6922723.1522-0.506207
   220     20.697162-4.99335-134.7262.6976822.4766-0.952082
   220     3-7.05084-12.1743-139.2052.42918-10.6544-0.951673
   220     41.024945.48578-88.4142.42423-9.97882-0.50631
   220     56.9070211.8516-84.7395-2.6306923.0070.0457116
   220     60.688741-5.01259-134.735-2.6252822.3317-0.134752
   220     7-7.05857-12.1919-139.213-2.36296-10.7999-0.134343
   220     81.017595.46853-88.4212-2.36791-10.12460.0456084
   221     1-1.273253.43414109.8262.2315619.46440.952216
   221     2-6.19349-10.293168.98932.2270420.13950.506402
   221     3-0.304591-3.9118172.67041.95634-6.970460.506388
   221     46.4740810.6119114.3041.96012-7.645520.953647
   221     5-1.267553.44887109.831-2.1719419.32060.134762
   221     6-6.1867-10.277368.9961-2.1764519.9953-0.0455597
   221     7-0.298901-3.8985572.6761-1.91617-7.11319-0.0455733
   221     86.4786910.6241114.307-1.91238-7.787880.136194
   222     11.318735.7080950.24522.1550226.28350.270691
   222     2-3.76912-8.089629.340692.1440226.51090.0725315
   222     3-2.41411-6.2093610.31131.88321-0.5958670.0724169
   222     44.511738.3760652.00351.89301-0.8232860.270264
   222     51.335565.7469350.2625-2.1999125.8953-0.0879863
   222     6-3.75252-8.051019.3574-2.2109126.1221-0.0235759
   222     7-2.39932-6.1749810.3262-1.94658-0.984973-0.0236905
   222     84.526758.4106852.0189-1.93678-1.21179-0.0884142
   223     13.769128.08962-9.340692.1440226.5109-0.0725315
   223     2-1.31873-5.70809-50.24522.1550226.2835-0.270691
   223     3-4.51173-8.37606-52.00351.89301-0.823286-0.270264
   223     42.414116.20936-10.31131.88321-0.595867-0.0724169
   223     53.752528.05101-9.3574-2.2109126.12210.0235759
   223     6-1.33556-5.74693-50.2625-2.1999125.89530.0879863
   223     7-4.52675-8.41068-52.0189-1.93678-1.211790.0884142
   223     82.399326.17498-10.3262-1.94658-0.9849730.0236905
   224     16.1934910.2931-68.98932.2270420.1395-0.506402
   224     21.27325-3.43414-109.8262.2315619.4644-0.952216
   224     3-6.47408-10.6119-114.3041.96012-7.64552-0.953647
   224     40.3045913.91181-72.67041.95634-6.97046-0.506388
   224     56.186710.2773-68.9961-2.1764519.99530.0455597
   224     61.26755-3.44887-109.831-2.1719419.3206-0.134762
   224     7-6.47869-10.6241-114.307-1.91238-7.78788-0.136194
   224     80.2989013.89855-72.6761-1.91617-7.113190.0455733
   225     1-1.851561.8733684.91811.7654616.45240.953878
   225     2-5.47307-8.7149953.24511.7619117.13020.505919
   225     30.420117-2.3161656.93271.50141-3.954490.506762
   225     45.90379.0702289.40371.50507-4.632290.953255
   225     5-1.845751.8862984.9245-1.7179616.30380.136472
   225     6-5.46836-8.7031753.2489-1.7215216.9816-0.0454769
   225     70.424985-2.3039656.9367 -1.45-4.1045-0.0446337
   225     85.909679.0835289.4103-1.44633-4.782360.135849
   226     10.6695114.1434338.88131.7058323.27890.269691
   226     2-3.08181-6.499257.157011.6970423.50160.0722634
   226     3-1.74212-4.65268.112911.449232.419960.072555
   226     43.844146.7764840.62361.456452.197280.270779
   226     50.6818764.1733738.8926-1.7398522.8848-0.0883907
   226     6-3.06885-6.468717.16968-1.7486423.1067-0.0236842
   226     7-1.7315-4.627528.12324-1.472192.02593-0.0233926
   226     83.854176.8009640.6325-1.464961.80403-0.0873022
   227     13.081816.49925-7.157011.6970423.5016-0.0722634
   227     2-0.669511-4.14343-38.88131.7058323.2789-0.269691
   227     3-3.84414-6.77648-40.62361.456452.19728-0.270779
   227     41.742124.6526-8.112911.449232.41996-0.072555
   227     53.068856.46871-7.16968-1.7486423.10670.0236842
   227     6-0.681876-4.17337-38.8926-1.7398522.88480.0883907
   227     7-3.85417-6.80096-40.6325-1.464961.804030.0873022
   227     81.73154.62752-8.12324-1.472192.025930.0233926
   228     15.473078.71499-53.24511.7619117.1302-0.505919
   228     21.85156-1.87336-84.91811.7654616.4524-0.953878
   228     3-5.9037-9.07022-89.40371.50507-4.63229-0.953255
   228     4-0.4201172.31616-56.93271.50141-3.95449-0.506762
   228     55.468368.70317-53.2489-1.7215216.98160.0454769
   228     61.84575-1.88629-84.9245-1.7179616.3038-0.136472
   228     7-5.90967-9.08352-89.4103-1.44633-4.78236-0.135849
   228     8-0.4249852.30396-56.9367 -1.45-4.10450.0446337
   229     1-2.462440.2787460.0111.3016913.45710.927785
   229     2-4.7335-7.12587  37.61.2997414.11180.495667
   229     31.05401-0.90440641.20271.00929-0.8945710.483885
   229     45.140867.278464.39191.00644-1.549260.902871
   229     5-2.440830.30424760.0575-1.2650813.32810.122181
   229     6-4.72174-7.1102137.6235-1.2670313.9804-0.0505374
   229     71.05857-0.9055541.219-1.03869-1.03905-0.0623192
   229     85.155277.2871164.4312-1.04154-1.691340.0972667
   230     10.04687692.5923827.62041.2584220.22080.266179
   230     2-2.39805-4.930144.990241.2519120.44780.0713224
   230     3-1.04931-3.054565.957540.9606665.340220.0698484
   230     43.219365.2495629.36930.9667745.113150.260678
   230     50.06076612.6192827.6398-1.2803719.8496-0.0897172
   230     6-2.38718-4.906265.00258-1.2868820.0765-0.0240396
   230     7-1.03904-3.032085.96928-1.057064.96488-0.0255136
   230     83.232655.2750629.3881-1.050954.73801-0.095218
   231     12.398054.93014-4.990241.2519120.4478-0.0713224
   231     2-0.0468769-2.59238-27.62041.2584220.2208-0.266179
   231     3-3.21936-5.24956-29.36930.9667745.11315-0.260678
   231     41.049313.05456-5.957540.9606665.34022-0.0698484
   231     52.387184.90626-5.00258-1.2868820.07650.0240396
   231     6-0.0607661-2.61928-27.6398-1.2803719.84960.0897172
   231     7-3.23265-5.27506-29.3881-1.050954.738010.095218
   231     81.039043.03208-5.96928-1.057064.964880.0255136
   232     14.73357.12587 -37.61.2997414.1118-0.495667
   232     22.46244-0.27874-60.0111.3016913.4571-0.927785
   232     3-5.14086-7.2784-64.39191.00644-1.54926-0.902871
   232     4-1.054010.904406-41.20271.00929-0.894571-0.483885
   232     54.721747.11021-37.6235-1.2670313.98040.0505374
   232     62.44083-0.304247-60.0575-1.2650813.3281-0.122181
   232     7-5.15527-7.28711-64.4312-1.04154-1.69134-0.0972667
   232     8-1.058570.90555-41.219-1.03869-1.039050.0623192
   233     1-2.92976-1.0854435.10130.8291510.28891.04588
   233     2-4.15039-5.6029321.26360.82814311.12870.566165
   233     32.588472.0840425.59130.6237011.80850.591606
   233     45.813827.460740.28820.6400480.9686981.14964
   233     5-3.00607-1.1597434.9212-0.81928210.08070.156713
   233     6-4.16796-5.6184921.2206-0.82028910.9282-0.0366124
   233     72.593912.1221825.5713-0.4519551.68633-0.0111717
   233     85.760527.4400940.1311-0.4356080.8388560.260474
   234     1-0.7635470.95531615.63760.78408417.39720.308039
   234     2-1.68568-3.199912.708990.78373317.70610.0825389
   234     3-0.022374-0.7219123.951380.5915888.932720.081857
   234     42.912214.2957917.74250.5766168.623820.305495
   234     5-0.7611110.95845615.6426-0.83245816.941-0.0846834
   234     6-1.68464-3.198162.71071-0.8328117.2422-0.0226908
   234     7-0.0443199-0.7738013.93011-0.4499698.46698-0.0233727
   234     82.891674.245317.7245-0.464948.16575-0.0872283
   235     11.685683.19991-2.708990.78373317.7061-0.0825389
   235     20.763547-0.955316-15.63760.78408417.3972-0.308039
   235     3-2.91221-4.29579-17.74250.5766168.62382-0.305495
   235     40.0223740.721912-3.951380.5915888.93272-0.081857
   235     51.684643.19816-2.71071-0.8328117.24220.0226908
   235     60.761111-0.958456-15.6426-0.83245816.9410.0846834
   235     7-2.89167-4.2453-17.7245-0.464948.165750.0872283
   235     80.04431990.773801-3.93011-0.4499698.466980.0233727
   236     14.150395.60293-21.26360.82814311.1287-0.566165
   236     22.929761.08544-35.10130.8291510.2889-1.04588
   236     3-5.81382-7.4607-40.28820.6400480.968698-1.14964
   236     4-2.58847-2.08404-25.59130.6237011.8085-0.591606
   236     54.167965.61849-21.2206-0.82028910.92820.0366124
   236     63.006071.15974-34.9212-0.81928210.0807-0.156713
   236     7-5.76052-7.44009-40.1311-0.4356080.838856-0.260474
   236     8-2.59391-2.12218-25.5713-0.4519551.686330.0111717
   237     1-1.94926-2.3977412.11580.3934637.822731.4442
   237     2-2.69079-4.171326.945390.3900597.467440.554059
   237     30.0823383-5.013067.52481-0.0438214.070610.628872
   237     44.17044-1.8052314.1295-0.09111844.42591.63262
   237     5-2.08547-2.5271411.7912-0.1225627.649030.417692
   237     6-2.74179-4.215526.81958-0.1259677.268390.00563046
   237     7-0.0447178-5.234717.322940.3963163.985160.0804438
   237     83.95818-2.1120913.72880.3490184.36580.606115
   238     1-0.908824-0.4712135.412490.5992313.87680.18001
   238     2-1.01315-1.922060.6806420.58728213.6090.0482335
   238     3-1.26401-3.559640.1141090.76766210.3280.0552557
   238     40.349543-1.461985.492770.86847910.59580.206217
   238     5-0.910557-0.449055.38455-0.074033613.2849-0.114511
   238     6-1.00049-1.885510.686275-0.085981613.0616-0.0306832
   238     7-1.11806-3.212050.2530450.5256099.79977-0.023661
   238     80.481113-1.128775.598130.62642510.0231-0.0883042
   239     11.013151.92206-0.6806420.58728213.609-0.0482335
   239     20.9088240.471213-5.412490.5992313.8768-0.18001
   239     3-0.3495431.46198-5.492770.86847910.5958-0.206217
   239     41.264013.55964-0.1141090.76766210.328-0.0552557
   239     51.000491.88551-0.686275-0.085981613.06160.0306832
   239     60.9105570.44905-5.38455-0.074033613.28490.114511
   239     7-0.4811131.12877-5.598130.62642510.02310.0883042
   239     81.118063.21205-0.2530450.5256099.799770.023661
   240     12.690794.17132-6.945390.3900597.46744-0.554059
   240     21.949262.39774-12.11580.3934637.82273-1.4442
   240     3-4.170441.80523-14.1295-0.09111844.4259-1.63262
   240     4-0.08233835.01306-7.52481-0.0438214.07061-0.628872
   240     52.741794.21552-6.81958-0.1259677.26839-0.00563046
   240     62.085472.52714-11.7912-0.1225627.64903-0.417692
   240     7-3.958182.11209-13.72880.3490184.3658-0.606115
   240     80.04471785.23471-7.322940.3963163.98516-0.0804438
   241     1191.091193.291551.3372.580365.3688-45.6989
   241     2121.371115.428361.5142.7607249.9027-30.3475
   241     3-4.87749-27.0561280.89410.3032-62.0569-23.7993
   241     425.912234.1221454.0329.62979-46.5908-38.2691
   241     5185.248187.087538.064-1.49177.8409-28.7302
   241     6116.189109.886349.784-1.3105862.1282-18.9403
   241     7-10.7987-34.3241268.425-4.89114-48.9498-12.3921
   241     819.329826.193440.02-5.5645-33.2372-21.3004
   242     183.631687.3082238.3562.7788244.8768-19.5028
   242     218.486314.241259.94462.8107739.997-5.22575
   242     3-10.0164-25.859339.363610.4899-65.3474-3.91014
   242     417.254330.9757201.54310.3707-60.4675-14.5928
   242     579.901283.514229.716-1.1820557.9891-12.1117
   242     617.451713.142757.5944-1.150153.0656-3.24531
   242     7-11.1819-27.263336.8825-4.29225-48.6845-1.9297
   242     813.39326.876192.772-4.41147-43.7609-7.20175
   243     1-18.4863-14.2412-59.94462.8107739.9975.22575
   243     2-83.6316-87.3082-238.3562.7788244.876819.5028
   243     3-17.2543-30.9757-201.54310.3707-60.467514.5928
   243     410.016425.8593-39.363610.4899-65.34743.91014
   243     5-17.4517-13.1427-57.5944-1.150153.06563.24531
   243     6-79.9012-83.514-229.716-1.1820557.989112.1117
   243     7-13.393-26.876-192.772-4.41147-43.76097.20175
   243     811.181927.2633-36.8825-4.29225-48.68451.9297
   244     1-121.371-115.428-361.5142.7607249.902730.3475
   244     2-191.091-193.291-551.3372.580365.368845.6989
   244     3-25.9122-34.1221-454.0329.62979-46.590838.2691
   244     44.8774927.0561-280.89410.3032-62.056923.7993
   244     5-116.189-109.886-349.784-1.3105862.128218.9403
   244     6-185.248-187.087-538.064-1.49177.840928.7302
   244     7-19.3298-26.193-440.02-5.5645-33.237221.3004
   244     810.798734.3241-268.425-4.89114-48.949812.3921
   245     1-20.456-7.87783433.07311.252953.125812.0701
   245     2-35.6259-60.3575273.31112.075757.137410.1772
   245     3-11.7168-27.1873290.4359.37612-50.14522.84305
   245     49.2929727.7951 452.78.63773-54.15683.71145
   245     5-15.4213-4.48889446.467-7.4019954.84449.53949
   245     6-31.3596-57.737284.911-6.5791258.89838.48083
   245     7-7.32386-24.2711302.162-7.61021-49.40891.14673
   245     814.454331.4797466.22-8.3486-53.46271.18086
   246     12.9709719.9586204.88212.176668.81947.48003
   246     2-17.1098-36.432536.992 12.3669.63612.00427
   246     3-12.6023-29.834340.32379.78978-41.86240.533636
   246     413.099928.966210.6239.5184-42.67911.99156
   246     56.8122423.4331214.211-5.978674.18266.38302
   246     6-16.2819-35.971439.2905-5.7952174.95521.71032
   246     7-11.9064-29.681242.4902-6.75924-40.56120.239693
   246     816.809232.1325219.82-7.03063-41.33380.894545
   247     117.109836.4325-36.992 12.3669.6361-2.00427
   247     2-2.97097-19.9586-204.88212.176668.8194-7.48003
   247     3-13.0999-28.966-210.6239.5184-42.6791-1.99156
   247     412.602329.8343-40.32379.78978-41.8624-0.533636
   247     516.281935.9714-39.2905-5.7952174.9552-1.71032
   247     6-6.81224-23.4331-214.211-5.978674.1826-6.38302
   247     7-16.8092-32.1325-219.82-7.03063-41.3338-0.894545
   247     811.906429.6812-42.4902-6.75924-40.5612-0.239693
   248     135.625960.3575-273.31112.075757.1374-10.1772
   248     220.4567.87783-433.07311.252953.1258-12.0701
   248     3-9.29297-27.7951-452.78.63773-54.1568-3.71145
   248     411.716827.1873-290.4359.37612-50.1452-2.84305
   248     531.359657.737-284.911-6.5791258.8983-8.48083
   248     615.42134.48889-446.467-7.4019954.8444-9.53949
   248     7-14.4543-31.4797-466.22-8.3486-53.4627-1.18086
   248     87.3238624.2711-302.162-7.61021-49.4089-1.14673
   249     110.949430.9331436.5947.8510561.491 1.319
   249     2-11.6048-24.2413275.2348.3989261.40550.775963
   249     3-9.80265-23.9574275.868.42878-44.78060.709501
   249     413.377831.4854437.4898.31698-44.69511.30437
   249     510.138529.0266435.798-8.4590560.25790.93544
   249     6-12.3768-26.109274.529-7.9111860.39040.481869
   249     7-9.92051-24.2989275.808-7.70238-45.74390.415406
   249     813.221131.105437.347-7.81419-45.87640.920806
   250     110.585326.2008196.7388.2497166.23620.455221
   250     2-12.3662-28.452137.51338.5016366.55160.121976
   250     3-11.0336-26.079138.6257.55249-38.02030.103922
   250     412.974229.0265198.3027.44177-38.33570.387841
   250     510.25825.3696196.478-7.6009764.80370.249103
   250     6-12.7305-29.320337.167-7.3490565.18970.066747
   250     7-11.1861-26.453138.4905-7.99641-39.43160.0486927
   250     812.858628.6895198.254-8.10713-39.81750.181724
   251     112.366228.4521-37.51338.5016366.5516-0.121976
   251     2-10.5853-26.2008-196.7388.2497166.2362-0.455221
   251     3-12.9742-29.0265-198.3027.44177-38.3357-0.387841
   251     411.033626.0791-38.6257.55249-38.0203-0.103922
   251     512.730529.3203-37.167-7.3490565.1897-0.066747
   251     6-10.258-25.3696-196.478-7.6009764.8037-0.249103
   251     7-12.8586-28.6895-198.254-8.10713-39.8175-0.181724
   251     811.186126.4531-38.4905-7.99641-39.4316-0.0486927
   252     111.604824.2413-275.2348.3989261.4055-0.775963
   252     2-10.9494-30.9331-436.5947.8510561.491-1.319
   252     3-13.3778-31.4854-437.4898.31698-44.6951-1.30437
   252     49.8026523.9574-275.868.42878-44.7806-0.709501
   252     512.376826.109-274.529-7.9111860.3904-0.481869
   252     6-10.1385-29.0266-435.798-8.4590560.2579-0.93544
   252     7-13.2211-31.105-437.347-7.81419-45.8764-0.920806
   252     89.9205124.2989-275.808-7.70238-45.7439-0.415406
   253     14.127621.3124408.368.2970856.75141.1173
   253     2-15.0323-29.485258.1958.2885957.54130.346071
   253     3-8.36653-22.1147262.4067.8757-41.82610.536345
   253     413.154629.6947413.5837.77681-42.6161.28689
   253     54.0131421.2149408.076-7.5216655.90970.166241
   253     6-15.1623-29.598257.875-7.5301556.6458-0.26767
   253     7-8.65758-22.6035261.925-7.2684-42.7422-0.0773964
   253     812.879129.2214413.138-7.3673-43.47840.335836
   254     19.894625.7382187.5657.1014864.74590.0503041
   254     2-11.4969-26.115836.10977.1672864.88080.0134789
   254     3-10.367-24.860936.82517.06398-34.72030.0552878
   254     413.005927.8422189.1296.97974-34.85520.206337
   254     59.6788825.3909187.193-8.1297563.2155-0.336364
   254     6-11.6269-26.377435.9378-8.0639563.3412-0.0901283
   254     7-10.5247-25.187136.6256-7.60113-36.1456-0.0483194
   254     812.762527.4304188.73-7.68537-36.2713-0.180331
   255     111.496926.1158-36.10977.1672864.8808-0.0134789
   255     2-9.8946-25.7382-187.5657.1014864.7459-0.0503041
   255     3-13.0059-27.8422-189.1296.97974-34.8552-0.206337
   255     410.36724.8609-36.82517.06398-34.7203-0.0552878
   255     511.626926.3774-35.9378-8.0639563.34120.0901283
   255     6-9.67888-25.3909-187.193-8.1297563.21550.336364
   255     7-12.7625-27.4304-188.73-7.68537-36.27130.180331
   255     810.524725.1871-36.6256-7.60113-36.14560.0483194
   256     115.032329.485-258.1958.2885957.5413-0.346071
   256     2-4.1276-21.3124-408.368.2970856.7514-1.1173
   256     3-13.1546-29.6947-413.5837.77681-42.616-1.28689
   256     48.3665322.1147-262.4067.8757-41.8261-0.536345
   256     515.162329.598-257.875-7.5301556.64580.26767
   256     6-4.01314-21.2149-408.076-7.5216655.9097-0.166241
   256     7-12.8791-29.2214-413.138-7.3673-43.4784-0.335836
   256     88.6575822.6035-261.925-7.2684-42.74220.0773964
   257     14.9582221.0577383.8217.5078353.81721.15158
   257     2-13.5646-26.8893242.5217.6381454.47250.5391
   257     3-7.80407-20.6764246.1137.40199-38.88110.534264
   257     412.488528.0291388.1727.29324-39.53631.16429
   257     54.7532320.5921383.603-7.2042752.93770.356643
   257     6-13.7564-27.3417242.334-7.0739653.6037-0.0030244
   257     7-7.96357-21.0534245.958-6.80448-39.7323-0.00786072
   257     812.315827.639387.986-6.91323-40.39830.369345
   258     18.947323.2677175.4726.8414161.34650.248366
   258     2-11.142-25.357333.47836.9316661.60040.0665495
   258     3-9.71501-23.294634.52526.67343-31.76870.0641709
   258     412.191226.1091177.2986.58521-32.02260.239489
   258     58.8185922.9585175.353-7.4264760.0457-0.106212
   258     6-11.2755-25.671433.3471-7.3362260.3007-0.0284595
   258     7-9.84555-23.601634.3971-7.07531-33.0749-0.0308381
   258     812.065625.807177.181-7.16353-33.3299-0.115089
   259     111.14225.3573-33.47836.9316661.6004-0.0665495
   259     2-8.9473-23.2677-175.4726.8414161.3465-0.248366
   259     3-12.1912-26.1091-177.2986.58521-32.0226-0.239489
   259     49.7150123.2946-34.52526.67343-31.7687-0.0641709
   259     511.275525.6714-33.3471-7.3362260.30070.0284595
   259     6-8.81859-22.9585-175.353-7.4264760.04570.106212
   259     7-12.0656-25.807-177.181-7.16353-33.32990.115089
   259     89.8455523.6016-34.3971-7.07531-33.07490.0308381
   260     113.564626.8893-242.5217.6381454.4725-0.5391
   260     2-4.95822-21.0577-383.8217.5078353.8172-1.15158
   260     3-12.4885-28.0291-388.1727.29324-39.5363-1.16429
   260     47.8040720.6764-246.1137.40199-38.8811-0.534264
   260     513.756427.3417-242.334-7.0739653.60370.0030244
   260     6-4.75323-20.5921-383.603-7.2042752.9377-0.356643
   260     7-12.3158-27.639-387.986-6.91323-40.3983-0.369345
   260     87.9635721.0534-245.958-6.80448-39.73230.00786072
   261     14.124519.2469358.8037.1087550.81371.21793
   261     2-13.0148-25.5359226.6667.2098551.49180.551579
   261     3-7.12175-19.1356230.3546.92108-35.8620.547594
   261     411.926926.4655363.3096.81932-36.541.20867
   261     53.9798  18.9358.667-6.7129749.96180.39391
   261     6-13.1635-25.8867226.521-6.6118750.63960.0003152
   261     7-7.27139-19.4887230.208-6.35513-36.7195-0.00366963
   261     811.781226.1163363.172-6.45688-37.39720.384646
   262     18.355321.9236164.1896.4006458.3440.242658
   262     2-10.3636-23.531231.39196.4865958.56190.06502
   262     3-9.04229-21.720132.33166.23437-28.78030.0645863
   262     411.50124.5165165.916.15258-28.99810.241039
   262     58.2275821.624164.063-6.9672957.0247-0.113372
   262     6-10.4922-23.831731.2637-6.8813357.2446-0.0303781
   262     7-9.16465-22.006132.2096-6.61229-30.0987-0.0308118
   262     811.379624.2315165.791-6.69408-30.3186-0.114991
   263     110.363623.5312-31.39196.4865958.5619-0.06502
   263     2-8.3553-21.9236-164.1896.4006458.344-0.242658
   263     3-11.501-24.5165-165.916.15258-28.9981-0.241039
   263     49.0422921.7201-32.33166.23437-28.7803-0.0645863
   263     510.492223.8317-31.2637-6.8813357.24460.0303781
   263     6-8.22758-21.624-164.063-6.9672957.02470.113372
   263     7-11.3796-24.2315-165.791-6.69408-30.31860.114991
   263     89.1646522.0061-32.2096-6.61229-30.09870.0308118
   264     113.014825.5359-226.6667.2098551.4918-0.551579
   264     2-4.1245-19.2469-358.8037.1087550.8137-1.21793
   264     3-11.9269-26.4655-363.3096.81932-36.54-1.20867
   264     47.1217519.1356-230.3546.92108-35.862-0.547594
   264     513.163525.8867-226.521-6.6118750.6396-0.0003152
   264     6-3.9798 -18.9-358.667-6.7129749.9618-0.39391
   264     7-11.7812-26.1163-363.172-6.45688-37.3972-0.384646
   264     87.2713919.4887-230.208-6.35513-36.71950.00366963
   265     13.6219617.729333.9336.612847.80111.20253
   265     2-12.2912-23.9431210.9396.7126648.47210.546569
   265     3-6.42414-17.5947214.6046.43201-32.84980.546236
   265     411.373124.8849338.4066.33799-33.52071.20313
   265     53.4717317.3791333.783-6.266746.93860.382766
   265     6-12.4407-24.2924210.79-6.1668447.6124-0.00403344
   265     7-6.56493-17.9236214.464-5.90917-33.7085-0.00436677
   265     811.231624.5554338.263-6.00319-34.38240.383364
   266     17.6477120.269152.7935.9698855.33960.241706
   266     2-9.71839-22.026629.1731 6.04955.56510.064765
   266     3-8.37308-20.161430.13625.79478-25.75870.0646226
   266     410.820122.9173154.5395.71879-25.98420.241175
   266     57.5294219.9925152.675-6.4949154.019-0.114841
   266     6-9.83697-22.303529.0546-6.4157954.2461-0.0307714
   266     7-8.48696-20.427230.0225-6.14799-27.0781-0.0309139
   266     810.706522.6518154.426-6.22398-27.3052-0.115372
   267     19.7183922.0266-29.1731 6.04955.5651-0.064765
   267     2-7.64771-20.269-152.7935.9698855.3396-0.241706
   267     3-10.8201-22.9173-154.5395.71879-25.9842-0.241175
   267     48.3730820.1614-30.13625.79478-25.7587-0.0646226
   267     59.8369722.3035-29.0546-6.4157954.24610.0307714
   267     6-7.52942-19.9925-152.675-6.4949154.0190.114841
   267     7-10.7065-22.6518-154.426-6.22398-27.30520.115372
   267     88.4869620.4272-30.0225-6.14799-27.07810.0309139
   268     112.291223.9431-210.9396.7126648.4721-0.546569
   268     2-3.62196-17.729-333.9336.612847.8011-1.20253
   268     3-11.3731-24.8849-338.4066.33799-33.5207-1.20313
   268     46.4241417.5947-214.6046.43201-32.8498-0.546236
   268     512.440724.2924-210.79-6.1668447.61240.00403344
   268     6-3.47173-17.3791-333.783-6.266746.9386-0.382766
   268     7-11.2316-24.5554-338.263-6.00319-34.3824-0.383364
   268     86.5649317.9236-214.464-5.90917-33.70850.00436677
   269     13.056216.1344309.0266.1358744.7891.20305
   269     2-11.6053-22.4204195.1726.2264345.46220.545677
   269     3-5.73058-16.0558198.8445.94541-29.83760.546015
   269     410.819223.3082313.5075.85849-30.51081.20326
   269     52.9202115.8173308.89-5.810843.92870.38257
   269     6-11.7414-22.7376195.035-5.7202444.6037-0.00505474
   269     7-5.86121-16.3603198.713-5.46176-30.6961-0.00471633
   269     810.688623.0039313.377-5.54868-31.37120.382776
   270     16.9686818.6802141.4145.535552.32740.240594
   270     2-9.04368-20.453526.98095.6091152.55140.0644669
   270     3-7.70293-18.598727.93955.35607-22.74810.0645487
   270     410.136221.3179143.1565.28586-22.97220.240899
   270     56.8580518.4223141.303-6.0251651.006-0.115884
   270     6-9.15414-20.711226.8703-5.9515551.2317-0.0310511
   270     7-7.8083-18.844427.8341-5.68267-24.0676-0.0309693
   270     810.030621.072143.05-5.75288-24.2934-0.115579
   271     19.0436820.4535-26.98095.6091152.5514-0.0644669
   271     2-6.96868-18.6802-141.4145.535552.3274-0.240594
   271     3-10.1362-21.3179-143.1565.28586-22.9722-0.240899
   271     47.7029318.5987-27.93955.35607-22.7481-0.0645487
   271     59.1541420.7112-26.8703-5.9515551.23170.0310511
   271     6-6.85805-18.4223-141.303-6.0251651.0060.115884
   271     7-10.0306-21.072-143.05-5.75288-24.29340.115579
   271     87.808318.8444-27.8341-5.68267-24.06760.0309693
   272     111.605322.4204-195.1726.2264345.4622-0.545677
   272     2-3.0562-16.1344-309.0266.1358744.789-1.20305
   272     3-10.8192-23.3082-313.5075.85849-30.5108-1.20326
   272     45.7305816.0558-198.8445.94541-29.8376-0.546015
   272     511.741422.7376-195.035-5.7202444.60370.00505474
   272     6-2.92021-15.8173-308.89-5.810843.9287-0.38257
   272     7-10.6886-23.0039-313.377-5.54868-31.3712-0.382776
   272     85.8612116.3603-198.713-5.46176-30.69610.00471633
   273     12.5034614.5607284.1265.6556141.77711.20328
   273     2-10.9101-20.8775179.4125.7396542.44970.546099
   273     3-5.03738-14.517183.0825.45852-26.82570.546038
   273     410.263721.7301288.6055.3787-27.49841.20324
   273     52.3774314.2665   284-5.3566940.91640.382947
   273     6-11.0361-21.1716179.287-5.2726541.5912-0.00458411
   273     7-5.15708-14.7963182.963-5.01448-27.6842-0.00464456
   273     810.14421.4507288.485-5.0943-28.3590.382908
   274     16.2834417.0779130.03 5.10349.31510.240983
   274     2-8.37481-18.893724.7835.1707649.53940.0645711
   274     3-7.03309-17.036625.74274.91752-19.7360.0645567
   274     49.4518319.7179131.7734.85304-19.96040.240929
   274     56.1818416.8408129.929-5.5536847.9941-0.115486
   274     6-8.47644-19.130924.6814-5.4859248.2201-0.0309444
   274     7-7.12979-17.262225.646-5.21725-21.0554-0.0309588
   274     89.3551619.4923131.676-5.28172-21.2814-0.11554
   275     18.3748118.8937-24.7835.1707649.5394-0.0645711
   275     2-6.28344-17.0779-130.03 5.10349.3151-0.240983
   275     3-9.45183-19.7179-131.7734.85304-19.9604-0.240929
   275     47.0330917.0366-25.74274.91752-19.736-0.0645567
   275     58.4764419.1309-24.6814-5.4859248.22010.0309444
   275     6-6.18184-16.8408-129.929-5.5536847.99410.115486
   275     7-9.35516-19.4923-131.676-5.28172-21.28140.11554
   275     87.1297917.2622-25.646-5.21725-21.05540.0309588
   276     110.910120.8775-179.4125.7396542.4497-0.546099
   276     2-2.50346-14.5607-284.1265.6556141.7771-1.20328
   276     3-10.2637-21.7301-288.6055.3787-27.4984-1.20324
   276     45.0373814.517-183.0825.45852-26.8257-0.546038
   276     511.036121.1716-179.287-5.2726541.59120.00458411
   276     6-2.37743-14.2665  -284-5.3566940.9164-0.382947
   276     7-10.144-21.4507-288.485-5.0943-28.359-0.382908
   276     85.1570814.7963-182.963-5.01448-27.68420.00464456
   277     11.9478912.9819259.2245.1759538.76511.20326
   277     2-10.2171-19.3394163.6525.2527439.43780.546046
   277     3-4.34398-12.9781167.3224.97165-23.81370.546052
   277     49.7086820.1523263.7044.89895-24.48651.20326
   277     51.832712.7132259.109-4.9022437.90450.382898
   277     6-10.3323-19.6082163.536-4.8254638.5793-0.00464727
   277     7-4.45303-13.2325167.213-4.56721-24.6723-0.00464142
   277     89.5996219.8979263.595-4.63991-25.34710.382901
   278     15.5995415.4787118.6484.6700846.30320.240932
   278     2-7.70465-17.330922.58654.7321346.52750.0645577
   278     3-6.36318-15.474423.54594.47889-16.72410.0645591
   278     48.767718.1181120.394.42017-16.94840.240938
   278     55.5064615.2615118.555-5.0826244.9821-0.11554
   278     6-7.79773-17.548122.4934-5.0205745.2081-0.0309588
   278     7-6.45126-15.679923.4578-4.7519-18.0435-0.0309573
   278     88.6796217.9126120.302-4.81062-18.2694-0.115534
   279     17.7046517.3309-22.58654.7321346.5275-0.0645577
   279     2-5.59954-15.4787-118.6484.6700846.3032-0.240932
   279     3-8.7677-18.1181-120.394.42017-16.9484-0.240938
   279     46.3631815.4744-23.54594.47889-16.7241-0.0645591
   279     57.7977317.5481-22.4934-5.0205745.20810.0309588
   279     6-5.50646-15.2615-118.555-5.0826244.98210.11554
   279     7-8.67962-17.9126-120.302-4.81062-18.26940.115534
   279     86.4512615.6799-23.4578-4.7519-18.04350.0309573
   280     110.217119.3394-163.6525.2527439.4378-0.546046
   280     2-1.94789-12.9819-259.2245.1759538.7651-1.20326
   280     3-9.70868-20.1523-263.7044.89895-24.4865-1.20326
   280     44.3439812.9781-167.3224.97165-23.8137-0.546052
   280     510.332319.6082-163.536-4.8254638.57930.00464727
   280     6-1.8327-12.7132-259.109-4.9022437.9045-0.382898
   280     7-9.59962-19.8979-263.595-4.63991-25.3471-0.382901
   280     84.4530313.2325-167.213-4.56721-24.67230.00464142
   281     11.3929111.4043234.3234.6961735.75311.20326
   281     2-9.52363-17.8003147.8914.7658736.42580.546049
   281     3-3.65059-11.4391151.5614.48477-20.80170.546048
   281     49.1535918.5745238.8024.41919-21.47451.20326
   281     51.2883611.1604234.219-4.4478734.89250.382903
   281     6-9.62817-18.0443147.786-4.3781735.5673-0.00464198
   281     7-3.74897-11.6687151.463-4.11994-21.6603-0.00464361
   281     89.0552218.3449238.704-4.18553-22.33510.382901
   282     14.9153213.8787107.2654.2372243.29120.240936
   282     2-7.03482-15.768920.38964.2935143.51550.0645585
   282     3-5.69329-13.912221.34914.04027-13.71210.0645582
   282     48.0835416.5182109.0073.9873-13.93640.240934
   282     54.830913.6817107.18-4.6115141.9701-0.115536
   282     6-7.11925-15.965920.3052-4.5552242.1961-0.0309577
   282     7-5.77274-14.097621.2697-4.28655-15.0315-0.030958
   282     88.0040916.3328108.928-4.33952-15.2574-0.115537
   283     17.0348215.7689-20.38964.2935143.5155-0.0645585
   283     2-4.91532-13.8787-107.2654.2372243.2912-0.240936
   283     3-8.08354-16.5182-109.0073.9873-13.9364-0.240934
   283     45.6932913.9122-21.34914.04027-13.7121-0.0645582
   283     57.1192515.9659-20.3052-4.5552242.19610.0309577
   283     6-4.8309-13.6817-107.18-4.6115141.97010.115536
   283     7-8.00409-16.3328-108.928-4.33952-15.25740.115537
   283     85.7727414.0976-21.2697-4.28655-15.03150.030958
   284     19.5236317.8003-147.8914.7658736.4258-0.546049
   284     2-1.39291-11.4043-234.3234.6961735.7531-1.20326
   284     3-9.15359-18.5745-238.8024.41919-21.4745-1.20326
   284     43.6505911.4391-151.5614.48477-20.8017-0.546048
   284     59.6281718.0443-147.786-4.3781735.56730.00464198
   284     6-1.28836-11.1604-234.219-4.4478734.8925-0.382903
   284     7-9.05522-18.3449-238.704-4.18553-22.3351-0.382901
   284     83.7489711.6687-151.463-4.11994-21.66030.00464361
   285     10.8378139.82643209.4224.2164232.74111.20326
   285     2-8.83027-16.2614132.134.2789933.41390.546049
   285     3-2.95723-9.90026135.8013.9979-17.78980.546051
   285     48.598516.9966213.9013.93944-18.46251.20326
   285     50.7439559.60743209.328-3.9934831.88050.3829
   285     6-8.92413-16.4804132.036-3.930932.5553-0.00464423
   285     7-3.04491-10.1049135.713-3.67267-18.6483-0.00464234
   285     88.5108116.792213.813-3.73113-19.32310.382901
   286     14.2311912.278995.88213.8043540.27920.240936
   286     2-6.3649-14.206718.19293.8548940.50350.0645586
   286     3-5.02336-12.3519.15243.60166-10.70010.0645591
   286     47.3994314.918497.62443.55443-10.92440.240938
   286     54.1553812.10295.8063-4.140438.9582-0.115537
   286     6-6.44071-14.383618.1171-4.0898639.1841-0.0309581
   286     7-5.0942-12.515319.0815-3.82118-12.0195-0.0309576
   286     87.3285814.753197.5536-3.86841-12.2455-0.115535
   287     16.364914.2067-18.19293.8548940.5035-0.0645586
   287     2-4.23119-12.2789-95.88213.8043540.2792-0.240936
   287     3-7.39943-14.9184-97.62443.55443-10.9244-0.240938
   287     45.02336 12.35-19.15243.60166-10.7001-0.0645591
   287     56.4407114.3836-18.1171-4.0898639.18410.0309581
   287     6-4.15538-12.102-95.8063-4.140438.95820.115537
   287     7-7.32858-14.7531-97.5536-3.86841-12.24550.115535
   287     85.094212.5153-19.0815-3.82118-12.01950.0309576
   288     18.8302716.2614-132.134.2789933.4139-0.546049
   288     2-0.837813-9.82643-209.4224.2164232.7411-1.20326
   288     3-8.5985-16.9966-213.9013.93944-18.4625-1.20326
   288     42.957239.90026-135.8013.9979-17.7898-0.546051
   288     58.9241316.4804-132.036-3.930932.55530.00464423
   288     6-0.743955-9.60743-209.328-3.9934831.8805-0.3829
   288     7-8.51081-16.792-213.813-3.73113-19.3231-0.382901
   288     83.0449110.1049-135.713-3.67267-18.64830.00464234
   289     10.2827288.2486184.523.7366629.72911.20326
   289     2-8.13688-14.7225116.373.7921130.40190.546044
   289     3-2.26379-8.36109120.04 3.511-14.77780.546039
   289     48.0435315.419   1893.45962-15.45051.20327
   289     50.1995428.05451184.437-3.5390928.86850.382902
   289     6-8.22006-14.9166116.287-3.4836429.5434-0.00464136
   289     7-2.34085-8.5409119.963-3.2254-15.6363-0.00464571
   289     87.9664615.2392188.923-3.27678-16.31110.382907
   290     13.5470310.67984.49943.3714837.26720.240929
   290     2-5.69501-12.644615.99613.4162737.49150.0645568
   290     3-4.35357-10.788116.9555 3.163-7.688160.0645551
   290     46.7151213.318486.24163.12156-7.912440.240923
   290     53.4798510.522384.4322-3.669335.9462-0.115535
   290     6-5.76219-12.801315.9289-3.6245136.1721-0.0309574
   290     7-4.41572-10.933116.8933-3.35588-9.00753-0.0309591
   290     86.6529713.173386.1795-3.39731-9.23349-0.115541
   291     15.6950112.6446-15.99613.4162737.4915-0.0645568
   291     2-3.54703-10.679-84.49943.3714837.2672-0.240929
   291     3-6.71512-13.3184-86.24163.12156-7.91244-0.240923
   291     44.3535710.7881-16.9555 3.163-7.68816-0.0645551
   291     55.7621912.8013-15.9289-3.6245136.17210.0309574
   291     6-3.47985-10.5223-84.4322-3.669335.94620.115535
   291     7-6.65297-13.1733-86.1795-3.39731-9.233490.115541
   291     84.4157210.9331-16.8933-3.35588-9.007530.0309591
   292     18.1368814.7225-116.373.7921130.4019-0.546044
   292     2-0.282728-8.2486-184.523.7366629.7291-1.20326
   292     3-8.04353-15.419  -1893.45962-15.4505-1.20327
   292     42.263798.36109-120.04 3.511-14.7778-0.546039
   292     58.2200614.9166-116.287-3.4836429.54340.00464136
   292     6-0.199542-8.05451-184.437-3.5390928.8685-0.382902
   292     7-7.96646-15.2392-188.923-3.27678-16.3111-0.382907
   292     82.340858.5409-119.963-3.2254-15.63630.00464571
   293     1-0.2723086.67084159.6193.2569326.71731.20323
   293     2-7.44351-13.1836100.6093.3052627.38990.546072
   293     3-1.57061-6.82312104.2793.02429-11.76590.546097
   293     47.4878913.8402164.0982.98019-12.43861.20319
   293     5-0.3447776.5017159.547-3.0846925.85660.382892
   293     6-7.51603-13.3528100.536-3.0363626.5313-0.0046499
   293     7-1.63677-6.97748104.213-2.7781-12.6246-0.00462519
   293     87.4217813.6858164.032-2.8222-13.29930.38285
   294     12.862889.0791973.11662.9386134.25530.240969
   294     2-5.02509-11.082413.79932.9776534.47970.0645674
   294     3-3.68318-9.2249314.75912.72452-4.676010.0645779
   294     46.0316811.719674.85932.68869-4.900420.241008
   294     52.804298.9425373.0579-3.1981932.9342-0.115541
   294     6-5.08366-11.21913.7407-3.1591533.1602-0.0309591
   294     7-3.73694-9.3503614.7054-2.8903-5.99544-0.0309487
   294     85.9778911.594174.8055-2.92614-6.22145-0.115502
   295     15.0250911.0824-13.79932.9776534.4797-0.0645674
   295     2-2.86288-9.07919-73.11662.9386134.2553-0.240969
   295     3-6.03168-11.7196-74.85932.68869-4.90042-0.241008
   295     43.683189.22493-14.75912.72452-4.67601-0.0645779
   295     55.0836611.219-13.7407-3.1591533.16020.0309591
   295     6-2.80429-8.94253-73.0579-3.1981932.93420.115541
   295     7-5.97789-11.5941-74.8055-2.92614-6.221450.115502
   295     83.736949.35036-14.7054-2.8903-5.995440.0309487
   296     17.4435113.1836-100.6093.3052627.3899-0.546072
   296     20.272308-6.67084-159.6193.2569326.7173-1.20323
   296     3-7.48789-13.8402-164.0982.98019-12.4386-1.20319
   296     41.570616.82312-104.2793.02429-11.7659-0.546097
   296     57.5160313.3528-100.536-3.0363626.53130.0046499
   296     60.344777-6.5017-159.547-3.0846925.8566-0.382892
   296     7-7.42178-13.6858-164.032-2.8222-13.2993-0.38285
   296     81.636776.97748-104.213-2.7781-12.62460.00462519
   297     1-0.8275755.09269134.7172.7770623.70481.20345
   297     2-6.75013-11.644784.84842.8182824.3780.545903
   297     3-0.876629-5.2808488.51962.53641-8.753360.545679
   297     46.9354812.2663139.1982.49883-9.426531.20359
   297     5-0.8895084.94832134.655-2.6303522.84460.382938
   297     6-6.81179-11.788884.787-2.5891423.5196-0.00467102
   297     7-0.93283-5.412288.4636-2.33114-9.61141-0.00489514
   297     8 6.87912.1347139.142-2.36872-10.28640.383081
   298     12.178697.4792161.7342.5057731.24330.240723
   298     2-4.35528-9.5204211.60252.5390631.46720.0645015
   298     3-3.01555-7.6673212.56042.28549-1.66470.0644258
   298     45.3442310.114863.47442.25595-1.888510.24044
   298     52.128967.362961.6846-2.7270729.9223-0.115577
   298     6-4.40517-9.6368911.5527-2.6937730.148-0.0309688
   298     7-3.05981-7.7706712.5162-2.42568-2.98404-0.0310445
   298     85.3001210.011663.4305-2.45523-3.20972-0.11586
   299     14.355289.52042-11.60252.5390631.4672-0.0645015
   299     2-2.17869-7.47921-61.7342.5057731.2433-0.240723
   299     3-5.34423-10.1148-63.47442.25595-1.88851-0.24044
   299     43.015557.66732-12.56042.28549-1.6647-0.0644258
   299     54.405179.63689-11.5527-2.6937730.1480.0309688
   299     6-2.12896-7.3629-61.6846-2.7270729.92230.115577
   299     7-5.30012-10.0116-63.4305-2.45523-3.209720.11586
   299     83.059817.77067-12.5162-2.42568-2.984040.0310445
   300     16.7501311.6447-84.84842.8182824.378-0.545903
   300     20.827575-5.09269-134.7172.7770623.7048-1.20345
   300     3-6.93548-12.2663-139.1982.49883-9.42653-1.20359
   300     40.8766295.28084-88.51962.53641-8.75336-0.545679
   300     56.8117911.7888-84.787-2.5891423.51960.00467102
   300     60.889508-4.94832-134.655-2.6303522.8446-0.382938
   300     7-6.879-12.1347-139.142-2.36872-10.2864-0.383081
   300     80.932835.4122-88.4636-2.33114-9.611410.00489514
   301     1-1.382273.51544109.8172.2977620.69471.20237
   301     2-6.05628-10.105469.08872.3318321.36590.546884
   301     3-0.184727-3.7539772.75562.05481-5.742030.547982
   301     46.3685610.6723114.292.02668-6.413151.20159
   301     5-1.432793.39678109.768-2.1756419.83260.382739
   301     6-6.10821-10.225569.0357-2.1415720.5067-0.00428268
   301     7-0.227747-3.8532572.7115-1.88166-6.60306-0.00318418
   301     86.3269510.5744114.249-1.90979-7.277160.381957
   302     11.495195.8802550.35212.0727528.23070.24209
   302     2-3.68503-7.95769.406142.1002428.4570.0648678
   302     3-2.33599-6.0859710.37231.847671.348920.0652454
   302     44.67468.5363352.10271.822061.122560.243499
   302     51.45295.7829850.3084-2.2560726.9093-0.115101
   302     6-3.72654-8.05419.36425-2.2285827.1366-0.0308413
   302     7-2.37469-6.1758910.3333-1.958180.0294965-0.0304637
   302     84.635138.4456352.0619-1.98379-0.1978-0.113692
   303     13.685037.9576-9.406142.1002428.457-0.0648678
   303     2-1.49519-5.88025-50.35212.0727528.2307-0.24209
   303     3-4.6746-8.53633-52.10271.822061.12256-0.243499
   303     42.335996.08597-10.37231.847671.34892-0.0652454
   303     53.726548.0541-9.36425-2.2285827.13660.0308413
   303     6-1.4529-5.78298-50.3084-2.2560726.90930.115101
   303     7-4.63513-8.44563-52.0619-1.98379-0.19780.113692
   303     82.374696.17589-10.3333-1.958180.02949650.0304637
   304     16.0562810.1054-69.08872.3318321.3659-0.546884
   304     21.38227-3.51544-109.8172.2977620.6947-1.20237
   304     3-6.36856-10.6723-114.292.02668-6.41315-1.20159
   304     40.1847273.75397-72.75562.05481-5.74203-0.547982
   304     56.1082110.2255-69.0357-2.1415720.50670.00428268
   304     61.43279-3.39678-109.768-2.1756419.8326-0.382739
   304     7-6.32695-10.5744-114.249-1.90979-7.27716-0.381957
   304     80.2277473.85325-72.7115-1.88166-6.603060.00318418
   305     1-1.932541.9449584.9291.8164217.67191.20788
   305     2-5.36649-8.5683453.31871.8434518.35170.543616
   305     30.514516-2.1634557.00451.54302-2.745330.542063
   305     45.863499.1705689.43551.51308-3.425111.21579
   305     5-1.979011.8444384.8747-1.7232416.8190.385492
   305     6-5.40586-8.6617653.2809-1.6962217.4973-0.0051939
   305     70.470766-2.2670956.9623-1.44949-3.5903-0.00674699
   305     85.812649.0598289.3768-1.47944-4.268620.393405
   306     10.8061234.2770638.95591.6391625.22320.236981
   306     2-3.01552-6.394197.206661.661325.4410.0634988
   306     3-1.69848-4.585298.144451.404694.363090.0624384
   306     43.936476.8630940.67081.390164.145310.233023
   306     50.7758794.2025338.9296-1.7856423.9055-0.116878
   306     6-3.04794-6.470897.17531-1.763524.127-0.0313173
   306     7-1.71949-4.635388.1245-1.502023.0462-0.0323777
   306     83.917636.8151740.6559-1.516562.82462-0.120835
   307     13.015526.39419-7.206661.661325.441-0.0634988
   307     2-0.806123-4.27706-38.95591.6391625.2232-0.236981
   307     3-3.93647-6.86309-40.67081.390164.14531-0.233023
   307     41.698484.58529-8.144451.404694.36309-0.0624384
   307     53.047946.47089-7.17531-1.763524.1270.0313173
   307     6-0.775879-4.20253-38.9296-1.7856423.90550.116878
   307     7-3.91763-6.81517-40.6559-1.516562.824620.120835
   307     81.719494.63538-8.1245-1.502023.04620.0323777
   308     15.366498.56834-53.31871.8434518.3517-0.543616
   308     21.93254-1.94495-84.9291.8164217.6719-1.20788
   308     3-5.86349-9.17056-89.43551.51308-3.42511-1.21579
   308     4-0.5145162.16345-57.00451.54302-2.74533-0.542063
   308     55.405868.66176-53.2809-1.6962217.49730.0051939
   308     61.97901-1.84443-84.8747-1.7232416.819-0.385492
   308     7-5.81264-9.05982-89.3768-1.47944-4.26862-0.393405
   308     8-0.4707662.26709-56.9623-1.44949-3.59030.00674699
   309     1-2.535090.28729359.90631.3416614.73241.17922
   309     2-4.64692-7.0231237.65011.3595615.36360.542064
   309     31.13822-0.93739441.21141.158770.4177610.541462
   309     45.095137.1637764.25831.17667-0.2133551.13779
   309     5-2.530890.25568959.952-1.2576313.83340.359663
   309     6-4.67333-7.0853337.6243-1.2397314.4824-0.0139058
   309     71.16552-0.87429541.2393-0.913354-0.50422-0.014508
   309     85.153057.2574864.3577-0.895455-1.153240.31824
   310     10.1562572.6892427.69971.2180622.18490.243583
   310     2-2.35175-4.864525.02851.2311422.41450.0652678
   310     3-0.983195-2.965936.008641.013597.297050.068298
   310     43.381825.383729.47570.9968997.067430.254891
   310     50.1281592.6349927.6603-1.3048220.8465-0.118807
   310     6-2.37363-4.912565.00358-1.2917421.0743-0.0318343
   310     7-1.0105-3.026625.97831-0.9787165.96512-0.0288041
   310     83.34835.316829.4309-0.9954075.73731-0.107498
   311     12.351754.86452-5.02851.2311422.4145-0.0652678
   311     2-0.156257-2.68924-27.69971.2180622.1849-0.243583
   311     3-3.38182-5.3837-29.47570.9968997.06743-0.254891
   311     40.9831952.96593-6.008641.013597.29705-0.068298
   311     52.373634.91256-5.00358-1.2917421.07430.0318343
   311     6-0.128159-2.63499-27.6603-1.3048220.84650.118807
   311     7-3.3483-5.3168-29.4309-0.9954075.737310.107498
   311     81.01053.02662-5.97831-0.9787165.965120.0288041
   312     14.646927.02312-37.65011.3595615.3636-0.542064
   312     22.53509-0.287293-59.90631.3416614.7324-1.17922
   312     3-5.09513-7.16377-64.25831.17667-0.213355-1.13779
   312     4-1.138220.937394-41.21141.158770.417761-0.541462
   312     54.673337.08533-37.6243-1.2397314.48240.0139058
   312     62.53089-0.255689-59.952-1.2576313.8334-0.359663
   312     7-5.15305-7.25748-64.3577-0.895455-1.15324-0.31824
   312     8-1.165520.874295-41.2393-0.913354-0.504220.014508
   313     1-2.98534-0.93801935.21640.8381811.24161.23424
   313     2-4.15709-5.5081421.15440.87492612.2050.592002
   313     32.538942.8668525.67570.300252.713140.508842
   313     45.431698.1745540.47530.07840771.749721.25577
   313     5-3.05661-1.0827735.1236-0.86100510.59990.444706
   313     6-4.14984-5.5743821.2448-0.82425911.47080.0483219
   313     72.268542.1527825.4885-0.9072192.08364-0.0348389
   313     85.082787.3819640.1049-1.129061.212760.466235
   314     1-0.752551.0199515.48890.717277 19.250.281498
   314     2-1.638-3.078192.71390.74719919.58390.0754273
   314     30.0349191-0.4530684.003310.23695910.9070.0497555
   314     42.753934.4308917.56420.17450110.57310.18569
   314     5-0.7255760.98708515.6117-0.88907218.0159-0.0763158
   314     6-1.66362-3.163662.71394-0.8591518.3335-0.0204488
   314     7-0.0395143-0.6524173.95454-0.8455149.58652-0.0461205
   314     82.73214.2841417.6381-0.9079729.26886-0.172124
   315     1 1.6383.07819-2.71390.74719919.5839-0.0754273
   315     20.75255-1.01995-15.48890.717277 19.25-0.281498
   315     3-2.75393-4.43089-17.56420.17450110.5731-0.18569
   315     4-0.03491910.453068-4.003310.23695910.907-0.0497555
   315     51.663623.16366-2.71394-0.8591518.33350.0204488
   315     60.725576-0.987085-15.6117-0.88907218.01590.0763158
   315     7-2.7321-4.28414-17.6381-0.9079729.268860.172124
   315     80.03951430.652417-3.95454-0.8455149.586520.0461205
   316     14.157095.50814-21.15440.87492612.205-0.592002
   316     22.985340.938019-35.21640.8381811.2416-1.23424
   316     3-5.43169-8.17455-40.47530.07840771.74972-1.25577
   316     4-2.53894-2.86685-25.67570.300252.71314-0.508842
   316     54.149845.57438-21.2448-0.82425911.4708-0.0483219
   316     63.056611.08277-35.1236-0.86100510.5999-0.444706
   316     7-5.08278-7.38196-40.1049-1.129061.21276-0.466235
   316     8-2.26854-2.15278-25.4885-0.9072192.083640.0348389
   317     1-2.51391-2.568312.72360.63430511.28552.08245
   317     2-2.83299-4.331467.165530.58354710.30440.63551
   317     3-0.973796-9.141026.280411.93226.509460.790498
   317     42.26605-6.126113.09032.912827.490582.49844
   317     5-2.74976-2.7026412.0718-0.08773368.797130.979119
   317     6-2.87309-4.270056.97043-0.1384928.28095-0.0505649
   317     70.380881-5.825127.48012.04467 4.7470.104423
   317     83.42497-3.0059513.83323.025285.263181.39511
   318     1-0.897084-0.5899835.476120.74640717.61730.0835167
   318     2-1.06971-2.093210.6379810.70980217.12620.0223782
   318     3-1.75405-5.1928-0.4971982.5118713.79130.0349423
   318     40.574087-2.765795.264732.8516614.28240.130406
   318     5-0.877343-0.4970315.448970.081107215.0377-0.337123
   318     6-1.02423-1.974520.6709020.044501714.6981-0.090332
   318     7-1.25379-4.01297-0.009502352.4624311.3976-0.0777679
   318     81.0486-1.611695.692352.8022211.7371-0.290234
   319     11.069712.09321-0.6379810.70980217.1262-0.0223782
   319     20.8970840.589983-5.476120.74640717.6173-0.0835167
   319     3-0.5740872.76579-5.264732.8516614.2824-0.130406
   319     41.754055.19280.4971982.5118713.7913-0.0349423
   319     51.024231.97452-0.6709020.044501714.69810.090332
   319     60.8773430.497031-5.448970.081107215.03770.337123
   319     7-1.04861.61169-5.692352.8022211.73710.290234
   319     81.253794.012970.009502352.4624311.39760.0777679
   320     12.832994.33146-7.165530.58354710.3044-0.63551
   320     22.513912.5683-12.72360.63430511.2855-2.08245
   320     3-2.266056.1261-13.09032.912827.49058-2.49844
   320     40.9737969.14102-6.280411.93226.50946-0.790498
   320     52.873094.27005-6.97043-0.1384928.280950.0505649
   320     62.749762.70264-12.0718-0.08773368.79713-0.979119
   320     7-3.424973.00595-13.83323.025285.26318-1.39511
   320     8-0.3808815.82512-7.48012.04467 4.747-0.104423

BCForce

 NODE    X-BCForce    Y-BCForce    Z-BCForce
     1        484.852389.588938.787
     2        565.555-269.895920.329
     3        4.66656e-10-285.0269.43871e-10
     4        -565.555-269.895-920.329
     5        -484.852389.588-938.787
     6             0     0     0
     7             0     0     0
     8             0     0     0
     9             0     0     0
    10             0     0     0
    11             0     0     0
    12             0     0     0
    13             0     0     0
    14             0     0     0
    15             0     0     0
    16             0     0     0
    17             0     0     0
    18             0     0     0
    19             0     0     0
    20             0     0     0
    21             0     0     0
    22             0     0     0
    23             0     0     0
    24             0     0     0
    25             0     0     0
    26             0     0     0
    27             0     0     0
    28             0     0     0
    29             0     0     0
    30             0     0     0
    31             0     0     0
    32             0     0     0
    33             0     0     0
    34             0     0     0
    35             0     0     0
    36             0     0     0
    37             0     0     0
    38             0     0     0
    39             0     0     0
    40             0     0     0
    41             0     0     0
    42             0     0     0
    43             0     0     0
    44             0     0     0
    45             0     0     0
    46             0     0     0
    47             0     0     0
    48             0     0     0
    49             0     0     0
    50             0     0     0
    51             0     0     0
    52             0     0     0
    53             0     0     0
    54             0     0     0
    55             0     0     0
    56             0     0     0
    57             0     0     0
    58             0     0     0
    59             0     0     0
    60             0     0     0
    61             0     0     0
    62             0     0     0
    63             0     0     0
    64             0     0     0
    65             0     0     0
    66             0     0     0
    67             0     0     0
    68             0     0     0
    69             0     0     0
    70             0     0     0
    71             0     0     0
    72             0     0     0
    73             0     0     0
    74             0     0     0
    75             0     0     0
    76             0     0     0
    77             0     0     0
    78             0     0     0
    79             0     0     0
    80             0     0     0
    81             0     0     0
    82             0     0     0
    83             0     0     0
    84             0     0     0
    85             0     0     0
    86             0     0     0
    87             0     0     0
    88             0     0     0
    89             0     0     0
    90             0     0     0
    91             0     0     0
    92             0     0     0
    93             0     0     0
    94             0     0     0
    95             0     0     0
    96             0     0     0
    97             0     0     0
    98             0     0     0
    99             0     0     0
   100             0     0     0
   101             0     0     0
   102             0     0     0
   103             0     0     0
   104             0     0     0
   105             0     0     0
   106        73.3113798.471651.23
   107        78.0544-428.7511486.78
   108        -2.44768e-10-442.699.43507e-10
   109        -78.0544-428.751-1486.78
   110        -73.3113798.47-1651.23
   111             0     0     0
   112             0     0     0
   113             0     0     0
   114             0     0     0
   115             0     0     0
   116             0     0     0
   117             0     0     0
   118             0     0     0
   119             0     0     0
   120             0     0     0
   121             0     0     0
   122             0     0     0
   123             0     0     0
   124             0     0     0
   125             0     0     0
   126             0     0     0
   127             0     0     0
   128             0     0     0
   129             0     0     0
   130             0     0     0
   131             0     0     0
   132             0     0     0
   133             0     0     0
   134             0     0     0
   135             0     0     0
   136             0     0     0
   137             0     0     0
   138             0     0     0
   139             0     0     0
   140             0     0     0
   141             0     0     0
   142             0     0     0
   143             0     0     0
   144             0     0     0
   145             0     0     0
   146             0     0     0
   147             0     0     0
   148             0     0     0
   149             0     0     0
   150             0     0     0
   151             0     0     0
   152             0     0     0
   153             0     0     0
   154             0     0     0
   155             0     0     0
   156             0     0     0
   157             0     0     0
   158             0     0     0
   159             0     0     0
   160             0     0     0
   161             0     0     0
   162             0     0     0
   163             0     0     0
   164             0     0     0
   165             0     0     0
   166             0     0     0
   167             0     0     0
   168             0     0     0
   169             0     0     0
   170             0     0     0
   171             0     0     0
   172             0     0     0
   173             0     0     0
   174             0     0     0
   175             0     0     0
   176             0     0     0
   177             0     0     0
   178             0     0     0
   179             0     0     0
   180             0     0     0
   181             0     0     0
   182             0     0     0
   183             0     0     0
   184             0     0     0
   185             0     0     0
   186             0     0     0
   187             0     0     0
   188             0     0     0
   189             0     0     0
   190             0     0     0
   191             0     0     0
   192             0     0     0
   193             0     0     0
   194             0     0     0
   195             0     0     0
   196             0     0     0
   197             0     0     0
   198             0     0     0
   199             0     0     0
   200             0     0     0
   201             0     0     0
   202             0     0     0
   203             0     0     0
   204             0     0     0
   205             0     0     0
   206             0     0     0
   207             0     0     0
   208             0     0     0
   209             0     0     0
   210             0     0     0
   211        7.3652e-10814.2891678.11
   212        6.68535e-10-375.811469.51
   213        -2.75335e-10-379.1761.59602e-10
   214        -1.2912e-09-375.81-1469.51
   215        -1.12061e-09814.289-1678.11
   216             0     0     0
   217             0     0     0
   218             0     0     0
   219             0     0     0
   220             0     0     0
   221             0     0     0
   222             0     0     0
   223             0     0     0
   224             0     0     0
   225             0     0     0
   226             0     0     0
   227             0     0     0
   228             0     0     0
   229             0     0     0
   230             0     0     0
   231             0     0     0
   232             0     0     0
   233             0     0     0
   234             0     0     0
   235             0     0     0
   236             0     0     0
   237             0     0     0
   238             0     0     0
   239             0     0     0
   240             0     0     0
   241             0     0     0
   242             0     0     0
   243             0     0     0
   244             0     0     0
   245             0     0     0
   246             0     0     0
   247             0     0     0
   248             0     0     0
   249             0     0     0
   250             0     0     0
   251             0     0     0
   252             0     0     0
   253             0     0     0
   254             0     0     0
   255             0     0     0
   256             0     0     0
   257             0     0     0
   258             0     0     0
   259             0     0     0
   260             0     0     0
   261             0     0     0
   262             0     0     0
   263             0     0     0
   264             0     0     0
   265             0     0     0
   266             0     0     0
   267             0     0     0
   268             0     0     0
   269             0     0     0
   270             0     0     0
   271             0     0     0
   272             0     0     0
   273             0     0     0
   274             0     0     0
   275             0     0     0
   276             0     0     0
   277             0     0     0
   278             0     0     0
   279             0     0     0
   280             0     0     0
   281             0     0     0
   282             0     0     0
   283             0     0     0
   284             0     0     0
   285             0     0     0
   286             0     0     0
   287             0     0     0
   288             0     0     0
   289             0     0     0
   290             0     0     0
   291             0     0     0
   292             0     0     0
   293             0     0     0
   294             0     0     0
   295             0     0     0
   296             0     0     0
   297             0     0     0
   298             0     0     0
   299             0     0     0
   300             0     0     0
   301             0     0     0
   302             0     0     0
   303             0     0     0
   304             0     0     0
   305             0     0     0
   306             0     0     0
   307             0     0     0
   308             0     0     0
   309             0     0     0
   310             0     0     0
   311             0     0     0
   312             0     0     0
   313             0     0     0
   314             0     0     0
   315             0     0     0
   316        -73.3113798.471651.23
   317        -78.0544-428.7511486.78
   318        -2.62645e-10-442.69-6.16408e-10
   319        78.0544-428.751-1486.78
   320        73.3113798.47-1651.23
   321             0     0     0
   322             0     0     0
   323             0     0     0
   324             0     0     0
   325             0     0     0
   326             0     0     0
   327             0     0     0
   328             0     0     0
   329             0     0     0
   330             0     0     0
   331             0     0     0
   332             0     0     0
   333             0     0     0
   334             0     0     0
   335             0     0     0
   336             0     0     0
   337             0     0     0
   338             0     0     0
   339             0     0     0
   340             0     0     0
   341             0     0     0
   342             0     0     0
   343             0     0     0
   344             0     0     0
   345             0     0     0
   346             0     0     0
   347             0     0     0
   348             0     0     0
   349             0     0     0
   350             0     0     0
   351             0     0     0
   352             0     0     0
   353             0     0     0
   354             0     0     0
   355             0     0     0
   356             0     0     0
   357             0     0     0
   358             0     0     0
   359             0     0     0
   360             0     0     0
   361             0     0     0
   362             0     0     0
   363             0     0     0
   364             0     0     0
   365             0     0     0
   366             0     0     0
   367             0     0     0
   368             0     0     0
   369             0     0     0
   370             0     0     0
   371             0     0     0
   372             0     0     0
   373             0     0     0
   374             0     0     0
   375             0     0     0
   376             0     0     0
   377             0     0     0
   378             0     0     0
   379             0     0     0
   380             0     0     0
   381             0     0     0
   382             0     0     0
   383             0     0     0
   384             0     0     0
   385             0     0     0
   386             0     0     0
   387             0     0     0
   388             0     0     0
   389             0     0     0
   390             0     0     0
   391             0     0     0
   392             0     0     0
   393             0     0     0
   394             0     0     0
   395             0     0     0
   396             0     0     0
   397             0     0     0
   398             0     0     0
   399             0     0     0
   400             0     0     0
   401             0     0     0
   402             0     0     0
   403             0     0     0
   404             0     0     0
   405             0     0     0
   406             0     0     0
   407             0     0     0
   408             0     0     0
   409             0     0     0
   410             0     0     0
   411             0     0     0
   412             0     0     0
   413             0     0     0
   414             0     0     0
   415             0     0     0
   416             0     0     0
   417             0     0     0
   418             0     0     0
   419             0     0     0
   420             0     0     0
   421        -484.852389.588938.787
   422        -565.555-269.895920.329
   423        3.41245e-10-285.026-7.38027e-10
   424        565.555-269.895-920.329
   425        484.852389.588-938.787
   426             0     0     0
   427             0     0     0
   428             0     0     0
   429             0     0     0
   430             0     0     0
   431             0     0     0
   432             0     0     0
   433             0     0     0
   434             0     0     0
   435             0     0     0
   436             0     0     0
   437             0     0     0
   438             0     0     0
   439             0     0     0
   440             0     0     0
   441             0     0     0
   442             0     0     0
   443             0     0     0
   444             0     0     0
   445             0     0     0
   446             0     0     0
   447             0     0     0
   448             0     0     0
   449             0     0     0
   450             0     0     0
   451             0     0     0
   452             0     0     0
   453             0     0     0
   454             0     0     0
   455             0     0     0
   456             0     0     0
   457             0     0     0
   458             0     0     0
   459             0     0     0
   460             0     0     0
   461             0     0     0
   462             0     0     0
   463             0     0     0
   464             0     0     0
   465             0     0     0
   466             0     0     0
   467             0     0     0
   468             0     0     0
   469             0     0     0
   470             0     0     0
   471             0     0     0
   472             0     0     0
   473             0     0     0
   474             0     0     0
   475             0     0     0
   476             0     0     0
   477             0     0     0
   478             0     0     0
   479             0     0     0
   480             0     0     0
   481             0     0     0
   482             0     0     0
   483             0     0     0
   484             0     0     0
   485             0     0     0
   486             0     0     0
   487             0     0     0
   488             0     0     0
   489             0     0     0
   490             0     0     0
   491             0     0     0
   492             0     0     0
   493             0     0     0
   494             0     0     0
   495             0     0     0
   496             0     0     0
   497             0     0     0
   498             0     0     0
   499             0     0     0
   500             0     0     0
   501             0     0     0
   502             0     0     0
   503             0     0     0
   504             0     0     0
   505             0     0     0
   506             0     0     0
   507             0     0     0
   508             0     0     0
   509             0     0     0
   510             0     0     0
   511             0     0     0
   512             0     0     0
   513             0     0     0
   514             0     0     0
   515             0     0     0
   516             0     0     0
   517             0     0     0
   518             0     0     0
   519             0     0     0
   520             0     0     0
   521             0     0     0
   522             0     0     0
   523             0     0     0
   524             0     0     0
   525             0     0     0

