<?xml version="1.0"?>
<VTKFile type="UnstructuredGrid" version="0.1" byte_order="LittleEndian">
  <UnstructuredGrid>
    <Piece NumberOfPoints="2560" NumberOfCells="2560">
      <Points>
        <DataArray type="Float64" NumberOfComponents="3" format="ascii">
          3.02831 4.47169 98.9434
          3.02831 3.02831 98.9434
          3.02831 3.02831 96.0566
          3.02831 4.47169 96.0566
          4.47169 4.47169 98.9434
          4.47169 3.02831 98.9434
          4.47169 3.02831 96.0566
          4.47169 4.47169 96.0566
          3.02831 1.97169 98.9434
          3.02831 0.528312 98.9434
          3.02831 0.528312 96.0566
          3.02831 1.97169 96.0566
          4.47169 1.97169 98.9434
          4.47169 0.528312 98.9434
          4.47169 0.528312 96.0566
          4.47169 1.97169 96.0566
          3.02831 -0.528312 98.9434
          3.02831 -1.97169 98.9434
          3.02831 -1.97169 96.0566
          3.02831 -0.528312 96.0566
          4.47169 -0.528312 98.9434
          4.47169 -1.97169 98.9434
          4.47169 -1.97169 96.0566
          4.47169 -0.528312 96.0566
          3.02831 -3.02831 98.9434
          3.02831 -4.47169 98.9434
          3.02831 -4.47169 96.0566
          3.02831 -3.02831 96.0566
          4.47169 -3.02831 98.9434
          4.47169 -4.47169 98.9434
          4.47169 -4.47169 96.0566
          4.47169 -3.02831 96.0566
          3.02831 4.47169 93.9434
          3.02831 3.02831 93.9434
          3.02831 3.02831 91.0566
          3.02831 4.47169 91.0566
          4.47169 4.47169 93.9434
          4.47169 3.02831 93.9434
          4.47169 3.02831 91.0566
          4.47169 4.47169 91.0566
          3.02831 1.97169 93.9434
          3.02831 0.528312 93.9434
          3.02831 0.528312 91.0566
          3.02831 1.97169 91.0566
          4.47169 1.97169 93.9434
          4.47169 0.528312 93.9434
          4.47169 0.528312 91.0566
          4.47169 1.97169 91.0566
          3.02831 -0.528312 93.9434
          3.02831 -1.97169 93.9434
          3.02831 -1.97169 91.0566
          3.02831 -0.528312 91.0566
          4.47169 -0.528312 93.9434
          4.47169 -1.97169 93.9434
          4.47169 -1.97169 91.0566
          4.47169 -0.528312 91.0566
          3.02831 -3.02831 93.9434
          3.02831 -4.47169 93.9434
          3.02831 -4.47169 91.0566
          3.02831 -3.02831 91.0566
          4.47169 -3.02831 93.9434
          4.47169 -4.47169 93.9434
          4.47169 -4.47169 91.0566
          4.47169 -3.02831 91.0566
          3.02831 4.47169 88.9434
          3.02831 3.02831 88.9434
          3.02831 3.02831 86.0566
          3.02831 4.47169 86.0566
          4.47169 4.47169 88.9434
          4.47169 3.02831 88.9434
          4.47169 3.02831 86.0566
          4.47169 4.47169 86.0566
          3.02831 1.97169 88.9434
          3.02831 0.528312 88.9434
          3.02831 0.528312 86.0566
          3.02831 1.97169 86.0566
          4.47169 1.97169 88.9434
          4.47169 0.528312 88.9434
          4.47169 0.528312 86.0566
          4.47169 1.97169 86.0566
          3.02831 -0.528312 88.9434
          3.02831 -1.97169 88.9434
          3.02831 -1.97169 86.0566
          3.02831 -0.528312 86.0566
          4.47169 -0.528312 88.9434
          4.47169 -1.97169 88.9434
          4.47169 -1.97169 86.0566
          4.47169 -0.528312 86.0566
          3.02831 -3.02831 88.9434
          3.02831 -4.47169 88.9434
          3.02831 -4.47169 86.0566
          3.02831 -3.02831 86.0566
          4.47169 -3.02831 88.9434
          4.47169 -4.47169 88.9434
          4.47169 -4.47169 86.0566
          4.47169 -3.02831 86.0566
          3.02831 4.47169 83.9434
          3.02831 3.02831 83.9434
          3.02831 3.02831 81.0566
          3.02831 4.47169 81.0566
          4.47169 4.47169 83.9434
          4.47169 3.02831 83.9434
          4.47169 3.02831 81.0566
          4.47169 4.47169 81.0566
          3.02831 1.97169 83.9434
          3.02831 0.528312 83.9434
          3.02831 0.528312 81.0566
          3.02831 1.97169 81.0566
          4.47169 1.97169 83.9434
          4.47169 0.528312 83.9434
          4.47169 0.528312 81.0566
          4.47169 1.97169 81.0566
          3.02831 -0.528312 83.9434
          3.02831 -1.97169 83.9434
          3.02831 -1.97169 81.0566
          3.02831 -0.528312 81.0566
          4.47169 -0.528312 83.9434
          4.47169 -1.97169 83.9434
          4.47169 -1.97169 81.0566
          4.47169 -0.528312 81.0566
          3.02831 -3.02831 83.9434
          3.02831 -4.47169 83.9434
          3.02831 -4.47169 81.0566
          3.02831 -3.02831 81.0566
          4.47169 -3.02831 83.9434
          4.47169 -4.47169 83.9434
          4.47169 -4.47169 81.0566
          4.47169 -3.02831 81.0566
          3.02831 4.47169 78.9434
          3.02831 3.02831 78.9434
          3.02831 3.02831 76.0566
          3.02831 4.47169 76.0566
          4.47169 4.47169 78.9434
          4.47169 3.02831 78.9434
          4.47169 3.02831 76.0566
          4.47169 4.47169 76.0566
          3.02831 1.97169 78.9434
          3.02831 0.528312 78.9434
          3.02831 0.528312 76.0566
          3.02831 1.97169 76.0566
          4.47169 1.97169 78.9434
          4.47169 0.528312 78.9434
          4.47169 0.528312 76.0566
          4.47169 1.97169 76.0566
          3.02831 -0.528312 78.9434
          3.02831 -1.97169 78.9434
          3.02831 -1.97169 76.0566
          3.02831 -0.528312 76.0566
          4.47169 -0.528312 78.9434
          4.47169 -1.97169 78.9434
          4.47169 -1.97169 76.0566
          4.47169 -0.528312 76.0566
          3.02831 -3.02831 78.9434
          3.02831 -4.47169 78.9434
          3.02831 -4.47169 76.0566
          3.02831 -3.02831 76.0566
          4.47169 -3.02831 78.9434
          4.47169 -4.47169 78.9434
          4.47169 -4.47169 76.0566
          4.47169 -3.02831 76.0566
          3.02831 4.47169 73.9434
          3.02831 3.02831 73.9434
          3.02831 3.02831 71.0566
          3.02831 4.47169 71.0566
          4.47169 4.47169 73.9434
          4.47169 3.02831 73.9434
          4.47169 3.02831 71.0566
          4.47169 4.47169 71.0566
          3.02831 1.97169 73.9434
          3.02831 0.528312 73.9434
          3.02831 0.528312 71.0566
          3.02831 1.97169 71.0566
          4.47169 1.97169 73.9434
          4.47169 0.528312 73.9434
          4.47169 0.528312 71.0566
          4.47169 1.97169 71.0566
          3.02831 -0.528312 73.9434
          3.02831 -1.97169 73.9434
          3.02831 -1.97169 71.0566
          3.02831 -0.528312 71.0566
          4.47169 -0.528312 73.9434
          4.47169 -1.97169 73.9434
          4.47169 -1.97169 71.0566
          4.47169 -0.528312 71.0566
          3.02831 -3.02831 73.9434
          3.02831 -4.47169 73.9434
          3.02831 -4.47169 71.0566
          3.02831 -3.02831 71.0566
          4.47169 -3.02831 73.9434
          4.47169 -4.47169 73.9434
          4.47169 -4.47169 71.0566
          4.47169 -3.02831 71.0566
          3.02831 4.47169 68.9434
          3.02831 3.02831 68.9434
          3.02831 3.02831 66.0566
          3.02831 4.47169 66.0566
          4.47169 4.47169 68.9434
          4.47169 3.02831 68.9434
          4.47169 3.02831 66.0566
          4.47169 4.47169 66.0566
          3.02831 1.97169 68.9434
          3.02831 0.528312 68.9434
          3.02831 0.528312 66.0566
          3.02831 1.97169 66.0566
          4.47169 1.97169 68.9434
          4.47169 0.528312 68.9434
          4.47169 0.528312 66.0566
          4.47169 1.97169 66.0566
          3.02831 -0.528312 68.9434
          3.02831 -1.97169 68.9434
          3.02831 -1.97169 66.0566
          3.02831 -0.528312 66.0566
          4.47169 -0.528312 68.9434
          4.47169 -1.97169 68.9434
          4.47169 -1.97169 66.0566
          4.47169 -0.528312 66.0566
          3.02831 -3.02831 68.9434
          3.02831 -4.47169 68.9434
          3.02831 -4.47169 66.0566
          3.02831 -3.02831 66.0566
          4.47169 -3.02831 68.9434
          4.47169 -4.47169 68.9434
          4.47169 -4.47169 66.0566
          4.47169 -3.02831 66.0566
          3.02831 4.47169 63.9434
          3.02831 3.02831 63.9434
          3.02831 3.02831 61.0566
          3.02831 4.47169 61.0566
          4.47169 4.47169 63.9434
          4.47169 3.02831 63.9434
          4.47169 3.02831 61.0566
          4.47169 4.47169 61.0566
          3.02831 1.97169 63.9434
          3.02831 0.528312 63.9434
          3.02831 0.528312 61.0566
          3.02831 1.97169 61.0566
          4.47169 1.97169 63.9434
          4.47169 0.528312 63.9434
          4.47169 0.528312 61.0566
          4.47169 1.97169 61.0566
          3.02831 -0.528312 63.9434
          3.02831 -1.97169 63.9434
          3.02831 -1.97169 61.0566
          3.02831 -0.528312 61.0566
          4.47169 -0.528312 63.9434
          4.47169 -1.97169 63.9434
          4.47169 -1.97169 61.0566
          4.47169 -0.528312 61.0566
          3.02831 -3.02831 63.9434
          3.02831 -4.47169 63.9434
          3.02831 -4.47169 61.0566
          3.02831 -3.02831 61.0566
          4.47169 -3.02831 63.9434
          4.47169 -4.47169 63.9434
          4.47169 -4.47169 61.0566
          4.47169 -3.02831 61.0566
          3.02831 4.47169 58.9434
          3.02831 3.02831 58.9434
          3.02831 3.02831 56.0566
          3.02831 4.47169 56.0566
          4.47169 4.47169 58.9434
          4.47169 3.02831 58.9434
          4.47169 3.02831 56.0566
          4.47169 4.47169 56.0566
          3.02831 1.97169 58.9434
          3.02831 0.528312 58.9434
          3.02831 0.528312 56.0566
          3.02831 1.97169 56.0566
          4.47169 1.97169 58.9434
          4.47169 0.528312 58.9434
          4.47169 0.528312 56.0566
          4.47169 1.97169 56.0566
          3.02831 -0.528312 58.9434
          3.02831 -1.97169 58.9434
          3.02831 -1.97169 56.0566
          3.02831 -0.528312 56.0566
          4.47169 -0.528312 58.9434
          4.47169 -1.97169 58.9434
          4.47169 -1.97169 56.0566
          4.47169 -0.528312 56.0566
          3.02831 -3.02831 58.9434
          3.02831 -4.47169 58.9434
          3.02831 -4.47169 56.0566
          3.02831 -3.02831 56.0566
          4.47169 -3.02831 58.9434
          4.47169 -4.47169 58.9434
          4.47169 -4.47169 56.0566
          4.47169 -3.02831 56.0566
          3.02831 4.47169 53.9434
          3.02831 3.02831 53.9434
          3.02831 3.02831 51.0566
          3.02831 4.47169 51.0566
          4.47169 4.47169 53.9434
          4.47169 3.02831 53.9434
          4.47169 3.02831 51.0566
          4.47169 4.47169 51.0566
          3.02831 1.97169 53.9434
          3.02831 0.528312 53.9434
          3.02831 0.528312 51.0566
          3.02831 1.97169 51.0566
          4.47169 1.97169 53.9434
          4.47169 0.528312 53.9434
          4.47169 0.528312 51.0566
          4.47169 1.97169 51.0566
          3.02831 -0.528312 53.9434
          3.02831 -1.97169 53.9434
          3.02831 -1.97169 51.0566
          3.02831 -0.528312 51.0566
          4.47169 -0.528312 53.9434
          4.47169 -1.97169 53.9434
          4.47169 -1.97169 51.0566
          4.47169 -0.528312 51.0566
          3.02831 -3.02831 53.9434
          3.02831 -4.47169 53.9434
          3.02831 -4.47169 51.0566
          3.02831 -3.02831 51.0566
          4.47169 -3.02831 53.9434
          4.47169 -4.47169 53.9434
          4.47169 -4.47169 51.0566
          4.47169 -3.02831 51.0566
          3.02831 4.47169 48.9434
          3.02831 3.02831 48.9434
          3.02831 3.02831 46.0566
          3.02831 4.47169 46.0566
          4.47169 4.47169 48.9434
          4.47169 3.02831 48.9434
          4.47169 3.02831 46.0566
          4.47169 4.47169 46.0566
          3.02831 1.97169 48.9434
          3.02831 0.528312 48.9434
          3.02831 0.528312 46.0566
          3.02831 1.97169 46.0566
          4.47169 1.97169 48.9434
          4.47169 0.528312 48.9434
          4.47169 0.528312 46.0566
          4.47169 1.97169 46.0566
          3.02831 -0.528312 48.9434
          3.02831 -1.97169 48.9434
          3.02831 -1.97169 46.0566
          3.02831 -0.528312 46.0566
          4.47169 -0.528312 48.9434
          4.47169 -1.97169 48.9434
          4.47169 -1.97169 46.0566
          4.47169 -0.528312 46.0566
          3.02831 -3.02831 48.9434
          3.02831 -4.47169 48.9434
          3.02831 -4.47169 46.0566
          3.02831 -3.02831 46.0566
          4.47169 -3.02831 48.9434
          4.47169 -4.47169 48.9434
          4.47169 -4.47169 46.0566
          4.47169 -3.02831 46.0566
          3.02831 4.47169 43.9434
          3.02831 3.02831 43.9434
          3.02831 3.02831 41.0566
          3.02831 4.47169 41.0566
          4.47169 4.47169 43.9434
          4.47169 3.02831 43.9434
          4.47169 3.02831 41.0566
          4.47169 4.47169 41.0566
          3.02831 1.97169 43.9434
          3.02831 0.528312 43.9434
          3.02831 0.528312 41.0566
          3.02831 1.97169 41.0566
          4.47169 1.97169 43.9434
          4.47169 0.528312 43.9434
          4.47169 0.528312 41.0566
          4.47169 1.97169 41.0566
          3.02831 -0.528312 43.9434
          3.02831 -1.97169 43.9434
          3.02831 -1.97169 41.0566
          3.02831 -0.528312 41.0566
          4.47169 -0.528312 43.9434
          4.47169 -1.97169 43.9434
          4.47169 -1.97169 41.0566
          4.47169 -0.528312 41.0566
          3.02831 -3.02831 43.9434
          3.02831 -4.47169 43.9434
          3.02831 -4.47169 41.0566
          3.02831 -3.02831 41.0566
          4.47169 -3.02831 43.9434
          4.47169 -4.47169 43.9434
          4.47169 -4.47169 41.0566
          4.47169 -3.02831 41.0566
          3.02831 4.47169 38.9434
          3.02831 3.02831 38.9434
          3.02831 3.02831 36.0566
          3.02831 4.47169 36.0566
          4.47169 4.47169 38.9434
          4.47169 3.02831 38.9434
          4.47169 3.02831 36.0566
          4.47169 4.47169 36.0566
          3.02831 1.97169 38.9434
          3.02831 0.528312 38.9434
          3.02831 0.528312 36.0566
          3.02831 1.97169 36.0566
          4.47169 1.97169 38.9434
          4.47169 0.528312 38.9434
          4.47169 0.528312 36.0566
          4.47169 1.97169 36.0566
          3.02831 -0.528312 38.9434
          3.02831 -1.97169 38.9434
          3.02831 -1.97169 36.0566
          3.02831 -0.528312 36.0566
          4.47169 -0.528312 38.9434
          4.47169 -1.97169 38.9434
          4.47169 -1.97169 36.0566
          4.47169 -0.528312 36.0566
          3.02831 -3.02831 38.9434
          3.02831 -4.47169 38.9434
          3.02831 -4.47169 36.0566
          3.02831 -3.02831 36.0566
          4.47169 -3.02831 38.9434
          4.47169 -4.47169 38.9434
          4.47169 -4.47169 36.0566
          4.47169 -3.02831 36.0566
          3.02831 4.47169 33.9434
          3.02831 3.02831 33.9434
          3.02831 3.02831 31.0566
          3.02831 4.47169 31.0566
          4.47169 4.47169 33.9434
          4.47169 3.02831 33.9434
          4.47169 3.02831 31.0566
          4.47169 4.47169 31.0566
          3.02831 1.97169 33.9434
          3.02831 0.528312 33.9434
          3.02831 0.528312 31.0566
          3.02831 1.97169 31.0566
          4.47169 1.97169 33.9434
          4.47169 0.528312 33.9434
          4.47169 0.528312 31.0566
          4.47169 1.97169 31.0566
          3.02831 -0.528312 33.9434
          3.02831 -1.97169 33.9434
          3.02831 -1.97169 31.0566
          3.02831 -0.528312 31.0566
          4.47169 -0.528312 33.9434
          4.47169 -1.97169 33.9434
          4.47169 -1.97169 31.0566
          4.47169 -0.528312 31.0566
          3.02831 -3.02831 33.9434
          3.02831 -4.47169 33.9434
          3.02831 -4.47169 31.0566
          3.02831 -3.02831 31.0566
          4.47169 -3.02831 33.9434
          4.47169 -4.47169 33.9434
          4.47169 -4.47169 31.0566
          4.47169 -3.02831 31.0566
          3.02831 4.47169 28.9434
          3.02831 3.02831 28.9434
          3.02831 3.02831 26.0566
          3.02831 4.47169 26.0566
          4.47169 4.47169 28.9434
          4.47169 3.02831 28.9434
          4.47169 3.02831 26.0566
          4.47169 4.47169 26.0566
          3.02831 1.97169 28.9434
          3.02831 0.528312 28.9434
          3.02831 0.528312 26.0566
          3.02831 1.97169 26.0566
          4.47169 1.97169 28.9434
          4.47169 0.528312 28.9434
          4.47169 0.528312 26.0566
          4.47169 1.97169 26.0566
          3.02831 -0.528312 28.9434
          3.02831 -1.97169 28.9434
          3.02831 -1.97169 26.0566
          3.02831 -0.528312 26.0566
          4.47169 -0.528312 28.9434
          4.47169 -1.97169 28.9434
          4.47169 -1.97169 26.0566
          4.47169 -0.528312 26.0566
          3.02831 -3.02831 28.9434
          3.02831 -4.47169 28.9434
          3.02831 -4.47169 26.0566
          3.02831 -3.02831 26.0566
          4.47169 -3.02831 28.9434
          4.47169 -4.47169 28.9434
          4.47169 -4.47169 26.0566
          4.47169 -3.02831 26.0566
          3.02831 4.47169 23.9434
          3.02831 3.02831 23.9434
          3.02831 3.02831 21.0566
          3.02831 4.47169 21.0566
          4.47169 4.47169 23.9434
          4.47169 3.02831 23.9434
          4.47169 3.02831 21.0566
          4.47169 4.47169 21.0566
          3.02831 1.97169 23.9434
          3.02831 0.528312 23.9434
          3.02831 0.528312 21.0566
          3.02831 1.97169 21.0566
          4.47169 1.97169 23.9434
          4.47169 0.528312 23.9434
          4.47169 0.528312 21.0566
          4.47169 1.97169 21.0566
          3.02831 -0.528312 23.9434
          3.02831 -1.97169 23.9434
          3.02831 -1.97169 21.0566
          3.02831 -0.528312 21.0566
          4.47169 -0.528312 23.9434
          4.47169 -1.97169 23.9434
          4.47169 -1.97169 21.0566
          4.47169 -0.528312 21.0566
          3.02831 -3.02831 23.9434
          3.02831 -4.47169 23.9434
          3.02831 -4.47169 21.0566
          3.02831 -3.02831 21.0566
          4.47169 -3.02831 23.9434
          4.47169 -4.47169 23.9434
          4.47169 -4.47169 21.0566
          4.47169 -3.02831 21.0566
          3.02831 4.47169 18.9434
          3.02831 3.02831 18.9434
          3.02831 3.02831 16.0566
          3.02831 4.47169 16.0566
          4.47169 4.47169 18.9434
          4.47169 3.02831 18.9434
          4.47169 3.02831 16.0566
          4.47169 4.47169 16.0566
          3.02831 1.97169 18.9434
          3.02831 0.528312 18.9434
          3.02831 0.528312 16.0566
          3.02831 1.97169 16.0566
          4.47169 1.97169 18.9434
          4.47169 0.528312 18.9434
          4.47169 0.528312 16.0566
          4.47169 1.97169 16.0566
          3.02831 -0.528312 18.9434
          3.02831 -1.97169 18.9434
          3.02831 -1.97169 16.0566
          3.02831 -0.528312 16.0566
          4.47169 -0.528312 18.9434
          4.47169 -1.97169 18.9434
          4.47169 -1.97169 16.0566
          4.47169 -0.528312 16.0566
          3.02831 -3.02831 18.9434
          3.02831 -4.47169 18.9434
          3.02831 -4.47169 16.0566
          3.02831 -3.02831 16.0566
          4.47169 -3.02831 18.9434
          4.47169 -4.47169 18.9434
          4.47169 -4.47169 16.0566
          4.47169 -3.02831 16.0566
          3.02831 4.47169 13.9434
          3.02831 3.02831 13.9434
          3.02831 3.02831 11.0566
          3.02831 4.47169 11.0566
          4.47169 4.47169 13.9434
          4.47169 3.02831 13.9434
          4.47169 3.02831 11.0566
          4.47169 4.47169 11.0566
          3.02831 1.97169 13.9434
          3.02831 0.528312 13.9434
          3.02831 0.528312 11.0566
          3.02831 1.97169 11.0566
          4.47169 1.97169 13.9434
          4.47169 0.528312 13.9434
          4.47169 0.528312 11.0566
          4.47169 1.97169 11.0566
          3.02831 -0.528312 13.9434
          3.02831 -1.97169 13.9434
          3.02831 -1.97169 11.0566
          3.02831 -0.528312 11.0566
          4.47169 -0.528312 13.9434
          4.47169 -1.97169 13.9434
          4.47169 -1.97169 11.0566
          4.47169 -0.528312 11.0566
          3.02831 -3.02831 13.9434
          3.02831 -4.47169 13.9434
          3.02831 -4.47169 11.0566
          3.02831 -3.02831 11.0566
          4.47169 -3.02831 13.9434
          4.47169 -4.47169 13.9434
          4.47169 -4.47169 11.0566
          4.47169 -3.02831 11.0566
          3.02831 4.47169 8.94338
          3.02831 3.02831 8.94338
          3.02831 3.02831 6.05662
          3.02831 4.47169 6.05662
          4.47169 4.47169 8.94338
          4.47169 3.02831 8.94338
          4.47169 3.02831 6.05662
          4.47169 4.47169 6.05662
          3.02831 1.97169 8.94338
          3.02831 0.528312 8.94338
          3.02831 0.528312 6.05662
          3.02831 1.97169 6.05662
          4.47169 1.97169 8.94338
          4.47169 0.528312 8.94338
          4.47169 0.528312 6.05662
          4.47169 1.97169 6.05662
          3.02831 -0.528312 8.94338
          3.02831 -1.97169 8.94338
          3.02831 -1.97169 6.05662
          3.02831 -0.528312 6.05662
          4.47169 -0.528312 8.94338
          4.47169 -1.97169 8.94338
          4.47169 -1.97169 6.05662
          4.47169 -0.528312 6.05662
          3.02831 -3.02831 8.94338
          3.02831 -4.47169 8.94338
          3.02831 -4.47169 6.05662
          3.02831 -3.02831 6.05662
          4.47169 -3.02831 8.94338
          4.47169 -4.47169 8.94338
          4.47169 -4.47169 6.05662
          4.47169 -3.02831 6.05662
          3.02831 4.47169 3.94338
          3.02831 3.02831 3.94338
          3.02831 3.02831 1.05662
          3.02831 4.47169 1.05662
          4.47169 4.47169 3.94338
          4.47169 3.02831 3.94338
          4.47169 3.02831 1.05662
          4.47169 4.47169 1.05662
          3.02831 1.97169 3.94338
          3.02831 0.528312 3.94338
          3.02831 0.528312 1.05662
          3.02831 1.97169 1.05662
          4.47169 1.97169 3.94338
          4.47169 0.528312 3.94338
          4.47169 0.528312 1.05662
          4.47169 1.97169 1.05662
          3.02831 -0.528312 3.94338
          3.02831 -1.97169 3.94338
          3.02831 -1.97169 1.05662
          3.02831 -0.528312 1.05662
          4.47169 -0.528312 3.94338
          4.47169 -1.97169 3.94338
          4.47169 -1.97169 1.05662
          4.47169 -0.528312 1.05662
          3.02831 -3.02831 3.94338
          3.02831 -4.47169 3.94338
          3.02831 -4.47169 1.05662
          3.02831 -3.02831 1.05662
          4.47169 -3.02831 3.94338
          4.47169 -4.47169 3.94338
          4.47169 -4.47169 1.05662
          4.47169 -3.02831 1.05662
          0.528312 4.47169 98.9434
          0.528312 3.02831 98.9434
          0.528312 3.02831 96.0566
          0.528312 4.47169 96.0566
          1.97169 4.47169 98.9434
          1.97169 3.02831 98.9434
          1.97169 3.02831 96.0566
          1.97169 4.47169 96.0566
          0.528312 1.97169 98.9434
          0.528312 0.528312 98.9434
          0.528312 0.528312 96.0566
          0.528312 1.97169 96.0566
          1.97169 1.97169 98.9434
          1.97169 0.528312 98.9434
          1.97169 0.528312 96.0566
          1.97169 1.97169 96.0566
          0.528312 -0.528312 98.9434
          0.528312 -1.97169 98.9434
          0.528312 -1.97169 96.0566
          0.528312 -0.528312 96.0566
          1.97169 -0.528312 98.9434
          1.97169 -1.97169 98.9434
          1.97169 -1.97169 96.0566
          1.97169 -0.528312 96.0566
          0.528312 -3.02831 98.9434
          0.528312 -4.47169 98.9434
          0.528312 -4.47169 96.0566
          0.528312 -3.02831 96.0566
          1.97169 -3.02831 98.9434
          1.97169 -4.47169 98.9434
          1.97169 -4.47169 96.0566
          1.97169 -3.02831 96.0566
          0.528312 4.47169 93.9434
          0.528312 3.02831 93.9434
          0.528312 3.02831 91.0566
          0.528312 4.47169 91.0566
          1.97169 4.47169 93.9434
          1.97169 3.02831 93.9434
          1.97169 3.02831 91.0566
          1.97169 4.47169 91.0566
          0.528312 1.97169 93.9434
          0.528312 0.528312 93.9434
          0.528312 0.528312 91.0566
          0.528312 1.97169 91.0566
          1.97169 1.97169 93.9434
          1.97169 0.528312 93.9434
          1.97169 0.528312 91.0566
          1.97169 1.97169 91.0566
          0.528312 -0.528312 93.9434
          0.528312 -1.97169 93.9434
          0.528312 -1.97169 91.0566
          0.528312 -0.528312 91.0566
          1.97169 -0.528312 93.9434
          1.97169 -1.97169 93.9434
          1.97169 -1.97169 91.0566
          1.97169 -0.528312 91.0566
          0.528312 -3.02831 93.9434
          0.528312 -4.47169 93.9434
          0.528312 -4.47169 91.0566
          0.528312 -3.02831 91.0566
          1.97169 -3.02831 93.9434
          1.97169 -4.47169 93.9434
          1.97169 -4.47169 91.0566
          1.97169 -3.02831 91.0566
          0.528312 4.47169 88.9434
          0.528312 3.02831 88.9434
          0.528312 3.02831 86.0566
          0.528312 4.47169 86.0566
          1.97169 4.47169 88.9434
          1.97169 3.02831 88.9434
          1.97169 3.02831 86.0566
          1.97169 4.47169 86.0566
          0.528312 1.97169 88.9434
          0.528312 0.528312 88.9434
          0.528312 0.528312 86.0566
          0.528312 1.97169 86.0566
          1.97169 1.97169 88.9434
          1.97169 0.528312 88.9434
          1.97169 0.528312 86.0566
          1.97169 1.97169 86.0566
          0.528312 -0.528312 88.9434
          0.528312 -1.97169 88.9434
          0.528312 -1.97169 86.0566
          0.528312 -0.528312 86.0566
          1.97169 -0.528312 88.9434
          1.97169 -1.97169 88.9434
          1.97169 -1.97169 86.0566
          1.97169 -0.528312 86.0566
          0.528312 -3.02831 88.9434
          0.528312 -4.47169 88.9434
          0.528312 -4.47169 86.0566
          0.528312 -3.02831 86.0566
          1.97169 -3.02831 88.9434
          1.97169 -4.47169 88.9434
          1.97169 -4.47169 86.0566
          1.97169 -3.02831 86.0566
          0.528312 4.47169 83.9434
          0.528312 3.02831 83.9434
          0.528312 3.02831 81.0566
          0.528312 4.47169 81.0566
          1.97169 4.47169 83.9434
          1.97169 3.02831 83.9434
          1.97169 3.02831 81.0566
          1.97169 4.47169 81.0566
          0.528312 1.97169 83.9434
          0.528312 0.528312 83.9434
          0.528312 0.528312 81.0566
          0.528312 1.97169 81.0566
          1.97169 1.97169 83.9434
          1.97169 0.528312 83.9434
          1.97169 0.528312 81.0566
          1.97169 1.97169 81.0566
          0.528312 -0.528312 83.9434
          0.528312 -1.97169 83.9434
          0.528312 -1.97169 81.0566
          0.528312 -0.528312 81.0566
          1.97169 -0.528312 83.9434
          1.97169 -1.97169 83.9434
          1.97169 -1.97169 81.0566
          1.97169 -0.528312 81.0566
          0.528312 -3.02831 83.9434
          0.528312 -4.47169 83.9434
          0.528312 -4.47169 81.0566
          0.528312 -3.02831 81.0566
          1.97169 -3.02831 83.9434
          1.97169 -4.47169 83.9434
          1.97169 -4.47169 81.0566
          1.97169 -3.02831 81.0566
          0.528312 4.47169 78.9434
          0.528312 3.02831 78.9434
          0.528312 3.02831 76.0566
          0.528312 4.47169 76.0566
          1.97169 4.47169 78.9434
          1.97169 3.02831 78.9434
          1.97169 3.02831 76.0566
          1.97169 4.47169 76.0566
          0.528312 1.97169 78.9434
          0.528312 0.528312 78.9434
          0.528312 0.528312 76.0566
          0.528312 1.97169 76.0566
          1.97169 1.97169 78.9434
          1.97169 0.528312 78.9434
          1.97169 0.528312 76.0566
          1.97169 1.97169 76.0566
          0.528312 -0.528312 78.9434
          0.528312 -1.97169 78.9434
          0.528312 -1.97169 76.0566
          0.528312 -0.528312 76.0566
          1.97169 -0.528312 78.9434
          1.97169 -1.97169 78.9434
          1.97169 -1.97169 76.0566
          1.97169 -0.528312 76.0566
          0.528312 -3.02831 78.9434
          0.528312 -4.47169 78.9434
          0.528312 -4.47169 76.0566
          0.528312 -3.02831 76.0566
          1.97169 -3.02831 78.9434
          1.97169 -4.47169 78.9434
          1.97169 -4.47169 76.0566
          1.97169 -3.02831 76.0566
          0.528312 4.47169 73.9434
          0.528312 3.02831 73.9434
          0.528312 3.02831 71.0566
          0.528312 4.47169 71.0566
          1.97169 4.47169 73.9434
          1.97169 3.02831 73.9434
          1.97169 3.02831 71.0566
          1.97169 4.47169 71.0566
          0.528312 1.97169 73.9434
          0.528312 0.528312 73.9434
          0.528312 0.528312 71.0566
          0.528312 1.97169 71.0566
          1.97169 1.97169 73.9434
          1.97169 0.528312 73.9434
          1.97169 0.528312 71.0566
          1.97169 1.97169 71.0566
          0.528312 -0.528312 73.9434
          0.528312 -1.97169 73.9434
          0.528312 -1.97169 71.0566
          0.528312 -0.528312 71.0566
          1.97169 -0.528312 73.9434
          1.97169 -1.97169 73.9434
          1.97169 -1.97169 71.0566
          1.97169 -0.528312 71.0566
          0.528312 -3.02831 73.9434
          0.528312 -4.47169 73.9434
          0.528312 -4.47169 71.0566
          0.528312 -3.02831 71.0566
          1.97169 -3.02831 73.9434
          1.97169 -4.47169 73.9434
          1.97169 -4.47169 71.0566
          1.97169 -3.02831 71.0566
          0.528312 4.47169 68.9434
          0.528312 3.02831 68.9434
          0.528312 3.02831 66.0566
          0.528312 4.47169 66.0566
          1.97169 4.47169 68.9434
          1.97169 3.02831 68.9434
          1.97169 3.02831 66.0566
          1.97169 4.47169 66.0566
          0.528312 1.97169 68.9434
          0.528312 0.528312 68.9434
          0.528312 0.528312 66.0566
          0.528312 1.97169 66.0566
          1.97169 1.97169 68.9434
          1.97169 0.528312 68.9434
          1.97169 0.528312 66.0566
          1.97169 1.97169 66.0566
          0.528312 -0.528312 68.9434
          0.528312 -1.97169 68.9434
          0.528312 -1.97169 66.0566
          0.528312 -0.528312 66.0566
          1.97169 -0.528312 68.9434
          1.97169 -1.97169 68.9434
          1.97169 -1.97169 66.0566
          1.97169 -0.528312 66.0566
          0.528312 -3.02831 68.9434
          0.528312 -4.47169 68.9434
          0.528312 -4.47169 66.0566
          0.528312 -3.02831 66.0566
          1.97169 -3.02831 68.9434
          1.97169 -4.47169 68.9434
          1.97169 -4.47169 66.0566
          1.97169 -3.02831 66.0566
          0.528312 4.47169 63.9434
          0.528312 3.02831 63.9434
          0.528312 3.02831 61.0566
          0.528312 4.47169 61.0566
          1.97169 4.47169 63.9434
          1.97169 3.02831 63.9434
          1.97169 3.02831 61.0566
          1.97169 4.47169 61.0566
          0.528312 1.97169 63.9434
          0.528312 0.528312 63.9434
          0.528312 0.528312 61.0566
          0.528312 1.97169 61.0566
          1.97169 1.97169 63.9434
          1.97169 0.528312 63.9434
          1.97169 0.528312 61.0566
          1.97169 1.97169 61.0566
          0.528312 -0.528312 63.9434
          0.528312 -1.97169 63.9434
          0.528312 -1.97169 61.0566
          0.528312 -0.528312 61.0566
          1.97169 -0.528312 63.9434
          1.97169 -1.97169 63.9434
          1.97169 -1.97169 61.0566
          1.97169 -0.528312 61.0566
          0.528312 -3.02831 63.9434
          0.528312 -4.47169 63.9434
          0.528312 -4.47169 61.0566
          0.528312 -3.02831 61.0566
          1.97169 -3.02831 63.9434
          1.97169 -4.47169 63.9434
          1.97169 -4.47169 61.0566
          1.97169 -3.02831 61.0566
          0.528312 4.47169 58.9434
          0.528312 3.02831 58.9434
          0.528312 3.02831 56.0566
          0.528312 4.47169 56.0566
          1.97169 4.47169 58.9434
          1.97169 3.02831 58.9434
          1.97169 3.02831 56.0566
          1.97169 4.47169 56.0566
          0.528312 1.97169 58.9434
          0.528312 0.528312 58.9434
          0.528312 0.528312 56.0566
          0.528312 1.97169 56.0566
          1.97169 1.97169 58.9434
          1.97169 0.528312 58.9434
          1.97169 0.528312 56.0566
          1.97169 1.97169 56.0566
          0.528312 -0.528312 58.9434
          0.528312 -1.97169 58.9434
          0.528312 -1.97169 56.0566
          0.528312 -0.528312 56.0566
          1.97169 -0.528312 58.9434
          1.97169 -1.97169 58.9434
          1.97169 -1.97169 56.0566
          1.97169 -0.528312 56.0566
          0.528312 -3.02831 58.9434
          0.528312 -4.47169 58.9434
          0.528312 -4.47169 56.0566
          0.528312 -3.02831 56.0566
          1.97169 -3.02831 58.9434
          1.97169 -4.47169 58.9434
          1.97169 -4.47169 56.0566
          1.97169 -3.02831 56.0566
          0.528312 4.47169 53.9434
          0.528312 3.02831 53.9434
          0.528312 3.02831 51.0566
          0.528312 4.47169 51.0566
          1.97169 4.47169 53.9434
          1.97169 3.02831 53.9434
          1.97169 3.02831 51.0566
          1.97169 4.47169 51.0566
          0.528312 1.97169 53.9434
          0.528312 0.528312 53.9434
          0.528312 0.528312 51.0566
          0.528312 1.97169 51.0566
          1.97169 1.97169 53.9434
          1.97169 0.528312 53.9434
          1.97169 0.528312 51.0566
          1.97169 1.97169 51.0566
          0.528312 -0.528312 53.9434
          0.528312 -1.97169 53.9434
          0.528312 -1.97169 51.0566
          0.528312 -0.528312 51.0566
          1.97169 -0.528312 53.9434
          1.97169 -1.97169 53.9434
          1.97169 -1.97169 51.0566
          1.97169 -0.528312 51.0566
          0.528312 -3.02831 53.9434
          0.528312 -4.47169 53.9434
          0.528312 -4.47169 51.0566
          0.528312 -3.02831 51.0566
          1.97169 -3.02831 53.9434
          1.97169 -4.47169 53.9434
          1.97169 -4.47169 51.0566
          1.97169 -3.02831 51.0566
          0.528312 4.47169 48.9434
          0.528312 3.02831 48.9434
          0.528312 3.02831 46.0566
          0.528312 4.47169 46.0566
          1.97169 4.47169 48.9434
          1.97169 3.02831 48.9434
          1.97169 3.02831 46.0566
          1.97169 4.47169 46.0566
          0.528312 1.97169 48.9434
          0.528312 0.528312 48.9434
          0.528312 0.528312 46.0566
          0.528312 1.97169 46.0566
          1.97169 1.97169 48.9434
          1.97169 0.528312 48.9434
          1.97169 0.528312 46.0566
          1.97169 1.97169 46.0566
          0.528312 -0.528312 48.9434
          0.528312 -1.97169 48.9434
          0.528312 -1.97169 46.0566
          0.528312 -0.528312 46.0566
          1.97169 -0.528312 48.9434
          1.97169 -1.97169 48.9434
          1.97169 -1.97169 46.0566
          1.97169 -0.528312 46.0566
          0.528312 -3.02831 48.9434
          0.528312 -4.47169 48.9434
          0.528312 -4.47169 46.0566
          0.528312 -3.02831 46.0566
          1.97169 -3.02831 48.9434
          1.97169 -4.47169 48.9434
          1.97169 -4.47169 46.0566
          1.97169 -3.02831 46.0566
          0.528312 4.47169 43.9434
          0.528312 3.02831 43.9434
          0.528312 3.02831 41.0566
          0.528312 4.47169 41.0566
          1.97169 4.47169 43.9434
          1.97169 3.02831 43.9434
          1.97169 3.02831 41.0566
          1.97169 4.47169 41.0566
          0.528312 1.97169 43.9434
          0.528312 0.528312 43.9434
          0.528312 0.528312 41.0566
          0.528312 1.97169 41.0566
          1.97169 1.97169 43.9434
          1.97169 0.528312 43.9434
          1.97169 0.528312 41.0566
          1.97169 1.97169 41.0566
          0.528312 -0.528312 43.9434
          0.528312 -1.97169 43.9434
          0.528312 -1.97169 41.0566
          0.528312 -0.528312 41.0566
          1.97169 -0.528312 43.9434
          1.97169 -1.97169 43.9434
          1.97169 -1.97169 41.0566
          1.97169 -0.528312 41.0566
          0.528312 -3.02831 43.9434
          0.528312 -4.47169 43.9434
          0.528312 -4.47169 41.0566
          0.528312 -3.02831 41.0566
          1.97169 -3.02831 43.9434
          1.97169 -4.47169 43.9434
          1.97169 -4.47169 41.0566
          1.97169 -3.02831 41.0566
          0.528312 4.47169 38.9434
          0.528312 3.02831 38.9434
          0.528312 3.02831 36.0566
          0.528312 4.47169 36.0566
          1.97169 4.47169 38.9434
          1.97169 3.02831 38.9434
          1.97169 3.02831 36.0566
          1.97169 4.47169 36.0566
          0.528312 1.97169 38.9434
          0.528312 0.528312 38.9434
          0.528312 0.528312 36.0566
          0.528312 1.97169 36.0566
          1.97169 1.97169 38.9434
          1.97169 0.528312 38.9434
          1.97169 0.528312 36.0566
          1.97169 1.97169 36.0566
          0.528312 -0.528312 38.9434
          0.528312 -1.97169 38.9434
          0.528312 -1.97169 36.0566
          0.528312 -0.528312 36.0566
          1.97169 -0.528312 38.9434
          1.97169 -1.97169 38.9434
          1.97169 -1.97169 36.0566
          1.97169 -0.528312 36.0566
          0.528312 -3.02831 38.9434
          0.528312 -4.47169 38.9434
          0.528312 -4.47169 36.0566
          0.528312 -3.02831 36.0566
          1.97169 -3.02831 38.9434
          1.97169 -4.47169 38.9434
          1.97169 -4.47169 36.0566
          1.97169 -3.02831 36.0566
          0.528312 4.47169 33.9434
          0.528312 3.02831 33.9434
          0.528312 3.02831 31.0566
          0.528312 4.47169 31.0566
          1.97169 4.47169 33.9434
          1.97169 3.02831 33.9434
          1.97169 3.02831 31.0566
          1.97169 4.47169 31.0566
          0.528312 1.97169 33.9434
          0.528312 0.528312 33.9434
          0.528312 0.528312 31.0566
          0.528312 1.97169 31.0566
          1.97169 1.97169 33.9434
          1.97169 0.528312 33.9434
          1.97169 0.528312 31.0566
          1.97169 1.97169 31.0566
          0.528312 -0.528312 33.9434
          0.528312 -1.97169 33.9434
          0.528312 -1.97169 31.0566
          0.528312 -0.528312 31.0566
          1.97169 -0.528312 33.9434
          1.97169 -1.97169 33.9434
          1.97169 -1.97169 31.0566
          1.97169 -0.528312 31.0566
          0.528312 -3.02831 33.9434
          0.528312 -4.47169 33.9434
          0.528312 -4.47169 31.0566
          0.528312 -3.02831 31.0566
          1.97169 -3.02831 33.9434
          1.97169 -4.47169 33.9434
          1.97169 -4.47169 31.0566
          1.97169 -3.02831 31.0566
          0.528312 4.47169 28.9434
          0.528312 3.02831 28.9434
          0.528312 3.02831 26.0566
          0.528312 4.47169 26.0566
          1.97169 4.47169 28.9434
          1.97169 3.02831 28.9434
          1.97169 3.02831 26.0566
          1.97169 4.47169 26.0566
          0.528312 1.97169 28.9434
          0.528312 0.528312 28.9434
          0.528312 0.528312 26.0566
          0.528312 1.97169 26.0566
          1.97169 1.97169 28.9434
          1.97169 0.528312 28.9434
          1.97169 0.528312 26.0566
          1.97169 1.97169 26.0566
          0.528312 -0.528312 28.9434
          0.528312 -1.97169 28.9434
          0.528312 -1.97169 26.0566
          0.528312 -0.528312 26.0566
          1.97169 -0.528312 28.9434
          1.97169 -1.97169 28.9434
          1.97169 -1.97169 26.0566
          1.97169 -0.528312 26.0566
          0.528312 -3.02831 28.9434
          0.528312 -4.47169 28.9434
          0.528312 -4.47169 26.0566
          0.528312 -3.02831 26.0566
          1.97169 -3.02831 28.9434
          1.97169 -4.47169 28.9434
          1.97169 -4.47169 26.0566
          1.97169 -3.02831 26.0566
          0.528312 4.47169 23.9434
          0.528312 3.02831 23.9434
          0.528312 3.02831 21.0566
          0.528312 4.47169 21.0566
          1.97169 4.47169 23.9434
          1.97169 3.02831 23.9434
          1.97169 3.02831 21.0566
          1.97169 4.47169 21.0566
          0.528312 1.97169 23.9434
          0.528312 0.528312 23.9434
          0.528312 0.528312 21.0566
          0.528312 1.97169 21.0566
          1.97169 1.97169 23.9434
          1.97169 0.528312 23.9434
          1.97169 0.528312 21.0566
          1.97169 1.97169 21.0566
          0.528312 -0.528312 23.9434
          0.528312 -1.97169 23.9434
          0.528312 -1.97169 21.0566
          0.528312 -0.528312 21.0566
          1.97169 -0.528312 23.9434
          1.97169 -1.97169 23.9434
          1.97169 -1.97169 21.0566
          1.97169 -0.528312 21.0566
          0.528312 -3.02831 23.9434
          0.528312 -4.47169 23.9434
          0.528312 -4.47169 21.0566
          0.528312 -3.02831 21.0566
          1.97169 -3.02831 23.9434
          1.97169 -4.47169 23.9434
          1.97169 -4.47169 21.0566
          1.97169 -3.02831 21.0566
          0.528312 4.47169 18.9434
          0.528312 3.02831 18.9434
          0.528312 3.02831 16.0566
          0.528312 4.47169 16.0566
          1.97169 4.47169 18.9434
          1.97169 3.02831 18.9434
          1.97169 3.02831 16.0566
          1.97169 4.47169 16.0566
          0.528312 1.97169 18.9434
          0.528312 0.528312 18.9434
          0.528312 0.528312 16.0566
          0.528312 1.97169 16.0566
          1.97169 1.97169 18.9434
          1.97169 0.528312 18.9434
          1.97169 0.528312 16.0566
          1.97169 1.97169 16.0566
          0.528312 -0.528312 18.9434
          0.528312 -1.97169 18.9434
          0.528312 -1.97169 16.0566
          0.528312 -0.528312 16.0566
          1.97169 -0.528312 18.9434
          1.97169 -1.97169 18.9434
          1.97169 -1.97169 16.0566
          1.97169 -0.528312 16.0566
          0.528312 -3.02831 18.9434
          0.528312 -4.47169 18.9434
          0.528312 -4.47169 16.0566
          0.528312 -3.02831 16.0566
          1.97169 -3.02831 18.9434
          1.97169 -4.47169 18.9434
          1.97169 -4.47169 16.0566
          1.97169 -3.02831 16.0566
          0.528312 4.47169 13.9434
          0.528312 3.02831 13.9434
          0.528312 3.02831 11.0566
          0.528312 4.47169 11.0566
          1.97169 4.47169 13.9434
          1.97169 3.02831 13.9434
          1.97169 3.02831 11.0566
          1.97169 4.47169 11.0566
          0.528312 1.97169 13.9434
          0.528312 0.528312 13.9434
          0.528312 0.528312 11.0566
          0.528312 1.97169 11.0566
          1.97169 1.97169 13.9434
          1.97169 0.528312 13.9434
          1.97169 0.528312 11.0566
          1.97169 1.97169 11.0566
          0.528312 -0.528312 13.9434
          0.528312 -1.97169 13.9434
          0.528312 -1.97169 11.0566
          0.528312 -0.528312 11.0566
          1.97169 -0.528312 13.9434
          1.97169 -1.97169 13.9434
          1.97169 -1.97169 11.0566
          1.97169 -0.528312 11.0566
          0.528312 -3.02831 13.9434
          0.528312 -4.47169 13.9434
          0.528312 -4.47169 11.0566
          0.528312 -3.02831 11.0566
          1.97169 -3.02831 13.9434
          1.97169 -4.47169 13.9434
          1.97169 -4.47169 11.0566
          1.97169 -3.02831 11.0566
          0.528312 4.47169 8.94338
          0.528312 3.02831 8.94338
          0.528312 3.02831 6.05662
          0.528312 4.47169 6.05662
          1.97169 4.47169 8.94338
          1.97169 3.02831 8.94338
          1.97169 3.02831 6.05662
          1.97169 4.47169 6.05662
          0.528312 1.97169 8.94338
          0.528312 0.528312 8.94338
          0.528312 0.528312 6.05662
          0.528312 1.97169 6.05662
          1.97169 1.97169 8.94338
          1.97169 0.528312 8.94338
          1.97169 0.528312 6.05662
          1.97169 1.97169 6.05662
          0.528312 -0.528312 8.94338
          0.528312 -1.97169 8.94338
          0.528312 -1.97169 6.05662
          0.528312 -0.528312 6.05662
          1.97169 -0.528312 8.94338
          1.97169 -1.97169 8.94338
          1.97169 -1.97169 6.05662
          1.97169 -0.528312 6.05662
          0.528312 -3.02831 8.94338
          0.528312 -4.47169 8.94338
          0.528312 -4.47169 6.05662
          0.528312 -3.02831 6.05662
          1.97169 -3.02831 8.94338
          1.97169 -4.47169 8.94338
          1.97169 -4.47169 6.05662
          1.97169 -3.02831 6.05662
          0.528312 4.47169 3.94338
          0.528312 3.02831 3.94338
          0.528312 3.02831 1.05662
          0.528312 4.47169 1.05662
          1.97169 4.47169 3.94338
          1.97169 3.02831 3.94338
          1.97169 3.02831 1.05662
          1.97169 4.47169 1.05662
          0.528312 1.97169 3.94338
          0.528312 0.528312 3.94338
          0.528312 0.528312 1.05662
          0.528312 1.97169 1.05662
          1.97169 1.97169 3.94338
          1.97169 0.528312 3.94338
          1.97169 0.528312 1.05662
          1.97169 1.97169 1.05662
          0.528312 -0.528312 3.94338
          0.528312 -1.97169 3.94338
          0.528312 -1.97169 1.05662
          0.528312 -0.528312 1.05662
          1.97169 -0.528312 3.94338
          1.97169 -1.97169 3.94338
          1.97169 -1.97169 1.05662
          1.97169 -0.528312 1.05662
          0.528312 -3.02831 3.94338
          0.528312 -4.47169 3.94338
          0.528312 -4.47169 1.05662
          0.528312 -3.02831 1.05662
          1.97169 -3.02831 3.94338
          1.97169 -4.47169 3.94338
          1.97169 -4.47169 1.05662
          1.97169 -3.02831 1.05662
          -1.97169 4.47169 98.9434
          -1.97169 3.02831 98.9434
          -1.97169 3.02831 96.0566
          -1.97169 4.47169 96.0566
          -0.528312 4.47169 98.9434
          -0.528312 3.02831 98.9434
          -0.528312 3.02831 96.0566
          -0.528312 4.47169 96.0566
          -1.97169 1.97169 98.9434
          -1.97169 0.528312 98.9434
          -1.97169 0.528312 96.0566
          -1.97169 1.97169 96.0566
          -0.528312 1.97169 98.9434
          -0.528312 0.528312 98.9434
          -0.528312 0.528312 96.0566
          -0.528312 1.97169 96.0566
          -1.97169 -0.528312 98.9434
          -1.97169 -1.97169 98.9434
          -1.97169 -1.97169 96.0566
          -1.97169 -0.528312 96.0566
          -0.528312 -0.528312 98.9434
          -0.528312 -1.97169 98.9434
          -0.528312 -1.97169 96.0566
          -0.528312 -0.528312 96.0566
          -1.97169 -3.02831 98.9434
          -1.97169 -4.47169 98.9434
          -1.97169 -4.47169 96.0566
          -1.97169 -3.02831 96.0566
          -0.528312 -3.02831 98.9434
          -0.528312 -4.47169 98.9434
          -0.528312 -4.47169 96.0566
          -0.528312 -3.02831 96.0566
          -1.97169 4.47169 93.9434
          -1.97169 3.02831 93.9434
          -1.97169 3.02831 91.0566
          -1.97169 4.47169 91.0566
          -0.528312 4.47169 93.9434
          -0.528312 3.02831 93.9434
          -0.528312 3.02831 91.0566
          -0.528312 4.47169 91.0566
          -1.97169 1.97169 93.9434
          -1.97169 0.528312 93.9434
          -1.97169 0.528312 91.0566
          -1.97169 1.97169 91.0566
          -0.528312 1.97169 93.9434
          -0.528312 0.528312 93.9434
          -0.528312 0.528312 91.0566
          -0.528312 1.97169 91.0566
          -1.97169 -0.528312 93.9434
          -1.97169 -1.97169 93.9434
          -1.97169 -1.97169 91.0566
          -1.97169 -0.528312 91.0566
          -0.528312 -0.528312 93.9434
          -0.528312 -1.97169 93.9434
          -0.528312 -1.97169 91.0566
          -0.528312 -0.528312 91.0566
          -1.97169 -3.02831 93.9434
          -1.97169 -4.47169 93.9434
          -1.97169 -4.47169 91.0566
          -1.97169 -3.02831 91.0566
          -0.528312 -3.02831 93.9434
          -0.528312 -4.47169 93.9434
          -0.528312 -4.47169 91.0566
          -0.528312 -3.02831 91.0566
          -1.97169 4.47169 88.9434
          -1.97169 3.02831 88.9434
          -1.97169 3.02831 86.0566
          -1.97169 4.47169 86.0566
          -0.528312 4.47169 88.9434
          -0.528312 3.02831 88.9434
          -0.528312 3.02831 86.0566
          -0.528312 4.47169 86.0566
          -1.97169 1.97169 88.9434
          -1.97169 0.528312 88.9434
          -1.97169 0.528312 86.0566
          -1.97169 1.97169 86.0566
          -0.528312 1.97169 88.9434
          -0.528312 0.528312 88.9434
          -0.528312 0.528312 86.0566
          -0.528312 1.97169 86.0566
          -1.97169 -0.528312 88.9434
          -1.97169 -1.97169 88.9434
          -1.97169 -1.97169 86.0566
          -1.97169 -0.528312 86.0566
          -0.528312 -0.528312 88.9434
          -0.528312 -1.97169 88.9434
          -0.528312 -1.97169 86.0566
          -0.528312 -0.528312 86.0566
          -1.97169 -3.02831 88.9434
          -1.97169 -4.47169 88.9434
          -1.97169 -4.47169 86.0566
          -1.97169 -3.02831 86.0566
          -0.528312 -3.02831 88.9434
          -0.528312 -4.47169 88.9434
          -0.528312 -4.47169 86.0566
          -0.528312 -3.02831 86.0566
          -1.97169 4.47169 83.9434
          -1.97169 3.02831 83.9434
          -1.97169 3.02831 81.0566
          -1.97169 4.47169 81.0566
          -0.528312 4.47169 83.9434
          -0.528312 3.02831 83.9434
          -0.528312 3.02831 81.0566
          -0.528312 4.47169 81.0566
          -1.97169 1.97169 83.9434
          -1.97169 0.528312 83.9434
          -1.97169 0.528312 81.0566
          -1.97169 1.97169 81.0566
          -0.528312 1.97169 83.9434
          -0.528312 0.528312 83.9434
          -0.528312 0.528312 81.0566
          -0.528312 1.97169 81.0566
          -1.97169 -0.528312 83.9434
          -1.97169 -1.97169 83.9434
          -1.97169 -1.97169 81.0566
          -1.97169 -0.528312 81.0566
          -0.528312 -0.528312 83.9434
          -0.528312 -1.97169 83.9434
          -0.528312 -1.97169 81.0566
          -0.528312 -0.528312 81.0566
          -1.97169 -3.02831 83.9434
          -1.97169 -4.47169 83.9434
          -1.97169 -4.47169 81.0566
          -1.97169 -3.02831 81.0566
          -0.528312 -3.02831 83.9434
          -0.528312 -4.47169 83.9434
          -0.528312 -4.47169 81.0566
          -0.528312 -3.02831 81.0566
          -1.97169 4.47169 78.9434
          -1.97169 3.02831 78.9434
          -1.97169 3.02831 76.0566
          -1.97169 4.47169 76.0566
          -0.528312 4.47169 78.9434
          -0.528312 3.02831 78.9434
          -0.528312 3.02831 76.0566
          -0.528312 4.47169 76.0566
          -1.97169 1.97169 78.9434
          -1.97169 0.528312 78.9434
          -1.97169 0.528312 76.0566
          -1.97169 1.97169 76.0566
          -0.528312 1.97169 78.9434
          -0.528312 0.528312 78.9434
          -0.528312 0.528312 76.0566
          -0.528312 1.97169 76.0566
          -1.97169 -0.528312 78.9434
          -1.97169 -1.97169 78.9434
          -1.97169 -1.97169 76.0566
          -1.97169 -0.528312 76.0566
          -0.528312 -0.528312 78.9434
          -0.528312 -1.97169 78.9434
          -0.528312 -1.97169 76.0566
          -0.528312 -0.528312 76.0566
          -1.97169 -3.02831 78.9434
          -1.97169 -4.47169 78.9434
          -1.97169 -4.47169 76.0566
          -1.97169 -3.02831 76.0566
          -0.528312 -3.02831 78.9434
          -0.528312 -4.47169 78.9434
          -0.528312 -4.47169 76.0566
          -0.528312 -3.02831 76.0566
          -1.97169 4.47169 73.9434
          -1.97169 3.02831 73.9434
          -1.97169 3.02831 71.0566
          -1.97169 4.47169 71.0566
          -0.528312 4.47169 73.9434
          -0.528312 3.02831 73.9434
          -0.528312 3.02831 71.0566
          -0.528312 4.47169 71.0566
          -1.97169 1.97169 73.9434
          -1.97169 0.528312 73.9434
          -1.97169 0.528312 71.0566
          -1.97169 1.97169 71.0566
          -0.528312 1.97169 73.9434
          -0.528312 0.528312 73.9434
          -0.528312 0.528312 71.0566
          -0.528312 1.97169 71.0566
          -1.97169 -0.528312 73.9434
          -1.97169 -1.97169 73.9434
          -1.97169 -1.97169 71.0566
          -1.97169 -0.528312 71.0566
          -0.528312 -0.528312 73.9434
          -0.528312 -1.97169 73.9434
          -0.528312 -1.97169 71.0566
          -0.528312 -0.528312 71.0566
          -1.97169 -3.02831 73.9434
          -1.97169 -4.47169 73.9434
          -1.97169 -4.47169 71.0566
          -1.97169 -3.02831 71.0566
          -0.528312 -3.02831 73.9434
          -0.528312 -4.47169 73.9434
          -0.528312 -4.47169 71.0566
          -0.528312 -3.02831 71.0566
          -1.97169 4.47169 68.9434
          -1.97169 3.02831 68.9434
          -1.97169 3.02831 66.0566
          -1.97169 4.47169 66.0566
          -0.528312 4.47169 68.9434
          -0.528312 3.02831 68.9434
          -0.528312 3.02831 66.0566
          -0.528312 4.47169 66.0566
          -1.97169 1.97169 68.9434
          -1.97169 0.528312 68.9434
          -1.97169 0.528312 66.0566
          -1.97169 1.97169 66.0566
          -0.528312 1.97169 68.9434
          -0.528312 0.528312 68.9434
          -0.528312 0.528312 66.0566
          -0.528312 1.97169 66.0566
          -1.97169 -0.528312 68.9434
          -1.97169 -1.97169 68.9434
          -1.97169 -1.97169 66.0566
          -1.97169 -0.528312 66.0566
          -0.528312 -0.528312 68.9434
          -0.528312 -1.97169 68.9434
          -0.528312 -1.97169 66.0566
          -0.528312 -0.528312 66.0566
          -1.97169 -3.02831 68.9434
          -1.97169 -4.47169 68.9434
          -1.97169 -4.47169 66.0566
          -1.97169 -3.02831 66.0566
          -0.528312 -3.02831 68.9434
          -0.528312 -4.47169 68.9434
          -0.528312 -4.47169 66.0566
          -0.528312 -3.02831 66.0566
          -1.97169 4.47169 63.9434
          -1.97169 3.02831 63.9434
          -1.97169 3.02831 61.0566
          -1.97169 4.47169 61.0566
          -0.528312 4.47169 63.9434
          -0.528312 3.02831 63.9434
          -0.528312 3.02831 61.0566
          -0.528312 4.47169 61.0566
          -1.97169 1.97169 63.9434
          -1.97169 0.528312 63.9434
          -1.97169 0.528312 61.0566
          -1.97169 1.97169 61.0566
          -0.528312 1.97169 63.9434
          -0.528312 0.528312 63.9434
          -0.528312 0.528312 61.0566
          -0.528312 1.97169 61.0566
          -1.97169 -0.528312 63.9434
          -1.97169 -1.97169 63.9434
          -1.97169 -1.97169 61.0566
          -1.97169 -0.528312 61.0566
          -0.528312 -0.528312 63.9434
          -0.528312 -1.97169 63.9434
          -0.528312 -1.97169 61.0566
          -0.528312 -0.528312 61.0566
          -1.97169 -3.02831 63.9434
          -1.97169 -4.47169 63.9434
          -1.97169 -4.47169 61.0566
          -1.97169 -3.02831 61.0566
          -0.528312 -3.02831 63.9434
          -0.528312 -4.47169 63.9434
          -0.528312 -4.47169 61.0566
          -0.528312 -3.02831 61.0566
          -1.97169 4.47169 58.9434
          -1.97169 3.02831 58.9434
          -1.97169 3.02831 56.0566
          -1.97169 4.47169 56.0566
          -0.528312 4.47169 58.9434
          -0.528312 3.02831 58.9434
          -0.528312 3.02831 56.0566
          -0.528312 4.47169 56.0566
          -1.97169 1.97169 58.9434
          -1.97169 0.528312 58.9434
          -1.97169 0.528312 56.0566
          -1.97169 1.97169 56.0566
          -0.528312 1.97169 58.9434
          -0.528312 0.528312 58.9434
          -0.528312 0.528312 56.0566
          -0.528312 1.97169 56.0566
          -1.97169 -0.528312 58.9434
          -1.97169 -1.97169 58.9434
          -1.97169 -1.97169 56.0566
          -1.97169 -0.528312 56.0566
          -0.528312 -0.528312 58.9434
          -0.528312 -1.97169 58.9434
          -0.528312 -1.97169 56.0566
          -0.528312 -0.528312 56.0566
          -1.97169 -3.02831 58.9434
          -1.97169 -4.47169 58.9434
          -1.97169 -4.47169 56.0566
          -1.97169 -3.02831 56.0566
          -0.528312 -3.02831 58.9434
          -0.528312 -4.47169 58.9434
          -0.528312 -4.47169 56.0566
          -0.528312 -3.02831 56.0566
          -1.97169 4.47169 53.9434
          -1.97169 3.02831 53.9434
          -1.97169 3.02831 51.0566
          -1.97169 4.47169 51.0566
          -0.528312 4.47169 53.9434
          -0.528312 3.02831 53.9434
          -0.528312 3.02831 51.0566
          -0.528312 4.47169 51.0566
          -1.97169 1.97169 53.9434
          -1.97169 0.528312 53.9434
          -1.97169 0.528312 51.0566
          -1.97169 1.97169 51.0566
          -0.528312 1.97169 53.9434
          -0.528312 0.528312 53.9434
          -0.528312 0.528312 51.0566
          -0.528312 1.97169 51.0566
          -1.97169 -0.528312 53.9434
          -1.97169 -1.97169 53.9434
          -1.97169 -1.97169 51.0566
          -1.97169 -0.528312 51.0566
          -0.528312 -0.528312 53.9434
          -0.528312 -1.97169 53.9434
          -0.528312 -1.97169 51.0566
          -0.528312 -0.528312 51.0566
          -1.97169 -3.02831 53.9434
          -1.97169 -4.47169 53.9434
          -1.97169 -4.47169 51.0566
          -1.97169 -3.02831 51.0566
          -0.528312 -3.02831 53.9434
          -0.528312 -4.47169 53.9434
          -0.528312 -4.47169 51.0566
          -0.528312 -3.02831 51.0566
          -1.97169 4.47169 48.9434
          -1.97169 3.02831 48.9434
          -1.97169 3.02831 46.0566
          -1.97169 4.47169 46.0566
          -0.528312 4.47169 48.9434
          -0.528312 3.02831 48.9434
          -0.528312 3.02831 46.0566
          -0.528312 4.47169 46.0566
          -1.97169 1.97169 48.9434
          -1.97169 0.528312 48.9434
          -1.97169 0.528312 46.0566
          -1.97169 1.97169 46.0566
          -0.528312 1.97169 48.9434
          -0.528312 0.528312 48.9434
          -0.528312 0.528312 46.0566
          -0.528312 1.97169 46.0566
          -1.97169 -0.528312 48.9434
          -1.97169 -1.97169 48.9434
          -1.97169 -1.97169 46.0566
          -1.97169 -0.528312 46.0566
          -0.528312 -0.528312 48.9434
          -0.528312 -1.97169 48.9434
          -0.528312 -1.97169 46.0566
          -0.528312 -0.528312 46.0566
          -1.97169 -3.02831 48.9434
          -1.97169 -4.47169 48.9434
          -1.97169 -4.47169 46.0566
          -1.97169 -3.02831 46.0566
          -0.528312 -3.02831 48.9434
          -0.528312 -4.47169 48.9434
          -0.528312 -4.47169 46.0566
          -0.528312 -3.02831 46.0566
          -1.97169 4.47169 43.9434
          -1.97169 3.02831 43.9434
          -1.97169 3.02831 41.0566
          -1.97169 4.47169 41.0566
          -0.528312 4.47169 43.9434
          -0.528312 3.02831 43.9434
          -0.528312 3.02831 41.0566
          -0.528312 4.47169 41.0566
          -1.97169 1.97169 43.9434
          -1.97169 0.528312 43.9434
          -1.97169 0.528312 41.0566
          -1.97169 1.97169 41.0566
          -0.528312 1.97169 43.9434
          -0.528312 0.528312 43.9434
          -0.528312 0.528312 41.0566
          -0.528312 1.97169 41.0566
          -1.97169 -0.528312 43.9434
          -1.97169 -1.97169 43.9434
          -1.97169 -1.97169 41.0566
          -1.97169 -0.528312 41.0566
          -0.528312 -0.528312 43.9434
          -0.528312 -1.97169 43.9434
          -0.528312 -1.97169 41.0566
          -0.528312 -0.528312 41.0566
          -1.97169 -3.02831 43.9434
          -1.97169 -4.47169 43.9434
          -1.97169 -4.47169 41.0566
          -1.97169 -3.02831 41.0566
          -0.528312 -3.02831 43.9434
          -0.528312 -4.47169 43.9434
          -0.528312 -4.47169 41.0566
          -0.528312 -3.02831 41.0566
          -1.97169 4.47169 38.9434
          -1.97169 3.02831 38.9434
          -1.97169 3.02831 36.0566
          -1.97169 4.47169 36.0566
          -0.528312 4.47169 38.9434
          -0.528312 3.02831 38.9434
          -0.528312 3.02831 36.0566
          -0.528312 4.47169 36.0566
          -1.97169 1.97169 38.9434
          -1.97169 0.528312 38.9434
          -1.97169 0.528312 36.0566
          -1.97169 1.97169 36.0566
          -0.528312 1.97169 38.9434
          -0.528312 0.528312 38.9434
          -0.528312 0.528312 36.0566
          -0.528312 1.97169 36.0566
          -1.97169 -0.528312 38.9434
          -1.97169 -1.97169 38.9434
          -1.97169 -1.97169 36.0566
          -1.97169 -0.528312 36.0566
          -0.528312 -0.528312 38.9434
          -0.528312 -1.97169 38.9434
          -0.528312 -1.97169 36.0566
          -0.528312 -0.528312 36.0566
          -1.97169 -3.02831 38.9434
          -1.97169 -4.47169 38.9434
          -1.97169 -4.47169 36.0566
          -1.97169 -3.02831 36.0566
          -0.528312 -3.02831 38.9434
          -0.528312 -4.47169 38.9434
          -0.528312 -4.47169 36.0566
          -0.528312 -3.02831 36.0566
          -1.97169 4.47169 33.9434
          -1.97169 3.02831 33.9434
          -1.97169 3.02831 31.0566
          -1.97169 4.47169 31.0566
          -0.528312 4.47169 33.9434
          -0.528312 3.02831 33.9434
          -0.528312 3.02831 31.0566
          -0.528312 4.47169 31.0566
          -1.97169 1.97169 33.9434
          -1.97169 0.528312 33.9434
          -1.97169 0.528312 31.0566
          -1.97169 1.97169 31.0566
          -0.528312 1.97169 33.9434
          -0.528312 0.528312 33.9434
          -0.528312 0.528312 31.0566
          -0.528312 1.97169 31.0566
          -1.97169 -0.528312 33.9434
          -1.97169 -1.97169 33.9434
          -1.97169 -1.97169 31.0566
          -1.97169 -0.528312 31.0566
          -0.528312 -0.528312 33.9434
          -0.528312 -1.97169 33.9434
          -0.528312 -1.97169 31.0566
          -0.528312 -0.528312 31.0566
          -1.97169 -3.02831 33.9434
          -1.97169 -4.47169 33.9434
          -1.97169 -4.47169 31.0566
          -1.97169 -3.02831 31.0566
          -0.528312 -3.02831 33.9434
          -0.528312 -4.47169 33.9434
          -0.528312 -4.47169 31.0566
          -0.528312 -3.02831 31.0566
          -1.97169 4.47169 28.9434
          -1.97169 3.02831 28.9434
          -1.97169 3.02831 26.0566
          -1.97169 4.47169 26.0566
          -0.528312 4.47169 28.9434
          -0.528312 3.02831 28.9434
          -0.528312 3.02831 26.0566
          -0.528312 4.47169 26.0566
          -1.97169 1.97169 28.9434
          -1.97169 0.528312 28.9434
          -1.97169 0.528312 26.0566
          -1.97169 1.97169 26.0566
          -0.528312 1.97169 28.9434
          -0.528312 0.528312 28.9434
          -0.528312 0.528312 26.0566
          -0.528312 1.97169 26.0566
          -1.97169 -0.528312 28.9434
          -1.97169 -1.97169 28.9434
          -1.97169 -1.97169 26.0566
          -1.97169 -0.528312 26.0566
          -0.528312 -0.528312 28.9434
          -0.528312 -1.97169 28.9434
          -0.528312 -1.97169 26.0566
          -0.528312 -0.528312 26.0566
          -1.97169 -3.02831 28.9434
          -1.97169 -4.47169 28.9434
          -1.97169 -4.47169 26.0566
          -1.97169 -3.02831 26.0566
          -0.528312 -3.02831 28.9434
          -0.528312 -4.47169 28.9434
          -0.528312 -4.47169 26.0566
          -0.528312 -3.02831 26.0566
          -1.97169 4.47169 23.9434
          -1.97169 3.02831 23.9434
          -1.97169 3.02831 21.0566
          -1.97169 4.47169 21.0566
          -0.528312 4.47169 23.9434
          -0.528312 3.02831 23.9434
          -0.528312 3.02831 21.0566
          -0.528312 4.47169 21.0566
          -1.97169 1.97169 23.9434
          -1.97169 0.528312 23.9434
          -1.97169 0.528312 21.0566
          -1.97169 1.97169 21.0566
          -0.528312 1.97169 23.9434
          -0.528312 0.528312 23.9434
          -0.528312 0.528312 21.0566
          -0.528312 1.97169 21.0566
          -1.97169 -0.528312 23.9434
          -1.97169 -1.97169 23.9434
          -1.97169 -1.97169 21.0566
          -1.97169 -0.528312 21.0566
          -0.528312 -0.528312 23.9434
          -0.528312 -1.97169 23.9434
          -0.528312 -1.97169 21.0566
          -0.528312 -0.528312 21.0566
          -1.97169 -3.02831 23.9434
          -1.97169 -4.47169 23.9434
          -1.97169 -4.47169 21.0566
          -1.97169 -3.02831 21.0566
          -0.528312 -3.02831 23.9434
          -0.528312 -4.47169 23.9434
          -0.528312 -4.47169 21.0566
          -0.528312 -3.02831 21.0566
          -1.97169 4.47169 18.9434
          -1.97169 3.02831 18.9434
          -1.97169 3.02831 16.0566
          -1.97169 4.47169 16.0566
          -0.528312 4.47169 18.9434
          -0.528312 3.02831 18.9434
          -0.528312 3.02831 16.0566
          -0.528312 4.47169 16.0566
          -1.97169 1.97169 18.9434
          -1.97169 0.528312 18.9434
          -1.97169 0.528312 16.0566
          -1.97169 1.97169 16.0566
          -0.528312 1.97169 18.9434
          -0.528312 0.528312 18.9434
          -0.528312 0.528312 16.0566
          -0.528312 1.97169 16.0566
          -1.97169 -0.528312 18.9434
          -1.97169 -1.97169 18.9434
          -1.97169 -1.97169 16.0566
          -1.97169 -0.528312 16.0566
          -0.528312 -0.528312 18.9434
          -0.528312 -1.97169 18.9434
          -0.528312 -1.97169 16.0566
          -0.528312 -0.528312 16.0566
          -1.97169 -3.02831 18.9434
          -1.97169 -4.47169 18.9434
          -1.97169 -4.47169 16.0566
          -1.97169 -3.02831 16.0566
          -0.528312 -3.02831 18.9434
          -0.528312 -4.47169 18.9434
          -0.528312 -4.47169 16.0566
          -0.528312 -3.02831 16.0566
          -1.97169 4.47169 13.9434
          -1.97169 3.02831 13.9434
          -1.97169 3.02831 11.0566
          -1.97169 4.47169 11.0566
          -0.528312 4.47169 13.9434
          -0.528312 3.02831 13.9434
          -0.528312 3.02831 11.0566
          -0.528312 4.47169 11.0566
          -1.97169 1.97169 13.9434
          -1.97169 0.528312 13.9434
          -1.97169 0.528312 11.0566
          -1.97169 1.97169 11.0566
          -0.528312 1.97169 13.9434
          -0.528312 0.528312 13.9434
          -0.528312 0.528312 11.0566
          -0.528312 1.97169 11.0566
          -1.97169 -0.528312 13.9434
          -1.97169 -1.97169 13.9434
          -1.97169 -1.97169 11.0566
          -1.97169 -0.528312 11.0566
          -0.528312 -0.528312 13.9434
          -0.528312 -1.97169 13.9434
          -0.528312 -1.97169 11.0566
          -0.528312 -0.528312 11.0566
          -1.97169 -3.02831 13.9434
          -1.97169 -4.47169 13.9434
          -1.97169 -4.47169 11.0566
          -1.97169 -3.02831 11.0566
          -0.528312 -3.02831 13.9434
          -0.528312 -4.47169 13.9434
          -0.528312 -4.47169 11.0566
          -0.528312 -3.02831 11.0566
          -1.97169 4.47169 8.94338
          -1.97169 3.02831 8.94338
          -1.97169 3.02831 6.05662
          -1.97169 4.47169 6.05662
          -0.528312 4.47169 8.94338
          -0.528312 3.02831 8.94338
          -0.528312 3.02831 6.05662
          -0.528312 4.47169 6.05662
          -1.97169 1.97169 8.94338
          -1.97169 0.528312 8.94338
          -1.97169 0.528312 6.05662
          -1.97169 1.97169 6.05662
          -0.528312 1.97169 8.94338
          -0.528312 0.528312 8.94338
          -0.528312 0.528312 6.05662
          -0.528312 1.97169 6.05662
          -1.97169 -0.528312 8.94338
          -1.97169 -1.97169 8.94338
          -1.97169 -1.97169 6.05662
          -1.97169 -0.528312 6.05662
          -0.528312 -0.528312 8.94338
          -0.528312 -1.97169 8.94338
          -0.528312 -1.97169 6.05662
          -0.528312 -0.528312 6.05662
          -1.97169 -3.02831 8.94338
          -1.97169 -4.47169 8.94338
          -1.97169 -4.47169 6.05662
          -1.97169 -3.02831 6.05662
          -0.528312 -3.02831 8.94338
          -0.528312 -4.47169 8.94338
          -0.528312 -4.47169 6.05662
          -0.528312 -3.02831 6.05662
          -1.97169 4.47169 3.94338
          -1.97169 3.02831 3.94338
          -1.97169 3.02831 1.05662
          -1.97169 4.47169 1.05662
          -0.528312 4.47169 3.94338
          -0.528312 3.02831 3.94338
          -0.528312 3.02831 1.05662
          -0.528312 4.47169 1.05662
          -1.97169 1.97169 3.94338
          -1.97169 0.528312 3.94338
          -1.97169 0.528312 1.05662
          -1.97169 1.97169 1.05662
          -0.528312 1.97169 3.94338
          -0.528312 0.528312 3.94338
          -0.528312 0.528312 1.05662
          -0.528312 1.97169 1.05662
          -1.97169 -0.528312 3.94338
          -1.97169 -1.97169 3.94338
          -1.97169 -1.97169 1.05662
          -1.97169 -0.528312 1.05662
          -0.528312 -0.528312 3.94338
          -0.528312 -1.97169 3.94338
          -0.528312 -1.97169 1.05662
          -0.528312 -0.528312 1.05662
          -1.97169 -3.02831 3.94338
          -1.97169 -4.47169 3.94338
          -1.97169 -4.47169 1.05662
          -1.97169 -3.02831 1.05662
          -0.528312 -3.02831 3.94338
          -0.528312 -4.47169 3.94338
          -0.528312 -4.47169 1.05662
          -0.528312 -3.02831 1.05662
          -4.47169 4.47169 98.9434
          -4.47169 3.02831 98.9434
          -4.47169 3.02831 96.0566
          -4.47169 4.47169 96.0566
          -3.02831 4.47169 98.9434
          -3.02831 3.02831 98.9434
          -3.02831 3.02831 96.0566
          -3.02831 4.47169 96.0566
          -4.47169 1.97169 98.9434
          -4.47169 0.528312 98.9434
          -4.47169 0.528312 96.0566
          -4.47169 1.97169 96.0566
          -3.02831 1.97169 98.9434
          -3.02831 0.528312 98.9434
          -3.02831 0.528312 96.0566
          -3.02831 1.97169 96.0566
          -4.47169 -0.528312 98.9434
          -4.47169 -1.97169 98.9434
          -4.47169 -1.97169 96.0566
          -4.47169 -0.528312 96.0566
          -3.02831 -0.528312 98.9434
          -3.02831 -1.97169 98.9434
          -3.02831 -1.97169 96.0566
          -3.02831 -0.528312 96.0566
          -4.47169 -3.02831 98.9434
          -4.47169 -4.47169 98.9434
          -4.47169 -4.47169 96.0566
          -4.47169 -3.02831 96.0566
          -3.02831 -3.02831 98.9434
          -3.02831 -4.47169 98.9434
          -3.02831 -4.47169 96.0566
          -3.02831 -3.02831 96.0566
          -4.47169 4.47169 93.9434
          -4.47169 3.02831 93.9434
          -4.47169 3.02831 91.0566
          -4.47169 4.47169 91.0566
          -3.02831 4.47169 93.9434
          -3.02831 3.02831 93.9434
          -3.02831 3.02831 91.0566
          -3.02831 4.47169 91.0566
          -4.47169 1.97169 93.9434
          -4.47169 0.528312 93.9434
          -4.47169 0.528312 91.0566
          -4.47169 1.97169 91.0566
          -3.02831 1.97169 93.9434
          -3.02831 0.528312 93.9434
          -3.02831 0.528312 91.0566
          -3.02831 1.97169 91.0566
          -4.47169 -0.528312 93.9434
          -4.47169 -1.97169 93.9434
          -4.47169 -1.97169 91.0566
          -4.47169 -0.528312 91.0566
          -3.02831 -0.528312 93.9434
          -3.02831 -1.97169 93.9434
          -3.02831 -1.97169 91.0566
          -3.02831 -0.528312 91.0566
          -4.47169 -3.02831 93.9434
          -4.47169 -4.47169 93.9434
          -4.47169 -4.47169 91.0566
          -4.47169 -3.02831 91.0566
          -3.02831 -3.02831 93.9434
          -3.02831 -4.47169 93.9434
          -3.02831 -4.47169 91.0566
          -3.02831 -3.02831 91.0566
          -4.47169 4.47169 88.9434
          -4.47169 3.02831 88.9434
          -4.47169 3.02831 86.0566
          -4.47169 4.47169 86.0566
          -3.02831 4.47169 88.9434
          -3.02831 3.02831 88.9434
          -3.02831 3.02831 86.0566
          -3.02831 4.47169 86.0566
          -4.47169 1.97169 88.9434
          -4.47169 0.528312 88.9434
          -4.47169 0.528312 86.0566
          -4.47169 1.97169 86.0566
          -3.02831 1.97169 88.9434
          -3.02831 0.528312 88.9434
          -3.02831 0.528312 86.0566
          -3.02831 1.97169 86.0566
          -4.47169 -0.528312 88.9434
          -4.47169 -1.97169 88.9434
          -4.47169 -1.97169 86.0566
          -4.47169 -0.528312 86.0566
          -3.02831 -0.528312 88.9434
          -3.02831 -1.97169 88.9434
          -3.02831 -1.97169 86.0566
          -3.02831 -0.528312 86.0566
          -4.47169 -3.02831 88.9434
          -4.47169 -4.47169 88.9434
          -4.47169 -4.47169 86.0566
          -4.47169 -3.02831 86.0566
          -3.02831 -3.02831 88.9434
          -3.02831 -4.47169 88.9434
          -3.02831 -4.47169 86.0566
          -3.02831 -3.02831 86.0566
          -4.47169 4.47169 83.9434
          -4.47169 3.02831 83.9434
          -4.47169 3.02831 81.0566
          -4.47169 4.47169 81.0566
          -3.02831 4.47169 83.9434
          -3.02831 3.02831 83.9434
          -3.02831 3.02831 81.0566
          -3.02831 4.47169 81.0566
          -4.47169 1.97169 83.9434
          -4.47169 0.528312 83.9434
          -4.47169 0.528312 81.0566
          -4.47169 1.97169 81.0566
          -3.02831 1.97169 83.9434
          -3.02831 0.528312 83.9434
          -3.02831 0.528312 81.0566
          -3.02831 1.97169 81.0566
          -4.47169 -0.528312 83.9434
          -4.47169 -1.97169 83.9434
          -4.47169 -1.97169 81.0566
          -4.47169 -0.528312 81.0566
          -3.02831 -0.528312 83.9434
          -3.02831 -1.97169 83.9434
          -3.02831 -1.97169 81.0566
          -3.02831 -0.528312 81.0566
          -4.47169 -3.02831 83.9434
          -4.47169 -4.47169 83.9434
          -4.47169 -4.47169 81.0566
          -4.47169 -3.02831 81.0566
          -3.02831 -3.02831 83.9434
          -3.02831 -4.47169 83.9434
          -3.02831 -4.47169 81.0566
          -3.02831 -3.02831 81.0566
          -4.47169 4.47169 78.9434
          -4.47169 3.02831 78.9434
          -4.47169 3.02831 76.0566
          -4.47169 4.47169 76.0566
          -3.02831 4.47169 78.9434
          -3.02831 3.02831 78.9434
          -3.02831 3.02831 76.0566
          -3.02831 4.47169 76.0566
          -4.47169 1.97169 78.9434
          -4.47169 0.528312 78.9434
          -4.47169 0.528312 76.0566
          -4.47169 1.97169 76.0566
          -3.02831 1.97169 78.9434
          -3.02831 0.528312 78.9434
          -3.02831 0.528312 76.0566
          -3.02831 1.97169 76.0566
          -4.47169 -0.528312 78.9434
          -4.47169 -1.97169 78.9434
          -4.47169 -1.97169 76.0566
          -4.47169 -0.528312 76.0566
          -3.02831 -0.528312 78.9434
          -3.02831 -1.97169 78.9434
          -3.02831 -1.97169 76.0566
          -3.02831 -0.528312 76.0566
          -4.47169 -3.02831 78.9434
          -4.47169 -4.47169 78.9434
          -4.47169 -4.47169 76.0566
          -4.47169 -3.02831 76.0566
          -3.02831 -3.02831 78.9434
          -3.02831 -4.47169 78.9434
          -3.02831 -4.47169 76.0566
          -3.02831 -3.02831 76.0566
          -4.47169 4.47169 73.9434
          -4.47169 3.02831 73.9434
          -4.47169 3.02831 71.0566
          -4.47169 4.47169 71.0566
          -3.02831 4.47169 73.9434
          -3.02831 3.02831 73.9434
          -3.02831 3.02831 71.0566
          -3.02831 4.47169 71.0566
          -4.47169 1.97169 73.9434
          -4.47169 0.528312 73.9434
          -4.47169 0.528312 71.0566
          -4.47169 1.97169 71.0566
          -3.02831 1.97169 73.9434
          -3.02831 0.528312 73.9434
          -3.02831 0.528312 71.0566
          -3.02831 1.97169 71.0566
          -4.47169 -0.528312 73.9434
          -4.47169 -1.97169 73.9434
          -4.47169 -1.97169 71.0566
          -4.47169 -0.528312 71.0566
          -3.02831 -0.528312 73.9434
          -3.02831 -1.97169 73.9434
          -3.02831 -1.97169 71.0566
          -3.02831 -0.528312 71.0566
          -4.47169 -3.02831 73.9434
          -4.47169 -4.47169 73.9434
          -4.47169 -4.47169 71.0566
          -4.47169 -3.02831 71.0566
          -3.02831 -3.02831 73.9434
          -3.02831 -4.47169 73.9434
          -3.02831 -4.47169 71.0566
          -3.02831 -3.02831 71.0566
          -4.47169 4.47169 68.9434
          -4.47169 3.02831 68.9434
          -4.47169 3.02831 66.0566
          -4.47169 4.47169 66.0566
          -3.02831 4.47169 68.9434
          -3.02831 3.02831 68.9434
          -3.02831 3.02831 66.0566
          -3.02831 4.47169 66.0566
          -4.47169 1.97169 68.9434
          -4.47169 0.528312 68.9434
          -4.47169 0.528312 66.0566
          -4.47169 1.97169 66.0566
          -3.02831 1.97169 68.9434
          -3.02831 0.528312 68.9434
          -3.02831 0.528312 66.0566
          -3.02831 1.97169 66.0566
          -4.47169 -0.528312 68.9434
          -4.47169 -1.97169 68.9434
          -4.47169 -1.97169 66.0566
          -4.47169 -0.528312 66.0566
          -3.02831 -0.528312 68.9434
          -3.02831 -1.97169 68.9434
          -3.02831 -1.97169 66.0566
          -3.02831 -0.528312 66.0566
          -4.47169 -3.02831 68.9434
          -4.47169 -4.47169 68.9434
          -4.47169 -4.47169 66.0566
          -4.47169 -3.02831 66.0566
          -3.02831 -3.02831 68.9434
          -3.02831 -4.47169 68.9434
          -3.02831 -4.47169 66.0566
          -3.02831 -3.02831 66.0566
          -4.47169 4.47169 63.9434
          -4.47169 3.02831 63.9434
          -4.47169 3.02831 61.0566
          -4.47169 4.47169 61.0566
          -3.02831 4.47169 63.9434
          -3.02831 3.02831 63.9434
          -3.02831 3.02831 61.0566
          -3.02831 4.47169 61.0566
          -4.47169 1.97169 63.9434
          -4.47169 0.528312 63.9434
          -4.47169 0.528312 61.0566
          -4.47169 1.97169 61.0566
          -3.02831 1.97169 63.9434
          -3.02831 0.528312 63.9434
          -3.02831 0.528312 61.0566
          -3.02831 1.97169 61.0566
          -4.47169 -0.528312 63.9434
          -4.47169 -1.97169 63.9434
          -4.47169 -1.97169 61.0566
          -4.47169 -0.528312 61.0566
          -3.02831 -0.528312 63.9434
          -3.02831 -1.97169 63.9434
          -3.02831 -1.97169 61.0566
          -3.02831 -0.528312 61.0566
          -4.47169 -3.02831 63.9434
          -4.47169 -4.47169 63.9434
          -4.47169 -4.47169 61.0566
          -4.47169 -3.02831 61.0566
          -3.02831 -3.02831 63.9434
          -3.02831 -4.47169 63.9434
          -3.02831 -4.47169 61.0566
          -3.02831 -3.02831 61.0566
          -4.47169 4.47169 58.9434
          -4.47169 3.02831 58.9434
          -4.47169 3.02831 56.0566
          -4.47169 4.47169 56.0566
          -3.02831 4.47169 58.9434
          -3.02831 3.02831 58.9434
          -3.02831 3.02831 56.0566
          -3.02831 4.47169 56.0566
          -4.47169 1.97169 58.9434
          -4.47169 0.528312 58.9434
          -4.47169 0.528312 56.0566
          -4.47169 1.97169 56.0566
          -3.02831 1.97169 58.9434
          -3.02831 0.528312 58.9434
          -3.02831 0.528312 56.0566
          -3.02831 1.97169 56.0566
          -4.47169 -0.528312 58.9434
          -4.47169 -1.97169 58.9434
          -4.47169 -1.97169 56.0566
          -4.47169 -0.528312 56.0566
          -3.02831 -0.528312 58.9434
          -3.02831 -1.97169 58.9434
          -3.02831 -1.97169 56.0566
          -3.02831 -0.528312 56.0566
          -4.47169 -3.02831 58.9434
          -4.47169 -4.47169 58.9434
          -4.47169 -4.47169 56.0566
          -4.47169 -3.02831 56.0566
          -3.02831 -3.02831 58.9434
          -3.02831 -4.47169 58.9434
          -3.02831 -4.47169 56.0566
          -3.02831 -3.02831 56.0566
          -4.47169 4.47169 53.9434
          -4.47169 3.02831 53.9434
          -4.47169 3.02831 51.0566
          -4.47169 4.47169 51.0566
          -3.02831 4.47169 53.9434
          -3.02831 3.02831 53.9434
          -3.02831 3.02831 51.0566
          -3.02831 4.47169 51.0566
          -4.47169 1.97169 53.9434
          -4.47169 0.528312 53.9434
          -4.47169 0.528312 51.0566
          -4.47169 1.97169 51.0566
          -3.02831 1.97169 53.9434
          -3.02831 0.528312 53.9434
          -3.02831 0.528312 51.0566
          -3.02831 1.97169 51.0566
          -4.47169 -0.528312 53.9434
          -4.47169 -1.97169 53.9434
          -4.47169 -1.97169 51.0566
          -4.47169 -0.528312 51.0566
          -3.02831 -0.528312 53.9434
          -3.02831 -1.97169 53.9434
          -3.02831 -1.97169 51.0566
          -3.02831 -0.528312 51.0566
          -4.47169 -3.02831 53.9434
          -4.47169 -4.47169 53.9434
          -4.47169 -4.47169 51.0566
          -4.47169 -3.02831 51.0566
          -3.02831 -3.02831 53.9434
          -3.02831 -4.47169 53.9434
          -3.02831 -4.47169 51.0566
          -3.02831 -3.02831 51.0566
          -4.47169 4.47169 48.9434
          -4.47169 3.02831 48.9434
          -4.47169 3.02831 46.0566
          -4.47169 4.47169 46.0566
          -3.02831 4.47169 48.9434
          -3.02831 3.02831 48.9434
          -3.02831 3.02831 46.0566
          -3.02831 4.47169 46.0566
          -4.47169 1.97169 48.9434
          -4.47169 0.528312 48.9434
          -4.47169 0.528312 46.0566
          -4.47169 1.97169 46.0566
          -3.02831 1.97169 48.9434
          -3.02831 0.528312 48.9434
          -3.02831 0.528312 46.0566
          -3.02831 1.97169 46.0566
          -4.47169 -0.528312 48.9434
          -4.47169 -1.97169 48.9434
          -4.47169 -1.97169 46.0566
          -4.47169 -0.528312 46.0566
          -3.02831 -0.528312 48.9434
          -3.02831 -1.97169 48.9434
          -3.02831 -1.97169 46.0566
          -3.02831 -0.528312 46.0566
          -4.47169 -3.02831 48.9434
          -4.47169 -4.47169 48.9434
          -4.47169 -4.47169 46.0566
          -4.47169 -3.02831 46.0566
          -3.02831 -3.02831 48.9434
          -3.02831 -4.47169 48.9434
          -3.02831 -4.47169 46.0566
          -3.02831 -3.02831 46.0566
          -4.47169 4.47169 43.9434
          -4.47169 3.02831 43.9434
          -4.47169 3.02831 41.0566
          -4.47169 4.47169 41.0566
          -3.02831 4.47169 43.9434
          -3.02831 3.02831 43.9434
          -3.02831 3.02831 41.0566
          -3.02831 4.47169 41.0566
          -4.47169 1.97169 43.9434
          -4.47169 0.528312 43.9434
          -4.47169 0.528312 41.0566
          -4.47169 1.97169 41.0566
          -3.02831 1.97169 43.9434
          -3.02831 0.528312 43.9434
          -3.02831 0.528312 41.0566
          -3.02831 1.97169 41.0566
          -4.47169 -0.528312 43.9434
          -4.47169 -1.97169 43.9434
          -4.47169 -1.97169 41.0566
          -4.47169 -0.528312 41.0566
          -3.02831 -0.528312 43.9434
          -3.02831 -1.97169 43.9434
          -3.02831 -1.97169 41.0566
          -3.02831 -0.528312 41.0566
          -4.47169 -3.02831 43.9434
          -4.47169 -4.47169 43.9434
          -4.47169 -4.47169 41.0566
          -4.47169 -3.02831 41.0566
          -3.02831 -3.02831 43.9434
          -3.02831 -4.47169 43.9434
          -3.02831 -4.47169 41.0566
          -3.02831 -3.02831 41.0566
          -4.47169 4.47169 38.9434
          -4.47169 3.02831 38.9434
          -4.47169 3.02831 36.0566
          -4.47169 4.47169 36.0566
          -3.02831 4.47169 38.9434
          -3.02831 3.02831 38.9434
          -3.02831 3.02831 36.0566
          -3.02831 4.47169 36.0566
          -4.47169 1.97169 38.9434
          -4.47169 0.528312 38.9434
          -4.47169 0.528312 36.0566
          -4.47169 1.97169 36.0566
          -3.02831 1.97169 38.9434
          -3.02831 0.528312 38.9434
          -3.02831 0.528312 36.0566
          -3.02831 1.97169 36.0566
          -4.47169 -0.528312 38.9434
          -4.47169 -1.97169 38.9434
          -4.47169 -1.97169 36.0566
          -4.47169 -0.528312 36.0566
          -3.02831 -0.528312 38.9434
          -3.02831 -1.97169 38.9434
          -3.02831 -1.97169 36.0566
          -3.02831 -0.528312 36.0566
          -4.47169 -3.02831 38.9434
          -4.47169 -4.47169 38.9434
          -4.47169 -4.47169 36.0566
          -4.47169 -3.02831 36.0566
          -3.02831 -3.02831 38.9434
          -3.02831 -4.47169 38.9434
          -3.02831 -4.47169 36.0566
          -3.02831 -3.02831 36.0566
          -4.47169 4.47169 33.9434
          -4.47169 3.02831 33.9434
          -4.47169 3.02831 31.0566
          -4.47169 4.47169 31.0566
          -3.02831 4.47169 33.9434
          -3.02831 3.02831 33.9434
          -3.02831 3.02831 31.0566
          -3.02831 4.47169 31.0566
          -4.47169 1.97169 33.9434
          -4.47169 0.528312 33.9434
          -4.47169 0.528312 31.0566
          -4.47169 1.97169 31.0566
          -3.02831 1.97169 33.9434
          -3.02831 0.528312 33.9434
          -3.02831 0.528312 31.0566
          -3.02831 1.97169 31.0566
          -4.47169 -0.528312 33.9434
          -4.47169 -1.97169 33.9434
          -4.47169 -1.97169 31.0566
          -4.47169 -0.528312 31.0566
          -3.02831 -0.528312 33.9434
          -3.02831 -1.97169 33.9434
          -3.02831 -1.97169 31.0566
          -3.02831 -0.528312 31.0566
          -4.47169 -3.02831 33.9434
          -4.47169 -4.47169 33.9434
          -4.47169 -4.47169 31.0566
          -4.47169 -3.02831 31.0566
          -3.02831 -3.02831 33.9434
          -3.02831 -4.47169 33.9434
          -3.02831 -4.47169 31.0566
          -3.02831 -3.02831 31.0566
          -4.47169 4.47169 28.9434
          -4.47169 3.02831 28.9434
          -4.47169 3.02831 26.0566
          -4.47169 4.47169 26.0566
          -3.02831 4.47169 28.9434
          -3.02831 3.02831 28.9434
          -3.02831 3.02831 26.0566
          -3.02831 4.47169 26.0566
          -4.47169 1.97169 28.9434
          -4.47169 0.528312 28.9434
          -4.47169 0.528312 26.0566
          -4.47169 1.97169 26.0566
          -3.02831 1.97169 28.9434
          -3.02831 0.528312 28.9434
          -3.02831 0.528312 26.0566
          -3.02831 1.97169 26.0566
          -4.47169 -0.528312 28.9434
          -4.47169 -1.97169 28.9434
          -4.47169 -1.97169 26.0566
          -4.47169 -0.528312 26.0566
          -3.02831 -0.528312 28.9434
          -3.02831 -1.97169 28.9434
          -3.02831 -1.97169 26.0566
          -3.02831 -0.528312 26.0566
          -4.47169 -3.02831 28.9434
          -4.47169 -4.47169 28.9434
          -4.47169 -4.47169 26.0566
          -4.47169 -3.02831 26.0566
          -3.02831 -3.02831 28.9434
          -3.02831 -4.47169 28.9434
          -3.02831 -4.47169 26.0566
          -3.02831 -3.02831 26.0566
          -4.47169 4.47169 23.9434
          -4.47169 3.02831 23.9434
          -4.47169 3.02831 21.0566
          -4.47169 4.47169 21.0566
          -3.02831 4.47169 23.9434
          -3.02831 3.02831 23.9434
          -3.02831 3.02831 21.0566
          -3.02831 4.47169 21.0566
          -4.47169 1.97169 23.9434
          -4.47169 0.528312 23.9434
          -4.47169 0.528312 21.0566
          -4.47169 1.97169 21.0566
          -3.02831 1.97169 23.9434
          -3.02831 0.528312 23.9434
          -3.02831 0.528312 21.0566
          -3.02831 1.97169 21.0566
          -4.47169 -0.528312 23.9434
          -4.47169 -1.97169 23.9434
          -4.47169 -1.97169 21.0566
          -4.47169 -0.528312 21.0566
          -3.02831 -0.528312 23.9434
          -3.02831 -1.97169 23.9434
          -3.02831 -1.97169 21.0566
          -3.02831 -0.528312 21.0566
          -4.47169 -3.02831 23.9434
          -4.47169 -4.47169 23.9434
          -4.47169 -4.47169 21.0566
          -4.47169 -3.02831 21.0566
          -3.02831 -3.02831 23.9434
          -3.02831 -4.47169 23.9434
          -3.02831 -4.47169 21.0566
          -3.02831 -3.02831 21.0566
          -4.47169 4.47169 18.9434
          -4.47169 3.02831 18.9434
          -4.47169 3.02831 16.0566
          -4.47169 4.47169 16.0566
          -3.02831 4.47169 18.9434
          -3.02831 3.02831 18.9434
          -3.02831 3.02831 16.0566
          -3.02831 4.47169 16.0566
          -4.47169 1.97169 18.9434
          -4.47169 0.528312 18.9434
          -4.47169 0.528312 16.0566
          -4.47169 1.97169 16.0566
          -3.02831 1.97169 18.9434
          -3.02831 0.528312 18.9434
          -3.02831 0.528312 16.0566
          -3.02831 1.97169 16.0566
          -4.47169 -0.528312 18.9434
          -4.47169 -1.97169 18.9434
          -4.47169 -1.97169 16.0566
          -4.47169 -0.528312 16.0566
          -3.02831 -0.528312 18.9434
          -3.02831 -1.97169 18.9434
          -3.02831 -1.97169 16.0566
          -3.02831 -0.528312 16.0566
          -4.47169 -3.02831 18.9434
          -4.47169 -4.47169 18.9434
          -4.47169 -4.47169 16.0566
          -4.47169 -3.02831 16.0566
          -3.02831 -3.02831 18.9434
          -3.02831 -4.47169 18.9434
          -3.02831 -4.47169 16.0566
          -3.02831 -3.02831 16.0566
          -4.47169 4.47169 13.9434
          -4.47169 3.02831 13.9434
          -4.47169 3.02831 11.0566
          -4.47169 4.47169 11.0566
          -3.02831 4.47169 13.9434
          -3.02831 3.02831 13.9434
          -3.02831 3.02831 11.0566
          -3.02831 4.47169 11.0566
          -4.47169 1.97169 13.9434
          -4.47169 0.528312 13.9434
          -4.47169 0.528312 11.0566
          -4.47169 1.97169 11.0566
          -3.02831 1.97169 13.9434
          -3.02831 0.528312 13.9434
          -3.02831 0.528312 11.0566
          -3.02831 1.97169 11.0566
          -4.47169 -0.528312 13.9434
          -4.47169 -1.97169 13.9434
          -4.47169 -1.97169 11.0566
          -4.47169 -0.528312 11.0566
          -3.02831 -0.528312 13.9434
          -3.02831 -1.97169 13.9434
          -3.02831 -1.97169 11.0566
          -3.02831 -0.528312 11.0566
          -4.47169 -3.02831 13.9434
          -4.47169 -4.47169 13.9434
          -4.47169 -4.47169 11.0566
          -4.47169 -3.02831 11.0566
          -3.02831 -3.02831 13.9434
          -3.02831 -4.47169 13.9434
          -3.02831 -4.47169 11.0566
          -3.02831 -3.02831 11.0566
          -4.47169 4.47169 8.94338
          -4.47169 3.02831 8.94338
          -4.47169 3.02831 6.05662
          -4.47169 4.47169 6.05662
          -3.02831 4.47169 8.94338
          -3.02831 3.02831 8.94338
          -3.02831 3.02831 6.05662
          -3.02831 4.47169 6.05662
          -4.47169 1.97169 8.94338
          -4.47169 0.528312 8.94338
          -4.47169 0.528312 6.05662
          -4.47169 1.97169 6.05662
          -3.02831 1.97169 8.94338
          -3.02831 0.528312 8.94338
          -3.02831 0.528312 6.05662
          -3.02831 1.97169 6.05662
          -4.47169 -0.528312 8.94338
          -4.47169 -1.97169 8.94338
          -4.47169 -1.97169 6.05662
          -4.47169 -0.528312 6.05662
          -3.02831 -0.528312 8.94338
          -3.02831 -1.97169 8.94338
          -3.02831 -1.97169 6.05662
          -3.02831 -0.528312 6.05662
          -4.47169 -3.02831 8.94338
          -4.47169 -4.47169 8.94338
          -4.47169 -4.47169 6.05662
          -4.47169 -3.02831 6.05662
          -3.02831 -3.02831 8.94338
          -3.02831 -4.47169 8.94338
          -3.02831 -4.47169 6.05662
          -3.02831 -3.02831 6.05662
          -4.47169 4.47169 3.94338
          -4.47169 3.02831 3.94338
          -4.47169 3.02831 1.05662
          -4.47169 4.47169 1.05662
          -3.02831 4.47169 3.94338
          -3.02831 3.02831 3.94338
          -3.02831 3.02831 1.05662
          -3.02831 4.47169 1.05662
          -4.47169 1.97169 3.94338
          -4.47169 0.528312 3.94338
          -4.47169 0.528312 1.05662
          -4.47169 1.97169 1.05662
          -3.02831 1.97169 3.94338
          -3.02831 0.528312 3.94338
          -3.02831 0.528312 1.05662
          -3.02831 1.97169 1.05662
          -4.47169 -0.528312 3.94338
          -4.47169 -1.97169 3.94338
          -4.47169 -1.97169 1.05662
          -4.47169 -0.528312 1.05662
          -3.02831 -0.528312 3.94338
          -3.02831 -1.97169 3.94338
          -3.02831 -1.97169 1.05662
          -3.02831 -0.528312 1.05662
          -4.47169 -3.02831 3.94338
          -4.47169 -4.47169 3.94338
          -4.47169 -4.47169 1.05662
          -4.47169 -3.02831 1.05662
          -3.02831 -3.02831 3.94338
          -3.02831 -4.47169 3.94338
          -3.02831 -4.47169 1.05662
          -3.02831 -3.02831 1.05662
        </DataArray>
      </Points>
      <Cells>
        <DataArray type="Int32" Name="connectivity" format="ascii">
          0
          1
          2
          3
          4
          5
          6
          7
          8
          9
          10
          11
          12
          13
          14
          15
          16
          17
          18
          19
          20
          21
          22
          23
          24
          25
          26
          27
          28
          29
          30
          31
          32
          33
          34
          35
          36
          37
          38
          39
          40
          41
          42
          43
          44
          45
          46
          47
          48
          49
          50
          51
          52
          53
          54
          55
          56
          57
          58
          59
          60
          61
          62
          63
          64
          65
          66
          67
          68
          69
          70
          71
          72
          73
          74
          75
          76
          77
          78
          79
          80
          81
          82
          83
          84
          85
          86
          87
          88
          89
          90
          91
          92
          93
          94
          95
          96
          97
          98
          99
          100
          101
          102
          103
          104
          105
          106
          107
          108
          109
          110
          111
          112
          113
          114
          115
          116
          117
          118
          119
          120
          121
          122
          123
          124
          125
          126
          127
          128
          129
          130
          131
          132
          133
          134
          135
          136
          137
          138
          139
          140
          141
          142
          143
          144
          145
          146
          147
          148
          149
          150
          151
          152
          153
          154
          155
          156
          157
          158
          159
          160
          161
          162
          163
          164
          165
          166
          167
          168
          169
          170
          171
          172
          173
          174
          175
          176
          177
          178
          179
          180
          181
          182
          183
          184
          185
          186
          187
          188
          189
          190
          191
          192
          193
          194
          195
          196
          197
          198
          199
          200
          201
          202
          203
          204
          205
          206
          207
          208
          209
          210
          211
          212
          213
          214
          215
          216
          217
          218
          219
          220
          221
          222
          223
          224
          225
          226
          227
          228
          229
          230
          231
          232
          233
          234
          235
          236
          237
          238
          239
          240
          241
          242
          243
          244
          245
          246
          247
          248
          249
          250
          251
          252
          253
          254
          255
          256
          257
          258
          259
          260
          261
          262
          263
          264
          265
          266
          267
          268
          269
          270
          271
          272
          273
          274
          275
          276
          277
          278
          279
          280
          281
          282
          283
          284
          285
          286
          287
          288
          289
          290
          291
          292
          293
          294
          295
          296
          297
          298
          299
          300
          301
          302
          303
          304
          305
          306
          307
          308
          309
          310
          311
          312
          313
          314
          315
          316
          317
          318
          319
          320
          321
          322
          323
          324
          325
          326
          327
          328
          329
          330
          331
          332
          333
          334
          335
          336
          337
          338
          339
          340
          341
          342
          343
          344
          345
          346
          347
          348
          349
          350
          351
          352
          353
          354
          355
          356
          357
          358
          359
          360
          361
          362
          363
          364
          365
          366
          367
          368
          369
          370
          371
          372
          373
          374
          375
          376
          377
          378
          379
          380
          381
          382
          383
          384
          385
          386
          387
          388
          389
          390
          391
          392
          393
          394
          395
          396
          397
          398
          399
          400
          401
          402
          403
          404
          405
          406
          407
          408
          409
          410
          411
          412
          413
          414
          415
          416
          417
          418
          419
          420
          421
          422
          423
          424
          425
          426
          427
          428
          429
          430
          431
          432
          433
          434
          435
          436
          437
          438
          439
          440
          441
          442
          443
          444
          445
          446
          447
          448
          449
          450
          451
          452
          453
          454
          455
          456
          457
          458
          459
          460
          461
          462
          463
          464
          465
          466
          467
          468
          469
          470
          471
          472
          473
          474
          475
          476
          477
          478
          479
          480
          481
          482
          483
          484
          485
          486
          487
          488
          489
          490
          491
          492
          493
          494
          495
          496
          497
          498
          499
          500
          501
          502
          503
          504
          505
          506
          507
          508
          509
          510
          511
          512
          513
          514
          515
          516
          517
          518
          519
          520
          521
          522
          523
          524
          525
          526
          527
          528
          529
          530
          531
          532
          533
          534
          535
          536
          537
          538
          539
          540
          541
          542
          543
          544
          545
          546
          547
          548
          549
          550
          551
          552
          553
          554
          555
          556
          557
          558
          559
          560
          561
          562
          563
          564
          565
          566
          567
          568
          569
          570
          571
          572
          573
          574
          575
          576
          577
          578
          579
          580
          581
          582
          583
          584
          585
          586
          587
          588
          589
          590
          591
          592
          593
          594
          595
          596
          597
          598
          599
          600
          601
          602
          603
          604
          605
          606
          607
          608
          609
          610
          611
          612
          613
          614
          615
          616
          617
          618
          619
          620
          621
          622
          623
          624
          625
          626
          627
          628
          629
          630
          631
          632
          633
          634
          635
          636
          637
          638
          639
          640
          641
          642
          643
          644
          645
          646
          647
          648
          649
          650
          651
          652
          653
          654
          655
          656
          657
          658
          659
          660
          661
          662
          663
          664
          665
          666
          667
          668
          669
          670
          671
          672
          673
          674
          675
          676
          677
          678
          679
          680
          681
          682
          683
          684
          685
          686
          687
          688
          689
          690
          691
          692
          693
          694
          695
          696
          697
          698
          699
          700
          701
          702
          703
          704
          705
          706
          707
          708
          709
          710
          711
          712
          713
          714
          715
          716
          717
          718
          719
          720
          721
          722
          723
          724
          725
          726
          727
          728
          729
          730
          731
          732
          733
          734
          735
          736
          737
          738
          739
          740
          741
          742
          743
          744
          745
          746
          747
          748
          749
          750
          751
          752
          753
          754
          755
          756
          757
          758
          759
          760
          761
          762
          763
          764
          765
          766
          767
          768
          769
          770
          771
          772
          773
          774
          775
          776
          777
          778
          779
          780
          781
          782
          783
          784
          785
          786
          787
          788
          789
          790
          791
          792
          793
          794
          795
          796
          797
          798
          799
          800
          801
          802
          803
          804
          805
          806
          807
          808
          809
          810
          811
          812
          813
          814
          815
          816
          817
          818
          819
          820
          821
          822
          823
          824
          825
          826
          827
          828
          829
          830
          831
          832
          833
          834
          835
          836
          837
          838
          839
          840
          841
          842
          843
          844
          845
          846
          847
          848
          849
          850
          851
          852
          853
          854
          855
          856
          857
          858
          859
          860
          861
          862
          863
          864
          865
          866
          867
          868
          869
          870
          871
          872
          873
          874
          875
          876
          877
          878
          879
          880
          881
          882
          883
          884
          885
          886
          887
          888
          889
          890
          891
          892
          893
          894
          895
          896
          897
          898
          899
          900
          901
          902
          903
          904
          905
          906
          907
          908
          909
          910
          911
          912
          913
          914
          915
          916
          917
          918
          919
          920
          921
          922
          923
          924
          925
          926
          927
          928
          929
          930
          931
          932
          933
          934
          935
          936
          937
          938
          939
          940
          941
          942
          943
          944
          945
          946
          947
          948
          949
          950
          951
          952
          953
          954
          955
          956
          957
          958
          959
          960
          961
          962
          963
          964
          965
          966
          967
          968
          969
          970
          971
          972
          973
          974
          975
          976
          977
          978
          979
          980
          981
          982
          983
          984
          985
          986
          987
          988
          989
          990
          991
          992
          993
          994
          995
          996
          997
          998
          999
          1000
          1001
          1002
          1003
          1004
          1005
          1006
          1007
          1008
          1009
          1010
          1011
          1012
          1013
          1014
          1015
          1016
          1017
          1018
          1019
          1020
          1021
          1022
          1023
          1024
          1025
          1026
          1027
          1028
          1029
          1030
          1031
          1032
          1033
          1034
          1035
          1036
          1037
          1038
          1039
          1040
          1041
          1042
          1043
          1044
          1045
          1046
          1047
          1048
          1049
          1050
          1051
          1052
          1053
          1054
          1055
          1056
          1057
          1058
          1059
          1060
          1061
          1062
          1063
          1064
          1065
          1066
          1067
          1068
          1069
          1070
          1071
          1072
          1073
          1074
          1075
          1076
          1077
          1078
          1079
          1080
          1081
          1082
          1083
          1084
          1085
          1086
          1087
          1088
          1089
          1090
          1091
          1092
          1093
          1094
          1095
          1096
          1097
          1098
          1099
          1100
          1101
          1102
          1103
          1104
          1105
          1106
          1107
          1108
          1109
          1110
          1111
          1112
          1113
          1114
          1115
          1116
          1117
          1118
          1119
          1120
          1121
          1122
          1123
          1124
          1125
          1126
          1127
          1128
          1129
          1130
          1131
          1132
          1133
          1134
          1135
          1136
          1137
          1138
          1139
          1140
          1141
          1142
          1143
          1144
          1145
          1146
          1147
          1148
          1149
          1150
          1151
          1152
          1153
          1154
          1155
          1156
          1157
          1158
          1159
          1160
          1161
          1162
          1163
          1164
          1165
          1166
          1167
          1168
          1169
          1170
          1171
          1172
          1173
          1174
          1175
          1176
          1177
          1178
          1179
          1180
          1181
          1182
          1183
          1184
          1185
          1186
          1187
          1188
          1189
          1190
          1191
          1192
          1193
          1194
          1195
          1196
          1197
          1198
          1199
          1200
          1201
          1202
          1203
          1204
          1205
          1206
          1207
          1208
          1209
          1210
          1211
          1212
          1213
          1214
          1215
          1216
          1217
          1218
          1219
          1220
          1221
          1222
          1223
          1224
          1225
          1226
          1227
          1228
          1229
          1230
          1231
          1232
          1233
          1234
          1235
          1236
          1237
          1238
          1239
          1240
          1241
          1242
          1243
          1244
          1245
          1246
          1247
          1248
          1249
          1250
          1251
          1252
          1253
          1254
          1255
          1256
          1257
          1258
          1259
          1260
          1261
          1262
          1263
          1264
          1265
          1266
          1267
          1268
          1269
          1270
          1271
          1272
          1273
          1274
          1275
          1276
          1277
          1278
          1279
          1280
          1281
          1282
          1283
          1284
          1285
          1286
          1287
          1288
          1289
          1290
          1291
          1292
          1293
          1294
          1295
          1296
          1297
          1298
          1299
          1300
          1301
          1302
          1303
          1304
          1305
          1306
          1307
          1308
          1309
          1310
          1311
          1312
          1313
          1314
          1315
          1316
          1317
          1318
          1319
          1320
          1321
          1322
          1323
          1324
          1325
          1326
          1327
          1328
          1329
          1330
          1331
          1332
          1333
          1334
          1335
          1336
          1337
          1338
          1339
          1340
          1341
          1342
          1343
          1344
          1345
          1346
          1347
          1348
          1349
          1350
          1351
          1352
          1353
          1354
          1355
          1356
          1357
          1358
          1359
          1360
          1361
          1362
          1363
          1364
          1365
          1366
          1367
          1368
          1369
          1370
          1371
          1372
          1373
          1374
          1375
          1376
          1377
          1378
          1379
          1380
          1381
          1382
          1383
          1384
          1385
          1386
          1387
          1388
          1389
          1390
          1391
          1392
          1393
          1394
          1395
          1396
          1397
          1398
          1399
          1400
          1401
          1402
          1403
          1404
          1405
          1406
          1407
          1408
          1409
          1410
          1411
          1412
          1413
          1414
          1415
          1416
          1417
          1418
          1419
          1420
          1421
          1422
          1423
          1424
          1425
          1426
          1427
          1428
          1429
          1430
          1431
          1432
          1433
          1434
          1435
          1436
          1437
          1438
          1439
          1440
          1441
          1442
          1443
          1444
          1445
          1446
          1447
          1448
          1449
          1450
          1451
          1452
          1453
          1454
          1455
          1456
          1457
          1458
          1459
          1460
          1461
          1462
          1463
          1464
          1465
          1466
          1467
          1468
          1469
          1470
          1471
          1472
          1473
          1474
          1475
          1476
          1477
          1478
          1479
          1480
          1481
          1482
          1483
          1484
          1485
          1486
          1487
          1488
          1489
          1490
          1491
          1492
          1493
          1494
          1495
          1496
          1497
          1498
          1499
          1500
          1501
          1502
          1503
          1504
          1505
          1506
          1507
          1508
          1509
          1510
          1511
          1512
          1513
          1514
          1515
          1516
          1517
          1518
          1519
          1520
          1521
          1522
          1523
          1524
          1525
          1526
          1527
          1528
          1529
          1530
          1531
          1532
          1533
          1534
          1535
          1536
          1537
          1538
          1539
          1540
          1541
          1542
          1543
          1544
          1545
          1546
          1547
          1548
          1549
          1550
          1551
          1552
          1553
          1554
          1555
          1556
          1557
          1558
          1559
          1560
          1561
          1562
          1563
          1564
          1565
          1566
          1567
          1568
          1569
          1570
          1571
          1572
          1573
          1574
          1575
          1576
          1577
          1578
          1579
          1580
          1581
          1582
          1583
          1584
          1585
          1586
          1587
          1588
          1589
          1590
          1591
          1592
          1593
          1594
          1595
          1596
          1597
          1598
          1599
          1600
          1601
          1602
          1603
          1604
          1605
          1606
          1607
          1608
          1609
          1610
          1611
          1612
          1613
          1614
          1615
          1616
          1617
          1618
          1619
          1620
          1621
          1622
          1623
          1624
          1625
          1626
          1627
          1628
          1629
          1630
          1631
          1632
          1633
          1634
          1635
          1636
          1637
          1638
          1639
          1640
          1641
          1642
          1643
          1644
          1645
          1646
          1647
          1648
          1649
          1650
          1651
          1652
          1653
          1654
          1655
          1656
          1657
          1658
          1659
          1660
          1661
          1662
          1663
          1664
          1665
          1666
          1667
          1668
          1669
          1670
          1671
          1672
          1673
          1674
          1675
          1676
          1677
          1678
          1679
          1680
          1681
          1682
          1683
          1684
          1685
          1686
          1687
          1688
          1689
          1690
          1691
          1692
          1693
          1694
          1695
          1696
          1697
          1698
          1699
          1700
          1701
          1702
          1703
          1704
          1705
          1706
          1707
          1708
          1709
          1710
          1711
          1712
          1713
          1714
          1715
          1716
          1717
          1718
          1719
          1720
          1721
          1722
          1723
          1724
          1725
          1726
          1727
          1728
          1729
          1730
          1731
          1732
          1733
          1734
          1735
          1736
          1737
          1738
          1739
          1740
          1741
          1742
          1743
          1744
          1745
          1746
          1747
          1748
          1749
          1750
          1751
          1752
          1753
          1754
          1755
          1756
          1757
          1758
          1759
          1760
          1761
          1762
          1763
          1764
          1765
          1766
          1767
          1768
          1769
          1770
          1771
          1772
          1773
          1774
          1775
          1776
          1777
          1778
          1779
          1780
          1781
          1782
          1783
          1784
          1785
          1786
          1787
          1788
          1789
          1790
          1791
          1792
          1793
          1794
          1795
          1796
          1797
          1798
          1799
          1800
          1801
          1802
          1803
          1804
          1805
          1806
          1807
          1808
          1809
          1810
          1811
          1812
          1813
          1814
          1815
          1816
          1817
          1818
          1819
          1820
          1821
          1822
          1823
          1824
          1825
          1826
          1827
          1828
          1829
          1830
          1831
          1832
          1833
          1834
          1835
          1836
          1837
          1838
          1839
          1840
          1841
          1842
          1843
          1844
          1845
          1846
          1847
          1848
          1849
          1850
          1851
          1852
          1853
          1854
          1855
          1856
          1857
          1858
          1859
          1860
          1861
          1862
          1863
          1864
          1865
          1866
          1867
          1868
          1869
          1870
          1871
          1872
          1873
          1874
          1875
          1876
          1877
          1878
          1879
          1880
          1881
          1882
          1883
          1884
          1885
          1886
          1887
          1888
          1889
          1890
          1891
          1892
          1893
          1894
          1895
          1896
          1897
          1898
          1899
          1900
          1901
          1902
          1903
          1904
          1905
          1906
          1907
          1908
          1909
          1910
          1911
          1912
          1913
          1914
          1915
          1916
          1917
          1918
          1919
          1920
          1921
          1922
          1923
          1924
          1925
          1926
          1927
          1928
          1929
          1930
          1931
          1932
          1933
          1934
          1935
          1936
          1937
          1938
          1939
          1940
          1941
          1942
          1943
          1944
          1945
          1946
          1947
          1948
          1949
          1950
          1951
          1952
          1953
          1954
          1955
          1956
          1957
          1958
          1959
          1960
          1961
          1962
          1963
          1964
          1965
          1966
          1967
          1968
          1969
          1970
          1971
          1972
          1973
          1974
          1975
          1976
          1977
          1978
          1979
          1980
          1981
          1982
          1983
          1984
          1985
          1986
          1987
          1988
          1989
          1990
          1991
          1992
          1993
          1994
          1995
          1996
          1997
          1998
          1999
          2000
          2001
          2002
          2003
          2004
          2005
          2006
          2007
          2008
          2009
          2010
          2011
          2012
          2013
          2014
          2015
          2016
          2017
          2018
          2019
          2020
          2021
          2022
          2023
          2024
          2025
          2026
          2027
          2028
          2029
          2030
          2031
          2032
          2033
          2034
          2035
          2036
          2037
          2038
          2039
          2040
          2041
          2042
          2043
          2044
          2045
          2046
          2047
          2048
          2049
          2050
          2051
          2052
          2053
          2054
          2055
          2056
          2057
          2058
          2059
          2060
          2061
          2062
          2063
          2064
          2065
          2066
          2067
          2068
          2069
          2070
          2071
          2072
          2073
          2074
          2075
          2076
          2077
          2078
          2079
          2080
          2081
          2082
          2083
          2084
          2085
          2086
          2087
          2088
          2089
          2090
          2091
          2092
          2093
          2094
          2095
          2096
          2097
          2098
          2099
          2100
          2101
          2102
          2103
          2104
          2105
          2106
          2107
          2108
          2109
          2110
          2111
          2112
          2113
          2114
          2115
          2116
          2117
          2118
          2119
          2120
          2121
          2122
          2123
          2124
          2125
          2126
          2127
          2128
          2129
          2130
          2131
          2132
          2133
          2134
          2135
          2136
          2137
          2138
          2139
          2140
          2141
          2142
          2143
          2144
          2145
          2146
          2147
          2148
          2149
          2150
          2151
          2152
          2153
          2154
          2155
          2156
          2157
          2158
          2159
          2160
          2161
          2162
          2163
          2164
          2165
          2166
          2167
          2168
          2169
          2170
          2171
          2172
          2173
          2174
          2175
          2176
          2177
          2178
          2179
          2180
          2181
          2182
          2183
          2184
          2185
          2186
          2187
          2188
          2189
          2190
          2191
          2192
          2193
          2194
          2195
          2196
          2197
          2198
          2199
          2200
          2201
          2202
          2203
          2204
          2205
          2206
          2207
          2208
          2209
          2210
          2211
          2212
          2213
          2214
          2215
          2216
          2217
          2218
          2219
          2220
          2221
          2222
          2223
          2224
          2225
          2226
          2227
          2228
          2229
          2230
          2231
          2232
          2233
          2234
          2235
          2236
          2237
          2238
          2239
          2240
          2241
          2242
          2243
          2244
          2245
          2246
          2247
          2248
          2249
          2250
          2251
          2252
          2253
          2254
          2255
          2256
          2257
          2258
          2259
          2260
          2261
          2262
          2263
          2264
          2265
          2266
          2267
          2268
          2269
          2270
          2271
          2272
          2273
          2274
          2275
          2276
          2277
          2278
          2279
          2280
          2281
          2282
          2283
          2284
          2285
          2286
          2287
          2288
          2289
          2290
          2291
          2292
          2293
          2294
          2295
          2296
          2297
          2298
          2299
          2300
          2301
          2302
          2303
          2304
          2305
          2306
          2307
          2308
          2309
          2310
          2311
          2312
          2313
          2314
          2315
          2316
          2317
          2318
          2319
          2320
          2321
          2322
          2323
          2324
          2325
          2326
          2327
          2328
          2329
          2330
          2331
          2332
          2333
          2334
          2335
          2336
          2337
          2338
          2339
          2340
          2341
          2342
          2343
          2344
          2345
          2346
          2347
          2348
          2349
          2350
          2351
          2352
          2353
          2354
          2355
          2356
          2357
          2358
          2359
          2360
          2361
          2362
          2363
          2364
          2365
          2366
          2367
          2368
          2369
          2370
          2371
          2372
          2373
          2374
          2375
          2376
          2377
          2378
          2379
          2380
          2381
          2382
          2383
          2384
          2385
          2386
          2387
          2388
          2389
          2390
          2391
          2392
          2393
          2394
          2395
          2396
          2397
          2398
          2399
          2400
          2401
          2402
          2403
          2404
          2405
          2406
          2407
          2408
          2409
          2410
          2411
          2412
          2413
          2414
          2415
          2416
          2417
          2418
          2419
          2420
          2421
          2422
          2423
          2424
          2425
          2426
          2427
          2428
          2429
          2430
          2431
          2432
          2433
          2434
          2435
          2436
          2437
          2438
          2439
          2440
          2441
          2442
          2443
          2444
          2445
          2446
          2447
          2448
          2449
          2450
          2451
          2452
          2453
          2454
          2455
          2456
          2457
          2458
          2459
          2460
          2461
          2462
          2463
          2464
          2465
          2466
          2467
          2468
          2469
          2470
          2471
          2472
          2473
          2474
          2475
          2476
          2477
          2478
          2479
          2480
          2481
          2482
          2483
          2484
          2485
          2486
          2487
          2488
          2489
          2490
          2491
          2492
          2493
          2494
          2495
          2496
          2497
          2498
          2499
          2500
          2501
          2502
          2503
          2504
          2505
          2506
          2507
          2508
          2509
          2510
          2511
          2512
          2513
          2514
          2515
          2516
          2517
          2518
          2519
          2520
          2521
          2522
          2523
          2524
          2525
          2526
          2527
          2528
          2529
          2530
          2531
          2532
          2533
          2534
          2535
          2536
          2537
          2538
          2539
          2540
          2541
          2542
          2543
          2544
          2545
          2546
          2547
          2548
          2549
          2550
          2551
          2552
          2553
          2554
          2555
          2556
          2557
          2558
          2559
        </DataArray>
        <DataArray type="Int32" Name="offsets" format="ascii">
          1
          2
          3
          4
          5
          6
          7
          8
          9
          10
          11
          12
          13
          14
          15
          16
          17
          18
          19
          20
          21
          22
          23
          24
          25
          26
          27
          28
          29
          30
          31
          32
          33
          34
          35
          36
          37
          38
          39
          40
          41
          42
          43
          44
          45
          46
          47
          48
          49
          50
          51
          52
          53
          54
          55
          56
          57
          58
          59
          60
          61
          62
          63
          64
          65
          66
          67
          68
          69
          70
          71
          72
          73
          74
          75
          76
          77
          78
          79
          80
          81
          82
          83
          84
          85
          86
          87
          88
          89
          90
          91
          92
          93
          94
          95
          96
          97
          98
          99
          100
          101
          102
          103
          104
          105
          106
          107
          108
          109
          110
          111
          112
          113
          114
          115
          116
          117
          118
          119
          120
          121
          122
          123
          124
          125
          126
          127
          128
          129
          130
          131
          132
          133
          134
          135
          136
          137
          138
          139
          140
          141
          142
          143
          144
          145
          146
          147
          148
          149
          150
          151
          152
          153
          154
          155
          156
          157
          158
          159
          160
          161
          162
          163
          164
          165
          166
          167
          168
          169
          170
          171
          172
          173
          174
          175
          176
          177
          178
          179
          180
          181
          182
          183
          184
          185
          186
          187
          188
          189
          190
          191
          192
          193
          194
          195
          196
          197
          198
          199
          200
          201
          202
          203
          204
          205
          206
          207
          208
          209
          210
          211
          212
          213
          214
          215
          216
          217
          218
          219
          220
          221
          222
          223
          224
          225
          226
          227
          228
          229
          230
          231
          232
          233
          234
          235
          236
          237
          238
          239
          240
          241
          242
          243
          244
          245
          246
          247
          248
          249
          250
          251
          252
          253
          254
          255
          256
          257
          258
          259
          260
          261
          262
          263
          264
          265
          266
          267
          268
          269
          270
          271
          272
          273
          274
          275
          276
          277
          278
          279
          280
          281
          282
          283
          284
          285
          286
          287
          288
          289
          290
          291
          292
          293
          294
          295
          296
          297
          298
          299
          300
          301
          302
          303
          304
          305
          306
          307
          308
          309
          310
          311
          312
          313
          314
          315
          316
          317
          318
          319
          320
          321
          322
          323
          324
          325
          326
          327
          328
          329
          330
          331
          332
          333
          334
          335
          336
          337
          338
          339
          340
          341
          342
          343
          344
          345
          346
          347
          348
          349
          350
          351
          352
          353
          354
          355
          356
          357
          358
          359
          360
          361
          362
          363
          364
          365
          366
          367
          368
          369
          370
          371
          372
          373
          374
          375
          376
          377
          378
          379
          380
          381
          382
          383
          384
          385
          386
          387
          388
          389
          390
          391
          392
          393
          394
          395
          396
          397
          398
          399
          400
          401
          402
          403
          404
          405
          406
          407
          408
          409
          410
          411
          412
          413
          414
          415
          416
          417
          418
          419
          420
          421
          422
          423
          424
          425
          426
          427
          428
          429
          430
          431
          432
          433
          434
          435
          436
          437
          438
          439
          440
          441
          442
          443
          444
          445
          446
          447
          448
          449
          450
          451
          452
          453
          454
          455
          456
          457
          458
          459
          460
          461
          462
          463
          464
          465
          466
          467
          468
          469
          470
          471
          472
          473
          474
          475
          476
          477
          478
          479
          480
          481
          482
          483
          484
          485
          486
          487
          488
          489
          490
          491
          492
          493
          494
          495
          496
          497
          498
          499
          500
          501
          502
          503
          504
          505
          506
          507
          508
          509
          510
          511
          512
          513
          514
          515
          516
          517
          518
          519
          520
          521
          522
          523
          524
          525
          526
          527
          528
          529
          530
          531
          532
          533
          534
          535
          536
          537
          538
          539
          540
          541
          542
          543
          544
          545
          546
          547
          548
          549
          550
          551
          552
          553
          554
          555
          556
          557
          558
          559
          560
          561
          562
          563
          564
          565
          566
          567
          568
          569
          570
          571
          572
          573
          574
          575
          576
          577
          578
          579
          580
          581
          582
          583
          584
          585
          586
          587
          588
          589
          590
          591
          592
          593
          594
          595
          596
          597
          598
          599
          600
          601
          602
          603
          604
          605
          606
          607
          608
          609
          610
          611
          612
          613
          614
          615
          616
          617
          618
          619
          620
          621
          622
          623
          624
          625
          626
          627
          628
          629
          630
          631
          632
          633
          634
          635
          636
          637
          638
          639
          640
          641
          642
          643
          644
          645
          646
          647
          648
          649
          650
          651
          652
          653
          654
          655
          656
          657
          658
          659
          660
          661
          662
          663
          664
          665
          666
          667
          668
          669
          670
          671
          672
          673
          674
          675
          676
          677
          678
          679
          680
          681
          682
          683
          684
          685
          686
          687
          688
          689
          690
          691
          692
          693
          694
          695
          696
          697
          698
          699
          700
          701
          702
          703
          704
          705
          706
          707
          708
          709
          710
          711
          712
          713
          714
          715
          716
          717
          718
          719
          720
          721
          722
          723
          724
          725
          726
          727
          728
          729
          730
          731
          732
          733
          734
          735
          736
          737
          738
          739
          740
          741
          742
          743
          744
          745
          746
          747
          748
          749
          750
          751
          752
          753
          754
          755
          756
          757
          758
          759
          760
          761
          762
          763
          764
          765
          766
          767
          768
          769
          770
          771
          772
          773
          774
          775
          776
          777
          778
          779
          780
          781
          782
          783
          784
          785
          786
          787
          788
          789
          790
          791
          792
          793
          794
          795
          796
          797
          798
          799
          800
          801
          802
          803
          804
          805
          806
          807
          808
          809
          810
          811
          812
          813
          814
          815
          816
          817
          818
          819
          820
          821
          822
          823
          824
          825
          826
          827
          828
          829
          830
          831
          832
          833
          834
          835
          836
          837
          838
          839
          840
          841
          842
          843
          844
          845
          846
          847
          848
          849
          850
          851
          852
          853
          854
          855
          856
          857
          858
          859
          860
          861
          862
          863
          864
          865
          866
          867
          868
          869
          870
          871
          872
          873
          874
          875
          876
          877
          878
          879
          880
          881
          882
          883
          884
          885
          886
          887
          888
          889
          890
          891
          892
          893
          894
          895
          896
          897
          898
          899
          900
          901
          902
          903
          904
          905
          906
          907
          908
          909
          910
          911
          912
          913
          914
          915
          916
          917
          918
          919
          920
          921
          922
          923
          924
          925
          926
          927
          928
          929
          930
          931
          932
          933
          934
          935
          936
          937
          938
          939
          940
          941
          942
          943
          944
          945
          946
          947
          948
          949
          950
          951
          952
          953
          954
          955
          956
          957
          958
          959
          960
          961
          962
          963
          964
          965
          966
          967
          968
          969
          970
          971
          972
          973
          974
          975
          976
          977
          978
          979
          980
          981
          982
          983
          984
          985
          986
          987
          988
          989
          990
          991
          992
          993
          994
          995
          996
          997
          998
          999
          1000
          1001
          1002
          1003
          1004
          1005
          1006
          1007
          1008
          1009
          1010
          1011
          1012
          1013
          1014
          1015
          1016
          1017
          1018
          1019
          1020
          1021
          1022
          1023
          1024
          1025
          1026
          1027
          1028
          1029
          1030
          1031
          1032
          1033
          1034
          1035
          1036
          1037
          1038
          1039
          1040
          1041
          1042
          1043
          1044
          1045
          1046
          1047
          1048
          1049
          1050
          1051
          1052
          1053
          1054
          1055
          1056
          1057
          1058
          1059
          1060
          1061
          1062
          1063
          1064
          1065
          1066
          1067
          1068
          1069
          1070
          1071
          1072
          1073
          1074
          1075
          1076
          1077
          1078
          1079
          1080
          1081
          1082
          1083
          1084
          1085
          1086
          1087
          1088
          1089
          1090
          1091
          1092
          1093
          1094
          1095
          1096
          1097
          1098
          1099
          1100
          1101
          1102
          1103
          1104
          1105
          1106
          1107
          1108
          1109
          1110
          1111
          1112
          1113
          1114
          1115
          1116
          1117
          1118
          1119
          1120
          1121
          1122
          1123
          1124
          1125
          1126
          1127
          1128
          1129
          1130
          1131
          1132
          1133
          1134
          1135
          1136
          1137
          1138
          1139
          1140
          1141
          1142
          1143
          1144
          1145
          1146
          1147
          1148
          1149
          1150
          1151
          1152
          1153
          1154
          1155
          1156
          1157
          1158
          1159
          1160
          1161
          1162
          1163
          1164
          1165
          1166
          1167
          1168
          1169
          1170
          1171
          1172
          1173
          1174
          1175
          1176
          1177
          1178
          1179
          1180
          1181
          1182
          1183
          1184
          1185
          1186
          1187
          1188
          1189
          1190
          1191
          1192
          1193
          1194
          1195
          1196
          1197
          1198
          1199
          1200
          1201
          1202
          1203
          1204
          1205
          1206
          1207
          1208
          1209
          1210
          1211
          1212
          1213
          1214
          1215
          1216
          1217
          1218
          1219
          1220
          1221
          1222
          1223
          1224
          1225
          1226
          1227
          1228
          1229
          1230
          1231
          1232
          1233
          1234
          1235
          1236
          1237
          1238
          1239
          1240
          1241
          1242
          1243
          1244
          1245
          1246
          1247
          1248
          1249
          1250
          1251
          1252
          1253
          1254
          1255
          1256
          1257
          1258
          1259
          1260
          1261
          1262
          1263
          1264
          1265
          1266
          1267
          1268
          1269
          1270
          1271
          1272
          1273
          1274
          1275
          1276
          1277
          1278
          1279
          1280
          1281
          1282
          1283
          1284
          1285
          1286
          1287
          1288
          1289
          1290
          1291
          1292
          1293
          1294
          1295
          1296
          1297
          1298
          1299
          1300
          1301
          1302
          1303
          1304
          1305
          1306
          1307
          1308
          1309
          1310
          1311
          1312
          1313
          1314
          1315
          1316
          1317
          1318
          1319
          1320
          1321
          1322
          1323
          1324
          1325
          1326
          1327
          1328
          1329
          1330
          1331
          1332
          1333
          1334
          1335
          1336
          1337
          1338
          1339
          1340
          1341
          1342
          1343
          1344
          1345
          1346
          1347
          1348
          1349
          1350
          1351
          1352
          1353
          1354
          1355
          1356
          1357
          1358
          1359
          1360
          1361
          1362
          1363
          1364
          1365
          1366
          1367
          1368
          1369
          1370
          1371
          1372
          1373
          1374
          1375
          1376
          1377
          1378
          1379
          1380
          1381
          1382
          1383
          1384
          1385
          1386
          1387
          1388
          1389
          1390
          1391
          1392
          1393
          1394
          1395
          1396
          1397
          1398
          1399
          1400
          1401
          1402
          1403
          1404
          1405
          1406
          1407
          1408
          1409
          1410
          1411
          1412
          1413
          1414
          1415
          1416
          1417
          1418
          1419
          1420
          1421
          1422
          1423
          1424
          1425
          1426
          1427
          1428
          1429
          1430
          1431
          1432
          1433
          1434
          1435
          1436
          1437
          1438
          1439
          1440
          1441
          1442
          1443
          1444
          1445
          1446
          1447
          1448
          1449
          1450
          1451
          1452
          1453
          1454
          1455
          1456
          1457
          1458
          1459
          1460
          1461
          1462
          1463
          1464
          1465
          1466
          1467
          1468
          1469
          1470
          1471
          1472
          1473
          1474
          1475
          1476
          1477
          1478
          1479
          1480
          1481
          1482
          1483
          1484
          1485
          1486
          1487
          1488
          1489
          1490
          1491
          1492
          1493
          1494
          1495
          1496
          1497
          1498
          1499
          1500
          1501
          1502
          1503
          1504
          1505
          1506
          1507
          1508
          1509
          1510
          1511
          1512
          1513
          1514
          1515
          1516
          1517
          1518
          1519
          1520
          1521
          1522
          1523
          1524
          1525
          1526
          1527
          1528
          1529
          1530
          1531
          1532
          1533
          1534
          1535
          1536
          1537
          1538
          1539
          1540
          1541
          1542
          1543
          1544
          1545
          1546
          1547
          1548
          1549
          1550
          1551
          1552
          1553
          1554
          1555
          1556
          1557
          1558
          1559
          1560
          1561
          1562
          1563
          1564
          1565
          1566
          1567
          1568
          1569
          1570
          1571
          1572
          1573
          1574
          1575
          1576
          1577
          1578
          1579
          1580
          1581
          1582
          1583
          1584
          1585
          1586
          1587
          1588
          1589
          1590
          1591
          1592
          1593
          1594
          1595
          1596
          1597
          1598
          1599
          1600
          1601
          1602
          1603
          1604
          1605
          1606
          1607
          1608
          1609
          1610
          1611
          1612
          1613
          1614
          1615
          1616
          1617
          1618
          1619
          1620
          1621
          1622
          1623
          1624
          1625
          1626
          1627
          1628
          1629
          1630
          1631
          1632
          1633
          1634
          1635
          1636
          1637
          1638
          1639
          1640
          1641
          1642
          1643
          1644
          1645
          1646
          1647
          1648
          1649
          1650
          1651
          1652
          1653
          1654
          1655
          1656
          1657
          1658
          1659
          1660
          1661
          1662
          1663
          1664
          1665
          1666
          1667
          1668
          1669
          1670
          1671
          1672
          1673
          1674
          1675
          1676
          1677
          1678
          1679
          1680
          1681
          1682
          1683
          1684
          1685
          1686
          1687
          1688
          1689
          1690
          1691
          1692
          1693
          1694
          1695
          1696
          1697
          1698
          1699
          1700
          1701
          1702
          1703
          1704
          1705
          1706
          1707
          1708
          1709
          1710
          1711
          1712
          1713
          1714
          1715
          1716
          1717
          1718
          1719
          1720
          1721
          1722
          1723
          1724
          1725
          1726
          1727
          1728
          1729
          1730
          1731
          1732
          1733
          1734
          1735
          1736
          1737
          1738
          1739
          1740
          1741
          1742
          1743
          1744
          1745
          1746
          1747
          1748
          1749
          1750
          1751
          1752
          1753
          1754
          1755
          1756
          1757
          1758
          1759
          1760
          1761
          1762
          1763
          1764
          1765
          1766
          1767
          1768
          1769
          1770
          1771
          1772
          1773
          1774
          1775
          1776
          1777
          1778
          1779
          1780
          1781
          1782
          1783
          1784
          1785
          1786
          1787
          1788
          1789
          1790
          1791
          1792
          1793
          1794
          1795
          1796
          1797
          1798
          1799
          1800
          1801
          1802
          1803
          1804
          1805
          1806
          1807
          1808
          1809
          1810
          1811
          1812
          1813
          1814
          1815
          1816
          1817
          1818
          1819
          1820
          1821
          1822
          1823
          1824
          1825
          1826
          1827
          1828
          1829
          1830
          1831
          1832
          1833
          1834
          1835
          1836
          1837
          1838
          1839
          1840
          1841
          1842
          1843
          1844
          1845
          1846
          1847
          1848
          1849
          1850
          1851
          1852
          1853
          1854
          1855
          1856
          1857
          1858
          1859
          1860
          1861
          1862
          1863
          1864
          1865
          1866
          1867
          1868
          1869
          1870
          1871
          1872
          1873
          1874
          1875
          1876
          1877
          1878
          1879
          1880
          1881
          1882
          1883
          1884
          1885
          1886
          1887
          1888
          1889
          1890
          1891
          1892
          1893
          1894
          1895
          1896
          1897
          1898
          1899
          1900
          1901
          1902
          1903
          1904
          1905
          1906
          1907
          1908
          1909
          1910
          1911
          1912
          1913
          1914
          1915
          1916
          1917
          1918
          1919
          1920
          1921
          1922
          1923
          1924
          1925
          1926
          1927
          1928
          1929
          1930
          1931
          1932
          1933
          1934
          1935
          1936
          1937
          1938
          1939
          1940
          1941
          1942
          1943
          1944
          1945
          1946
          1947
          1948
          1949
          1950
          1951
          1952
          1953
          1954
          1955
          1956
          1957
          1958
          1959
          1960
          1961
          1962
          1963
          1964
          1965
          1966
          1967
          1968
          1969
          1970
          1971
          1972
          1973
          1974
          1975
          1976
          1977
          1978
          1979
          1980
          1981
          1982
          1983
          1984
          1985
          1986
          1987
          1988
          1989
          1990
          1991
          1992
          1993
          1994
          1995
          1996
          1997
          1998
          1999
          2000
          2001
          2002
          2003
          2004
          2005
          2006
          2007
          2008
          2009
          2010
          2011
          2012
          2013
          2014
          2015
          2016
          2017
          2018
          2019
          2020
          2021
          2022
          2023
          2024
          2025
          2026
          2027
          2028
          2029
          2030
          2031
          2032
          2033
          2034
          2035
          2036
          2037
          2038
          2039
          2040
          2041
          2042
          2043
          2044
          2045
          2046
          2047
          2048
          2049
          2050
          2051
          2052
          2053
          2054
          2055
          2056
          2057
          2058
          2059
          2060
          2061
          2062
          2063
          2064
          2065
          2066
          2067
          2068
          2069
          2070
          2071
          2072
          2073
          2074
          2075
          2076
          2077
          2078
          2079
          2080
          2081
          2082
          2083
          2084
          2085
          2086
          2087
          2088
          2089
          2090
          2091
          2092
          2093
          2094
          2095
          2096
          2097
          2098
          2099
          2100
          2101
          2102
          2103
          2104
          2105
          2106
          2107
          2108
          2109
          2110
          2111
          2112
          2113
          2114
          2115
          2116
          2117
          2118
          2119
          2120
          2121
          2122
          2123
          2124
          2125
          2126
          2127
          2128
          2129
          2130
          2131
          2132
          2133
          2134
          2135
          2136
          2137
          2138
          2139
          2140
          2141
          2142
          2143
          2144
          2145
          2146
          2147
          2148
          2149
          2150
          2151
          2152
          2153
          2154
          2155
          2156
          2157
          2158
          2159
          2160
          2161
          2162
          2163
          2164
          2165
          2166
          2167
          2168
          2169
          2170
          2171
          2172
          2173
          2174
          2175
          2176
          2177
          2178
          2179
          2180
          2181
          2182
          2183
          2184
          2185
          2186
          2187
          2188
          2189
          2190
          2191
          2192
          2193
          2194
          2195
          2196
          2197
          2198
          2199
          2200
          2201
          2202
          2203
          2204
          2205
          2206
          2207
          2208
          2209
          2210
          2211
          2212
          2213
          2214
          2215
          2216
          2217
          2218
          2219
          2220
          2221
          2222
          2223
          2224
          2225
          2226
          2227
          2228
          2229
          2230
          2231
          2232
          2233
          2234
          2235
          2236
          2237
          2238
          2239
          2240
          2241
          2242
          2243
          2244
          2245
          2246
          2247
          2248
          2249
          2250
          2251
          2252
          2253
          2254
          2255
          2256
          2257
          2258
          2259
          2260
          2261
          2262
          2263
          2264
          2265
          2266
          2267
          2268
          2269
          2270
          2271
          2272
          2273
          2274
          2275
          2276
          2277
          2278
          2279
          2280
          2281
          2282
          2283
          2284
          2285
          2286
          2287
          2288
          2289
          2290
          2291
          2292
          2293
          2294
          2295
          2296
          2297
          2298
          2299
          2300
          2301
          2302
          2303
          2304
          2305
          2306
          2307
          2308
          2309
          2310
          2311
          2312
          2313
          2314
          2315
          2316
          2317
          2318
          2319
          2320
          2321
          2322
          2323
          2324
          2325
          2326
          2327
          2328
          2329
          2330
          2331
          2332
          2333
          2334
          2335
          2336
          2337
          2338
          2339
          2340
          2341
          2342
          2343
          2344
          2345
          2346
          2347
          2348
          2349
          2350
          2351
          2352
          2353
          2354
          2355
          2356
          2357
          2358
          2359
          2360
          2361
          2362
          2363
          2364
          2365
          2366
          2367
          2368
          2369
          2370
          2371
          2372
          2373
          2374
          2375
          2376
          2377
          2378
          2379
          2380
          2381
          2382
          2383
          2384
          2385
          2386
          2387
          2388
          2389
          2390
          2391
          2392
          2393
          2394
          2395
          2396
          2397
          2398
          2399
          2400
          2401
          2402
          2403
          2404
          2405
          2406
          2407
          2408
          2409
          2410
          2411
          2412
          2413
          2414
          2415
          2416
          2417
          2418
          2419
          2420
          2421
          2422
          2423
          2424
          2425
          2426
          2427
          2428
          2429
          2430
          2431
          2432
          2433
          2434
          2435
          2436
          2437
          2438
          2439
          2440
          2441
          2442
          2443
          2444
          2445
          2446
          2447
          2448
          2449
          2450
          2451
          2452
          2453
          2454
          2455
          2456
          2457
          2458
          2459
          2460
          2461
          2462
          2463
          2464
          2465
          2466
          2467
          2468
          2469
          2470
          2471
          2472
          2473
          2474
          2475
          2476
          2477
          2478
          2479
          2480
          2481
          2482
          2483
          2484
          2485
          2486
          2487
          2488
          2489
          2490
          2491
          2492
          2493
          2494
          2495
          2496
          2497
          2498
          2499
          2500
          2501
          2502
          2503
          2504
          2505
          2506
          2507
          2508
          2509
          2510
          2511
          2512
          2513
          2514
          2515
          2516
          2517
          2518
          2519
          2520
          2521
          2522
          2523
          2524
          2525
          2526
          2527
          2528
          2529
          2530
          2531
          2532
          2533
          2534
          2535
          2536
          2537
          2538
          2539
          2540
          2541
          2542
          2543
          2544
          2545
          2546
          2547
          2548
          2549
          2550
          2551
          2552
          2553
          2554
          2555
          2556
          2557
          2558
          2559
          2560
        </DataArray>
        <DataArray type="UInt8" Name="types" format="ascii">
          1
          1
          1
          1
          1
          1
          1
          1
          1
          1
          1
          1
          1
          1
          1
          1
          1
          1
          1
          1
          1
          1
          1
          1
          1
          1
          1
          1
          1
          1
          1
          1
          1
          1
          1
          1
          1
          1
          1
          1
          1
          1
          1
          1
          1
          1
          1
          1
          1
          1
          1
          1
          1
          1
          1
          1
          1
          1
          1
          1
          1
          1
          1
          1
          1
          1
          1
          1
          1
          1
          1
          1
          1
          1
          1
          1
          1
          1
          1
          1
          1
          1
          1
          1
          1
          1
          1
          1
          1
          1
          1
          1
          1
          1
          1
          1
          1
          1
          1
          1
          1
          1
          1
          1
          1
          1
          1
          1
          1
          1
          1
          1
          1
          1
          1
          1
          1
          1
          1
          1
          1
          1
          1
          1
          1
          1
          1
          1
          1
          1
          1
          1
          1
          1
          1
          1
          1
          1
          1
          1
          1
          1
          1
          1
          1
          1
          1
          1
          1
          1
          1
          1
          1
          1
          1
          1
          1
          1
          1
          1
          1
          1
          1
          1
          1
          1
          1
          1
          1
          1
          1
          1
          1
          1
          1
          1
          1
          1
          1
          1
          1
          1
          1
          1
          1
          1
          1
          1
          1
          1
          1
          1
          1
          1
          1
          1
          1
          1
          1
          1
          1
          1
          1
          1
          1
          1
          1
          1
          1
          1
          1
          1
          1
          1
          1
          1
          1
          1
          1
          1
          1
          1
          1
          1
          1
          1
          1
          1
          1
          1
          1
          1
          1
          1
          1
          1
          1
          1
          1
          1
          1
          1
          1
          1
          1
          1
          1
          1
          1
          1
          1
          1
          1
          1
          1
          1
          1
          1
          1
          1
          1
          1
          1
          1
          1
          1
          1
          1
          1
          1
          1
          1
          1
          1
          1
          1
          1
          1
          1
          1
          1
          1
          1
          1
          1
          1
          1
          1
          1
          1
          1
          1
          1
          1
          1
          1
          1
          1
          1
          1
          1
          1
          1
          1
          1
          1
          1
          1
          1
          1
          1
          1
          1
          1
          1
          1
          1
          1
          1
          1
          1
          1
          1
          1
          1
          1
          1
          1
          1
          1
          1
          1
          1
          1
          1
          1
          1
          1
          1
          1
          1
          1
          1
          1
          1
          1
          1
          1
          1
          1
          1
          1
          1
          1
          1
          1
          1
          1
          1
          1
          1
          1
          1
          1
          1
          1
          1
          1
          1
          1
          1
          1
          1
          1
          1
          1
          1
          1
          1
          1
          1
          1
          1
          1
          1
          1
          1
          1
          1
          1
          1
          1
          1
          1
          1
          1
          1
          1
          1
          1
          1
          1
          1
          1
          1
          1
          1
          1
          1
          1
          1
          1
          1
          1
          1
          1
          1
          1
          1
          1
          1
          1
          1
          1
          1
          1
          1
          1
          1
          1
          1
          1
          1
          1
          1
          1
          1
          1
          1
          1
          1
          1
          1
          1
          1
          1
          1
          1
          1
          1
          1
          1
          1
          1
          1
          1
          1
          1
          1
          1
          1
          1
          1
          1
          1
          1
          1
          1
          1
          1
          1
          1
          1
          1
          1
          1
          1
          1
          1
          1
          1
          1
          1
          1
          1
          1
          1
          1
          1
          1
          1
          1
          1
          1
          1
          1
          1
          1
          1
          1
          1
          1
          1
          1
          1
          1
          1
          1
          1
          1
          1
          1
          1
          1
          1
          1
          1
          1
          1
          1
          1
          1
          1
          1
          1
          1
          1
          1
          1
          1
          1
          1
          1
          1
          1
          1
          1
          1
          1
          1
          1
          1
          1
          1
          1
          1
          1
          1
          1
          1
          1
          1
          1
          1
          1
          1
          1
          1
          1
          1
          1
          1
          1
          1
          1
          1
          1
          1
          1
          1
          1
          1
          1
          1
          1
          1
          1
          1
          1
          1
          1
          1
          1
          1
          1
          1
          1
          1
          1
          1
          1
          1
          1
          1
          1
          1
          1
          1
          1
          1
          1
          1
          1
          1
          1
          1
          1
          1
          1
          1
          1
          1
          1
          1
          1
          1
          1
          1
          1
          1
          1
          1
          1
          1
          1
          1
          1
          1
          1
          1
          1
          1
          1
          1
          1
          1
          1
          1
          1
          1
          1
          1
          1
          1
          1
          1
          1
          1
          1
          1
          1
          1
          1
          1
          1
          1
          1
          1
          1
          1
          1
          1
          1
          1
          1
          1
          1
          1
          1
          1
          1
          1
          1
          1
          1
          1
          1
          1
          1
          1
          1
          1
          1
          1
          1
          1
          1
          1
          1
          1
          1
          1
          1
          1
          1
          1
          1
          1
          1
          1
          1
          1
          1
          1
          1
          1
          1
          1
          1
          1
          1
          1
          1
          1
          1
          1
          1
          1
          1
          1
          1
          1
          1
          1
          1
          1
          1
          1
          1
          1
          1
          1
          1
          1
          1
          1
          1
          1
          1
          1
          1
          1
          1
          1
          1
          1
          1
          1
          1
          1
          1
          1
          1
          1
          1
          1
          1
          1
          1
          1
          1
          1
          1
          1
          1
          1
          1
          1
          1
          1
          1
          1
          1
          1
          1
          1
          1
          1
          1
          1
          1
          1
          1
          1
          1
          1
          1
          1
          1
          1
          1
          1
          1
          1
          1
          1
          1
          1
          1
          1
          1
          1
          1
          1
          1
          1
          1
          1
          1
          1
          1
          1
          1
          1
          1
          1
          1
          1
          1
          1
          1
          1
          1
          1
          1
          1
          1
          1
          1
          1
          1
          1
          1
          1
          1
          1
          1
          1
          1
          1
          1
          1
          1
          1
          1
          1
          1
          1
          1
          1
          1
          1
          1
          1
          1
          1
          1
          1
          1
          1
          1
          1
          1
          1
          1
          1
          1
          1
          1
          1
          1
          1
          1
          1
          1
          1
          1
          1
          1
          1
          1
          1
          1
          1
          1
          1
          1
          1
          1
          1
          1
          1
          1
          1
          1
          1
          1
          1
          1
          1
          1
          1
          1
          1
          1
          1
          1
          1
          1
          1
          1
          1
          1
          1
          1
          1
          1
          1
          1
          1
          1
          1
          1
          1
          1
          1
          1
          1
          1
          1
          1
          1
          1
          1
          1
          1
          1
          1
          1
          1
          1
          1
          1
          1
          1
          1
          1
          1
          1
          1
          1
          1
          1
          1
          1
          1
          1
          1
          1
          1
          1
          1
          1
          1
          1
          1
          1
          1
          1
          1
          1
          1
          1
          1
          1
          1
          1
          1
          1
          1
          1
          1
          1
          1
          1
          1
          1
          1
          1
          1
          1
          1
          1
          1
          1
          1
          1
          1
          1
          1
          1
          1
          1
          1
          1
          1
          1
          1
          1
          1
          1
          1
          1
          1
          1
          1
          1
          1
          1
          1
          1
          1
          1
          1
          1
          1
          1
          1
          1
          1
          1
          1
          1
          1
          1
          1
          1
          1
          1
          1
          1
          1
          1
          1
          1
          1
          1
          1
          1
          1
          1
          1
          1
          1
          1
          1
          1
          1
          1
          1
          1
          1
          1
          1
          1
          1
          1
          1
          1
          1
          1
          1
          1
          1
          1
          1
          1
          1
          1
          1
          1
          1
          1
          1
          1
          1
          1
          1
          1
          1
          1
          1
          1
          1
          1
          1
          1
          1
          1
          1
          1
          1
          1
          1
          1
          1
          1
          1
          1
          1
          1
          1
          1
          1
          1
          1
          1
          1
          1
          1
          1
          1
          1
          1
          1
          1
          1
          1
          1
          1
          1
          1
          1
          1
          1
          1
          1
          1
          1
          1
          1
          1
          1
          1
          1
          1
          1
          1
          1
          1
          1
          1
          1
          1
          1
          1
          1
          1
          1
          1
          1
          1
          1
          1
          1
          1
          1
          1
          1
          1
          1
          1
          1
          1
          1
          1
          1
          1
          1
          1
          1
          1
          1
          1
          1
          1
          1
          1
          1
          1
          1
          1
          1
          1
          1
          1
          1
          1
          1
          1
          1
          1
          1
          1
          1
          1
          1
          1
          1
          1
          1
          1
          1
          1
          1
          1
          1
          1
          1
          1
          1
          1
          1
          1
          1
          1
          1
          1
          1
          1
          1
          1
          1
          1
          1
          1
          1
          1
          1
          1
          1
          1
          1
          1
          1
          1
          1
          1
          1
          1
          1
          1
          1
          1
          1
          1
          1
          1
          1
          1
          1
          1
          1
          1
          1
          1
          1
          1
          1
          1
          1
          1
          1
          1
          1
          1
          1
          1
          1
          1
          1
          1
          1
          1
          1
          1
          1
          1
          1
          1
          1
          1
          1
          1
          1
          1
          1
          1
          1
          1
          1
          1
          1
          1
          1
          1
          1
          1
          1
          1
          1
          1
          1
          1
          1
          1
          1
          1
          1
          1
          1
          1
          1
          1
          1
          1
          1
          1
          1
          1
          1
          1
          1
          1
          1
          1
          1
          1
          1
          1
          1
          1
          1
          1
          1
          1
          1
          1
          1
          1
          1
          1
          1
          1
          1
          1
          1
          1
          1
          1
          1
          1
          1
          1
          1
          1
          1
          1
          1
          1
          1
          1
          1
          1
          1
          1
          1
          1
          1
          1
          1
          1
          1
          1
          1
          1
          1
          1
          1
          1
          1
          1
          1
          1
          1
          1
          1
          1
          1
          1
          1
          1
          1
          1
          1
          1
          1
          1
          1
          1
          1
          1
          1
          1
          1
          1
          1
          1
          1
          1
          1
          1
          1
          1
          1
          1
          1
          1
          1
          1
          1
          1
          1
          1
          1
          1
          1
          1
          1
          1
          1
          1
          1
          1
          1
          1
          1
          1
          1
          1
          1
          1
          1
          1
          1
          1
          1
          1
          1
          1
          1
          1
          1
          1
          1
          1
          1
          1
          1
          1
          1
          1
          1
          1
          1
          1
          1
          1
          1
          1
          1
          1
          1
          1
          1
          1
          1
          1
          1
          1
          1
          1
          1
          1
          1
          1
          1
          1
          1
          1
          1
          1
          1
          1
          1
          1
          1
          1
          1
          1
          1
          1
          1
          1
          1
          1
          1
          1
          1
          1
          1
          1
          1
          1
          1
          1
          1
          1
          1
          1
          1
          1
          1
          1
          1
          1
          1
          1
          1
          1
          1
          1
          1
          1
          1
          1
          1
          1
          1
          1
          1
          1
          1
          1
          1
          1
          1
          1
          1
          1
          1
          1
          1
          1
          1
          1
          1
          1
          1
          1
          1
          1
          1
          1
          1
          1
          1
          1
          1
          1
          1
          1
          1
          1
          1
          1
          1
          1
          1
          1
          1
          1
          1
          1
          1
          1
          1
          1
          1
          1
          1
          1
          1
          1
          1
          1
          1
          1
          1
          1
          1
          1
          1
          1
          1
          1
          1
          1
          1
          1
          1
          1
          1
          1
          1
          1
          1
          1
          1
          1
          1
          1
          1
          1
          1
          1
          1
          1
          1
          1
          1
          1
          1
          1
          1
          1
          1
          1
          1
          1
          1
          1
          1
          1
          1
          1
          1
          1
          1
          1
          1
          1
          1
          1
          1
          1
          1
          1
          1
          1
          1
          1
          1
          1
          1
          1
          1
          1
          1
          1
          1
          1
          1
          1
          1
          1
          1
          1
          1
          1
          1
          1
          1
          1
          1
          1
          1
          1
          1
          1
          1
          1
          1
          1
          1
          1
          1
          1
          1
          1
          1
          1
          1
          1
          1
          1
          1
          1
          1
          1
          1
          1
          1
          1
          1
          1
          1
          1
          1
          1
          1
          1
          1
          1
          1
          1
          1
          1
          1
          1
          1
          1
          1
          1
          1
          1
          1
          1
          1
          1
          1
          1
          1
          1
          1
          1
          1
          1
          1
          1
          1
          1
          1
          1
          1
          1
          1
          1
          1
          1
          1
          1
          1
          1
          1
          1
          1
          1
          1
          1
          1
          1
          1
          1
          1
          1
          1
          1
          1
          1
          1
          1
          1
          1
          1
          1
          1
          1
          1
          1
          1
          1
          1
          1
          1
          1
          1
          1
          1
          1
          1
          1
          1
          1
          1
          1
          1
          1
          1
          1
          1
          1
          1
          1
          1
          1
          1
          1
          1
          1
          1
          1
          1
          1
          1
          1
          1
          1
          1
          1
          1
          1
          1
          1
          1
          1
          1
          1
          1
          1
          1
          1
          1
          1
          1
          1
          1
          1
          1
          1
          1
          1
          1
          1
          1
          1
          1
          1
          1
          1
          1
          1
          1
          1
          1
          1
          1
          1
          1
          1
          1
          1
          1
          1
          1
          1
          1
          1
          1
          1
          1
          1
          1
          1
          1
          1
          1
          1
          1
          1
          1
          1
          1
          1
          1
          1
          1
          1
          1
          1
          1
          1
          1
          1
          1
          1
          1
          1
          1
          1
          1
          1
          1
          1
          1
          1
          1
          1
          1
          1
          1
          1
          1
          1
          1
          1
          1
          1
          1
          1
          1
          1
          1
          1
          1
          1
          1
          1
          1
          1
          1
          1
          1
          1
          1
          1
          1
          1
          1
          1
          1
          1
          1
          1
          1
          1
          1
          1
          1
          1
          1
          1
          1
          1
          1
          1
          1
          1
          1
          1
          1
          1
          1
          1
          1
          1
          1
          1
          1
          1
          1
          1
          1
          1
          1
          1
          1
          1
          1
          1
          1
          1
          1
          1
          1
          1
          1
          1
          1
          1
          1
          1
          1
          1
          1
          1
          1
          1
          1
          1
          1
          1
          1
          1
          1
          1
          1
          1
          1
          1
          1
          1
          1
          1
          1
          1
          1
          1
          1
          1
          1
          1
          1
          1
          1
          1
          1
          1
          1
          1
          1
          1
          1
          1
          1
          1
          1
          1
          1
          1
          1
          1
          1
          1
          1
          1
          1
          1
          1
          1
          1
          1
          1
          1
          1
          1
          1
          1
          1
          1
          1
          1
          1
          1
          1
          1
          1
          1
          1
          1
          1
          1
          1
          1
          1
          1
          1
          1
          1
          1
          1
          1
          1
          1
          1
          1
          1
          1
          1
          1
          1
          1
          1
          1
          1
          1
          1
          1
          1
          1
          1
          1
          1
          1
          1
          1
          1
          1
          1
          1
          1
          1
          1
          1
          1
          1
          1
          1
          1
          1
          1
          1
          1
          1
          1
          1
          1
          1
          1
          1
          1
          1
          1
          1
          1
          1
          1
          1
          1
          1
          1
          1
          1
          1
          1
          1
          1
          1
          1
          1
          1
          1
          1
          1
          1
          1
          1
          1
          1
          1
          1
          1
          1
          1
          1
          1
          1
          1
          1
          1
          1
          1
          1
          1
          1
          1
          1
          1
          1
          1
          1
          1
          1
          1
          1
          1
          1
          1
          1
          1
          1
          1
          1
          1
          1
          1
          1
          1
          1
          1
          1
          1
          1
          1
          1
          1
          1
          1
          1
          1
          1
          1
          1
          1
          1
          1
          1
          1
          1
          1
          1
          1
          1
          1
          1
          1
          1
          1
          1
          1
          1
          1
          1
          1
          1
          1
          1
          1
          1
          1
          1
          1
          1
          1
          1
          1
          1
          1
          1
          1
          1
          1
          1
          1
          1
          1
          1
          1
          1
          1
          1
          1
          1
          1
          1
          1
          1
          1
          1
          1
          1
          1
          1
          1
          1
          1
          1
          1
          1
          1
          1
          1
          1
          1
          1
          1
          1
          1
          1
          1
          1
          1
          1
          1
          1
          1
          1
          1
          1
          1
          1
          1
          1
          1
          1
          1
          1
          1
          1
          1
          1
          1
          1
          1
          1
          1
          1
          1
          1
          1
          1
          1
          1
          1
          1
          1
          1
          1
          1
          1
          1
          1
          1
          1
          1
          1
          1
          1
          1
          1
          1
          1
          1
          1
          1
          1
          1
          1
          1
          1
          1
          1
          1
          1
          1
          1
          1
          1
          1
          1
          1
          1
          1
          1
          1
          1
          1
          1
          1
          1
          1
          1
          1
          1
          1
          1
          1
          1
          1
          1
          1
          1
          1
          1
          1
          1
          1
          1
          1
          1
          1
          1
          1
          1
          1
          1
          1
          1
          1
          1
          1
          1
          1
          1
          1
          1
          1
          1
          1
          1
          1
          1
          1
          1
          1
          1
          1
          1
          1
          1
          1
          1
          1
          1
          1
          1
          1
          1
          1
          1
          1
          1
          1
          1
          1
          1
          1
          1
          1
          1
          1
          1
          1
          1
          1
          1
          1
          1
          1
          1
          1
          1
          1
          1
          1
          1
          1
          1
          1
          1
          1
          1
          1
          1
          1
          1
          1
          1
          1
          1
          1
          1
          1
          1
          1
          1
          1
          1
          1
          1
          1
          1
          1
          1
          1
          1
          1
          1
          1
          1
          1
          1
          1
          1
          1
          1
          1
          1
          1
          1
          1
          1
          1
          1
          1
          1
          1
          1
          1
          1
          1
          1
          1
          1
          1
          1
          1
          1
          1
          1
          1
          1
          1
          1
          1
          1
          1
          1
          1
          1
          1
          1
          1
          1
          1
          1
          1
          1
          1
          1
        </DataArray>
      </Cells>
      <PointData>
        <DataArray type="Int32" Name="ElementID" format="ascii">
          1
          1
          1
          1
          1
          1
          1
          1
          2
          2
          2
          2
          2
          2
          2
          2
          3
          3
          3
          3
          3
          3
          3
          3
          4
          4
          4
          4
          4
          4
          4
          4
          5
          5
          5
          5
          5
          5
          5
          5
          6
          6
          6
          6
          6
          6
          6
          6
          7
          7
          7
          7
          7
          7
          7
          7
          8
          8
          8
          8
          8
          8
          8
          8
          9
          9
          9
          9
          9
          9
          9
          9
          10
          10
          10
          10
          10
          10
          10
          10
          11
          11
          11
          11
          11
          11
          11
          11
          12
          12
          12
          12
          12
          12
          12
          12
          13
          13
          13
          13
          13
          13
          13
          13
          14
          14
          14
          14
          14
          14
          14
          14
          15
          15
          15
          15
          15
          15
          15
          15
          16
          16
          16
          16
          16
          16
          16
          16
          17
          17
          17
          17
          17
          17
          17
          17
          18
          18
          18
          18
          18
          18
          18
          18
          19
          19
          19
          19
          19
          19
          19
          19
          20
          20
          20
          20
          20
          20
          20
          20
          21
          21
          21
          21
          21
          21
          21
          21
          22
          22
          22
          22
          22
          22
          22
          22
          23
          23
          23
          23
          23
          23
          23
          23
          24
          24
          24
          24
          24
          24
          24
          24
          25
          25
          25
          25
          25
          25
          25
          25
          26
          26
          26
          26
          26
          26
          26
          26
          27
          27
          27
          27
          27
          27
          27
          27
          28
          28
          28
          28
          28
          28
          28
          28
          29
          29
          29
          29
          29
          29
          29
          29
          30
          30
          30
          30
          30
          30
          30
          30
          31
          31
          31
          31
          31
          31
          31
          31
          32
          32
          32
          32
          32
          32
          32
          32
          33
          33
          33
          33
          33
          33
          33
          33
          34
          34
          34
          34
          34
          34
          34
          34
          35
          35
          35
          35
          35
          35
          35
          35
          36
          36
          36
          36
          36
          36
          36
          36
          37
          37
          37
          37
          37
          37
          37
          37
          38
          38
          38
          38
          38
          38
          38
          38
          39
          39
          39
          39
          39
          39
          39
          39
          40
          40
          40
          40
          40
          40
          40
          40
          41
          41
          41
          41
          41
          41
          41
          41
          42
          42
          42
          42
          42
          42
          42
          42
          43
          43
          43
          43
          43
          43
          43
          43
          44
          44
          44
          44
          44
          44
          44
          44
          45
          45
          45
          45
          45
          45
          45
          45
          46
          46
          46
          46
          46
          46
          46
          46
          47
          47
          47
          47
          47
          47
          47
          47
          48
          48
          48
          48
          48
          48
          48
          48
          49
          49
          49
          49
          49
          49
          49
          49
          50
          50
          50
          50
          50
          50
          50
          50
          51
          51
          51
          51
          51
          51
          51
          51
          52
          52
          52
          52
          52
          52
          52
          52
          53
          53
          53
          53
          53
          53
          53
          53
          54
          54
          54
          54
          54
          54
          54
          54
          55
          55
          55
          55
          55
          55
          55
          55
          56
          56
          56
          56
          56
          56
          56
          56
          57
          57
          57
          57
          57
          57
          57
          57
          58
          58
          58
          58
          58
          58
          58
          58
          59
          59
          59
          59
          59
          59
          59
          59
          60
          60
          60
          60
          60
          60
          60
          60
          61
          61
          61
          61
          61
          61
          61
          61
          62
          62
          62
          62
          62
          62
          62
          62
          63
          63
          63
          63
          63
          63
          63
          63
          64
          64
          64
          64
          64
          64
          64
          64
          65
          65
          65
          65
          65
          65
          65
          65
          66
          66
          66
          66
          66
          66
          66
          66
          67
          67
          67
          67
          67
          67
          67
          67
          68
          68
          68
          68
          68
          68
          68
          68
          69
          69
          69
          69
          69
          69
          69
          69
          70
          70
          70
          70
          70
          70
          70
          70
          71
          71
          71
          71
          71
          71
          71
          71
          72
          72
          72
          72
          72
          72
          72
          72
          73
          73
          73
          73
          73
          73
          73
          73
          74
          74
          74
          74
          74
          74
          74
          74
          75
          75
          75
          75
          75
          75
          75
          75
          76
          76
          76
          76
          76
          76
          76
          76
          77
          77
          77
          77
          77
          77
          77
          77
          78
          78
          78
          78
          78
          78
          78
          78
          79
          79
          79
          79
          79
          79
          79
          79
          80
          80
          80
          80
          80
          80
          80
          80
          81
          81
          81
          81
          81
          81
          81
          81
          82
          82
          82
          82
          82
          82
          82
          82
          83
          83
          83
          83
          83
          83
          83
          83
          84
          84
          84
          84
          84
          84
          84
          84
          85
          85
          85
          85
          85
          85
          85
          85
          86
          86
          86
          86
          86
          86
          86
          86
          87
          87
          87
          87
          87
          87
          87
          87
          88
          88
          88
          88
          88
          88
          88
          88
          89
          89
          89
          89
          89
          89
          89
          89
          90
          90
          90
          90
          90
          90
          90
          90
          91
          91
          91
          91
          91
          91
          91
          91
          92
          92
          92
          92
          92
          92
          92
          92
          93
          93
          93
          93
          93
          93
          93
          93
          94
          94
          94
          94
          94
          94
          94
          94
          95
          95
          95
          95
          95
          95
          95
          95
          96
          96
          96
          96
          96
          96
          96
          96
          97
          97
          97
          97
          97
          97
          97
          97
          98
          98
          98
          98
          98
          98
          98
          98
          99
          99
          99
          99
          99
          99
          99
          99
          100
          100
          100
          100
          100
          100
          100
          100
          101
          101
          101
          101
          101
          101
          101
          101
          102
          102
          102
          102
          102
          102
          102
          102
          103
          103
          103
          103
          103
          103
          103
          103
          104
          104
          104
          104
          104
          104
          104
          104
          105
          105
          105
          105
          105
          105
          105
          105
          106
          106
          106
          106
          106
          106
          106
          106
          107
          107
          107
          107
          107
          107
          107
          107
          108
          108
          108
          108
          108
          108
          108
          108
          109
          109
          109
          109
          109
          109
          109
          109
          110
          110
          110
          110
          110
          110
          110
          110
          111
          111
          111
          111
          111
          111
          111
          111
          112
          112
          112
          112
          112
          112
          112
          112
          113
          113
          113
          113
          113
          113
          113
          113
          114
          114
          114
          114
          114
          114
          114
          114
          115
          115
          115
          115
          115
          115
          115
          115
          116
          116
          116
          116
          116
          116
          116
          116
          117
          117
          117
          117
          117
          117
          117
          117
          118
          118
          118
          118
          118
          118
          118
          118
          119
          119
          119
          119
          119
          119
          119
          119
          120
          120
          120
          120
          120
          120
          120
          120
          121
          121
          121
          121
          121
          121
          121
          121
          122
          122
          122
          122
          122
          122
          122
          122
          123
          123
          123
          123
          123
          123
          123
          123
          124
          124
          124
          124
          124
          124
          124
          124
          125
          125
          125
          125
          125
          125
          125
          125
          126
          126
          126
          126
          126
          126
          126
          126
          127
          127
          127
          127
          127
          127
          127
          127
          128
          128
          128
          128
          128
          128
          128
          128
          129
          129
          129
          129
          129
          129
          129
          129
          130
          130
          130
          130
          130
          130
          130
          130
          131
          131
          131
          131
          131
          131
          131
          131
          132
          132
          132
          132
          132
          132
          132
          132
          133
          133
          133
          133
          133
          133
          133
          133
          134
          134
          134
          134
          134
          134
          134
          134
          135
          135
          135
          135
          135
          135
          135
          135
          136
          136
          136
          136
          136
          136
          136
          136
          137
          137
          137
          137
          137
          137
          137
          137
          138
          138
          138
          138
          138
          138
          138
          138
          139
          139
          139
          139
          139
          139
          139
          139
          140
          140
          140
          140
          140
          140
          140
          140
          141
          141
          141
          141
          141
          141
          141
          141
          142
          142
          142
          142
          142
          142
          142
          142
          143
          143
          143
          143
          143
          143
          143
          143
          144
          144
          144
          144
          144
          144
          144
          144
          145
          145
          145
          145
          145
          145
          145
          145
          146
          146
          146
          146
          146
          146
          146
          146
          147
          147
          147
          147
          147
          147
          147
          147
          148
          148
          148
          148
          148
          148
          148
          148
          149
          149
          149
          149
          149
          149
          149
          149
          150
          150
          150
          150
          150
          150
          150
          150
          151
          151
          151
          151
          151
          151
          151
          151
          152
          152
          152
          152
          152
          152
          152
          152
          153
          153
          153
          153
          153
          153
          153
          153
          154
          154
          154
          154
          154
          154
          154
          154
          155
          155
          155
          155
          155
          155
          155
          155
          156
          156
          156
          156
          156
          156
          156
          156
          157
          157
          157
          157
          157
          157
          157
          157
          158
          158
          158
          158
          158
          158
          158
          158
          159
          159
          159
          159
          159
          159
          159
          159
          160
          160
          160
          160
          160
          160
          160
          160
          161
          161
          161
          161
          161
          161
          161
          161
          162
          162
          162
          162
          162
          162
          162
          162
          163
          163
          163
          163
          163
          163
          163
          163
          164
          164
          164
          164
          164
          164
          164
          164
          165
          165
          165
          165
          165
          165
          165
          165
          166
          166
          166
          166
          166
          166
          166
          166
          167
          167
          167
          167
          167
          167
          167
          167
          168
          168
          168
          168
          168
          168
          168
          168
          169
          169
          169
          169
          169
          169
          169
          169
          170
          170
          170
          170
          170
          170
          170
          170
          171
          171
          171
          171
          171
          171
          171
          171
          172
          172
          172
          172
          172
          172
          172
          172
          173
          173
          173
          173
          173
          173
          173
          173
          174
          174
          174
          174
          174
          174
          174
          174
          175
          175
          175
          175
          175
          175
          175
          175
          176
          176
          176
          176
          176
          176
          176
          176
          177
          177
          177
          177
          177
          177
          177
          177
          178
          178
          178
          178
          178
          178
          178
          178
          179
          179
          179
          179
          179
          179
          179
          179
          180
          180
          180
          180
          180
          180
          180
          180
          181
          181
          181
          181
          181
          181
          181
          181
          182
          182
          182
          182
          182
          182
          182
          182
          183
          183
          183
          183
          183
          183
          183
          183
          184
          184
          184
          184
          184
          184
          184
          184
          185
          185
          185
          185
          185
          185
          185
          185
          186
          186
          186
          186
          186
          186
          186
          186
          187
          187
          187
          187
          187
          187
          187
          187
          188
          188
          188
          188
          188
          188
          188
          188
          189
          189
          189
          189
          189
          189
          189
          189
          190
          190
          190
          190
          190
          190
          190
          190
          191
          191
          191
          191
          191
          191
          191
          191
          192
          192
          192
          192
          192
          192
          192
          192
          193
          193
          193
          193
          193
          193
          193
          193
          194
          194
          194
          194
          194
          194
          194
          194
          195
          195
          195
          195
          195
          195
          195
          195
          196
          196
          196
          196
          196
          196
          196
          196
          197
          197
          197
          197
          197
          197
          197
          197
          198
          198
          198
          198
          198
          198
          198
          198
          199
          199
          199
          199
          199
          199
          199
          199
          200
          200
          200
          200
          200
          200
          200
          200
          201
          201
          201
          201
          201
          201
          201
          201
          202
          202
          202
          202
          202
          202
          202
          202
          203
          203
          203
          203
          203
          203
          203
          203
          204
          204
          204
          204
          204
          204
          204
          204
          205
          205
          205
          205
          205
          205
          205
          205
          206
          206
          206
          206
          206
          206
          206
          206
          207
          207
          207
          207
          207
          207
          207
          207
          208
          208
          208
          208
          208
          208
          208
          208
          209
          209
          209
          209
          209
          209
          209
          209
          210
          210
          210
          210
          210
          210
          210
          210
          211
          211
          211
          211
          211
          211
          211
          211
          212
          212
          212
          212
          212
          212
          212
          212
          213
          213
          213
          213
          213
          213
          213
          213
          214
          214
          214
          214
          214
          214
          214
          214
          215
          215
          215
          215
          215
          215
          215
          215
          216
          216
          216
          216
          216
          216
          216
          216
          217
          217
          217
          217
          217
          217
          217
          217
          218
          218
          218
          218
          218
          218
          218
          218
          219
          219
          219
          219
          219
          219
          219
          219
          220
          220
          220
          220
          220
          220
          220
          220
          221
          221
          221
          221
          221
          221
          221
          221
          222
          222
          222
          222
          222
          222
          222
          222
          223
          223
          223
          223
          223
          223
          223
          223
          224
          224
          224
          224
          224
          224
          224
          224
          225
          225
          225
          225
          225
          225
          225
          225
          226
          226
          226
          226
          226
          226
          226
          226
          227
          227
          227
          227
          227
          227
          227
          227
          228
          228
          228
          228
          228
          228
          228
          228
          229
          229
          229
          229
          229
          229
          229
          229
          230
          230
          230
          230
          230
          230
          230
          230
          231
          231
          231
          231
          231
          231
          231
          231
          232
          232
          232
          232
          232
          232
          232
          232
          233
          233
          233
          233
          233
          233
          233
          233
          234
          234
          234
          234
          234
          234
          234
          234
          235
          235
          235
          235
          235
          235
          235
          235
          236
          236
          236
          236
          236
          236
          236
          236
          237
          237
          237
          237
          237
          237
          237
          237
          238
          238
          238
          238
          238
          238
          238
          238
          239
          239
          239
          239
          239
          239
          239
          239
          240
          240
          240
          240
          240
          240
          240
          240
          241
          241
          241
          241
          241
          241
          241
          241
          242
          242
          242
          242
          242
          242
          242
          242
          243
          243
          243
          243
          243
          243
          243
          243
          244
          244
          244
          244
          244
          244
          244
          244
          245
          245
          245
          245
          245
          245
          245
          245
          246
          246
          246
          246
          246
          246
          246
          246
          247
          247
          247
          247
          247
          247
          247
          247
          248
          248
          248
          248
          248
          248
          248
          248
          249
          249
          249
          249
          249
          249
          249
          249
          250
          250
          250
          250
          250
          250
          250
          250
          251
          251
          251
          251
          251
          251
          251
          251
          252
          252
          252
          252
          252
          252
          252
          252
          253
          253
          253
          253
          253
          253
          253
          253
          254
          254
          254
          254
          254
          254
          254
          254
          255
          255
          255
          255
          255
          255
          255
          255
          256
          256
          256
          256
          256
          256
          256
          256
          257
          257
          257
          257
          257
          257
          257
          257
          258
          258
          258
          258
          258
          258
          258
          258
          259
          259
          259
          259
          259
          259
          259
          259
          260
          260
          260
          260
          260
          260
          260
          260
          261
          261
          261
          261
          261
          261
          261
          261
          262
          262
          262
          262
          262
          262
          262
          262
          263
          263
          263
          263
          263
          263
          263
          263
          264
          264
          264
          264
          264
          264
          264
          264
          265
          265
          265
          265
          265
          265
          265
          265
          266
          266
          266
          266
          266
          266
          266
          266
          267
          267
          267
          267
          267
          267
          267
          267
          268
          268
          268
          268
          268
          268
          268
          268
          269
          269
          269
          269
          269
          269
          269
          269
          270
          270
          270
          270
          270
          270
          270
          270
          271
          271
          271
          271
          271
          271
          271
          271
          272
          272
          272
          272
          272
          272
          272
          272
          273
          273
          273
          273
          273
          273
          273
          273
          274
          274
          274
          274
          274
          274
          274
          274
          275
          275
          275
          275
          275
          275
          275
          275
          276
          276
          276
          276
          276
          276
          276
          276
          277
          277
          277
          277
          277
          277
          277
          277
          278
          278
          278
          278
          278
          278
          278
          278
          279
          279
          279
          279
          279
          279
          279
          279
          280
          280
          280
          280
          280
          280
          280
          280
          281
          281
          281
          281
          281
          281
          281
          281
          282
          282
          282
          282
          282
          282
          282
          282
          283
          283
          283
          283
          283
          283
          283
          283
          284
          284
          284
          284
          284
          284
          284
          284
          285
          285
          285
          285
          285
          285
          285
          285
          286
          286
          286
          286
          286
          286
          286
          286
          287
          287
          287
          287
          287
          287
          287
          287
          288
          288
          288
          288
          288
          288
          288
          288
          289
          289
          289
          289
          289
          289
          289
          289
          290
          290
          290
          290
          290
          290
          290
          290
          291
          291
          291
          291
          291
          291
          291
          291
          292
          292
          292
          292
          292
          292
          292
          292
          293
          293
          293
          293
          293
          293
          293
          293
          294
          294
          294
          294
          294
          294
          294
          294
          295
          295
          295
          295
          295
          295
          295
          295
          296
          296
          296
          296
          296
          296
          296
          296
          297
          297
          297
          297
          297
          297
          297
          297
          298
          298
          298
          298
          298
          298
          298
          298
          299
          299
          299
          299
          299
          299
          299
          299
          300
          300
          300
          300
          300
          300
          300
          300
          301
          301
          301
          301
          301
          301
          301
          301
          302
          302
          302
          302
          302
          302
          302
          302
          303
          303
          303
          303
          303
          303
          303
          303
          304
          304
          304
          304
          304
          304
          304
          304
          305
          305
          305
          305
          305
          305
          305
          305
          306
          306
          306
          306
          306
          306
          306
          306
          307
          307
          307
          307
          307
          307
          307
          307
          308
          308
          308
          308
          308
          308
          308
          308
          309
          309
          309
          309
          309
          309
          309
          309
          310
          310
          310
          310
          310
          310
          310
          310
          311
          311
          311
          311
          311
          311
          311
          311
          312
          312
          312
          312
          312
          312
          312
          312
          313
          313
          313
          313
          313
          313
          313
          313
          314
          314
          314
          314
          314
          314
          314
          314
          315
          315
          315
          315
          315
          315
          315
          315
          316
          316
          316
          316
          316
          316
          316
          316
          317
          317
          317
          317
          317
          317
          317
          317
          318
          318
          318
          318
          318
          318
          318
          318
          319
          319
          319
          319
          319
          319
          319
          319
          320
          320
          320
          320
          320
          320
          320
          320
        </DataArray>
        <DataArray type="Int32" Name="GaussPointID" format="ascii">
          1
          2
          3
          4
          5
          6
          7
          8
          1
          2
          3
          4
          5
          6
          7
          8
          1
          2
          3
          4
          5
          6
          7
          8
          1
          2
          3
          4
          5
          6
          7
          8
          1
          2
          3
          4
          5
          6
          7
          8
          1
          2
          3
          4
          5
          6
          7
          8
          1
          2
          3
          4
          5
          6
          7
          8
          1
          2
          3
          4
          5
          6
          7
          8
          1
          2
          3
          4
          5
          6
          7
          8
          1
          2
          3
          4
          5
          6
          7
          8
          1
          2
          3
          4
          5
          6
          7
          8
          1
          2
          3
          4
          5
          6
          7
          8
          1
          2
          3
          4
          5
          6
          7
          8
          1
          2
          3
          4
          5
          6
          7
          8
          1
          2
          3
          4
          5
          6
          7
          8
          1
          2
          3
          4
          5
          6
          7
          8
          1
          2
          3
          4
          5
          6
          7
          8
          1
          2
          3
          4
          5
          6
          7
          8
          1
          2
          3
          4
          5
          6
          7
          8
          1
          2
          3
          4
          5
          6
          7
          8
          1
          2
          3
          4
          5
          6
          7
          8
          1
          2
          3
          4
          5
          6
          7
          8
          1
          2
          3
          4
          5
          6
          7
          8
          1
          2
          3
          4
          5
          6
          7
          8
          1
          2
          3
          4
          5
          6
          7
          8
          1
          2
          3
          4
          5
          6
          7
          8
          1
          2
          3
          4
          5
          6
          7
          8
          1
          2
          3
          4
          5
          6
          7
          8
          1
          2
          3
          4
          5
          6
          7
          8
          1
          2
          3
          4
          5
          6
          7
          8
          1
          2
          3
          4
          5
          6
          7
          8
          1
          2
          3
          4
          5
          6
          7
          8
          1
          2
          3
          4
          5
          6
          7
          8
          1
          2
          3
          4
          5
          6
          7
          8
          1
          2
          3
          4
          5
          6
          7
          8
          1
          2
          3
          4
          5
          6
          7
          8
          1
          2
          3
          4
          5
          6
          7
          8
          1
          2
          3
          4
          5
          6
          7
          8
          1
          2
          3
          4
          5
          6
          7
          8
          1
          2
          3
          4
          5
          6
          7
          8
          1
          2
          3
          4
          5
          6
          7
          8
          1
          2
          3
          4
          5
          6
          7
          8
          1
          2
          3
          4
          5
          6
          7
          8
          1
          2
          3
          4
          5
          6
          7
          8
          1
          2
          3
          4
          5
          6
          7
          8
          1
          2
          3
          4
          5
          6
          7
          8
          1
          2
          3
          4
          5
          6
          7
          8
          1
          2
          3
          4
          5
          6
          7
          8
          1
          2
          3
          4
          5
          6
          7
          8
          1
          2
          3
          4
          5
          6
          7
          8
          1
          2
          3
          4
          5
          6
          7
          8
          1
          2
          3
          4
          5
          6
          7
          8
          1
          2
          3
          4
          5
          6
          7
          8
          1
          2
          3
          4
          5
          6
          7
          8
          1
          2
          3
          4
          5
          6
          7
          8
          1
          2
          3
          4
          5
          6
          7
          8
          1
          2
          3
          4
          5
          6
          7
          8
          1
          2
          3
          4
          5
          6
          7
          8
          1
          2
          3
          4
          5
          6
          7
          8
          1
          2
          3
          4
          5
          6
          7
          8
          1
          2
          3
          4
          5
          6
          7
          8
          1
          2
          3
          4
          5
          6
          7
          8
          1
          2
          3
          4
          5
          6
          7
          8
          1
          2
          3
          4
          5
          6
          7
          8
          1
          2
          3
          4
          5
          6
          7
          8
          1
          2
          3
          4
          5
          6
          7
          8
          1
          2
          3
          4
          5
          6
          7
          8
          1
          2
          3
          4
          5
          6
          7
          8
          1
          2
          3
          4
          5
          6
          7
          8
          1
          2
          3
          4
          5
          6
          7
          8
          1
          2
          3
          4
          5
          6
          7
          8
          1
          2
          3
          4
          5
          6
          7
          8
          1
          2
          3
          4
          5
          6
          7
          8
          1
          2
          3
          4
          5
          6
          7
          8
          1
          2
          3
          4
          5
          6
          7
          8
          1
          2
          3
          4
          5
          6
          7
          8
          1
          2
          3
          4
          5
          6
          7
          8
          1
          2
          3
          4
          5
          6
          7
          8
          1
          2
          3
          4
          5
          6
          7
          8
          1
          2
          3
          4
          5
          6
          7
          8
          1
          2
          3
          4
          5
          6
          7
          8
          1
          2
          3
          4
          5
          6
          7
          8
          1
          2
          3
          4
          5
          6
          7
          8
          1
          2
          3
          4
          5
          6
          7
          8
          1
          2
          3
          4
          5
          6
          7
          8
          1
          2
          3
          4
          5
          6
          7
          8
          1
          2
          3
          4
          5
          6
          7
          8
          1
          2
          3
          4
          5
          6
          7
          8
          1
          2
          3
          4
          5
          6
          7
          8
          1
          2
          3
          4
          5
          6
          7
          8
          1
          2
          3
          4
          5
          6
          7
          8
          1
          2
          3
          4
          5
          6
          7
          8
          1
          2
          3
          4
          5
          6
          7
          8
          1
          2
          3
          4
          5
          6
          7
          8
          1
          2
          3
          4
          5
          6
          7
          8
          1
          2
          3
          4
          5
          6
          7
          8
          1
          2
          3
          4
          5
          6
          7
          8
          1
          2
          3
          4
          5
          6
          7
          8
          1
          2
          3
          4
          5
          6
          7
          8
          1
          2
          3
          4
          5
          6
          7
          8
          1
          2
          3
          4
          5
          6
          7
          8
          1
          2
          3
          4
          5
          6
          7
          8
          1
          2
          3
          4
          5
          6
          7
          8
          1
          2
          3
          4
          5
          6
          7
          8
          1
          2
          3
          4
          5
          6
          7
          8
          1
          2
          3
          4
          5
          6
          7
          8
          1
          2
          3
          4
          5
          6
          7
          8
          1
          2
          3
          4
          5
          6
          7
          8
          1
          2
          3
          4
          5
          6
          7
          8
          1
          2
          3
          4
          5
          6
          7
          8
          1
          2
          3
          4
          5
          6
          7
          8
          1
          2
          3
          4
          5
          6
          7
          8
          1
          2
          3
          4
          5
          6
          7
          8
          1
          2
          3
          4
          5
          6
          7
          8
          1
          2
          3
          4
          5
          6
          7
          8
          1
          2
          3
          4
          5
          6
          7
          8
          1
          2
          3
          4
          5
          6
          7
          8
          1
          2
          3
          4
          5
          6
          7
          8
          1
          2
          3
          4
          5
          6
          7
          8
          1
          2
          3
          4
          5
          6
          7
          8
          1
          2
          3
          4
          5
          6
          7
          8
          1
          2
          3
          4
          5
          6
          7
          8
          1
          2
          3
          4
          5
          6
          7
          8
          1
          2
          3
          4
          5
          6
          7
          8
          1
          2
          3
          4
          5
          6
          7
          8
          1
          2
          3
          4
          5
          6
          7
          8
          1
          2
          3
          4
          5
          6
          7
          8
          1
          2
          3
          4
          5
          6
          7
          8
          1
          2
          3
          4
          5
          6
          7
          8
          1
          2
          3
          4
          5
          6
          7
          8
          1
          2
          3
          4
          5
          6
          7
          8
          1
          2
          3
          4
          5
          6
          7
          8
          1
          2
          3
          4
          5
          6
          7
          8
          1
          2
          3
          4
          5
          6
          7
          8
          1
          2
          3
          4
          5
          6
          7
          8
          1
          2
          3
          4
          5
          6
          7
          8
          1
          2
          3
          4
          5
          6
          7
          8
          1
          2
          3
          4
          5
          6
          7
          8
          1
          2
          3
          4
          5
          6
          7
          8
          1
          2
          3
          4
          5
          6
          7
          8
          1
          2
          3
          4
          5
          6
          7
          8
          1
          2
          3
          4
          5
          6
          7
          8
          1
          2
          3
          4
          5
          6
          7
          8
          1
          2
          3
          4
          5
          6
          7
          8
          1
          2
          3
          4
          5
          6
          7
          8
          1
          2
          3
          4
          5
          6
          7
          8
          1
          2
          3
          4
          5
          6
          7
          8
          1
          2
          3
          4
          5
          6
          7
          8
          1
          2
          3
          4
          5
          6
          7
          8
          1
          2
          3
          4
          5
          6
          7
          8
          1
          2
          3
          4
          5
          6
          7
          8
          1
          2
          3
          4
          5
          6
          7
          8
          1
          2
          3
          4
          5
          6
          7
          8
          1
          2
          3
          4
          5
          6
          7
          8
          1
          2
          3
          4
          5
          6
          7
          8
          1
          2
          3
          4
          5
          6
          7
          8
          1
          2
          3
          4
          5
          6
          7
          8
          1
          2
          3
          4
          5
          6
          7
          8
          1
          2
          3
          4
          5
          6
          7
          8
          1
          2
          3
          4
          5
          6
          7
          8
          1
          2
          3
          4
          5
          6
          7
          8
          1
          2
          3
          4
          5
          6
          7
          8
          1
          2
          3
          4
          5
          6
          7
          8
          1
          2
          3
          4
          5
          6
          7
          8
          1
          2
          3
          4
          5
          6
          7
          8
          1
          2
          3
          4
          5
          6
          7
          8
          1
          2
          3
          4
          5
          6
          7
          8
          1
          2
          3
          4
          5
          6
          7
          8
          1
          2
          3
          4
          5
          6
          7
          8
          1
          2
          3
          4
          5
          6
          7
          8
          1
          2
          3
          4
          5
          6
          7
          8
          1
          2
          3
          4
          5
          6
          7
          8
          1
          2
          3
          4
          5
          6
          7
          8
          1
          2
          3
          4
          5
          6
          7
          8
          1
          2
          3
          4
          5
          6
          7
          8
          1
          2
          3
          4
          5
          6
          7
          8
          1
          2
          3
          4
          5
          6
          7
          8
          1
          2
          3
          4
          5
          6
          7
          8
          1
          2
          3
          4
          5
          6
          7
          8
          1
          2
          3
          4
          5
          6
          7
          8
          1
          2
          3
          4
          5
          6
          7
          8
          1
          2
          3
          4
          5
          6
          7
          8
          1
          2
          3
          4
          5
          6
          7
          8
          1
          2
          3
          4
          5
          6
          7
          8
          1
          2
          3
          4
          5
          6
          7
          8
          1
          2
          3
          4
          5
          6
          7
          8
          1
          2
          3
          4
          5
          6
          7
          8
          1
          2
          3
          4
          5
          6
          7
          8
          1
          2
          3
          4
          5
          6
          7
          8
          1
          2
          3
          4
          5
          6
          7
          8
          1
          2
          3
          4
          5
          6
          7
          8
          1
          2
          3
          4
          5
          6
          7
          8
          1
          2
          3
          4
          5
          6
          7
          8
          1
          2
          3
          4
          5
          6
          7
          8
          1
          2
          3
          4
          5
          6
          7
          8
          1
          2
          3
          4
          5
          6
          7
          8
          1
          2
          3
          4
          5
          6
          7
          8
          1
          2
          3
          4
          5
          6
          7
          8
          1
          2
          3
          4
          5
          6
          7
          8
          1
          2
          3
          4
          5
          6
          7
          8
          1
          2
          3
          4
          5
          6
          7
          8
          1
          2
          3
          4
          5
          6
          7
          8
          1
          2
          3
          4
          5
          6
          7
          8
          1
          2
          3
          4
          5
          6
          7
          8
          1
          2
          3
          4
          5
          6
          7
          8
          1
          2
          3
          4
          5
          6
          7
          8
          1
          2
          3
          4
          5
          6
          7
          8
          1
          2
          3
          4
          5
          6
          7
          8
          1
          2
          3
          4
          5
          6
          7
          8
          1
          2
          3
          4
          5
          6
          7
          8
          1
          2
          3
          4
          5
          6
          7
          8
          1
          2
          3
          4
          5
          6
          7
          8
          1
          2
          3
          4
          5
          6
          7
          8
          1
          2
          3
          4
          5
          6
          7
          8
          1
          2
          3
          4
          5
          6
          7
          8
          1
          2
          3
          4
          5
          6
          7
          8
          1
          2
          3
          4
          5
          6
          7
          8
          1
          2
          3
          4
          5
          6
          7
          8
          1
          2
          3
          4
          5
          6
          7
          8
          1
          2
          3
          4
          5
          6
          7
          8
          1
          2
          3
          4
          5
          6
          7
          8
          1
          2
          3
          4
          5
          6
          7
          8
          1
          2
          3
          4
          5
          6
          7
          8
          1
          2
          3
          4
          5
          6
          7
          8
          1
          2
          3
          4
          5
          6
          7
          8
          1
          2
          3
          4
          5
          6
          7
          8
          1
          2
          3
          4
          5
          6
          7
          8
          1
          2
          3
          4
          5
          6
          7
          8
          1
          2
          3
          4
          5
          6
          7
          8
          1
          2
          3
          4
          5
          6
          7
          8
          1
          2
          3
          4
          5
          6
          7
          8
          1
          2
          3
          4
          5
          6
          7
          8
          1
          2
          3
          4
          5
          6
          7
          8
          1
          2
          3
          4
          5
          6
          7
          8
          1
          2
          3
          4
          5
          6
          7
          8
          1
          2
          3
          4
          5
          6
          7
          8
          1
          2
          3
          4
          5
          6
          7
          8
          1
          2
          3
          4
          5
          6
          7
          8
          1
          2
          3
          4
          5
          6
          7
          8
          1
          2
          3
          4
          5
          6
          7
          8
          1
          2
          3
          4
          5
          6
          7
          8
          1
          2
          3
          4
          5
          6
          7
          8
          1
          2
          3
          4
          5
          6
          7
          8
          1
          2
          3
          4
          5
          6
          7
          8
          1
          2
          3
          4
          5
          6
          7
          8
          1
          2
          3
          4
          5
          6
          7
          8
          1
          2
          3
          4
          5
          6
          7
          8
          1
          2
          3
          4
          5
          6
          7
          8
          1
          2
          3
          4
          5
          6
          7
          8
          1
          2
          3
          4
          5
          6
          7
          8
          1
          2
          3
          4
          5
          6
          7
          8
          1
          2
          3
          4
          5
          6
          7
          8
          1
          2
          3
          4
          5
          6
          7
          8
          1
          2
          3
          4
          5
          6
          7
          8
          1
          2
          3
          4
          5
          6
          7
          8
          1
          2
          3
          4
          5
          6
          7
          8
          1
          2
          3
          4
          5
          6
          7
          8
          1
          2
          3
          4
          5
          6
          7
          8
          1
          2
          3
          4
          5
          6
          7
          8
          1
          2
          3
          4
          5
          6
          7
          8
          1
          2
          3
          4
          5
          6
          7
          8
          1
          2
          3
          4
          5
          6
          7
          8
          1
          2
          3
          4
          5
          6
          7
          8
          1
          2
          3
          4
          5
          6
          7
          8
          1
          2
          3
          4
          5
          6
          7
          8
          1
          2
          3
          4
          5
          6
          7
          8
          1
          2
          3
          4
          5
          6
          7
          8
          1
          2
          3
          4
          5
          6
          7
          8
          1
          2
          3
          4
          5
          6
          7
          8
          1
          2
          3
          4
          5
          6
          7
          8
          1
          2
          3
          4
          5
          6
          7
          8
          1
          2
          3
          4
          5
          6
          7
          8
          1
          2
          3
          4
          5
          6
          7
          8
          1
          2
          3
          4
          5
          6
          7
          8
          1
          2
          3
          4
          5
          6
          7
          8
          1
          2
          3
          4
          5
          6
          7
          8
          1
          2
          3
          4
          5
          6
          7
          8
          1
          2
          3
          4
          5
          6
          7
          8
          1
          2
          3
          4
          5
          6
          7
          8
          1
          2
          3
          4
          5
          6
          7
          8
          1
          2
          3
          4
          5
          6
          7
          8
          1
          2
          3
          4
          5
          6
          7
          8
          1
          2
          3
          4
          5
          6
          7
          8
          1
          2
          3
          4
          5
          6
          7
          8
          1
          2
          3
          4
          5
          6
          7
          8
          1
          2
          3
          4
          5
          6
          7
          8
          1
          2
          3
          4
          5
          6
          7
          8
          1
          2
          3
          4
          5
          6
          7
          8
          1
          2
          3
          4
          5
          6
          7
          8
          1
          2
          3
          4
          5
          6
          7
          8
          1
          2
          3
          4
          5
          6
          7
          8
          1
          2
          3
          4
          5
          6
          7
          8
          1
          2
          3
          4
          5
          6
          7
          8
          1
          2
          3
          4
          5
          6
          7
          8
          1
          2
          3
          4
          5
          6
          7
          8
          1
          2
          3
          4
          5
          6
          7
          8
          1
          2
          3
          4
          5
          6
          7
          8
          1
          2
          3
          4
          5
          6
          7
          8
          1
          2
          3
          4
          5
          6
          7
          8
          1
          2
          3
          4
          5
          6
          7
          8
          1
          2
          3
          4
          5
          6
          7
          8
          1
          2
          3
          4
          5
          6
          7
          8
          1
          2
          3
          4
          5
          6
          7
          8
          1
          2
          3
          4
          5
          6
          7
          8
          1
          2
          3
          4
          5
          6
          7
          8
          1
          2
          3
          4
          5
          6
          7
          8
          1
          2
          3
          4
          5
          6
          7
          8
          1
          2
          3
          4
          5
          6
          7
          8
          1
          2
          3
          4
          5
          6
          7
          8
          1
          2
          3
          4
          5
          6
          7
          8
          1
          2
          3
          4
          5
          6
          7
          8
          1
          2
          3
          4
          5
          6
          7
          8
          1
          2
          3
          4
          5
          6
          7
          8
          1
          2
          3
          4
          5
          6
          7
          8
          1
          2
          3
          4
          5
          6
          7
          8
          1
          2
          3
          4
          5
          6
          7
          8
          1
          2
          3
          4
          5
          6
          7
          8
          1
          2
          3
          4
          5
          6
          7
          8
          1
          2
          3
          4
          5
          6
          7
          8
          1
          2
          3
          4
          5
          6
          7
          8
        </DataArray>
        <DataArray type="Float64" Name="Sxx" format="ascii">
          185.248
          116.189
          -10.7987
          19.3298
          191.091
          121.371
          -4.87749
          25.9122
          79.9012
          17.4517
          -11.1819
          13.393
          83.6316
          18.4863
          -10.0164
          17.2543
          -17.4517
          -79.9012
          -13.393
          11.1819
          -18.4863
          -83.6316
          -17.2543
          10.0164
          -116.189
          -185.248
          -19.3298
          10.7987
          -121.371
          -191.091
          -25.9122
          4.87749
          -15.4213
          -31.3596
          -7.32386
          14.4543
          -20.456
          -35.6259
          -11.7168
          9.29297
          6.81224
          -16.2819
          -11.9064
          16.8092
          2.97097
          -17.1098
          -12.6023
          13.0999
          16.2819
          -6.81224
          -16.8092
          11.9064
          17.1098
          -2.97097
          -13.0999
          12.6023
          31.3596
          15.4213
          -14.4543
          7.32386
          35.6259
          20.456
          -9.29297
          11.7168
          10.1385
          -12.3768
          -9.92051
          13.2211
          10.9494
          -11.6048
          -9.80265
          13.3778
          10.258
          -12.7305
          -11.1861
          12.8586
          10.5853
          -12.3662
          -11.0336
          12.9742
          12.7305
          -10.258
          -12.8586
          11.1861
          12.3662
          -10.5853
          -12.9742
          11.0336
          12.3768
          -10.1385
          -13.2211
          9.92051
          11.6048
          -10.9494
          -13.3778
          9.80265
          4.01314
          -15.1623
          -8.65758
          12.8791
          4.1276
          -15.0323
          -8.36653
          13.1546
          9.67888
          -11.6269
          -10.5247
          12.7625
          9.8946
          -11.4969
          -10.367
          13.0059
          11.6269
          -9.67888
          -12.7625
          10.5247
          11.4969
          -9.8946
          -13.0059
          10.367
          15.1623
          -4.01314
          -12.8791
          8.65758
          15.0323
          -4.1276
          -13.1546
          8.36653
          4.75323
          -13.7564
          -7.96357
          12.3158
          4.95822
          -13.5646
          -7.80407
          12.4885
          8.81859
          -11.2755
          -9.84555
          12.0656
          8.9473
          -11.142
          -9.71501
          12.1912
          11.2755
          -8.81859
          -12.0656
          9.84555
          11.142
          -8.9473
          -12.1912
          9.71501
          13.7564
          -4.75323
          -12.3158
          7.96357
          13.5646
          -4.95822
          -12.4885
          7.80407
          3.9798
          -13.1635
          -7.27139
          11.7812
          4.1245
          -13.0148
          -7.12175
          11.9269
          8.22758
          -10.4922
          -9.16465
          11.3796
          8.3553
          -10.3636
          -9.04229
          11.501
          10.4922
          -8.22758
          -11.3796
          9.16465
          10.3636
          -8.3553
          -11.501
          9.04229
          13.1635
          -3.9798
          -11.7812
          7.27139
          13.0148
          -4.1245
          -11.9269
          7.12175
          3.47173
          -12.4407
          -6.56493
          11.2316
          3.62196
          -12.2912
          -6.42414
          11.3731
          7.52942
          -9.83697
          -8.48696
          10.7065
          7.64771
          -9.71839
          -8.37308
          10.8201
          9.83697
          -7.52942
          -10.7065
          8.48696
          9.71839
          -7.64771
          -10.8201
          8.37308
          12.4407
          -3.47173
          -11.2316
          6.56493
          12.2912
          -3.62196
          -11.3731
          6.42414
          2.92021
          -11.7414
          -5.86121
          10.6886
          3.0562
          -11.6053
          -5.73058
          10.8192
          6.85805
          -9.15414
          -7.8083
          10.0306
          6.96868
          -9.04368
          -7.70293
          10.1362
          9.15414
          -6.85805
          -10.0306
          7.8083
          9.04368
          -6.96868
          -10.1362
          7.70293
          11.7414
          -2.92021
          -10.6886
          5.86121
          11.6053
          -3.0562
          -10.8192
          5.73058
          2.37743
          -11.0361
          -5.15708
          10.144
          2.50346
          -10.9101
          -5.03738
          10.2637
          6.18184
          -8.47644
          -7.12979
          9.35516
          6.28344
          -8.37481
          -7.03309
          9.45183
          8.47644
          -6.18184
          -9.35516
          7.12979
          8.37481
          -6.28344
          -9.45183
          7.03309
          11.0361
          -2.37743
          -10.144
          5.15708
          10.9101
          -2.50346
          -10.2637
          5.03738
          1.8327
          -10.3323
          -4.45303
          9.59962
          1.94789
          -10.2171
          -4.34398
          9.70868
          5.50646
          -7.79773
          -6.45126
          8.67962
          5.59954
          -7.70465
          -6.36318
          8.7677
          7.79773
          -5.50646
          -8.67962
          6.45126
          7.70465
          -5.59954
          -8.7677
          6.36318
          10.3323
          -1.8327
          -9.59962
          4.45303
          10.2171
          -1.94789
          -9.70868
          4.34398
          1.28836
          -9.62817
          -3.74897
          9.05522
          1.39291
          -9.52363
          -3.65059
          9.15359
          4.8309
          -7.11925
          -5.77274
          8.00409
          4.91532
          -7.03482
          -5.69329
          8.08354
          7.11925
          -4.8309
          -8.00409
          5.77274
          7.03482
          -4.91532
          -8.08354
          5.69329
          9.62817
          -1.28836
          -9.05522
          3.74897
          9.52363
          -1.39291
          -9.15359
          3.65059
          0.743955
          -8.92413
          -3.04491
          8.51081
          0.837813
          -8.83027
          -2.95723
          8.5985
          4.15538
          -6.44071
          -5.0942
          7.32858
          4.23119
          -6.3649
          -5.02336
          7.39943
          6.44071
          -4.15538
          -7.32858
          5.0942
          6.3649
          -4.23119
          -7.39943
          5.02336
          8.92413
          -0.743955
          -8.51081
          3.04491
          8.83027
          -0.837813
          -8.5985
          2.95723
          0.199542
          -8.22006
          -2.34085
          7.96646
          0.282728
          -8.13688
          -2.26379
          8.04353
          3.47985
          -5.76219
          -4.41572
          6.65297
          3.54703
          -5.69501
          -4.35357
          6.71512
          5.76219
          -3.47985
          -6.65297
          4.41572
          5.69501
          -3.54703
          -6.71512
          4.35357
          8.22006
          -0.199542
          -7.96646
          2.34085
          8.13688
          -0.282728
          -8.04353
          2.26379
          -0.344777
          -7.51603
          -1.63677
          7.42178
          -0.272308
          -7.44351
          -1.57061
          7.48789
          2.80429
          -5.08366
          -3.73694
          5.97789
          2.86288
          -5.02509
          -3.68318
          6.03168
          5.08366
          -2.80429
          -5.97789
          3.73694
          5.02509
          -2.86288
          -6.03168
          3.68318
          7.51603
          0.344777
          -7.42178
          1.63677
          7.44351
          0.272308
          -7.48789
          1.57061
          -0.889508
          -6.81179
          -0.93283
          6.879
          -0.827575
          -6.75013
          -0.876629
          6.93548
          2.12896
          -4.40517
          -3.05981
          5.30012
          2.17869
          -4.35528
          -3.01555
          5.34423
          4.40517
          -2.12896
          -5.30012
          3.05981
          4.35528
          -2.17869
          -5.34423
          3.01555
          6.81179
          0.889508
          -6.879
          0.93283
          6.75013
          0.827575
          -6.93548
          0.876629
          -1.43279
          -6.10821
          -0.227747
          6.32695
          -1.38227
          -6.05628
          -0.184727
          6.36856
          1.4529
          -3.72654
          -2.37469
          4.63513
          1.49519
          -3.68503
          -2.33599
          4.6746
          3.72654
          -1.4529
          -4.63513
          2.37469
          3.68503
          -1.49519
          -4.6746
          2.33599
          6.10821
          1.43279
          -6.32695
          0.227747
          6.05628
          1.38227
          -6.36856
          0.184727
          -1.97901
          -5.40586
          0.470766
          5.81264
          -1.93254
          -5.36649
          0.514516
          5.86349
          0.775879
          -3.04794
          -1.71949
          3.91763
          0.806123
          -3.01552
          -1.69848
          3.93647
          3.04794
          -0.775879
          -3.91763
          1.71949
          3.01552
          -0.806123
          -3.93647
          1.69848
          5.40586
          1.97901
          -5.81264
          -0.470766
          5.36649
          1.93254
          -5.86349
          -0.514516
          -2.53089
          -4.67333
          1.16552
          5.15305
          -2.53509
          -4.64692
          1.13822
          5.09513
          0.128159
          -2.37363
          -1.0105
          3.3483
          0.156257
          -2.35175
          -0.983195
          3.38182
          2.37363
          -0.128159
          -3.3483
          1.0105
          2.35175
          -0.156257
          -3.38182
          0.983195
          4.67333
          2.53089
          -5.15305
          -1.16552
          4.64692
          2.53509
          -5.09513
          -1.13822
          -3.05661
          -4.14984
          2.26854
          5.08278
          -2.98534
          -4.15709
          2.53894
          5.43169
          -0.725576
          -1.66362
          -0.0395143
          2.7321
          -0.75255
          -1.638
          0.0349191
          2.75393
          1.66362
          0.725576
          -2.7321
          0.0395143
          1.638
          0.75255
          -2.75393
          -0.0349191
          4.14984
          3.05661
          -5.08278
          -2.26854
          4.15709
          2.98534
          -5.43169
          -2.53894
          -2.74976
          -2.87309
          0.380881
          3.42497
          -2.51391
          -2.83299
          -0.973796
          2.26605
          -0.877343
          -1.02423
          -1.25379
          1.0486
          -0.897084
          -1.06971
          -1.75405
          0.574087
          1.02423
          0.877343
          -1.0486
          1.25379
          1.06971
          0.897084
          -0.574087
          1.75405
          2.87309
          2.74976
          -3.42497
          -0.380881
          2.83299
          2.51391
          -2.26605
          0.973796
          189.339
          117.374
          -0.373318
          38.9495
          189.275
          117.93
          0.899674
          39.6025
          80.2971
          17.5135
          -9.55475
          20.0828
          80.7385
          17.6548
          -9.32751
          20.6101
          -17.5135
          -80.2971
          -20.0828
          9.55475
          -17.6548
          -80.7385
          -20.6101
          9.32751
          -117.374
          -189.339
          -38.9495
          0.373318
          -117.93
          -189.275
          -39.6025
          -0.899674
          4.54281
          -18.7094
          -8.61077
          13.0301
          6.51074
          -17.5695
          -8.28604
          14.1828
          15.7421
          -14.1157
          -12.4174
          15.9202
          15.8102
          -13.9856
          -12.2765
          15.9991
          14.1157
          -15.7421
          -15.9202
          12.4174
          13.9856
          -15.8102
          -15.9991
          12.2765
          18.7094
          -4.54281
          -13.0301
          8.61077
          17.5695
          -6.51074
          -14.1828
          8.28604
          3.8711
          -17.6194
          -10.0895
          14.0255
          2.81667
          -18.4741
          -10.7839
          13.1313
          6.24643
          -14.0183
          -11.2741
          12.5421
          5.82884
          -14.0485
          -11.4573
          11.9715
          14.0183
          -6.24643
          -12.5421
          11.2741
          14.0485
          -5.82884
          -11.9715
          11.4573
          17.6194
          -3.8711
          -14.0255
          10.0895
          18.4741
          -2.81667
          -13.1313
          10.7839
          5.46198
          -14.9601
          -8.96111
          13.3838
          5.71834
          -14.7365
          -8.85035
          13.5273
          9.63244
          -11.577
          -10.6098
          12.3267
          9.65751
          -11.6353
          -10.6448
          12.3751
          11.577
          -9.63244
          -12.3267
          10.6098
          11.6353
          -9.65751
          -12.3751
          10.6448
          14.9601
          -5.46198
          -13.3838
          8.96111
          14.7365
          -5.71834
          -13.5273
          8.85035
          5.24797
          -13.9773
          -8.20636
          12.8549
          5.1657
          -14.0528
          -8.23325
          12.8212
          8.4465
          -11.3557
          -9.92717
          11.6968
          8.38763
          -11.4123
          -9.98063
          11.6411
          11.3557
          -8.4465
          -11.6968
          9.92717
          11.4123
          -8.38763
          -11.6411
          9.98063
          13.9773
          -5.24797
          -12.8549
          8.20636
          14.0528
          -5.1657
          -12.8212
          8.23325
          4.50852
          -13.4145
          -7.50497
          12.2727
          4.50206
          -13.4234
          -7.52605
          12.254
          7.86261
          -10.5738
          -9.24224
          11.0308
          7.80984
          -10.6251
          -9.29151
          10.9801
          10.5738
          -7.86261
          -11.0308
          9.24224
          10.6251
          -7.80984
          -10.9801
          9.29151
          13.4145
          -4.50852
          -12.2727
          7.50497
          13.4234
          -4.50206
          -12.254
          7.52605
          3.94359
          -12.6679
          -6.78243
          11.6893
          3.9205
          -12.6902
          -6.8009
          11.67
          7.1888
          -9.91265
          -8.55884
          10.3815
          7.14177
          -9.95994
          -8.60449
          10.3361
          9.91265
          -7.1888
          -10.3815
          8.55884
          9.95994
          -7.14177
          -10.3361
          8.60449
          12.6679
          -3.94359
          -11.6893
          6.78243
          12.6902
          -3.9205
          -11.67
          6.8009
          3.36408
          -11.9517
          -6.06181
          11.1117
          3.34704
          -11.9689
          -6.07897
          11.0947
          6.5442
          -9.22346
          -7.87469
          9.73065
          6.49976
          -9.26785
          -7.91691
          9.68837
          9.22346
          -6.5442
          -9.73065
          7.87469
          9.26785
          -6.49976
          -9.68837
          7.91691
          11.9517
          -3.36408
          -11.1117
          6.06181
          11.9689
          -3.34704
          -11.0947
          6.07897
          2.78587
          -11.2297
          -5.34138
          10.5324
          2.76913
          -11.2464
          -5.35709
          10.5167
          5.8921
          -8.54061
          -7.19077
          9.07963
          5.85143
          -8.5813
          -7.22952
          9.0409
          8.54061
          -5.8921
          -9.07963
          7.19077
          8.5813
          -5.85143
          -9.0409
          7.22952
          11.2297
          -2.78587
          -10.5324
          5.34138
          11.2464
          -2.76913
          -10.5167
          5.35709
          2.20648
          -10.5097
          -4.62087
          9.95341
          2.19138
          -10.5248
          -4.6352
          9.93908
          5.24136
          -7.85639
          -6.50679
          8.4287
          5.20404
          -7.89371
          -6.5421
          8.39339
          7.85639
          -5.24136
          -8.4287
          6.50679
          7.89371
          -5.20404
          -8.39339
          6.5421
          10.5097
          -2.20648
          -9.95341
          4.62087
          10.5248
          -2.19138
          -9.93908
          4.6352
          1.6275
          -9.78906
          -3.90037
          9.37436
          1.61376
          -9.80281
          -3.9133
          9.36143
          4.59035
          -7.17249
          -5.82284
          7.77774
          4.55651
          -7.20633
          -5.85468
          7.7459
          7.17249
          -4.59035
          -7.77774
          5.82284
          7.20633
          -4.55651
          -7.7459
          5.85468
          9.78906
          -1.6275
          -9.37436
          3.90037
          9.80281
          -1.61376
          -9.36143
          3.9133
          1.04845
          -9.06858
          -3.17989
          8.79531
          1.03612
          -9.08092
          -3.19141
          8.78379
          3.93941
          -6.48851
          -5.13886
          7.12679
          3.90903
          -6.5189
          -5.16726
          7.0984
          6.48851
          -3.93941
          -7.12679
          5.13886
          6.5189
          -3.90903
          -7.0984
          5.16726
          9.06858
          -1.04845
          -8.79531
          3.17989
          9.08092
          -1.03612
          -8.78379
          3.19141
          0.469402
          -8.34809
          -2.45933
          8.21629
          0.458458
          -8.35901
          -2.46945
          8.20615
          3.28845
          -5.80455
          -4.45493
          6.47582
          3.26154
          -5.83148
          -4.47984
          6.45092
          5.80455
          -3.28845
          -6.47582
          4.45493
          5.83148
          -3.26154
          -6.45092
          4.47984
          8.34809
          -0.469402
          -8.21629
          2.45933
          8.35901
          -0.458458
          -8.20615
          2.46945
          -0.109628
          -7.62759
          -1.73912
          7.6371
          -0.119088
          -7.63715
          -1.74783
          7.62849
          2.63751
          -5.12058
          -3.77082
          5.82493
          2.61399
          -5.14406
          -3.79235
          5.80336
          5.12058
          -2.63751
          -5.82493
          3.77082
          5.14406
          -2.61399
          -5.80336
          3.79235
          7.62759
          0.109628
          -7.6371
          1.73912
          7.63715
          0.119088
          -7.62849
          1.74783
          -0.688741
          -6.90702
          -1.01759
          7.05857
          -0.697162
          -6.91506
          -1.02494
          7.05084
          1.9866
          -4.43666
          -3.08767
          5.17352
          1.96674
          -4.45665
          -3.10557
          5.15575
          4.43666
          -1.9866
          -5.17352
          3.08767
          4.45665
          -1.96674
          -5.15575
          3.10557
          6.90702
          0.688741
          -7.05857
          1.01759
          6.91506
          0.697162
          -7.05084
          1.02494
          -1.26755
          -6.1867
          -0.298901
          6.47869
          -1.27325
          -6.19349
          -0.304591
          6.47408
          1.33556
          -3.75252
          -2.39932
          4.52675
          1.31873
          -3.76912
          -2.41411
          4.51173
          3.75252
          -1.33556
          -4.52675
          2.39932
          3.76912
          -1.31873
          -4.51173
          2.41411
          6.1867
          1.26755
          -6.47869
          0.298901
          6.19349
          1.27325
          -6.47408
          0.304591
          -1.84575
          -5.46836
          0.424985
          5.90967
          -1.85156
          -5.47307
          0.420117
          5.9037
          0.681876
          -3.06885
          -1.7315
          3.85417
          0.669511
          -3.08181
          -1.74212
          3.84414
          3.06885
          -0.681876
          -3.85417
          1.7315
          3.08181
          -0.669511
          -3.84414
          1.74212
          5.46836
          1.84575
          -5.90967
          -0.424985
          5.47307
          1.85156
          -5.9037
          -0.420117
          -2.44083
          -4.72174
          1.05857
          5.15527
          -2.46244
          -4.7335
          1.05401
          5.14086
          0.0607661
          -2.38718
          -1.03904
          3.23265
          0.0468769
          -2.39805
          -1.04931
          3.21936
          2.38718
          -0.0607661
          -3.23265
          1.03904
          2.39805
          -0.0468769
          -3.21936
          1.04931
          4.72174
          2.44083
          -5.15527
          -1.05857
          4.7335
          2.46244
          -5.14086
          -1.05401
          -3.00607
          -4.16796
          2.59391
          5.76052
          -2.92976
          -4.15039
          2.58847
          5.81382
          -0.761111
          -1.68464
          -0.0443199
          2.89167
          -0.763547
          -1.68568
          -0.022374
          2.91221
          1.68464
          0.761111
          -2.89167
          0.0443199
          1.68568
          0.763547
          -2.91221
          0.022374
          4.16796
          3.00607
          -5.76052
          -2.59391
          4.15039
          2.92976
          -5.81382
          -2.58847
          -2.08547
          -2.74179
          -0.0447178
          3.95818
          -1.94926
          -2.69079
          0.0823383
          4.17044
          -0.910557
          -1.00049
          -1.11806
          0.481113
          -0.908824
          -1.01315
          -1.26401
          0.349543
          1.00049
          0.910557
          -0.481113
          1.11806
          1.01315
          0.908824
          -0.349543
          1.26401
          2.74179
          2.08547
          -3.95818
          0.0447178
          2.69079
          1.94926
          -4.17044
          -0.0823383
          189.275
          117.93
          0.899674
          39.6025
          189.339
          117.374
          -0.373318
          38.9495
          80.7385
          17.6548
          -9.32751
          20.6101
          80.2971
          17.5135
          -9.55475
          20.0828
          -17.6548
          -80.7385
          -20.6101
          9.32751
          -17.5135
          -80.2971
          -20.0828
          9.55475
          -117.93
          -189.275
          -39.6025
          -0.899674
          -117.374
          -189.339
          -38.9495
          0.373318
          6.51074
          -17.5695
          -8.28604
          14.1828
          4.54281
          -18.7094
          -8.61077
          13.0301
          15.8102
          -13.9856
          -12.2765
          15.9991
          15.7421
          -14.1157
          -12.4174
          15.9202
          13.9856
          -15.8102
          -15.9991
          12.2765
          14.1157
          -15.7421
          -15.9202
          12.4174
          17.5695
          -6.51074
          -14.1828
          8.28604
          18.7094
          -4.54281
          -13.0301
          8.61077
          2.81667
          -18.4741
          -10.7839
          13.1313
          3.8711
          -17.6194
          -10.0895
          14.0255
          5.82884
          -14.0485
          -11.4573
          11.9715
          6.24643
          -14.0183
          -11.2741
          12.5421
          14.0485
          -5.82884
          -11.9715
          11.4573
          14.0183
          -6.24643
          -12.5421
          11.2741
          18.4741
          -2.81667
          -13.1313
          10.7839
          17.6194
          -3.8711
          -14.0255
          10.0895
          5.71834
          -14.7365
          -8.85035
          13.5273
          5.46198
          -14.9601
          -8.96111
          13.3838
          9.65751
          -11.6353
          -10.6448
          12.3751
          9.63244
          -11.577
          -10.6098
          12.3267
          11.6353
          -9.65751
          -12.3751
          10.6448
          11.577
          -9.63244
          -12.3267
          10.6098
          14.7365
          -5.71834
          -13.5273
          8.85035
          14.9601
          -5.46198
          -13.3838
          8.96111
          5.1657
          -14.0528
          -8.23325
          12.8212
          5.24797
          -13.9773
          -8.20636
          12.8549
          8.38763
          -11.4123
          -9.98063
          11.6411
          8.4465
          -11.3557
          -9.92717
          11.6968
          11.4123
          -8.38763
          -11.6411
          9.98063
          11.3557
          -8.4465
          -11.6968
          9.92717
          14.0528
          -5.1657
          -12.8212
          8.23325
          13.9773
          -5.24797
          -12.8549
          8.20636
          4.50206
          -13.4234
          -7.52605
          12.254
          4.50852
          -13.4145
          -7.50497
          12.2727
          7.80984
          -10.6251
          -9.29151
          10.9801
          7.86261
          -10.5738
          -9.24224
          11.0308
          10.6251
          -7.80984
          -10.9801
          9.29151
          10.5738
          -7.86261
          -11.0308
          9.24224
          13.4234
          -4.50206
          -12.254
          7.52605
          13.4145
          -4.50852
          -12.2727
          7.50497
          3.9205
          -12.6902
          -6.8009
          11.67
          3.94359
          -12.6679
          -6.78243
          11.6893
          7.14177
          -9.95994
          -8.60449
          10.3361
          7.1888
          -9.91265
          -8.55884
          10.3815
          9.95994
          -7.14177
          -10.3361
          8.60449
          9.91265
          -7.1888
          -10.3815
          8.55884
          12.6902
          -3.9205
          -11.67
          6.8009
          12.6679
          -3.94359
          -11.6893
          6.78243
          3.34704
          -11.9689
          -6.07897
          11.0947
          3.36408
          -11.9517
          -6.06181
          11.1117
          6.49976
          -9.26785
          -7.91691
          9.68837
          6.5442
          -9.22346
          -7.87469
          9.73065
          9.26785
          -6.49976
          -9.68837
          7.91691
          9.22346
          -6.5442
          -9.73065
          7.87469
          11.9689
          -3.34704
          -11.0947
          6.07897
          11.9517
          -3.36408
          -11.1117
          6.06181
          2.76913
          -11.2464
          -5.35709
          10.5167
          2.78587
          -11.2297
          -5.34138
          10.5324
          5.85143
          -8.5813
          -7.22952
          9.0409
          5.8921
          -8.54061
          -7.19077
          9.07963
          8.5813
          -5.85143
          -9.0409
          7.22952
          8.54061
          -5.8921
          -9.07963
          7.19077
          11.2464
          -2.76913
          -10.5167
          5.35709
          11.2297
          -2.78587
          -10.5324
          5.34138
          2.19138
          -10.5248
          -4.6352
          9.93908
          2.20648
          -10.5097
          -4.62087
          9.95341
          5.20404
          -7.89371
          -6.5421
          8.39339
          5.24136
          -7.85639
          -6.50679
          8.4287
          7.89371
          -5.20404
          -8.39339
          6.5421
          7.85639
          -5.24136
          -8.4287
          6.50679
          10.5248
          -2.19138
          -9.93908
          4.6352
          10.5097
          -2.20648
          -9.95341
          4.62087
          1.61376
          -9.80281
          -3.9133
          9.36143
          1.6275
          -9.78906
          -3.90037
          9.37436
          4.55651
          -7.20633
          -5.85468
          7.7459
          4.59035
          -7.17249
          -5.82284
          7.77774
          7.20633
          -4.55651
          -7.7459
          5.85468
          7.17249
          -4.59035
          -7.77774
          5.82284
          9.80281
          -1.61376
          -9.36143
          3.9133
          9.78906
          -1.6275
          -9.37436
          3.90037
          1.03612
          -9.08092
          -3.19141
          8.78379
          1.04845
          -9.06858
          -3.17989
          8.79531
          3.90903
          -6.5189
          -5.16726
          7.0984
          3.93941
          -6.48851
          -5.13886
          7.12679
          6.5189
          -3.90903
          -7.0984
          5.16726
          6.48851
          -3.93941
          -7.12679
          5.13886
          9.08092
          -1.03612
          -8.78379
          3.19141
          9.06858
          -1.04845
          -8.79531
          3.17989
          0.458458
          -8.35901
          -2.46945
          8.20615
          0.469402
          -8.34809
          -2.45933
          8.21629
          3.26154
          -5.83148
          -4.47984
          6.45092
          3.28845
          -5.80455
          -4.45493
          6.47582
          5.83148
          -3.26154
          -6.45092
          4.47984
          5.80455
          -3.28845
          -6.47582
          4.45493
          8.35901
          -0.458458
          -8.20615
          2.46945
          8.34809
          -0.469402
          -8.21629
          2.45933
          -0.119088
          -7.63715
          -1.74783
          7.62849
          -0.109628
          -7.62759
          -1.73912
          7.6371
          2.61399
          -5.14406
          -3.79235
          5.80336
          2.63751
          -5.12058
          -3.77082
          5.82493
          5.14406
          -2.61399
          -5.80336
          3.79235
          5.12058
          -2.63751
          -5.82493
          3.77082
          7.63715
          0.119088
          -7.62849
          1.74783
          7.62759
          0.109628
          -7.6371
          1.73912
          -0.697162
          -6.91506
          -1.02494
          7.05084
          -0.688741
          -6.90702
          -1.01759
          7.05857
          1.96674
          -4.45665
          -3.10557
          5.15575
          1.9866
          -4.43666
          -3.08767
          5.17352
          4.45665
          -1.96674
          -5.15575
          3.10557
          4.43666
          -1.9866
          -5.17352
          3.08767
          6.91506
          0.697162
          -7.05084
          1.02494
          6.90702
          0.688741
          -7.05857
          1.01759
          -1.27325
          -6.19349
          -0.304591
          6.47408
          -1.26755
          -6.1867
          -0.298901
          6.47869
          1.31873
          -3.76912
          -2.41411
          4.51173
          1.33556
          -3.75252
          -2.39932
          4.52675
          3.76912
          -1.31873
          -4.51173
          2.41411
          3.75252
          -1.33556
          -4.52675
          2.39932
          6.19349
          1.27325
          -6.47408
          0.304591
          6.1867
          1.26755
          -6.47869
          0.298901
          -1.85156
          -5.47307
          0.420117
          5.9037
          -1.84575
          -5.46836
          0.424985
          5.90967
          0.669511
          -3.08181
          -1.74212
          3.84414
          0.681876
          -3.06885
          -1.7315
          3.85417
          3.08181
          -0.669511
          -3.84414
          1.74212
          3.06885
          -0.681876
          -3.85417
          1.7315
          5.47307
          1.85156
          -5.9037
          -0.420117
          5.46836
          1.84575
          -5.90967
          -0.424985
          -2.46244
          -4.7335
          1.05401
          5.14086
          -2.44083
          -4.72174
          1.05857
          5.15527
          0.0468769
          -2.39805
          -1.04931
          3.21936
          0.0607661
          -2.38718
          -1.03904
          3.23265
          2.39805
          -0.0468769
          -3.21936
          1.04931
          2.38718
          -0.0607661
          -3.23265
          1.03904
          4.7335
          2.46244
          -5.14086
          -1.05401
          4.72174
          2.44083
          -5.15527
          -1.05857
          -2.92976
          -4.15039
          2.58847
          5.81382
          -3.00607
          -4.16796
          2.59391
          5.76052
          -0.763547
          -1.68568
          -0.022374
          2.91221
          -0.761111
          -1.68464
          -0.0443199
          2.89167
          1.68568
          0.763547
          -2.91221
          0.022374
          1.68464
          0.761111
          -2.89167
          0.0443199
          4.15039
          2.92976
          -5.81382
          -2.58847
          4.16796
          3.00607
          -5.76052
          -2.59391
          -1.94926
          -2.69079
          0.0823383
          4.17044
          -2.08547
          -2.74179
          -0.0447178
          3.95818
          -0.908824
          -1.01315
          -1.26401
          0.349543
          -0.910557
          -1.00049
          -1.11806
          0.481113
          1.01315
          0.908824
          -0.349543
          1.26401
          1.00049
          0.910557
          -0.481113
          1.11806
          2.69079
          1.94926
          -4.17044
          -0.0823383
          2.74179
          2.08547
          -3.95818
          0.0447178
          191.091
          121.371
          -4.87749
          25.9122
          185.248
          116.189
          -10.7987
          19.3298
          83.6316
          18.4863
          -10.0164
          17.2543
          79.9012
          17.4517
          -11.1819
          13.393
          -18.4863
          -83.6316
          -17.2543
          10.0164
          -17.4517
          -79.9012
          -13.393
          11.1819
          -121.371
          -191.091
          -25.9122
          4.87749
          -116.189
          -185.248
          -19.3298
          10.7987
          -20.456
          -35.6259
          -11.7168
          9.29297
          -15.4213
          -31.3596
          -7.32386
          14.4543
          2.97097
          -17.1098
          -12.6023
          13.0999
          6.81224
          -16.2819
          -11.9064
          16.8092
          17.1098
          -2.97097
          -13.0999
          12.6023
          16.2819
          -6.81224
          -16.8092
          11.9064
          35.6259
          20.456
          -9.29297
          11.7168
          31.3596
          15.4213
          -14.4543
          7.32386
          10.9494
          -11.6048
          -9.80265
          13.3778
          10.1385
          -12.3768
          -9.92051
          13.2211
          10.5853
          -12.3662
          -11.0336
          12.9742
          10.258
          -12.7305
          -11.1861
          12.8586
          12.3662
          -10.5853
          -12.9742
          11.0336
          12.7305
          -10.258
          -12.8586
          11.1861
          11.6048
          -10.9494
          -13.3778
          9.80265
          12.3768
          -10.1385
          -13.2211
          9.92051
          4.1276
          -15.0323
          -8.36653
          13.1546
          4.01314
          -15.1623
          -8.65758
          12.8791
          9.8946
          -11.4969
          -10.367
          13.0059
          9.67888
          -11.6269
          -10.5247
          12.7625
          11.4969
          -9.8946
          -13.0059
          10.367
          11.6269
          -9.67888
          -12.7625
          10.5247
          15.0323
          -4.1276
          -13.1546
          8.36653
          15.1623
          -4.01314
          -12.8791
          8.65758
          4.95822
          -13.5646
          -7.80407
          12.4885
          4.75323
          -13.7564
          -7.96357
          12.3158
          8.9473
          -11.142
          -9.71501
          12.1912
          8.81859
          -11.2755
          -9.84555
          12.0656
          11.142
          -8.9473
          -12.1912
          9.71501
          11.2755
          -8.81859
          -12.0656
          9.84555
          13.5646
          -4.95822
          -12.4885
          7.80407
          13.7564
          -4.75323
          -12.3158
          7.96357
          4.1245
          -13.0148
          -7.12175
          11.9269
          3.9798
          -13.1635
          -7.27139
          11.7812
          8.3553
          -10.3636
          -9.04229
          11.501
          8.22758
          -10.4922
          -9.16465
          11.3796
          10.3636
          -8.3553
          -11.501
          9.04229
          10.4922
          -8.22758
          -11.3796
          9.16465
          13.0148
          -4.1245
          -11.9269
          7.12175
          13.1635
          -3.9798
          -11.7812
          7.27139
          3.62196
          -12.2912
          -6.42414
          11.3731
          3.47173
          -12.4407
          -6.56493
          11.2316
          7.64771
          -9.71839
          -8.37308
          10.8201
          7.52942
          -9.83697
          -8.48696
          10.7065
          9.71839
          -7.64771
          -10.8201
          8.37308
          9.83697
          -7.52942
          -10.7065
          8.48696
          12.2912
          -3.62196
          -11.3731
          6.42414
          12.4407
          -3.47173
          -11.2316
          6.56493
          3.0562
          -11.6053
          -5.73058
          10.8192
          2.92021
          -11.7414
          -5.86121
          10.6886
          6.96868
          -9.04368
          -7.70293
          10.1362
          6.85805
          -9.15414
          -7.8083
          10.0306
          9.04368
          -6.96868
          -10.1362
          7.70293
          9.15414
          -6.85805
          -10.0306
          7.8083
          11.6053
          -3.0562
          -10.8192
          5.73058
          11.7414
          -2.92021
          -10.6886
          5.86121
          2.50346
          -10.9101
          -5.03738
          10.2637
          2.37743
          -11.0361
          -5.15708
          10.144
          6.28344
          -8.37481
          -7.03309
          9.45183
          6.18184
          -8.47644
          -7.12979
          9.35516
          8.37481
          -6.28344
          -9.45183
          7.03309
          8.47644
          -6.18184
          -9.35516
          7.12979
          10.9101
          -2.50346
          -10.2637
          5.03738
          11.0361
          -2.37743
          -10.144
          5.15708
          1.94789
          -10.2171
          -4.34398
          9.70868
          1.8327
          -10.3323
          -4.45303
          9.59962
          5.59954
          -7.70465
          -6.36318
          8.7677
          5.50646
          -7.79773
          -6.45126
          8.67962
          7.70465
          -5.59954
          -8.7677
          6.36318
          7.79773
          -5.50646
          -8.67962
          6.45126
          10.2171
          -1.94789
          -9.70868
          4.34398
          10.3323
          -1.8327
          -9.59962
          4.45303
          1.39291
          -9.52363
          -3.65059
          9.15359
          1.28836
          -9.62817
          -3.74897
          9.05522
          4.91532
          -7.03482
          -5.69329
          8.08354
          4.8309
          -7.11925
          -5.77274
          8.00409
          7.03482
          -4.91532
          -8.08354
          5.69329
          7.11925
          -4.8309
          -8.00409
          5.77274
          9.52363
          -1.39291
          -9.15359
          3.65059
          9.62817
          -1.28836
          -9.05522
          3.74897
          0.837813
          -8.83027
          -2.95723
          8.5985
          0.743955
          -8.92413
          -3.04491
          8.51081
          4.23119
          -6.3649
          -5.02336
          7.39943
          4.15538
          -6.44071
          -5.0942
          7.32858
          6.3649
          -4.23119
          -7.39943
          5.02336
          6.44071
          -4.15538
          -7.32858
          5.0942
          8.83027
          -0.837813
          -8.5985
          2.95723
          8.92413
          -0.743955
          -8.51081
          3.04491
          0.282728
          -8.13688
          -2.26379
          8.04353
          0.199542
          -8.22006
          -2.34085
          7.96646
          3.54703
          -5.69501
          -4.35357
          6.71512
          3.47985
          -5.76219
          -4.41572
          6.65297
          5.69501
          -3.54703
          -6.71512
          4.35357
          5.76219
          -3.47985
          -6.65297
          4.41572
          8.13688
          -0.282728
          -8.04353
          2.26379
          8.22006
          -0.199542
          -7.96646
          2.34085
          -0.272308
          -7.44351
          -1.57061
          7.48789
          -0.344777
          -7.51603
          -1.63677
          7.42178
          2.86288
          -5.02509
          -3.68318
          6.03168
          2.80429
          -5.08366
          -3.73694
          5.97789
          5.02509
          -2.86288
          -6.03168
          3.68318
          5.08366
          -2.80429
          -5.97789
          3.73694
          7.44351
          0.272308
          -7.48789
          1.57061
          7.51603
          0.344777
          -7.42178
          1.63677
          -0.827575
          -6.75013
          -0.876629
          6.93548
          -0.889508
          -6.81179
          -0.93283
          6.879
          2.17869
          -4.35528
          -3.01555
          5.34423
          2.12896
          -4.40517
          -3.05981
          5.30012
          4.35528
          -2.17869
          -5.34423
          3.01555
          4.40517
          -2.12896
          -5.30012
          3.05981
          6.75013
          0.827575
          -6.93548
          0.876629
          6.81179
          0.889508
          -6.879
          0.93283
          -1.38227
          -6.05628
          -0.184727
          6.36856
          -1.43279
          -6.10821
          -0.227747
          6.32695
          1.49519
          -3.68503
          -2.33599
          4.6746
          1.4529
          -3.72654
          -2.37469
          4.63513
          3.68503
          -1.49519
          -4.6746
          2.33599
          3.72654
          -1.4529
          -4.63513
          2.37469
          6.05628
          1.38227
          -6.36856
          0.184727
          6.10821
          1.43279
          -6.32695
          0.227747
          -1.93254
          -5.36649
          0.514516
          5.86349
          -1.97901
          -5.40586
          0.470766
          5.81264
          0.806123
          -3.01552
          -1.69848
          3.93647
          0.775879
          -3.04794
          -1.71949
          3.91763
          3.01552
          -0.806123
          -3.93647
          1.69848
          3.04794
          -0.775879
          -3.91763
          1.71949
          5.36649
          1.93254
          -5.86349
          -0.514516
          5.40586
          1.97901
          -5.81264
          -0.470766
          -2.53509
          -4.64692
          1.13822
          5.09513
          -2.53089
          -4.67333
          1.16552
          5.15305
          0.156257
          -2.35175
          -0.983195
          3.38182
          0.128159
          -2.37363
          -1.0105
          3.3483
          2.35175
          -0.156257
          -3.38182
          0.983195
          2.37363
          -0.128159
          -3.3483
          1.0105
          4.64692
          2.53509
          -5.09513
          -1.13822
          4.67333
          2.53089
          -5.15305
          -1.16552
          -2.98534
          -4.15709
          2.53894
          5.43169
          -3.05661
          -4.14984
          2.26854
          5.08278
          -0.75255
          -1.638
          0.0349191
          2.75393
          -0.725576
          -1.66362
          -0.0395143
          2.7321
          1.638
          0.75255
          -2.75393
          -0.0349191
          1.66362
          0.725576
          -2.7321
          0.0395143
          4.15709
          2.98534
          -5.43169
          -2.53894
          4.14984
          3.05661
          -5.08278
          -2.26854
          -2.51391
          -2.83299
          -0.973796
          2.26605
          -2.74976
          -2.87309
          0.380881
          3.42497
          -0.897084
          -1.06971
          -1.75405
          0.574087
          -0.877343
          -1.02423
          -1.25379
          1.0486
          1.06971
          0.897084
          -0.574087
          1.75405
          1.02423
          0.877343
          -1.0486
          1.25379
          2.83299
          2.51391
          -2.26605
          0.973796
          2.87309
          2.74976
          -3.42497
          -0.380881
        </DataArray>
        <DataArray type="Float64" Name="Syy" format="ascii">
          187.087
          109.886
          -34.3241
          26.193
          193.291
          115.428
          -27.0561
          34.1221
          83.514
          13.1427
          -27.2633
          26.876
          87.3082
          14.2412
          -25.8593
          30.9757
          -13.1427
          -83.514
          -26.876
          27.2633
          -14.2412
          -87.3082
          -30.9757
          25.8593
          -109.886
          -187.087
          -26.193
          34.3241
          -115.428
          -193.291
          -34.1221
          27.0561
          -4.48889
          -57.737
          -24.2711
          31.4797
          -7.87783
          -60.3575
          -27.1873
          27.7951
          23.4331
          -35.9714
          -29.6812
          32.1325
          19.9586
          -36.4325
          -29.8343
          28.966
          35.9714
          -23.4331
          -32.1325
          29.6812
          36.4325
          -19.9586
          -28.966
          29.8343
          57.737
          4.48889
          -31.4797
          24.2711
          60.3575
          7.87783
          -27.7951
          27.1873
          29.0266
          -26.109
          -24.2989
          31.105
          30.9331
          -24.2413
          -23.9574
          31.4854
          25.3696
          -29.3203
          -26.4531
          28.6895
          26.2008
          -28.4521
          -26.0791
          29.0265
          29.3203
          -25.3696
          -28.6895
          26.4531
          28.4521
          -26.2008
          -29.0265
          26.0791
          26.109
          -29.0266
          -31.105
          24.2989
          24.2413
          -30.9331
          -31.4854
          23.9574
          21.2149
          -29.598
          -22.6035
          29.2214
          21.3124
          -29.485
          -22.1147
          29.6947
          25.3909
          -26.3774
          -25.1871
          27.4304
          25.7382
          -26.1158
          -24.8609
          27.8422
          26.3774
          -25.3909
          -27.4304
          25.1871
          26.1158
          -25.7382
          -27.8422
          24.8609
          29.598
          -21.2149
          -29.2214
          22.6035
          29.485
          -21.3124
          -29.6947
          22.1147
          20.5921
          -27.3417
          -21.0534
          27.639
          21.0577
          -26.8893
          -20.6764
          28.0291
          22.9585
          -25.6714
          -23.6016
          25.807
          23.2677
          -25.3573
          -23.2946
          26.1091
          25.6714
          -22.9585
          -25.807
          23.6016
          25.3573
          -23.2677
          -26.1091
          23.2946
          27.3417
          -20.5921
          -27.639
          21.0534
          26.8893
          -21.0577
          -28.0291
          20.6764
          18.9
          -25.8867
          -19.4887
          26.1163
          19.2469
          -25.5359
          -19.1356
          26.4655
          21.624
          -23.8317
          -22.0061
          24.2315
          21.9236
          -23.5312
          -21.7201
          24.5165
          23.8317
          -21.624
          -24.2315
          22.0061
          23.5312
          -21.9236
          -24.5165
          21.7201
          25.8867
          -18.9
          -26.1163
          19.4887
          25.5359
          -19.2469
          -26.4655
          19.1356
          17.3791
          -24.2924
          -17.9236
          24.5554
          17.729
          -23.9431
          -17.5947
          24.8849
          19.9925
          -22.3035
          -20.4272
          22.6518
          20.269
          -22.0266
          -20.1614
          22.9173
          22.3035
          -19.9925
          -22.6518
          20.4272
          22.0266
          -20.269
          -22.9173
          20.1614
          24.2924
          -17.3791
          -24.5554
          17.9236
          23.9431
          -17.729
          -24.8849
          17.5947
          15.8173
          -22.7376
          -16.3603
          23.0039
          16.1344
          -22.4204
          -16.0558
          23.3082
          18.4223
          -20.7112
          -18.8444
          21.072
          18.6802
          -20.4535
          -18.5987
          21.3179
          20.7112
          -18.4223
          -21.072
          18.8444
          20.4535
          -18.6802
          -21.3179
          18.5987
          22.7376
          -15.8173
          -23.0039
          16.3603
          22.4204
          -16.1344
          -23.3082
          16.0558
          14.2665
          -21.1716
          -14.7963
          21.4507
          14.5607
          -20.8775
          -14.517
          21.7301
          16.8408
          -19.1309
          -17.2622
          19.4923
          17.0779
          -18.8937
          -17.0366
          19.7179
          19.1309
          -16.8408
          -19.4923
          17.2622
          18.8937
          -17.0779
          -19.7179
          17.0366
          21.1716
          -14.2665
          -21.4507
          14.7963
          20.8775
          -14.5607
          -21.7301
          14.517
          12.7132
          -19.6082
          -13.2325
          19.8979
          12.9819
          -19.3394
          -12.9781
          20.1523
          15.2615
          -17.5481
          -15.6799
          17.9126
          15.4787
          -17.3309
          -15.4744
          18.1181
          17.5481
          -15.2615
          -17.9126
          15.6799
          17.3309
          -15.4787
          -18.1181
          15.4744
          19.6082
          -12.7132
          -19.8979
          13.2325
          19.3394
          -12.9819
          -20.1523
          12.9781
          11.1604
          -18.0443
          -11.6687
          18.3449
          11.4043
          -17.8003
          -11.4391
          18.5745
          13.6817
          -15.9659
          -14.0976
          16.3328
          13.8787
          -15.7689
          -13.9122
          16.5182
          15.9659
          -13.6817
          -16.3328
          14.0976
          15.7689
          -13.8787
          -16.5182
          13.9122
          18.0443
          -11.1604
          -18.3449
          11.6687
          17.8003
          -11.4043
          -18.5745
          11.4391
          9.60743
          -16.4804
          -10.1049
          16.792
          9.82643
          -16.2614
          -9.90026
          16.9966
          12.102
          -14.3836
          -12.5153
          14.7531
          12.2789
          -14.2067
          -12.35
          14.9184
          14.3836
          -12.102
          -14.7531
          12.5153
          14.2067
          -12.2789
          -14.9184
          12.35
          16.4804
          -9.60743
          -16.792
          10.1049
          16.2614
          -9.82643
          -16.9966
          9.90026
          8.05451
          -14.9166
          -8.5409
          15.2392
          8.2486
          -14.7225
          -8.36109
          15.419
          10.5223
          -12.8013
          -10.9331
          13.1733
          10.679
          -12.6446
          -10.7881
          13.3184
          12.8013
          -10.5223
          -13.1733
          10.9331
          12.6446
          -10.679
          -13.3184
          10.7881
          14.9166
          -8.05451
          -15.2392
          8.5409
          14.7225
          -8.2486
          -15.419
          8.36109
          6.5017
          -13.3528
          -6.97748
          13.6858
          6.67084
          -13.1836
          -6.82312
          13.8402
          8.94253
          -11.219
          -9.35036
          11.5941
          9.07919
          -11.0824
          -9.22493
          11.7196
          11.219
          -8.94253
          -11.5941
          9.35036
          11.0824
          -9.07919
          -11.7196
          9.22493
          13.3528
          -6.5017
          -13.6858
          6.97748
          13.1836
          -6.67084
          -13.8402
          6.82312
          4.94832
          -11.7888
          -5.4122
          12.1347
          5.09269
          -11.6447
          -5.28084
          12.2663
          7.3629
          -9.63689
          -7.77067
          10.0116
          7.47921
          -9.52042
          -7.66732
          10.1148
          9.63689
          -7.3629
          -10.0116
          7.77067
          9.52042
          -7.47921
          -10.1148
          7.66732
          11.7888
          -4.94832
          -12.1347
          5.4122
          11.6447
          -5.09269
          -12.2663
          5.28084
          3.39678
          -10.2255
          -3.85325
          10.5744
          3.51544
          -10.1054
          -3.75397
          10.6723
          5.78298
          -8.0541
          -6.17589
          8.44563
          5.88025
          -7.9576
          -6.08597
          8.53633
          8.0541
          -5.78298
          -8.44563
          6.17589
          7.9576
          -5.88025
          -8.53633
          6.08597
          10.2255
          -3.39678
          -10.5744
          3.85325
          10.1054
          -3.51544
          -10.6723
          3.75397
          1.84443
          -8.66176
          -2.26709
          9.05982
          1.94495
          -8.56834
          -2.16345
          9.17056
          4.20253
          -6.47089
          -4.63538
          6.81517
          4.27706
          -6.39419
          -4.58529
          6.86309
          6.47089
          -4.20253
          -6.81517
          4.63538
          6.39419
          -4.27706
          -6.86309
          4.58529
          8.66176
          -1.84443
          -9.05982
          2.26709
          8.56834
          -1.94495
          -9.17056
          2.16345
          0.255689
          -7.08533
          -0.874295
          7.25748
          0.287293
          -7.02312
          -0.937394
          7.16377
          2.63499
          -4.91256
          -3.02662
          5.3168
          2.68924
          -4.86452
          -2.96593
          5.3837
          4.91256
          -2.63499
          -5.3168
          3.02662
          4.86452
          -2.68924
          -5.3837
          2.96593
          7.08533
          -0.255689
          -7.25748
          0.874295
          7.02312
          -0.287293
          -7.16377
          0.937394
          -1.08277
          -5.57438
          2.15278
          7.38196
          -0.938019
          -5.50814
          2.86685
          8.17455
          0.987085
          -3.16366
          -0.652417
          4.28414
          1.01995
          -3.07819
          -0.453068
          4.43089
          3.16366
          -0.987085
          -4.28414
          0.652417
          3.07819
          -1.01995
          -4.43089
          0.453068
          5.57438
          1.08277
          -7.38196
          -2.15278
          5.50814
          0.938019
          -8.17455
          -2.86685
          -2.70264
          -4.27005
          -5.82512
          -3.00595
          -2.5683
          -4.33146
          -9.14102
          -6.1261
          -0.497031
          -1.97452
          -4.01297
          -1.61169
          -0.589983
          -2.09321
          -5.1928
          -2.76579
          1.97452
          0.497031
          1.61169
          4.01297
          2.09321
          0.589983
          2.76579
          5.1928
          4.27005
          2.70264
          3.00595
          5.82512
          4.33146
          2.5683
          6.1261
          9.14102
          187.058
          108.266
          -34.3664
          30.4368
          187.344
          109.171
          -31.7865
          32.3967
          82.4782
          12.7618
          -27.2882
          28.2227
          82.9615
          12.9451
          -26.9044
          28.9066
          -12.7618
          -82.4782
          -28.2227
          27.2882
          -12.9451
          -82.9615
          -28.9066
          26.9044
          -108.266
          -187.058
          -30.4368
          34.3664
          -109.171
          -187.344
          -32.3967
          31.7865
          1.26155
          -54.6354
          -24.9332
          30.2733
          4.48869
          -52.2363
          -24.4362
          31.5982
          27.5979
          -35.3841
          -30.3615
          31.9689
          27.8697
          -35.0502
          -30.0023
          32.2661
          35.3841
          -27.5979
          -31.9689
          30.3615
          35.0502
          -27.8697
          -32.2661
          30.0023
          54.6354
          -1.26155
          -30.2733
          24.9332
          52.2363
          -4.48869
          -31.5982
          24.4362
          26.7943
          -28.0499
          -24.0266
          31.9423
          25.5925
          -29.0519
          -24.6545
          31.1146
          23.5201
          -30.3126
          -26.3855
          28.9693
          23.2514
          -30.1939
          -26.6238
          28.3436
          30.3126
          -23.5201
          -28.9693
          26.3855
          30.1939
          -23.2514
          -28.3436
          26.6238
          28.0499
          -26.7943
          -31.9423
          24.0266
          29.0519
          -25.5925
          -31.1146
          24.6545
          21.4956
          -29.8292
          -22.8702
          29.2787
          21.8416
          -29.516
          -22.8203
          29.3614
          25.4199
          -26.2241
          -25.1715
          27.2126
          25.3265
          -26.4008
          -25.2939
          27.1736
          26.2241
          -25.4199
          -27.2126
          25.1715
          26.4008
          -25.3265
          -27.1736
          25.2939
          29.8292
          -21.4956
          -29.2787
          22.8702
          29.516
          -21.8416
          -29.3614
          22.8203
          20.856
          -27.387
          -21.2119
          27.818
          20.6816
          -27.5547
          -21.2663
          27.7569
          22.8537
          -25.6539
          -23.5908
          25.6975
          22.7204
          -25.7849
          -23.7144
          25.5716
          25.6539
          -22.8537
          -25.6975
          23.5908
          25.7849
          -22.7204
          -25.5716
          23.7144
          27.387
          -20.856
          -27.818
          21.2119
          27.5547
          -20.6816
          -27.7569
          21.2663
          19.0405
          -26.0793
          -19.6428
          26.2719
          19.0244
          -26.0978
          -19.6897
          26.2274
          21.5115
          -23.824
          -21.9976
          24.1251
          21.3911
          -23.943
          -22.1118
          24.0094
          23.824
          -21.5115
          -24.1251
          21.9976
          23.943
          -21.3911
          -24.0094
          22.1118
          26.0793
          -19.0405
          -26.2719
          19.6428
          26.0978
          -19.0244
          -26.2274
          19.6897
          17.5357
          -24.4358
          -18.0667
          24.702
          17.4827
          -24.488
          -18.11
          24.6579
          19.8869
          -22.2954
          -20.4185
          22.5518
          19.7767
          -22.4059
          -20.5252
          22.4454
          22.2954
          -19.8869
          -22.5518
          20.4185
          22.4059
          -19.7767
          -22.4454
          20.5252
          24.4358
          -17.5357
          -24.702
          18.0667
          24.488
          -17.4827
          -24.6579
          18.11
          15.9575
          -22.8777
          -16.4926
          23.1387
          15.9175
          -22.9179
          -16.5326
          23.0989
          18.3263
          -20.7024
          -18.8365
          20.9798
          18.2227
          -20.806
          -18.935
          20.8812
          20.7024
          -18.3263
          -20.9798
          18.8365
          20.806
          -18.2227
          -20.8812
          18.935
          22.8777
          -15.9575
          -23.1387
          16.4926
          22.9179
          -15.9175
          -23.0989
          16.5326
          14.3972
          -21.2989
          -14.9179
          21.5747
          14.3582
          -21.3379
          -14.9546
          21.5379
          16.7516
          -19.1233
          -17.2549
          19.4076
          16.6567
          -19.2183
          -17.3454
          19.3172
          19.1233
          -16.7516
          -19.4076
          17.2549
          19.2183
          -16.6567
          -19.3172
          17.3454
          21.2989
          -14.3972
          -21.5747
          14.9179
          21.3379
          -14.3582
          -21.5379
          14.9546
          12.8323
          -19.7252
          -13.3432
          20.0107
          12.7971
          -19.7605
          -13.3766
          19.9773
          15.1801
          -17.5411
          -15.6733
          17.8355
          15.093
          -17.6281
          -15.7556
          17.7531
          17.5411
          -15.1801
          -17.8355
          15.6733
          17.6281
          -15.093
          -17.7531
          15.7556
          19.7252
          -12.8323
          -20.0107
          13.3432
          19.7605
          -12.7971
          -19.9773
          13.3766
          11.2686
          -18.1503
          -11.7685
          18.4468
          11.2365
          -18.1824
          -11.7987
          18.4166
          13.6077
          -15.9596
          -14.0916
          16.2633
          13.5288
          -16.0385
          -14.1659
          16.189
          15.9596
          -13.6077
          -16.2633
          14.0916
          16.0385
          -13.5288
          -16.189
          14.1659
          18.1503
          -11.2686
          -18.4468
          11.7685
          18.1824
          -11.2365
          -18.4166
          11.7987
          9.70457
          -16.5757
          -10.1939
          16.8828
          9.6758
          -16.6045
          -10.2207
          16.8559
          12.0356
          -14.3779
          -12.51
          14.6911
          11.9647
          -14.4488
          -12.5762
          14.6249
          14.3779
          -12.0356
          -14.6911
          12.51
          14.4488
          -11.9647
          -14.6249
          12.5762
          16.5757
          -9.70457
          -16.8828
          10.1939
          16.6045
          -9.6758
          -16.8559
          10.2207
          8.14062
          -15.001
          -8.61906
          15.3189
          8.1151
          -15.0265
          -8.64268
          15.2953
          10.4634
          -12.7963
          -10.9284
          13.1189
          10.4006
          -12.8591
          -10.9865
          13.0608
          12.7963
          -10.4634
          -13.1189
          10.9284
          12.8591
          -10.4006
          -13.0608
          10.9865
          15.001
          -8.14062
          -15.3189
          8.61906
          15.0265
          -8.1151
          -15.2953
          8.64268
          6.57667
          -13.4263
          -7.04486
          13.7545
          6.55451
          -13.4486
          -7.06515
          13.7344
          8.89131
          -11.2146
          -9.34637
          11.5471
          8.83651
          -11.2694
          -9.39659
          11.4969
          11.2146
          -8.89131
          -11.5471
          9.34637
          11.2694
          -8.83651
          -11.4969
          9.39659
          13.4263
          -6.57667
          -13.7545
          7.04486
          13.4486
          -6.55451
          -13.7344
          7.06515
          5.01259
          -11.8516
          -5.46853
          12.1919
          4.99335
          -11.8705
          -5.48578
          12.1743
          7.31911
          -9.6331
          -7.76686
          9.97304
          7.27253
          -9.67981
          -7.80867
          9.93135
          9.6331
          -7.31911
          -9.97304
          7.76686
          9.67981
          -7.27253
          -9.93135
          7.80867
          11.8516
          -5.01259
          -12.1919
          5.46853
          11.8705
          -4.99335
          -12.1743
          5.48578
          3.44887
          -10.2773
          -3.89855
          10.6241
          3.43414
          -10.2931
          -3.91181
          10.6119
          5.74693
          -8.05101
          -6.17498
          8.41068
          5.70809
          -8.08962
          -6.20936
          8.37606
          8.05101
          -5.74693
          -8.41068
          6.17498
          8.08962
          -5.70809
          -8.37606
          6.20936
          10.2773
          -3.44887
          -10.6241
          3.89855
          10.2931
          -3.43414
          -10.6119
          3.91181
          1.88629
          -8.70317
          -2.30396
          9.08352
          1.87336
          -8.71499
          -2.31616
          9.07022
          4.17337
          -6.46871
          -4.62752
          6.80096
          4.14343
          -6.49925
          -4.6526
          6.77648
          6.46871
          -4.17337
          -6.80096
          4.62752
          6.49925
          -4.14343
          -6.77648
          4.6526
          8.70317
          -1.88629
          -9.08352
          2.30396
          8.71499
          -1.87336
          -9.07022
          2.31616
          0.304247
          -7.11021
          -0.90555
          7.28711
          0.27874
          -7.12587
          -0.904406
          7.2784
          2.61928
          -4.90626
          -3.03208
          5.27506
          2.59238
          -4.93014
          -3.05456
          5.24956
          4.90626
          -2.61928
          -5.27506
          3.03208
          4.93014
          -2.59238
          -5.24956
          3.05456
          7.11021
          -0.304247
          -7.28711
          0.90555
          7.12587
          -0.27874
          -7.2784
          0.904406
          -1.15974
          -5.61849
          2.12218
          7.44009
          -1.08544
          -5.60293
          2.08404
          7.4607
          0.958456
          -3.19816
          -0.773801
          4.2453
          0.955316
          -3.19991
          -0.721912
          4.29579
          3.19816
          -0.958456
          -4.2453
          0.773801
          3.19991
          -0.955316
          -4.29579
          0.721912
          5.61849
          1.15974
          -7.44009
          -2.12218
          5.60293
          1.08544
          -7.4607
          -2.08404
          -2.52714
          -4.21552
          -5.23471
          -2.11209
          -2.39774
          -4.17132
          -5.01306
          -1.80523
          -0.44905
          -1.88551
          -3.21205
          -1.12877
          -0.471213
          -1.92206
          -3.55964
          -1.46198
          1.88551
          0.44905
          1.12877
          3.21205
          1.92206
          0.471213
          1.46198
          3.55964
          4.21552
          2.52714
          2.11209
          5.23471
          4.17132
          2.39774
          1.80523
          5.01306
          187.344
          109.171
          -31.7865
          32.3967
          187.058
          108.266
          -34.3664
          30.4368
          82.9615
          12.9451
          -26.9044
          28.9066
          82.4782
          12.7618
          -27.2882
          28.2227
          -12.9451
          -82.9615
          -28.9066
          26.9044
          -12.7618
          -82.4782
          -28.2227
          27.2882
          -109.171
          -187.344
          -32.3967
          31.7865
          -108.266
          -187.058
          -30.4368
          34.3664
          4.48869
          -52.2363
          -24.4362
          31.5982
          1.26155
          -54.6354
          -24.9332
          30.2733
          27.8697
          -35.0502
          -30.0023
          32.2661
          27.5979
          -35.3841
          -30.3615
          31.9689
          35.0502
          -27.8697
          -32.2661
          30.0023
          35.3841
          -27.5979
          -31.9689
          30.3615
          52.2363
          -4.48869
          -31.5982
          24.4362
          54.6354
          -1.26155
          -30.2733
          24.9332
          25.5925
          -29.0519
          -24.6545
          31.1146
          26.7943
          -28.0499
          -24.0266
          31.9423
          23.2514
          -30.1939
          -26.6238
          28.3436
          23.5201
          -30.3126
          -26.3855
          28.9693
          30.1939
          -23.2514
          -28.3436
          26.6238
          30.3126
          -23.5201
          -28.9693
          26.3855
          29.0519
          -25.5925
          -31.1146
          24.6545
          28.0499
          -26.7943
          -31.9423
          24.0266
          21.8416
          -29.516
          -22.8203
          29.3614
          21.4956
          -29.8292
          -22.8702
          29.2787
          25.3265
          -26.4008
          -25.2939
          27.1736
          25.4199
          -26.2241
          -25.1715
          27.2126
          26.4008
          -25.3265
          -27.1736
          25.2939
          26.2241
          -25.4199
          -27.2126
          25.1715
          29.516
          -21.8416
          -29.3614
          22.8203
          29.8292
          -21.4956
          -29.2787
          22.8702
          20.6816
          -27.5547
          -21.2663
          27.7569
          20.856
          -27.387
          -21.2119
          27.818
          22.7204
          -25.7849
          -23.7144
          25.5716
          22.8537
          -25.6539
          -23.5908
          25.6975
          25.7849
          -22.7204
          -25.5716
          23.7144
          25.6539
          -22.8537
          -25.6975
          23.5908
          27.5547
          -20.6816
          -27.7569
          21.2663
          27.387
          -20.856
          -27.818
          21.2119
          19.0244
          -26.0978
          -19.6897
          26.2274
          19.0405
          -26.0793
          -19.6428
          26.2719
          21.3911
          -23.943
          -22.1118
          24.0094
          21.5115
          -23.824
          -21.9976
          24.1251
          23.943
          -21.3911
          -24.0094
          22.1118
          23.824
          -21.5115
          -24.1251
          21.9976
          26.0978
          -19.0244
          -26.2274
          19.6897
          26.0793
          -19.0405
          -26.2719
          19.6428
          17.4827
          -24.488
          -18.11
          24.6579
          17.5357
          -24.4358
          -18.0667
          24.702
          19.7767
          -22.4059
          -20.5252
          22.4454
          19.8869
          -22.2954
          -20.4185
          22.5518
          22.4059
          -19.7767
          -22.4454
          20.5252
          22.2954
          -19.8869
          -22.5518
          20.4185
          24.488
          -17.4827
          -24.6579
          18.11
          24.4358
          -17.5357
          -24.702
          18.0667
          15.9175
          -22.9179
          -16.5326
          23.0989
          15.9575
          -22.8777
          -16.4926
          23.1387
          18.2227
          -20.806
          -18.935
          20.8812
          18.3263
          -20.7024
          -18.8365
          20.9798
          20.806
          -18.2227
          -20.8812
          18.935
          20.7024
          -18.3263
          -20.9798
          18.8365
          22.9179
          -15.9175
          -23.0989
          16.5326
          22.8777
          -15.9575
          -23.1387
          16.4926
          14.3582
          -21.3379
          -14.9546
          21.5379
          14.3972
          -21.2989
          -14.9179
          21.5747
          16.6567
          -19.2183
          -17.3454
          19.3172
          16.7516
          -19.1233
          -17.2549
          19.4076
          19.2183
          -16.6567
          -19.3172
          17.3454
          19.1233
          -16.7516
          -19.4076
          17.2549
          21.3379
          -14.3582
          -21.5379
          14.9546
          21.2989
          -14.3972
          -21.5747
          14.9179
          12.7971
          -19.7605
          -13.3766
          19.9773
          12.8323
          -19.7252
          -13.3432
          20.0107
          15.093
          -17.6281
          -15.7556
          17.7531
          15.1801
          -17.5411
          -15.6733
          17.8355
          17.6281
          -15.093
          -17.7531
          15.7556
          17.5411
          -15.1801
          -17.8355
          15.6733
          19.7605
          -12.7971
          -19.9773
          13.3766
          19.7252
          -12.8323
          -20.0107
          13.3432
          11.2365
          -18.1824
          -11.7987
          18.4166
          11.2686
          -18.1503
          -11.7685
          18.4468
          13.5288
          -16.0385
          -14.1659
          16.189
          13.6077
          -15.9596
          -14.0916
          16.2633
          16.0385
          -13.5288
          -16.189
          14.1659
          15.9596
          -13.6077
          -16.2633
          14.0916
          18.1824
          -11.2365
          -18.4166
          11.7987
          18.1503
          -11.2686
          -18.4468
          11.7685
          9.6758
          -16.6045
          -10.2207
          16.8559
          9.70457
          -16.5757
          -10.1939
          16.8828
          11.9647
          -14.4488
          -12.5762
          14.6249
          12.0356
          -14.3779
          -12.51
          14.6911
          14.4488
          -11.9647
          -14.6249
          12.5762
          14.3779
          -12.0356
          -14.6911
          12.51
          16.6045
          -9.6758
          -16.8559
          10.2207
          16.5757
          -9.70457
          -16.8828
          10.1939
          8.1151
          -15.0265
          -8.64268
          15.2953
          8.14062
          -15.001
          -8.61906
          15.3189
          10.4006
          -12.8591
          -10.9865
          13.0608
          10.4634
          -12.7963
          -10.9284
          13.1189
          12.8591
          -10.4006
          -13.0608
          10.9865
          12.7963
          -10.4634
          -13.1189
          10.9284
          15.0265
          -8.1151
          -15.2953
          8.64268
          15.001
          -8.14062
          -15.3189
          8.61906
          6.55451
          -13.4486
          -7.06515
          13.7344
          6.57667
          -13.4263
          -7.04486
          13.7545
          8.83651
          -11.2694
          -9.39659
          11.4969
          8.89131
          -11.2146
          -9.34637
          11.5471
          11.2694
          -8.83651
          -11.4969
          9.39659
          11.2146
          -8.89131
          -11.5471
          9.34637
          13.4486
          -6.55451
          -13.7344
          7.06515
          13.4263
          -6.57667
          -13.7545
          7.04486
          4.99335
          -11.8705
          -5.48578
          12.1743
          5.01259
          -11.8516
          -5.46853
          12.1919
          7.27253
          -9.67981
          -7.80867
          9.93135
          7.31911
          -9.6331
          -7.76686
          9.97304
          9.67981
          -7.27253
          -9.93135
          7.80867
          9.6331
          -7.31911
          -9.97304
          7.76686
          11.8705
          -4.99335
          -12.1743
          5.48578
          11.8516
          -5.01259
          -12.1919
          5.46853
          3.43414
          -10.2931
          -3.91181
          10.6119
          3.44887
          -10.2773
          -3.89855
          10.6241
          5.70809
          -8.08962
          -6.20936
          8.37606
          5.74693
          -8.05101
          -6.17498
          8.41068
          8.08962
          -5.70809
          -8.37606
          6.20936
          8.05101
          -5.74693
          -8.41068
          6.17498
          10.2931
          -3.43414
          -10.6119
          3.91181
          10.2773
          -3.44887
          -10.6241
          3.89855
          1.87336
          -8.71499
          -2.31616
          9.07022
          1.88629
          -8.70317
          -2.30396
          9.08352
          4.14343
          -6.49925
          -4.6526
          6.77648
          4.17337
          -6.46871
          -4.62752
          6.80096
          6.49925
          -4.14343
          -6.77648
          4.6526
          6.46871
          -4.17337
          -6.80096
          4.62752
          8.71499
          -1.87336
          -9.07022
          2.31616
          8.70317
          -1.88629
          -9.08352
          2.30396
          0.27874
          -7.12587
          -0.904406
          7.2784
          0.304247
          -7.11021
          -0.90555
          7.28711
          2.59238
          -4.93014
          -3.05456
          5.24956
          2.61928
          -4.90626
          -3.03208
          5.27506
          4.93014
          -2.59238
          -5.24956
          3.05456
          4.90626
          -2.61928
          -5.27506
          3.03208
          7.12587
          -0.27874
          -7.2784
          0.904406
          7.11021
          -0.304247
          -7.28711
          0.90555
          -1.08544
          -5.60293
          2.08404
          7.4607
          -1.15974
          -5.61849
          2.12218
          7.44009
          0.955316
          -3.19991
          -0.721912
          4.29579
          0.958456
          -3.19816
          -0.773801
          4.2453
          3.19991
          -0.955316
          -4.29579
          0.721912
          3.19816
          -0.958456
          -4.2453
          0.773801
          5.60293
          1.08544
          -7.4607
          -2.08404
          5.61849
          1.15974
          -7.44009
          -2.12218
          -2.39774
          -4.17132
          -5.01306
          -1.80523
          -2.52714
          -4.21552
          -5.23471
          -2.11209
          -0.471213
          -1.92206
          -3.55964
          -1.46198
          -0.44905
          -1.88551
          -3.21205
          -1.12877
          1.92206
          0.471213
          1.46198
          3.55964
          1.88551
          0.44905
          1.12877
          3.21205
          4.17132
          2.39774
          1.80523
          5.01306
          4.21552
          2.52714
          2.11209
          5.23471
          193.291
          115.428
          -27.0561
          34.1221
          187.087
          109.886
          -34.3241
          26.193
          87.3082
          14.2412
          -25.8593
          30.9757
          83.514
          13.1427
          -27.2633
          26.876
          -14.2412
          -87.3082
          -30.9757
          25.8593
          -13.1427
          -83.514
          -26.876
          27.2633
          -115.428
          -193.291
          -34.1221
          27.0561
          -109.886
          -187.087
          -26.193
          34.3241
          -7.87783
          -60.3575
          -27.1873
          27.7951
          -4.48889
          -57.737
          -24.2711
          31.4797
          19.9586
          -36.4325
          -29.8343
          28.966
          23.4331
          -35.9714
          -29.6812
          32.1325
          36.4325
          -19.9586
          -28.966
          29.8343
          35.9714
          -23.4331
          -32.1325
          29.6812
          60.3575
          7.87783
          -27.7951
          27.1873
          57.737
          4.48889
          -31.4797
          24.2711
          30.9331
          -24.2413
          -23.9574
          31.4854
          29.0266
          -26.109
          -24.2989
          31.105
          26.2008
          -28.4521
          -26.0791
          29.0265
          25.3696
          -29.3203
          -26.4531
          28.6895
          28.4521
          -26.2008
          -29.0265
          26.0791
          29.3203
          -25.3696
          -28.6895
          26.4531
          24.2413
          -30.9331
          -31.4854
          23.9574
          26.109
          -29.0266
          -31.105
          24.2989
          21.3124
          -29.485
          -22.1147
          29.6947
          21.2149
          -29.598
          -22.6035
          29.2214
          25.7382
          -26.1158
          -24.8609
          27.8422
          25.3909
          -26.3774
          -25.1871
          27.4304
          26.1158
          -25.7382
          -27.8422
          24.8609
          26.3774
          -25.3909
          -27.4304
          25.1871
          29.485
          -21.3124
          -29.6947
          22.1147
          29.598
          -21.2149
          -29.2214
          22.6035
          21.0577
          -26.8893
          -20.6764
          28.0291
          20.5921
          -27.3417
          -21.0534
          27.639
          23.2677
          -25.3573
          -23.2946
          26.1091
          22.9585
          -25.6714
          -23.6016
          25.807
          25.3573
          -23.2677
          -26.1091
          23.2946
          25.6714
          -22.9585
          -25.807
          23.6016
          26.8893
          -21.0577
          -28.0291
          20.6764
          27.3417
          -20.5921
          -27.639
          21.0534
          19.2469
          -25.5359
          -19.1356
          26.4655
          18.9
          -25.8867
          -19.4887
          26.1163
          21.9236
          -23.5312
          -21.7201
          24.5165
          21.624
          -23.8317
          -22.0061
          24.2315
          23.5312
          -21.9236
          -24.5165
          21.7201
          23.8317
          -21.624
          -24.2315
          22.0061
          25.5359
          -19.2469
          -26.4655
          19.1356
          25.8867
          -18.9
          -26.1163
          19.4887
          17.729
          -23.9431
          -17.5947
          24.8849
          17.3791
          -24.2924
          -17.9236
          24.5554
          20.269
          -22.0266
          -20.1614
          22.9173
          19.9925
          -22.3035
          -20.4272
          22.6518
          22.0266
          -20.269
          -22.9173
          20.1614
          22.3035
          -19.9925
          -22.6518
          20.4272
          23.9431
          -17.729
          -24.8849
          17.5947
          24.2924
          -17.3791
          -24.5554
          17.9236
          16.1344
          -22.4204
          -16.0558
          23.3082
          15.8173
          -22.7376
          -16.3603
          23.0039
          18.6802
          -20.4535
          -18.5987
          21.3179
          18.4223
          -20.7112
          -18.8444
          21.072
          20.4535
          -18.6802
          -21.3179
          18.5987
          20.7112
          -18.4223
          -21.072
          18.8444
          22.4204
          -16.1344
          -23.3082
          16.0558
          22.7376
          -15.8173
          -23.0039
          16.3603
          14.5607
          -20.8775
          -14.517
          21.7301
          14.2665
          -21.1716
          -14.7963
          21.4507
          17.0779
          -18.8937
          -17.0366
          19.7179
          16.8408
          -19.1309
          -17.2622
          19.4923
          18.8937
          -17.0779
          -19.7179
          17.0366
          19.1309
          -16.8408
          -19.4923
          17.2622
          20.8775
          -14.5607
          -21.7301
          14.517
          21.1716
          -14.2665
          -21.4507
          14.7963
          12.9819
          -19.3394
          -12.9781
          20.1523
          12.7132
          -19.6082
          -13.2325
          19.8979
          15.4787
          -17.3309
          -15.4744
          18.1181
          15.2615
          -17.5481
          -15.6799
          17.9126
          17.3309
          -15.4787
          -18.1181
          15.4744
          17.5481
          -15.2615
          -17.9126
          15.6799
          19.3394
          -12.9819
          -20.1523
          12.9781
          19.6082
          -12.7132
          -19.8979
          13.2325
          11.4043
          -17.8003
          -11.4391
          18.5745
          11.1604
          -18.0443
          -11.6687
          18.3449
          13.8787
          -15.7689
          -13.9122
          16.5182
          13.6817
          -15.9659
          -14.0976
          16.3328
          15.7689
          -13.8787
          -16.5182
          13.9122
          15.9659
          -13.6817
          -16.3328
          14.0976
          17.8003
          -11.4043
          -18.5745
          11.4391
          18.0443
          -11.1604
          -18.3449
          11.6687
          9.82643
          -16.2614
          -9.90026
          16.9966
          9.60743
          -16.4804
          -10.1049
          16.792
          12.2789
          -14.2067
          -12.35
          14.9184
          12.102
          -14.3836
          -12.5153
          14.7531
          14.2067
          -12.2789
          -14.9184
          12.35
          14.3836
          -12.102
          -14.7531
          12.5153
          16.2614
          -9.82643
          -16.9966
          9.90026
          16.4804
          -9.60743
          -16.792
          10.1049
          8.2486
          -14.7225
          -8.36109
          15.419
          8.05451
          -14.9166
          -8.5409
          15.2392
          10.679
          -12.6446
          -10.7881
          13.3184
          10.5223
          -12.8013
          -10.9331
          13.1733
          12.6446
          -10.679
          -13.3184
          10.7881
          12.8013
          -10.5223
          -13.1733
          10.9331
          14.7225
          -8.2486
          -15.419
          8.36109
          14.9166
          -8.05451
          -15.2392
          8.5409
          6.67084
          -13.1836
          -6.82312
          13.8402
          6.5017
          -13.3528
          -6.97748
          13.6858
          9.07919
          -11.0824
          -9.22493
          11.7196
          8.94253
          -11.219
          -9.35036
          11.5941
          11.0824
          -9.07919
          -11.7196
          9.22493
          11.219
          -8.94253
          -11.5941
          9.35036
          13.1836
          -6.67084
          -13.8402
          6.82312
          13.3528
          -6.5017
          -13.6858
          6.97748
          5.09269
          -11.6447
          -5.28084
          12.2663
          4.94832
          -11.7888
          -5.4122
          12.1347
          7.47921
          -9.52042
          -7.66732
          10.1148
          7.3629
          -9.63689
          -7.77067
          10.0116
          9.52042
          -7.47921
          -10.1148
          7.66732
          9.63689
          -7.3629
          -10.0116
          7.77067
          11.6447
          -5.09269
          -12.2663
          5.28084
          11.7888
          -4.94832
          -12.1347
          5.4122
          3.51544
          -10.1054
          -3.75397
          10.6723
          3.39678
          -10.2255
          -3.85325
          10.5744
          5.88025
          -7.9576
          -6.08597
          8.53633
          5.78298
          -8.0541
          -6.17589
          8.44563
          7.9576
          -5.88025
          -8.53633
          6.08597
          8.0541
          -5.78298
          -8.44563
          6.17589
          10.1054
          -3.51544
          -10.6723
          3.75397
          10.2255
          -3.39678
          -10.5744
          3.85325
          1.94495
          -8.56834
          -2.16345
          9.17056
          1.84443
          -8.66176
          -2.26709
          9.05982
          4.27706
          -6.39419
          -4.58529
          6.86309
          4.20253
          -6.47089
          -4.63538
          6.81517
          6.39419
          -4.27706
          -6.86309
          4.58529
          6.47089
          -4.20253
          -6.81517
          4.63538
          8.56834
          -1.94495
          -9.17056
          2.16345
          8.66176
          -1.84443
          -9.05982
          2.26709
          0.287293
          -7.02312
          -0.937394
          7.16377
          0.255689
          -7.08533
          -0.874295
          7.25748
          2.68924
          -4.86452
          -2.96593
          5.3837
          2.63499
          -4.91256
          -3.02662
          5.3168
          4.86452
          -2.68924
          -5.3837
          2.96593
          4.91256
          -2.63499
          -5.3168
          3.02662
          7.02312
          -0.287293
          -7.16377
          0.937394
          7.08533
          -0.255689
          -7.25748
          0.874295
          -0.938019
          -5.50814
          2.86685
          8.17455
          -1.08277
          -5.57438
          2.15278
          7.38196
          1.01995
          -3.07819
          -0.453068
          4.43089
          0.987085
          -3.16366
          -0.652417
          4.28414
          3.07819
          -1.01995
          -4.43089
          0.453068
          3.16366
          -0.987085
          -4.28414
          0.652417
          5.50814
          0.938019
          -8.17455
          -2.86685
          5.57438
          1.08277
          -7.38196
          -2.15278
          -2.5683
          -4.33146
          -9.14102
          -6.1261
          -2.70264
          -4.27005
          -5.82512
          -3.00595
          -0.589983
          -2.09321
          -5.1928
          -2.76579
          -0.497031
          -1.97452
          -4.01297
          -1.61169
          2.09321
          0.589983
          2.76579
          5.1928
          1.97452
          0.497031
          1.61169
          4.01297
          4.33146
          2.5683
          6.1261
          9.14102
          4.27005
          2.70264
          3.00595
          5.82512
        </DataArray>
        <DataArray type="Float64" Name="Szz" format="ascii">
          538.064
          349.784
          268.425
          440.02
          551.337
          361.514
          280.894
          454.032
          229.716
          57.5944
          36.8825
          192.772
          238.356
          59.9446
          39.3636
          201.543
          -57.5944
          -229.716
          -192.772
          -36.8825
          -59.9446
          -238.356
          -201.543
          -39.3636
          -349.784
          -538.064
          -440.02
          -268.425
          -361.514
          -551.337
          -454.032
          -280.894
          446.467
          284.911
          302.162
          466.22
          433.073
          273.311
          290.435
          452.7
          214.211
          39.2905
          42.4902
          219.82
          204.882
          36.992
          40.3237
          210.623
          -39.2905
          -214.211
          -219.82
          -42.4902
          -36.992
          -204.882
          -210.623
          -40.3237
          -284.911
          -446.467
          -466.22
          -302.162
          -273.311
          -433.073
          -452.7
          -290.435
          435.798
          274.529
          275.808
          437.347
          436.594
          275.234
          275.86
          437.489
          196.478
          37.167
          38.4905
          198.254
          196.738
          37.5133
          38.625
          198.302
          -37.167
          -196.478
          -198.254
          -38.4905
          -37.5133
          -196.738
          -198.302
          -38.625
          -274.529
          -435.798
          -437.347
          -275.808
          -275.234
          -436.594
          -437.489
          -275.86
          408.076
          257.875
          261.925
          413.138
          408.36
          258.195
          262.406
          413.583
          187.193
          35.9378
          36.6256
          188.73
          187.565
          36.1097
          36.8251
          189.129
          -35.9378
          -187.193
          -188.73
          -36.6256
          -36.1097
          -187.565
          -189.129
          -36.8251
          -257.875
          -408.076
          -413.138
          -261.925
          -258.195
          -408.36
          -413.583
          -262.406
          383.603
          242.334
          245.958
          387.986
          383.821
          242.521
          246.113
          388.172
          175.353
          33.3471
          34.3971
          177.181
          175.472
          33.4783
          34.5252
          177.298
          -33.3471
          -175.353
          -177.181
          -34.3971
          -33.4783
          -175.472
          -177.298
          -34.5252
          -242.334
          -383.603
          -387.986
          -245.958
          -242.521
          -383.821
          -388.172
          -246.113
          358.667
          226.521
          230.208
          363.172
          358.803
          226.666
          230.354
          363.309
          164.063
          31.2637
          32.2096
          165.791
          164.189
          31.3919
          32.3316
          165.91
          -31.2637
          -164.063
          -165.791
          -32.2096
          -31.3919
          -164.189
          -165.91
          -32.3316
          -226.521
          -358.667
          -363.172
          -230.208
          -226.666
          -358.803
          -363.309
          -230.354
          333.783
          210.79
          214.464
          338.263
          333.933
          210.939
          214.604
          338.406
          152.675
          29.0546
          30.0225
          154.426
          152.793
          29.1731
          30.1362
          154.539
          -29.0546
          -152.675
          -154.426
          -30.0225
          -29.1731
          -152.793
          -154.539
          -30.1362
          -210.79
          -333.783
          -338.263
          -214.464
          -210.939
          -333.933
          -338.406
          -214.604
          308.89
          195.035
          198.713
          313.377
          309.026
          195.172
          198.844
          313.507
          141.303
          26.8703
          27.8341
          143.05
          141.414
          26.9809
          27.9395
          143.156
          -26.8703
          -141.303
          -143.05
          -27.8341
          -26.9809
          -141.414
          -143.156
          -27.9395
          -195.035
          -308.89
          -313.377
          -198.713
          -195.172
          -309.026
          -313.507
          -198.844
          284
          179.287
          182.963
          288.485
          284.126
          179.412
          183.082
          288.605
          129.929
          24.6814
          25.646
          131.676
          130.03
          24.783
          25.7427
          131.773
          -24.6814
          -129.929
          -131.676
          -25.646
          -24.783
          -130.03
          -131.773
          -25.7427
          -179.287
          -284
          -288.485
          -182.963
          -179.412
          -284.126
          -288.605
          -183.082
          259.109
          163.536
          167.213
          263.595
          259.224
          163.652
          167.322
          263.704
          118.555
          22.4934
          23.4578
          120.302
          118.648
          22.5865
          23.5459
          120.39
          -22.4934
          -118.555
          -120.302
          -23.4578
          -22.5865
          -118.648
          -120.39
          -23.5459
          -163.536
          -259.109
          -263.595
          -167.213
          -163.652
          -259.224
          -263.704
          -167.322
          234.219
          147.786
          151.463
          238.704
          234.323
          147.891
          151.561
          238.802
          107.18
          20.3052
          21.2697
          108.928
          107.265
          20.3896
          21.3491
          109.007
          -20.3052
          -107.18
          -108.928
          -21.2697
          -20.3896
          -107.265
          -109.007
          -21.3491
          -147.786
          -234.219
          -238.704
          -151.463
          -147.891
          -234.323
          -238.802
          -151.561
          209.328
          132.036
          135.713
          213.813
          209.422
          132.13
          135.801
          213.901
          95.8063
          18.1171
          19.0815
          97.5536
          95.8821
          18.1929
          19.1524
          97.6244
          -18.1171
          -95.8063
          -97.5536
          -19.0815
          -18.1929
          -95.8821
          -97.6244
          -19.1524
          -132.036
          -209.328
          -213.813
          -135.713
          -132.13
          -209.422
          -213.901
          -135.801
          184.437
          116.287
          119.963
          188.923
          184.52
          116.37
          120.04
          189
          84.4322
          15.9289
          16.8933
          86.1795
          84.4994
          15.9961
          16.9555
          86.2416
          -15.9289
          -84.4322
          -86.1795
          -16.8933
          -15.9961
          -84.4994
          -86.2416
          -16.9555
          -116.287
          -184.437
          -188.923
          -119.963
          -116.37
          -184.52
          -189
          -120.04
          159.547
          100.536
          104.213
          164.032
          159.619
          100.609
          104.279
          164.098
          73.0579
          13.7407
          14.7054
          74.8055
          73.1166
          13.7993
          14.7591
          74.8593
          -13.7407
          -73.0579
          -74.8055
          -14.7054
          -13.7993
          -73.1166
          -74.8593
          -14.7591
          -100.536
          -159.547
          -164.032
          -104.213
          -100.609
          -159.619
          -164.098
          -104.279
          134.655
          84.787
          88.4636
          139.142
          134.717
          84.8484
          88.5196
          139.198
          61.6846
          11.5527
          12.5162
          63.4305
          61.734
          11.6025
          12.5604
          63.4744
          -11.5527
          -61.6846
          -63.4305
          -12.5162
          -11.6025
          -61.734
          -63.4744
          -12.5604
          -84.787
          -134.655
          -139.142
          -88.4636
          -84.8484
          -134.717
          -139.198
          -88.5196
          109.768
          69.0357
          72.7115
          114.249
          109.817
          69.0887
          72.7556
          114.29
          50.3084
          9.36425
          10.3333
          52.0619
          50.3521
          9.40614
          10.3723
          52.1027
          -9.36425
          -50.3084
          -52.0619
          -10.3333
          -9.40614
          -50.3521
          -52.1027
          -10.3723
          -69.0357
          -109.768
          -114.249
          -72.7115
          -69.0887
          -109.817
          -114.29
          -72.7556
          84.8747
          53.2809
          56.9623
          89.3768
          84.929
          53.3187
          57.0045
          89.4355
          38.9296
          7.17531
          8.1245
          40.6559
          38.9559
          7.20666
          8.14445
          40.6708
          -7.17531
          -38.9296
          -40.6559
          -8.1245
          -7.20666
          -38.9559
          -40.6708
          -8.14445
          -53.2809
          -84.8747
          -89.3768
          -56.9623
          -53.3187
          -84.929
          -89.4355
          -57.0045
          59.952
          37.6243
          41.2393
          64.3577
          59.9063
          37.6501
          41.2114
          64.2583
          27.6603
          5.00358
          5.97831
          29.4309
          27.6997
          5.0285
          6.00864
          29.4757
          -5.00358
          -27.6603
          -29.4309
          -5.97831
          -5.0285
          -27.6997
          -29.4757
          -6.00864
          -37.6243
          -59.952
          -64.3577
          -41.2393
          -37.6501
          -59.9063
          -64.2583
          -41.2114
          35.1236
          21.2448
          25.4885
          40.1049
          35.2164
          21.1544
          25.6757
          40.4753
          15.6117
          2.71394
          3.95454
          17.6381
          15.4889
          2.7139
          4.00331
          17.5642
          -2.71394
          -15.6117
          -17.6381
          -3.95454
          -2.7139
          -15.4889
          -17.5642
          -4.00331
          -21.2448
          -35.1236
          -40.1049
          -25.4885
          -21.1544
          -35.2164
          -40.4753
          -25.6757
          12.0718
          6.97043
          7.4801
          13.8332
          12.7236
          7.16553
          6.28041
          13.0903
          5.44897
          0.670902
          -0.00950235
          5.69235
          5.47612
          0.637981
          -0.497198
          5.26473
          -0.670902
          -5.44897
          -5.69235
          0.00950235
          -0.637981
          -5.47612
          -5.26473
          0.497198
          -6.97043
          -12.0718
          -13.8332
          -7.4801
          -7.16553
          -12.7236
          -13.0903
          -6.28041
          536.522
          345.845
          267.731
          444.418
          536.021
          346.79
          269.394
          444.635
          226.217
          56.6126
          36.4771
          191.876
          227.205
          56.9003
          36.8508
          192.95
          -56.6126
          -226.217
          -191.876
          -36.4771
          -56.9003
          -227.205
          -192.95
          -36.8508
          -345.845
          -536.522
          -444.418
          -267.731
          -346.79
          -536.021
          -444.635
          -269.394
          455.735
          292.664
          304.604
          466.984
          459.067
          294.064
          305.189
          469.502
          220.952
          40.8701
          42.8864
          222.317
          220.907
          40.9699
          42.9971
          222.283
          -40.8701
          -220.952
          -222.317
          -42.8864
          -40.9699
          -220.907
          -222.283
          -42.9971
          -292.664
          -455.735
          -466.984
          -304.604
          -294.064
          -459.067
          -469.502
          -305.189
          435.49
          274.167
          277.633
          440.081
          433.177
          272.32
          275.946
          437.928
          196.005
          36.8273
          38.8287
          199.528
          194.882
          36.6081
          38.4565
          198.252
          -36.8273
          -196.005
          -199.528
          -38.8287
          -36.6081
          -194.882
          -198.252
          -38.4565
          -274.167
          -435.49
          -440.081
          -277.633
          -272.32
          -433.177
          -437.928
          -275.946
          408.066
          257.406
          261.293
          412.778
          408.575
          257.838
          261.612
          413.174
          186.844
          35.9066
          36.5125
          188.19
          187.021
          35.889
          36.5182
          188.39
          -35.9066
          -186.844
          -188.19
          -36.5125
          -35.889
          -187.021
          -188.39
          -36.5182
          -257.406
          -408.066
          -412.778
          -261.293
          -257.838
          -408.575
          -413.174
          -261.612
          383.856
          242.271
          245.855
          388.227
          383.756
          242.187
          245.819
          388.176
          175.221
          33.3314
          34.3789
          177.049
          175.158
          33.2737
          34.3243
          176.989
          -33.3314
          -175.221
          -177.049
          -34.3789
          -33.2737
          -175.158
          -176.989
          -34.3243
          -242.271
          -383.856
          -388.227
          -245.855
          -242.187
          -383.756
          -388.176
          -245.819
          358.87
          226.394
          230.098
          363.369
          358.865
          226.383
          230.075
          363.352
          163.925
          31.243
          32.1904
          165.66
          163.87
          31.191
          32.1404
          165.606
          -31.243
          -163.925
          -165.66
          -32.1904
          -31.191
          -163.87
          -165.606
          -32.1404
          -226.394
          -358.87
          -363.369
          -230.098
          -226.383
          -358.865
          -363.352
          -230.075
          333.972
          210.679
          214.355
          338.446
          333.948
          210.657
          214.337
          338.426
          152.54
          29.0342
          30.0034
          154.298
          152.494
          28.987
          29.9578
          154.253
          -29.0342
          -152.54
          -154.298
          -30.0034
          -28.987
          -152.494
          -154.253
          -29.9578
          -210.679
          -333.972
          -338.446
          -214.355
          -210.657
          -333.948
          -338.426
          -214.337
          309.065
          194.93
          198.613
          313.544
          309.048
          194.913
          198.596
          313.527
          141.18
          26.8522
          27.8166
          142.932
          141.136
          26.8077
          27.7743
          142.89
          -26.8522
          -141.18
          -142.932
          -27.8166
          -26.8077
          -141.136
          -142.89
          -27.7743
          -194.93
          -309.065
          -313.544
          -198.613
          -194.913
          -309.048
          -313.527
          -198.596
          284.162
          179.19
          182.871
          288.639
          284.145
          179.174
          182.855
          288.623
          129.815
          24.6644
          25.6299
          131.568
          129.774
          24.6237
          25.5911
          131.529
          -24.6644
          -129.815
          -131.568
          -25.6299
          -24.6237
          -129.774
          -131.529
          -25.5911
          -179.19
          -284.162
          -288.639
          -182.871
          -179.174
          -284.145
          -288.623
          -182.855
          259.257
          163.448
          167.129
          263.735
          259.242
          163.433
          167.115
          263.72
          118.451
          22.4779
          23.4432
          120.203
          118.413
          22.4406
          23.4078
          120.168
          -22.4779
          -118.451
          -120.203
          -23.4432
          -22.4406
          -118.413
          -120.168
          -23.4078
          -163.448
          -259.257
          -263.735
          -167.129
          -163.433
          -259.242
          -263.72
          -167.115
          234.353
          147.706
          151.388
          238.83
          234.339
          147.693
          151.375
          238.817
          107.086
          20.2911
          21.2564
          108.839
          107.052
          20.2573
          21.2246
          108.807
          -20.2911
          -107.086
          -108.839
          -21.2564
          -20.2573
          -107.052
          -108.807
          -21.2246
          -147.706
          -234.353
          -238.83
          -151.388
          -147.693
          -234.339
          -238.817
          -151.375
          209.448
          131.965
          135.646
          213.926
          209.436
          131.952
          135.634
          213.914
          95.7216
          18.1045
          19.0697
          97.4745
          95.6912
          18.0741
          19.0413
          97.4461
          -18.1045
          -95.7216
          -97.4745
          -19.0697
          -18.0741
          -95.6912
          -97.4461
          -19.0413
          -131.965
          -209.448
          -213.926
          -135.646
          -131.952
          -209.436
          -213.914
          -135.634
          184.544
          116.223
          119.904
          189.022
          184.533
          116.212
          119.894
          189.011
          84.3571
          15.9177
          16.883
          86.11
          84.3302
          15.8908
          16.8581
          86.0851
          -15.9177
          -84.3571
          -86.11
          -16.883
          -15.8908
          -84.3302
          -86.0851
          -16.8581
          -116.223
          -184.544
          -189.022
          -119.904
          -116.212
          -184.533
          -189.011
          -119.894
          159.64
          100.481
          104.162
          164.117
          159.63
          100.471
          104.153
          164.109
          72.9927
          13.731
          14.6964
          74.7456
          72.9691
          13.7075
          14.6749
          74.724
          -13.731
          -72.9927
          -74.7456
          -14.6964
          -13.7075
          -72.9691
          -74.724
          -14.6749
          -100.481
          -159.64
          -164.117
          -104.162
          -100.471
          -159.63
          -164.109
          -104.153
          134.735
          84.7395
          88.4212
          139.213
          134.726
          84.7315
          88.414
          139.205
          61.6284
          11.5443
          12.5089
          63.3807
          61.6088
          11.5244
          12.4911
          63.3632
          -11.5443
          -61.6284
          -63.3807
          -12.5089
          -11.5244
          -61.6088
          -63.3632
          -12.4911
          -84.7395
          -134.735
          -139.213
          -88.4212
          -84.7315
          -134.726
          -139.205
          -88.414
          109.831
          68.9961
          72.6761
          114.307
          109.826
          68.9893
          72.6704
          114.304
          50.2625
          9.3574
          10.3262
          52.0189
          50.2452
          9.34069
          10.3113
          52.0035
          -9.3574
          -50.2625
          -52.0189
          -10.3262
          -9.34069
          -50.2452
          -52.0035
          -10.3113
          -68.9961
          -109.831
          -114.307
          -72.6761
          -68.9893
          -109.826
          -114.304
          -72.6704
          84.9245
          53.2489
          56.9367
          89.4103
          84.9181
          53.2451
          56.9327
          89.4037
          38.8926
          7.16968
          8.12324
          40.6325
          38.8813
          7.15701
          8.11291
          40.6236
          -7.16968
          -38.8926
          -40.6325
          -8.12324
          -7.15701
          -38.8813
          -40.6236
          -8.11291
          -53.2489
          -84.9245
          -89.4103
          -56.9367
          -53.2451
          -84.9181
          -89.4037
          -56.9327
          60.0575
          37.6235
          41.219
          64.4312
          60.011
          37.6
          41.2027
          64.3919
          27.6398
          5.00258
          5.96928
          29.3881
          27.6204
          4.99024
          5.95754
          29.3693
          -5.00258
          -27.6398
          -29.3881
          -5.96928
          -4.99024
          -27.6204
          -29.3693
          -5.95754
          -37.6235
          -60.0575
          -64.4312
          -41.219
          -37.6
          -60.011
          -64.3919
          -41.2027
          34.9212
          21.2206
          25.5713
          40.1311
          35.1013
          21.2636
          25.5913
          40.2882
          15.6426
          2.71071
          3.93011
          17.7245
          15.6376
          2.70899
          3.95138
          17.7425
          -2.71071
          -15.6426
          -17.7245
          -3.93011
          -2.70899
          -15.6376
          -17.7425
          -3.95138
          -21.2206
          -34.9212
          -40.1311
          -25.5713
          -21.2636
          -35.1013
          -40.2882
          -25.5913
          11.7912
          6.81958
          7.32294
          13.7288
          12.1158
          6.94539
          7.52481
          14.1295
          5.38455
          0.686275
          0.253045
          5.59813
          5.41249
          0.680642
          0.114109
          5.49277
          -0.686275
          -5.38455
          -5.59813
          -0.253045
          -0.680642
          -5.41249
          -5.49277
          -0.114109
          -6.81958
          -11.7912
          -13.7288
          -7.32294
          -6.94539
          -12.1158
          -14.1295
          -7.52481
          536.021
          346.79
          269.394
          444.635
          536.522
          345.845
          267.731
          444.418
          227.205
          56.9003
          36.8508
          192.95
          226.217
          56.6126
          36.4771
          191.876
          -56.9003
          -227.205
          -192.95
          -36.8508
          -56.6126
          -226.217
          -191.876
          -36.4771
          -346.79
          -536.021
          -444.635
          -269.394
          -345.845
          -536.522
          -444.418
          -267.731
          459.067
          294.064
          305.189
          469.502
          455.735
          292.664
          304.604
          466.984
          220.907
          40.9699
          42.9971
          222.283
          220.952
          40.8701
          42.8864
          222.317
          -40.9699
          -220.907
          -222.283
          -42.9971
          -40.8701
          -220.952
          -222.317
          -42.8864
          -294.064
          -459.067
          -469.502
          -305.189
          -292.664
          -455.735
          -466.984
          -304.604
          433.177
          272.32
          275.946
          437.928
          435.49
          274.167
          277.633
          440.081
          194.882
          36.6081
          38.4565
          198.252
          196.005
          36.8273
          38.8287
          199.528
          -36.6081
          -194.882
          -198.252
          -38.4565
          -36.8273
          -196.005
          -199.528
          -38.8287
          -272.32
          -433.177
          -437.928
          -275.946
          -274.167
          -435.49
          -440.081
          -277.633
          408.575
          257.838
          261.612
          413.174
          408.066
          257.406
          261.293
          412.778
          187.021
          35.889
          36.5182
          188.39
          186.844
          35.9066
          36.5125
          188.19
          -35.889
          -187.021
          -188.39
          -36.5182
          -35.9066
          -186.844
          -188.19
          -36.5125
          -257.838
          -408.575
          -413.174
          -261.612
          -257.406
          -408.066
          -412.778
          -261.293
          383.756
          242.187
          245.819
          388.176
          383.856
          242.271
          245.855
          388.227
          175.158
          33.2737
          34.3243
          176.989
          175.221
          33.3314
          34.3789
          177.049
          -33.2737
          -175.158
          -176.989
          -34.3243
          -33.3314
          -175.221
          -177.049
          -34.3789
          -242.187
          -383.756
          -388.176
          -245.819
          -242.271
          -383.856
          -388.227
          -245.855
          358.865
          226.383
          230.075
          363.352
          358.87
          226.394
          230.098
          363.369
          163.87
          31.191
          32.1404
          165.606
          163.925
          31.243
          32.1904
          165.66
          -31.191
          -163.87
          -165.606
          -32.1404
          -31.243
          -163.925
          -165.66
          -32.1904
          -226.383
          -358.865
          -363.352
          -230.075
          -226.394
          -358.87
          -363.369
          -230.098
          333.948
          210.657
          214.337
          338.426
          333.972
          210.679
          214.355
          338.446
          152.494
          28.987
          29.9578
          154.253
          152.54
          29.0342
          30.0034
          154.298
          -28.987
          -152.494
          -154.253
          -29.9578
          -29.0342
          -152.54
          -154.298
          -30.0034
          -210.657
          -333.948
          -338.426
          -214.337
          -210.679
          -333.972
          -338.446
          -214.355
          309.048
          194.913
          198.596
          313.527
          309.065
          194.93
          198.613
          313.544
          141.136
          26.8077
          27.7743
          142.89
          141.18
          26.8522
          27.8166
          142.932
          -26.8077
          -141.136
          -142.89
          -27.7743
          -26.8522
          -141.18
          -142.932
          -27.8166
          -194.913
          -309.048
          -313.527
          -198.596
          -194.93
          -309.065
          -313.544
          -198.613
          284.145
          179.174
          182.855
          288.623
          284.162
          179.19
          182.871
          288.639
          129.774
          24.6237
          25.5911
          131.529
          129.815
          24.6644
          25.6299
          131.568
          -24.6237
          -129.774
          -131.529
          -25.5911
          -24.6644
          -129.815
          -131.568
          -25.6299
          -179.174
          -284.145
          -288.623
          -182.855
          -179.19
          -284.162
          -288.639
          -182.871
          259.242
          163.433
          167.115
          263.72
          259.257
          163.448
          167.129
          263.735
          118.413
          22.4406
          23.4078
          120.168
          118.451
          22.4779
          23.4432
          120.203
          -22.4406
          -118.413
          -120.168
          -23.4078
          -22.4779
          -118.451
          -120.203
          -23.4432
          -163.433
          -259.242
          -263.72
          -167.115
          -163.448
          -259.257
          -263.735
          -167.129
          234.339
          147.693
          151.375
          238.817
          234.353
          147.706
          151.388
          238.83
          107.052
          20.2573
          21.2246
          108.807
          107.086
          20.2911
          21.2564
          108.839
          -20.2573
          -107.052
          -108.807
          -21.2246
          -20.2911
          -107.086
          -108.839
          -21.2564
          -147.693
          -234.339
          -238.817
          -151.375
          -147.706
          -234.353
          -238.83
          -151.388
          209.436
          131.952
          135.634
          213.914
          209.448
          131.965
          135.646
          213.926
          95.6912
          18.0741
          19.0413
          97.4461
          95.7216
          18.1045
          19.0697
          97.4745
          -18.0741
          -95.6912
          -97.4461
          -19.0413
          -18.1045
          -95.7216
          -97.4745
          -19.0697
          -131.952
          -209.436
          -213.914
          -135.634
          -131.965
          -209.448
          -213.926
          -135.646
          184.533
          116.212
          119.894
          189.011
          184.544
          116.223
          119.904
          189.022
          84.3302
          15.8908
          16.8581
          86.0851
          84.3571
          15.9177
          16.883
          86.11
          -15.8908
          -84.3302
          -86.0851
          -16.8581
          -15.9177
          -84.3571
          -86.11
          -16.883
          -116.212
          -184.533
          -189.011
          -119.894
          -116.223
          -184.544
          -189.022
          -119.904
          159.63
          100.471
          104.153
          164.109
          159.64
          100.481
          104.162
          164.117
          72.9691
          13.7075
          14.6749
          74.724
          72.9927
          13.731
          14.6964
          74.7456
          -13.7075
          -72.9691
          -74.724
          -14.6749
          -13.731
          -72.9927
          -74.7456
          -14.6964
          -100.471
          -159.63
          -164.109
          -104.153
          -100.481
          -159.64
          -164.117
          -104.162
          134.726
          84.7315
          88.414
          139.205
          134.735
          84.7395
          88.4212
          139.213
          61.6088
          11.5244
          12.4911
          63.3632
          61.6284
          11.5443
          12.5089
          63.3807
          -11.5244
          -61.6088
          -63.3632
          -12.4911
          -11.5443
          -61.6284
          -63.3807
          -12.5089
          -84.7315
          -134.726
          -139.205
          -88.414
          -84.7395
          -134.735
          -139.213
          -88.4212
          109.826
          68.9893
          72.6704
          114.304
          109.831
          68.9961
          72.6761
          114.307
          50.2452
          9.34069
          10.3113
          52.0035
          50.2625
          9.3574
          10.3262
          52.0189
          -9.34069
          -50.2452
          -52.0035
          -10.3113
          -9.3574
          -50.2625
          -52.0189
          -10.3262
          -68.9893
          -109.826
          -114.304
          -72.6704
          -68.9961
          -109.831
          -114.307
          -72.6761
          84.9181
          53.2451
          56.9327
          89.4037
          84.9245
          53.2489
          56.9367
          89.4103
          38.8813
          7.15701
          8.11291
          40.6236
          38.8926
          7.16968
          8.12324
          40.6325
          -7.15701
          -38.8813
          -40.6236
          -8.11291
          -7.16968
          -38.8926
          -40.6325
          -8.12324
          -53.2451
          -84.9181
          -89.4037
          -56.9327
          -53.2489
          -84.9245
          -89.4103
          -56.9367
          60.011
          37.6
          41.2027
          64.3919
          60.0575
          37.6235
          41.219
          64.4312
          27.6204
          4.99024
          5.95754
          29.3693
          27.6398
          5.00258
          5.96928
          29.3881
          -4.99024
          -27.6204
          -29.3693
          -5.95754
          -5.00258
          -27.6398
          -29.3881
          -5.96928
          -37.6
          -60.011
          -64.3919
          -41.2027
          -37.6235
          -60.0575
          -64.4312
          -41.219
          35.1013
          21.2636
          25.5913
          40.2882
          34.9212
          21.2206
          25.5713
          40.1311
          15.6376
          2.70899
          3.95138
          17.7425
          15.6426
          2.71071
          3.93011
          17.7245
          -2.70899
          -15.6376
          -17.7425
          -3.95138
          -2.71071
          -15.6426
          -17.7245
          -3.93011
          -21.2636
          -35.1013
          -40.2882
          -25.5913
          -21.2206
          -34.9212
          -40.1311
          -25.5713
          12.1158
          6.94539
          7.52481
          14.1295
          11.7912
          6.81958
          7.32294
          13.7288
          5.41249
          0.680642
          0.114109
          5.49277
          5.38455
          0.686275
          0.253045
          5.59813
          -0.680642
          -5.41249
          -5.49277
          -0.114109
          -0.686275
          -5.38455
          -5.59813
          -0.253045
          -6.94539
          -12.1158
          -14.1295
          -7.52481
          -6.81958
          -11.7912
          -13.7288
          -7.32294
          551.337
          361.514
          280.894
          454.032
          538.064
          349.784
          268.425
          440.02
          238.356
          59.9446
          39.3636
          201.543
          229.716
          57.5944
          36.8825
          192.772
          -59.9446
          -238.356
          -201.543
          -39.3636
          -57.5944
          -229.716
          -192.772
          -36.8825
          -361.514
          -551.337
          -454.032
          -280.894
          -349.784
          -538.064
          -440.02
          -268.425
          433.073
          273.311
          290.435
          452.7
          446.467
          284.911
          302.162
          466.22
          204.882
          36.992
          40.3237
          210.623
          214.211
          39.2905
          42.4902
          219.82
          -36.992
          -204.882
          -210.623
          -40.3237
          -39.2905
          -214.211
          -219.82
          -42.4902
          -273.311
          -433.073
          -452.7
          -290.435
          -284.911
          -446.467
          -466.22
          -302.162
          436.594
          275.234
          275.86
          437.489
          435.798
          274.529
          275.808
          437.347
          196.738
          37.5133
          38.625
          198.302
          196.478
          37.167
          38.4905
          198.254
          -37.5133
          -196.738
          -198.302
          -38.625
          -37.167
          -196.478
          -198.254
          -38.4905
          -275.234
          -436.594
          -437.489
          -275.86
          -274.529
          -435.798
          -437.347
          -275.808
          408.36
          258.195
          262.406
          413.583
          408.076
          257.875
          261.925
          413.138
          187.565
          36.1097
          36.8251
          189.129
          187.193
          35.9378
          36.6256
          188.73
          -36.1097
          -187.565
          -189.129
          -36.8251
          -35.9378
          -187.193
          -188.73
          -36.6256
          -258.195
          -408.36
          -413.583
          -262.406
          -257.875
          -408.076
          -413.138
          -261.925
          383.821
          242.521
          246.113
          388.172
          383.603
          242.334
          245.958
          387.986
          175.472
          33.4783
          34.5252
          177.298
          175.353
          33.3471
          34.3971
          177.181
          -33.4783
          -175.472
          -177.298
          -34.5252
          -33.3471
          -175.353
          -177.181
          -34.3971
          -242.521
          -383.821
          -388.172
          -246.113
          -242.334
          -383.603
          -387.986
          -245.958
          358.803
          226.666
          230.354
          363.309
          358.667
          226.521
          230.208
          363.172
          164.189
          31.3919
          32.3316
          165.91
          164.063
          31.2637
          32.2096
          165.791
          -31.3919
          -164.189
          -165.91
          -32.3316
          -31.2637
          -164.063
          -165.791
          -32.2096
          -226.666
          -358.803
          -363.309
          -230.354
          -226.521
          -358.667
          -363.172
          -230.208
          333.933
          210.939
          214.604
          338.406
          333.783
          210.79
          214.464
          338.263
          152.793
          29.1731
          30.1362
          154.539
          152.675
          29.0546
          30.0225
          154.426
          -29.1731
          -152.793
          -154.539
          -30.1362
          -29.0546
          -152.675
          -154.426
          -30.0225
          -210.939
          -333.933
          -338.406
          -214.604
          -210.79
          -333.783
          -338.263
          -214.464
          309.026
          195.172
          198.844
          313.507
          308.89
          195.035
          198.713
          313.377
          141.414
          26.9809
          27.9395
          143.156
          141.303
          26.8703
          27.8341
          143.05
          -26.9809
          -141.414
          -143.156
          -27.9395
          -26.8703
          -141.303
          -143.05
          -27.8341
          -195.172
          -309.026
          -313.507
          -198.844
          -195.035
          -308.89
          -313.377
          -198.713
          284.126
          179.412
          183.082
          288.605
          284
          179.287
          182.963
          288.485
          130.03
          24.783
          25.7427
          131.773
          129.929
          24.6814
          25.646
          131.676
          -24.783
          -130.03
          -131.773
          -25.7427
          -24.6814
          -129.929
          -131.676
          -25.646
          -179.412
          -284.126
          -288.605
          -183.082
          -179.287
          -284
          -288.485
          -182.963
          259.224
          163.652
          167.322
          263.704
          259.109
          163.536
          167.213
          263.595
          118.648
          22.5865
          23.5459
          120.39
          118.555
          22.4934
          23.4578
          120.302
          -22.5865
          -118.648
          -120.39
          -23.5459
          -22.4934
          -118.555
          -120.302
          -23.4578
          -163.652
          -259.224
          -263.704
          -167.322
          -163.536
          -259.109
          -263.595
          -167.213
          234.323
          147.891
          151.561
          238.802
          234.219
          147.786
          151.463
          238.704
          107.265
          20.3896
          21.3491
          109.007
          107.18
          20.3052
          21.2697
          108.928
          -20.3896
          -107.265
          -109.007
          -21.3491
          -20.3052
          -107.18
          -108.928
          -21.2697
          -147.891
          -234.323
          -238.802
          -151.561
          -147.786
          -234.219
          -238.704
          -151.463
          209.422
          132.13
          135.801
          213.901
          209.328
          132.036
          135.713
          213.813
          95.8821
          18.1929
          19.1524
          97.6244
          95.8063
          18.1171
          19.0815
          97.5536
          -18.1929
          -95.8821
          -97.6244
          -19.1524
          -18.1171
          -95.8063
          -97.5536
          -19.0815
          -132.13
          -209.422
          -213.901
          -135.801
          -132.036
          -209.328
          -213.813
          -135.713
          184.52
          116.37
          120.04
          189
          184.437
          116.287
          119.963
          188.923
          84.4994
          15.9961
          16.9555
          86.2416
          84.4322
          15.9289
          16.8933
          86.1795
          -15.9961
          -84.4994
          -86.2416
          -16.9555
          -15.9289
          -84.4322
          -86.1795
          -16.8933
          -116.37
          -184.52
          -189
          -120.04
          -116.287
          -184.437
          -188.923
          -119.963
          159.619
          100.609
          104.279
          164.098
          159.547
          100.536
          104.213
          164.032
          73.1166
          13.7993
          14.7591
          74.8593
          73.0579
          13.7407
          14.7054
          74.8055
          -13.7993
          -73.1166
          -74.8593
          -14.7591
          -13.7407
          -73.0579
          -74.8055
          -14.7054
          -100.609
          -159.619
          -164.098
          -104.279
          -100.536
          -159.547
          -164.032
          -104.213
          134.717
          84.8484
          88.5196
          139.198
          134.655
          84.787
          88.4636
          139.142
          61.734
          11.6025
          12.5604
          63.4744
          61.6846
          11.5527
          12.5162
          63.4305
          -11.6025
          -61.734
          -63.4744
          -12.5604
          -11.5527
          -61.6846
          -63.4305
          -12.5162
          -84.8484
          -134.717
          -139.198
          -88.5196
          -84.787
          -134.655
          -139.142
          -88.4636
          109.817
          69.0887
          72.7556
          114.29
          109.768
          69.0357
          72.7115
          114.249
          50.3521
          9.40614
          10.3723
          52.1027
          50.3084
          9.36425
          10.3333
          52.0619
          -9.40614
          -50.3521
          -52.1027
          -10.3723
          -9.36425
          -50.3084
          -52.0619
          -10.3333
          -69.0887
          -109.817
          -114.29
          -72.7556
          -69.0357
          -109.768
          -114.249
          -72.7115
          84.929
          53.3187
          57.0045
          89.4355
          84.8747
          53.2809
          56.9623
          89.3768
          38.9559
          7.20666
          8.14445
          40.6708
          38.9296
          7.17531
          8.1245
          40.6559
          -7.20666
          -38.9559
          -40.6708
          -8.14445
          -7.17531
          -38.9296
          -40.6559
          -8.1245
          -53.3187
          -84.929
          -89.4355
          -57.0045
          -53.2809
          -84.8747
          -89.3768
          -56.9623
          59.9063
          37.6501
          41.2114
          64.2583
          59.952
          37.6243
          41.2393
          64.3577
          27.6997
          5.0285
          6.00864
          29.4757
          27.6603
          5.00358
          5.97831
          29.4309
          -5.0285
          -27.6997
          -29.4757
          -6.00864
          -5.00358
          -27.6603
          -29.4309
          -5.97831
          -37.6501
          -59.9063
          -64.2583
          -41.2114
          -37.6243
          -59.952
          -64.3577
          -41.2393
          35.2164
          21.1544
          25.6757
          40.4753
          35.1236
          21.2448
          25.4885
          40.1049
          15.4889
          2.7139
          4.00331
          17.5642
          15.6117
          2.71394
          3.95454
          17.6381
          -2.7139
          -15.4889
          -17.5642
          -4.00331
          -2.71394
          -15.6117
          -17.6381
          -3.95454
          -21.1544
          -35.2164
          -40.4753
          -25.6757
          -21.2448
          -35.1236
          -40.1049
          -25.4885
          12.7236
          7.16553
          6.28041
          13.0903
          12.0718
          6.97043
          7.4801
          13.8332
          5.47612
          0.637981
          -0.497198
          5.26473
          5.44897
          0.670902
          -0.00950235
          5.69235
          -0.637981
          -5.47612
          -5.26473
          0.497198
          -0.670902
          -5.44897
          -5.69235
          0.00950235
          -7.16553
          -12.7236
          -13.0903
          -6.28041
          -6.97043
          -12.0718
          -13.8332
          -7.4801
        </DataArray>
        <DataArray type="Float64" Name="Sxy" format="ascii">
          1.491
          1.31058
          4.89114
          5.5645
          -2.5803
          -2.76072
          -10.3032
          -9.62979
          1.18205
          1.1501
          4.29225
          4.41147
          -2.77882
          -2.81077
          -10.4899
          -10.3707
          1.1501
          1.18205
          4.41147
          4.29225
          -2.81077
          -2.77882
          -10.3707
          -10.4899
          1.31058
          1.491
          5.5645
          4.89114
          -2.76072
          -2.5803
          -9.62979
          -10.3032
          7.40199
          6.57912
          7.61021
          8.3486
          -11.2529
          -12.0757
          -9.37612
          -8.63773
          5.9786
          5.79521
          6.75924
          7.03063
          -12.1766
          -12.36
          -9.78978
          -9.5184
          5.79521
          5.9786
          7.03063
          6.75924
          -12.36
          -12.1766
          -9.5184
          -9.78978
          6.57912
          7.40199
          8.3486
          7.61021
          -12.0757
          -11.2529
          -8.63773
          -9.37612
          8.45905
          7.91118
          7.70238
          7.81419
          -7.85105
          -8.39892
          -8.42878
          -8.31698
          7.60097
          7.34905
          7.99641
          8.10713
          -8.24971
          -8.50163
          -7.55249
          -7.44177
          7.34905
          7.60097
          8.10713
          7.99641
          -8.50163
          -8.24971
          -7.44177
          -7.55249
          7.91118
          8.45905
          7.81419
          7.70238
          -8.39892
          -7.85105
          -8.31698
          -8.42878
          7.52166
          7.53015
          7.2684
          7.3673
          -8.29708
          -8.28859
          -7.8757
          -7.77681
          8.12975
          8.06395
          7.60113
          7.68537
          -7.10148
          -7.16728
          -7.06398
          -6.97974
          8.06395
          8.12975
          7.68537
          7.60113
          -7.16728
          -7.10148
          -6.97974
          -7.06398
          7.53015
          7.52166
          7.3673
          7.2684
          -8.28859
          -8.29708
          -7.77681
          -7.8757
          7.20427
          7.07396
          6.80448
          6.91323
          -7.50783
          -7.63814
          -7.40199
          -7.29324
          7.42647
          7.33622
          7.07531
          7.16353
          -6.84141
          -6.93166
          -6.67343
          -6.58521
          7.33622
          7.42647
          7.16353
          7.07531
          -6.93166
          -6.84141
          -6.58521
          -6.67343
          7.07396
          7.20427
          6.91323
          6.80448
          -7.63814
          -7.50783
          -7.29324
          -7.40199
          6.71297
          6.61187
          6.35513
          6.45688
          -7.10875
          -7.20985
          -6.92108
          -6.81932
          6.96729
          6.88133
          6.61229
          6.69408
          -6.40064
          -6.48659
          -6.23437
          -6.15258
          6.88133
          6.96729
          6.69408
          6.61229
          -6.48659
          -6.40064
          -6.15258
          -6.23437
          6.61187
          6.71297
          6.45688
          6.35513
          -7.20985
          -7.10875
          -6.81932
          -6.92108
          6.2667
          6.16684
          5.90917
          6.00319
          -6.6128
          -6.71266
          -6.43201
          -6.33799
          6.49491
          6.41579
          6.14799
          6.22398
          -5.96988
          -6.049
          -5.79478
          -5.71879
          6.41579
          6.49491
          6.22398
          6.14799
          -6.049
          -5.96988
          -5.71879
          -5.79478
          6.16684
          6.2667
          6.00319
          5.90917
          -6.71266
          -6.6128
          -6.33799
          -6.43201
          5.8108
          5.72024
          5.46176
          5.54868
          -6.13587
          -6.22643
          -5.94541
          -5.85849
          6.02516
          5.95155
          5.68267
          5.75288
          -5.5355
          -5.60911
          -5.35607
          -5.28586
          5.95155
          6.02516
          5.75288
          5.68267
          -5.60911
          -5.5355
          -5.28586
          -5.35607
          5.72024
          5.8108
          5.54868
          5.46176
          -6.22643
          -6.13587
          -5.85849
          -5.94541
          5.35669
          5.27265
          5.01448
          5.0943
          -5.65561
          -5.73965
          -5.45852
          -5.3787
          5.55368
          5.48592
          5.21725
          5.28172
          -5.103
          -5.17076
          -4.91752
          -4.85304
          5.48592
          5.55368
          5.28172
          5.21725
          -5.17076
          -5.103
          -4.85304
          -4.91752
          5.27265
          5.35669
          5.0943
          5.01448
          -5.73965
          -5.65561
          -5.3787
          -5.45852
          4.90224
          4.82546
          4.56721
          4.63991
          -5.17595
          -5.25274
          -4.97165
          -4.89895
          5.08262
          5.02057
          4.7519
          4.81062
          -4.67008
          -4.73213
          -4.47889
          -4.42017
          5.02057
          5.08262
          4.81062
          4.7519
          -4.73213
          -4.67008
          -4.42017
          -4.47889
          4.82546
          4.90224
          4.63991
          4.56721
          -5.25274
          -5.17595
          -4.89895
          -4.97165
          4.44787
          4.37817
          4.11994
          4.18553
          -4.69617
          -4.76587
          -4.48477
          -4.41919
          4.61151
          4.55522
          4.28655
          4.33952
          -4.23722
          -4.29351
          -4.04027
          -3.9873
          4.55522
          4.61151
          4.33952
          4.28655
          -4.29351
          -4.23722
          -3.9873
          -4.04027
          4.37817
          4.44787
          4.18553
          4.11994
          -4.76587
          -4.69617
          -4.41919
          -4.48477
          3.99348
          3.9309
          3.67267
          3.73113
          -4.21642
          -4.27899
          -3.9979
          -3.93944
          4.1404
          4.08986
          3.82118
          3.86841
          -3.80435
          -3.85489
          -3.60166
          -3.55443
          4.08986
          4.1404
          3.86841
          3.82118
          -3.85489
          -3.80435
          -3.55443
          -3.60166
          3.9309
          3.99348
          3.73113
          3.67267
          -4.27899
          -4.21642
          -3.93944
          -3.9979
          3.53909
          3.48364
          3.2254
          3.27678
          -3.73666
          -3.79211
          -3.511
          -3.45962
          3.6693
          3.62451
          3.35588
          3.39731
          -3.37148
          -3.41627
          -3.163
          -3.12156
          3.62451
          3.6693
          3.39731
          3.35588
          -3.41627
          -3.37148
          -3.12156
          -3.163
          3.48364
          3.53909
          3.27678
          3.2254
          -3.79211
          -3.73666
          -3.45962
          -3.511
          3.08469
          3.03636
          2.7781
          2.8222
          -3.25693
          -3.30526
          -3.02429
          -2.98019
          3.19819
          3.15915
          2.8903
          2.92614
          -2.93861
          -2.97765
          -2.72452
          -2.68869
          3.15915
          3.19819
          2.92614
          2.8903
          -2.97765
          -2.93861
          -2.68869
          -2.72452
          3.03636
          3.08469
          2.8222
          2.7781
          -3.30526
          -3.25693
          -2.98019
          -3.02429
          2.63035
          2.58914
          2.33114
          2.36872
          -2.77706
          -2.81828
          -2.53641
          -2.49883
          2.72707
          2.69377
          2.42568
          2.45523
          -2.50577
          -2.53906
          -2.28549
          -2.25595
          2.69377
          2.72707
          2.45523
          2.42568
          -2.53906
          -2.50577
          -2.25595
          -2.28549
          2.58914
          2.63035
          2.36872
          2.33114
          -2.81828
          -2.77706
          -2.49883
          -2.53641
          2.17564
          2.14157
          1.88166
          1.90979
          -2.29776
          -2.33183
          -2.05481
          -2.02668
          2.25607
          2.22858
          1.95818
          1.98379
          -2.07275
          -2.10024
          -1.84767
          -1.82206
          2.22858
          2.25607
          1.98379
          1.95818
          -2.10024
          -2.07275
          -1.82206
          -1.84767
          2.14157
          2.17564
          1.90979
          1.88166
          -2.33183
          -2.29776
          -2.02668
          -2.05481
          1.72324
          1.69622
          1.44949
          1.47944
          -1.81642
          -1.84345
          -1.54302
          -1.51308
          1.78564
          1.7635
          1.50202
          1.51656
          -1.63916
          -1.6613
          -1.40469
          -1.39016
          1.7635
          1.78564
          1.51656
          1.50202
          -1.6613
          -1.63916
          -1.39016
          -1.40469
          1.69622
          1.72324
          1.47944
          1.44949
          -1.84345
          -1.81642
          -1.51308
          -1.54302
          1.25763
          1.23973
          0.913354
          0.895455
          -1.34166
          -1.35956
          -1.15877
          -1.17667
          1.30482
          1.29174
          0.978716
          0.995407
          -1.21806
          -1.23114
          -1.01359
          -0.996899
          1.29174
          1.30482
          0.995407
          0.978716
          -1.23114
          -1.21806
          -0.996899
          -1.01359
          1.23973
          1.25763
          0.895455
          0.913354
          -1.35956
          -1.34166
          -1.17667
          -1.15877
          0.861005
          0.824259
          0.907219
          1.12906
          -0.83818
          -0.874926
          -0.30025
          -0.0784077
          0.889072
          0.85915
          0.845514
          0.907972
          -0.717277
          -0.747199
          -0.236959
          -0.174501
          0.85915
          0.889072
          0.907972
          0.845514
          -0.747199
          -0.717277
          -0.174501
          -0.236959
          0.824259
          0.861005
          1.12906
          0.907219
          -0.874926
          -0.83818
          -0.0784077
          -0.30025
          0.0877336
          0.138492
          -2.04467
          -3.02528
          -0.634305
          -0.583547
          -1.9322
          -2.91282
          -0.0811072
          -0.0445017
          -2.46243
          -2.80222
          -0.746407
          -0.709802
          -2.51187
          -2.85166
          -0.0445017
          -0.0811072
          -2.80222
          -2.46243
          -0.709802
          -0.746407
          -2.85166
          -2.51187
          0.138492
          0.0877336
          -3.02528
          -2.04467
          -0.583547
          -0.634305
          -2.91282
          -1.9322
          1.3879
          1.21281
          4.52627
          5.17971
          -2.02582
          -2.20091
          -8.2139
          -7.56045
          1.12177
          1.1008
          4.10823
          4.1865
          -2.34461
          -2.36558
          -8.82846
          -8.75019
          1.1008
          1.12177
          4.1865
          4.10823
          -2.36558
          -2.34461
          -8.75019
          -8.82846
          1.21281
          1.3879
          5.17971
          4.52627
          -2.20091
          -2.02582
          -7.56045
          -8.2139
          6.92494
          6.29534
          7.81507
          7.9012
          -9.39744
          -10.027
          -8.96769
          -8.88156
          5.93987
          5.83797
          7.55628
          7.6654
          -10.6222
          -10.7241
          -9.44012
          -9.331
          5.83797
          5.93987
          7.6654
          7.55628
          -10.7241
          -10.6222
          -9.331
          -9.44012
          6.29534
          6.92494
          7.9012
          7.81507
          -10.027
          -9.39744
          -8.88156
          -8.96769
          8.1559
          8.22958
          7.84231
          7.87552
          -8.5209
          -8.44722
          -8.08464
          -8.05144
          8.19007
          8.11563
          7.92552
          7.89795
          -8.59391
          -8.66835
          -7.84377
          -7.87134
          8.11563
          8.19007
          7.89795
          7.92552
          -8.66835
          -8.59391
          -7.87134
          -7.84377
          8.22958
          8.1559
          7.87552
          7.84231
          -8.44722
          -8.5209
          -8.05144
          -8.08464
          7.65974
          7.61494
          7.38102
          7.3506
          -7.79166
          -7.83646
          -7.52099
          -7.55142
          7.70592
          7.76513
          7.51706
          7.47338
          -7.51135
          -7.45214
          -7.20675
          -7.25043
          7.76513
          7.70592
          7.47338
          7.51706
          -7.45214
          -7.51135
          -7.25043
          -7.20675
          7.61494
          7.65974
          7.3506
          7.38102
          -7.83646
          -7.79166
          -7.55142
          -7.52099
          7.14681
          7.19291
          6.91289
          6.89918
          -7.36211
          -7.31601
          -7.07146
          -7.08517
          7.2806
          7.31782
          7.02156
          6.98646
          -7.07207
          -7.03485
          -6.8106
          -6.8457
          7.31782
          7.2806
          6.98646
          7.02156
          -7.03485
          -7.07207
          -6.8457
          -6.8106
          7.19291
          7.14681
          6.89918
          6.91289
          -7.31601
          -7.36211
          -7.08517
          -7.07146
          6.7111
          6.71593
          6.45785
          6.4449
          -6.88729
          -6.88246
          -6.61066
          -6.6236
          6.78455
          6.81838
          6.55956
          6.52707
          -6.66501
          -6.63118
          -6.36524
          -6.39772
          6.81838
          6.78455
          6.52707
          6.55956
          -6.63118
          -6.66501
          -6.39772
          -6.36524
          6.71593
          6.7111
          6.4449
          6.45785
          -6.88246
          -6.88729
          -6.6236
          -6.61066
          6.25214
          6.26713
          6.00415
          5.99173
          -6.42787
          -6.41288
          -6.14437
          -6.15679
          6.33527
          6.36686
          6.09922
          6.06872
          -6.20515
          -6.17355
          -5.9158
          -5.9463
          6.36686
          6.33527
          6.06872
          6.09922
          -6.17355
          -6.20515
          -5.9463
          -5.9158
          6.26713
          6.25214
          5.99173
          6.00415
          -6.41288
          -6.42787
          -6.15679
          -6.14437
          5.80043
          5.81189
          5.54961
          5.53819
          -5.95927
          -5.9478
          -5.6793
          -5.69071
          5.87419
          5.90376
          5.63739
          5.60926
          -5.75635
          -5.72677
          -5.46809
          -5.49622
          5.90376
          5.87419
          5.60926
          5.63739
          -5.72677
          -5.75635
          -5.49622
          -5.46809
          5.81189
          5.80043
          5.53819
          5.54961
          -5.9478
          -5.95927
          -5.69071
          -5.6793
          5.3464
          5.35755
          5.09513
          5.08464
          -5.4939
          -5.48274
          -5.21424
          -5.22473
          5.41519
          5.44232
          5.17575
          5.14991
          -5.30593
          -5.27879
          -5.02031
          -5.04615
          5.44232
          5.41519
          5.14991
          5.17575
          -5.27879
          -5.30593
          -5.04615
          -5.02031
          5.35755
          5.3464
          5.08464
          5.09513
          -5.48274
          -5.4939
          -5.22473
          -5.21424
          4.89298
          4.90305
          4.64067
          4.63112
          -5.02774
          -5.01768
          -4.74915
          -4.7587
          4.95574
          4.98062
          4.71409
          4.69056
          -4.85595
          -4.83107
          -4.57253
          -4.59606
          4.98062
          4.95574
          4.69056
          4.71409
          -4.83107
          -4.85595
          -4.59606
          -4.57253
          4.90305
          4.89298
          4.63112
          4.64067
          -5.01768
          -5.02774
          -4.7587
          -4.74915
          4.43943
          4.4486
          4.18621
          4.17759
          -4.56174
          -4.55258
          -4.28406
          -4.29268
          4.49642
          4.51897
          4.25244
          4.23121
          -4.40582
          -4.38327
          -4.12474
          -4.14597
          4.51897
          4.49642
          4.23121
          4.25244
          -4.38327
          -4.40582
          -4.14597
          -4.12474
          4.4486
          4.43943
          4.17759
          4.18621
          -4.55258
          -4.56174
          -4.29268
          -4.28406
          3.98591
          3.99413
          3.73175
          3.72407
          -4.09572
          -4.0875
          -3.81897
          -3.82665
          4.03706
          4.05732
          3.79079
          3.77186
          -3.95573
          -3.93548
          -3.67694
          -3.69587
          4.05732
          4.03706
          3.77186
          3.79079
          -3.93548
          -3.95573
          -3.69587
          -3.67694
          3.99413
          3.98591
          3.72407
          3.73175
          -4.0875
          -4.09572
          -3.82665
          -3.81897
          3.53238
          3.53966
          3.27727
          3.27052
          -3.6297
          -3.62241
          -3.35391
          -3.36066
          3.57772
          3.59567
          3.32911
          3.3125
          -3.50564
          -3.48769
          -3.22917
          -3.24578
          3.59567
          3.57772
          3.3125
          3.32911
          -3.48769
          -3.50564
          -3.24578
          -3.22917
          3.53966
          3.53238
          3.27052
          3.27727
          -3.62241
          -3.6297
          -3.36066
          -3.35391
          3.07886
          3.08521
          2.82289
          2.81711
          -3.16366
          -3.15731
          -2.8887
          -2.89448
          3.11837
          3.13402
          2.86756
          2.85322
          -3.05554
          -3.0399
          -2.7813
          -2.79565
          3.13402
          3.11837
          2.85322
          2.86756
          -3.0399
          -3.05554
          -2.79565
          -2.7813
          3.08521
          3.07886
          2.81711
          2.82289
          -3.15731
          -3.16366
          -2.89448
          -2.8887
          2.62528
          2.63069
          2.36791
          2.36296
          -2.69768
          -2.69227
          -2.42423
          -2.42918
          2.65897
          2.67233
          2.40538
          2.39342
          -2.60551
          -2.59215
          -2.33398
          -2.34594
          2.67233
          2.65897
          2.39342
          2.40538
          -2.59215
          -2.60551
          -2.34594
          -2.33398
          2.63069
          2.62528
          2.36296
          2.36791
          -2.69227
          -2.69768
          -2.42918
          -2.42423
          2.17194
          2.17645
          1.91617
          1.91238
          -2.23156
          -2.22704
          -1.95634
          -1.96012
          2.19991
          2.21091
          1.94658
          1.93678
          -2.15502
          -2.14402
          -1.88321
          -1.89301
          2.21091
          2.19991
          1.93678
          1.94658
          -2.14402
          -2.15502
          -1.89301
          -1.88321
          2.17645
          2.17194
          1.91238
          1.91617
          -2.22704
          -2.23156
          -1.96012
          -1.95634
          1.71796
          1.72152
          1.45
          1.44633
          -1.76546
          -1.76191
          -1.50141
          -1.50507
          1.73985
          1.74864
          1.47219
          1.46496
          -1.70583
          -1.69704
          -1.44923
          -1.45645
          1.74864
          1.73985
          1.46496
          1.47219
          -1.69704
          -1.70583
          -1.45645
          -1.44923
          1.72152
          1.71796
          1.44633
          1.45
          -1.76191
          -1.76546
          -1.50507
          -1.50141
          1.26508
          1.26703
          1.03869
          1.04154
          -1.30169
          -1.29974
          -1.00929
          -1.00644
          1.28037
          1.28688
          1.05706
          1.05095
          -1.25842
          -1.25191
          -0.960666
          -0.966774
          1.28688
          1.28037
          1.05095
          1.05706
          -1.25191
          -1.25842
          -0.966774
          -0.960666
          1.26703
          1.26508
          1.04154
          1.03869
          -1.29974
          -1.30169
          -1.00644
          -1.00929
          0.819282
          0.820289
          0.451955
          0.435608
          -0.82915
          -0.828143
          -0.623701
          -0.640048
          0.832458
          0.83281
          0.449969
          0.46494
          -0.784084
          -0.783733
          -0.591588
          -0.576616
          0.83281
          0.832458
          0.46494
          0.449969
          -0.783733
          -0.784084
          -0.576616
          -0.591588
          0.820289
          0.819282
          0.435608
          0.451955
          -0.828143
          -0.82915
          -0.640048
          -0.623701
          0.122562
          0.125967
          -0.396316
          -0.349018
          -0.393463
          -0.390059
          0.043821
          0.0911184
          0.0740336
          0.0859816
          -0.525609
          -0.626425
          -0.59923
          -0.587282
          -0.767662
          -0.868479
          0.0859816
          0.0740336
          -0.626425
          -0.525609
          -0.587282
          -0.59923
          -0.868479
          -0.767662
          0.125967
          0.122562
          -0.349018
          -0.396316
          -0.390059
          -0.393463
          0.0911184
          0.043821
          2.02582
          2.20091
          8.2139
          7.56045
          -1.3879
          -1.21281
          -4.52627
          -5.17971
          2.34461
          2.36558
          8.82846
          8.75019
          -1.12177
          -1.1008
          -4.10823
          -4.1865
          2.36558
          2.34461
          8.75019
          8.82846
          -1.1008
          -1.12177
          -4.1865
          -4.10823
          2.20091
          2.02582
          7.56045
          8.2139
          -1.21281
          -1.3879
          -5.17971
          -4.52627
          9.39744
          10.027
          8.96769
          8.88156
          -6.92494
          -6.29534
          -7.81507
          -7.9012
          10.6222
          10.7241
          9.44012
          9.331
          -5.93987
          -5.83797
          -7.55628
          -7.6654
          10.7241
          10.6222
          9.331
          9.44012
          -5.83797
          -5.93987
          -7.6654
          -7.55628
          10.027
          9.39744
          8.88156
          8.96769
          -6.29534
          -6.92494
          -7.9012
          -7.81507
          8.5209
          8.44722
          8.08464
          8.05144
          -8.1559
          -8.22958
          -7.84231
          -7.87552
          8.59391
          8.66835
          7.84377
          7.87134
          -8.19007
          -8.11563
          -7.92552
          -7.89795
          8.66835
          8.59391
          7.87134
          7.84377
          -8.11563
          -8.19007
          -7.89795
          -7.92552
          8.44722
          8.5209
          8.05144
          8.08464
          -8.22958
          -8.1559
          -7.87552
          -7.84231
          7.79166
          7.83646
          7.52099
          7.55142
          -7.65974
          -7.61494
          -7.38102
          -7.3506
          7.51135
          7.45214
          7.20675
          7.25043
          -7.70592
          -7.76513
          -7.51706
          -7.47338
          7.45214
          7.51135
          7.25043
          7.20675
          -7.76513
          -7.70592
          -7.47338
          -7.51706
          7.83646
          7.79166
          7.55142
          7.52099
          -7.61494
          -7.65974
          -7.3506
          -7.38102
          7.36211
          7.31601
          7.07146
          7.08517
          -7.14681
          -7.19291
          -6.91289
          -6.89918
          7.07207
          7.03485
          6.8106
          6.8457
          -7.2806
          -7.31782
          -7.02156
          -6.98646
          7.03485
          7.07207
          6.8457
          6.8106
          -7.31782
          -7.2806
          -6.98646
          -7.02156
          7.31601
          7.36211
          7.08517
          7.07146
          -7.19291
          -7.14681
          -6.89918
          -6.91289
          6.88729
          6.88246
          6.61066
          6.6236
          -6.7111
          -6.71593
          -6.45785
          -6.4449
          6.66501
          6.63118
          6.36524
          6.39772
          -6.78455
          -6.81838
          -6.55956
          -6.52707
          6.63118
          6.66501
          6.39772
          6.36524
          -6.81838
          -6.78455
          -6.52707
          -6.55956
          6.88246
          6.88729
          6.6236
          6.61066
          -6.71593
          -6.7111
          -6.4449
          -6.45785
          6.42787
          6.41288
          6.14437
          6.15679
          -6.25214
          -6.26713
          -6.00415
          -5.99173
          6.20515
          6.17355
          5.9158
          5.9463
          -6.33527
          -6.36686
          -6.09922
          -6.06872
          6.17355
          6.20515
          5.9463
          5.9158
          -6.36686
          -6.33527
          -6.06872
          -6.09922
          6.41288
          6.42787
          6.15679
          6.14437
          -6.26713
          -6.25214
          -5.99173
          -6.00415
          5.95927
          5.9478
          5.6793
          5.69071
          -5.80043
          -5.81189
          -5.54961
          -5.53819
          5.75635
          5.72677
          5.46809
          5.49622
          -5.87419
          -5.90376
          -5.63739
          -5.60926
          5.72677
          5.75635
          5.49622
          5.46809
          -5.90376
          -5.87419
          -5.60926
          -5.63739
          5.9478
          5.95927
          5.69071
          5.6793
          -5.81189
          -5.80043
          -5.53819
          -5.54961
          5.4939
          5.48274
          5.21424
          5.22473
          -5.3464
          -5.35755
          -5.09513
          -5.08464
          5.30593
          5.27879
          5.02031
          5.04615
          -5.41519
          -5.44232
          -5.17575
          -5.14991
          5.27879
          5.30593
          5.04615
          5.02031
          -5.44232
          -5.41519
          -5.14991
          -5.17575
          5.48274
          5.4939
          5.22473
          5.21424
          -5.35755
          -5.3464
          -5.08464
          -5.09513
          5.02774
          5.01768
          4.74915
          4.7587
          -4.89298
          -4.90305
          -4.64067
          -4.63112
          4.85595
          4.83107
          4.57253
          4.59606
          -4.95574
          -4.98062
          -4.71409
          -4.69056
          4.83107
          4.85595
          4.59606
          4.57253
          -4.98062
          -4.95574
          -4.69056
          -4.71409
          5.01768
          5.02774
          4.7587
          4.74915
          -4.90305
          -4.89298
          -4.63112
          -4.64067
          4.56174
          4.55258
          4.28406
          4.29268
          -4.43943
          -4.4486
          -4.18621
          -4.17759
          4.40582
          4.38327
          4.12474
          4.14597
          -4.49642
          -4.51897
          -4.25244
          -4.23121
          4.38327
          4.40582
          4.14597
          4.12474
          -4.51897
          -4.49642
          -4.23121
          -4.25244
          4.55258
          4.56174
          4.29268
          4.28406
          -4.4486
          -4.43943
          -4.17759
          -4.18621
          4.09572
          4.0875
          3.81897
          3.82665
          -3.98591
          -3.99413
          -3.73175
          -3.72407
          3.95573
          3.93548
          3.67694
          3.69587
          -4.03706
          -4.05732
          -3.79079
          -3.77186
          3.93548
          3.95573
          3.69587
          3.67694
          -4.05732
          -4.03706
          -3.77186
          -3.79079
          4.0875
          4.09572
          3.82665
          3.81897
          -3.99413
          -3.98591
          -3.72407
          -3.73175
          3.6297
          3.62241
          3.35391
          3.36066
          -3.53238
          -3.53966
          -3.27727
          -3.27052
          3.50564
          3.48769
          3.22917
          3.24578
          -3.57772
          -3.59567
          -3.32911
          -3.3125
          3.48769
          3.50564
          3.24578
          3.22917
          -3.59567
          -3.57772
          -3.3125
          -3.32911
          3.62241
          3.6297
          3.36066
          3.35391
          -3.53966
          -3.53238
          -3.27052
          -3.27727
          3.16366
          3.15731
          2.8887
          2.89448
          -3.07886
          -3.08521
          -2.82289
          -2.81711
          3.05554
          3.0399
          2.7813
          2.79565
          -3.11837
          -3.13402
          -2.86756
          -2.85322
          3.0399
          3.05554
          2.79565
          2.7813
          -3.13402
          -3.11837
          -2.85322
          -2.86756
          3.15731
          3.16366
          2.89448
          2.8887
          -3.08521
          -3.07886
          -2.81711
          -2.82289
          2.69768
          2.69227
          2.42423
          2.42918
          -2.62528
          -2.63069
          -2.36791
          -2.36296
          2.60551
          2.59215
          2.33398
          2.34594
          -2.65897
          -2.67233
          -2.40538
          -2.39342
          2.59215
          2.60551
          2.34594
          2.33398
          -2.67233
          -2.65897
          -2.39342
          -2.40538
          2.69227
          2.69768
          2.42918
          2.42423
          -2.63069
          -2.62528
          -2.36296
          -2.36791
          2.23156
          2.22704
          1.95634
          1.96012
          -2.17194
          -2.17645
          -1.91617
          -1.91238
          2.15502
          2.14402
          1.88321
          1.89301
          -2.19991
          -2.21091
          -1.94658
          -1.93678
          2.14402
          2.15502
          1.89301
          1.88321
          -2.21091
          -2.19991
          -1.93678
          -1.94658
          2.22704
          2.23156
          1.96012
          1.95634
          -2.17645
          -2.17194
          -1.91238
          -1.91617
          1.76546
          1.76191
          1.50141
          1.50507
          -1.71796
          -1.72152
          -1.45
          -1.44633
          1.70583
          1.69704
          1.44923
          1.45645
          -1.73985
          -1.74864
          -1.47219
          -1.46496
          1.69704
          1.70583
          1.45645
          1.44923
          -1.74864
          -1.73985
          -1.46496
          -1.47219
          1.76191
          1.76546
          1.50507
          1.50141
          -1.72152
          -1.71796
          -1.44633
          -1.45
          1.30169
          1.29974
          1.00929
          1.00644
          -1.26508
          -1.26703
          -1.03869
          -1.04154
          1.25842
          1.25191
          0.960666
          0.966774
          -1.28037
          -1.28688
          -1.05706
          -1.05095
          1.25191
          1.25842
          0.966774
          0.960666
          -1.28688
          -1.28037
          -1.05095
          -1.05706
          1.29974
          1.30169
          1.00644
          1.00929
          -1.26703
          -1.26508
          -1.04154
          -1.03869
          0.82915
          0.828143
          0.623701
          0.640048
          -0.819282
          -0.820289
          -0.451955
          -0.435608
          0.784084
          0.783733
          0.591588
          0.576616
          -0.832458
          -0.83281
          -0.449969
          -0.46494
          0.783733
          0.784084
          0.576616
          0.591588
          -0.83281
          -0.832458
          -0.46494
          -0.449969
          0.828143
          0.82915
          0.640048
          0.623701
          -0.820289
          -0.819282
          -0.435608
          -0.451955
          0.393463
          0.390059
          -0.043821
          -0.0911184
          -0.122562
          -0.125967
          0.396316
          0.349018
          0.59923
          0.587282
          0.767662
          0.868479
          -0.0740336
          -0.0859816
          0.525609
          0.626425
          0.587282
          0.59923
          0.868479
          0.767662
          -0.0859816
          -0.0740336
          0.626425
          0.525609
          0.390059
          0.393463
          -0.0911184
          -0.043821
          -0.125967
          -0.122562
          0.349018
          0.396316
          2.5803
          2.76072
          10.3032
          9.62979
          -1.491
          -1.31058
          -4.89114
          -5.5645
          2.77882
          2.81077
          10.4899
          10.3707
          -1.18205
          -1.1501
          -4.29225
          -4.41147
          2.81077
          2.77882
          10.3707
          10.4899
          -1.1501
          -1.18205
          -4.41147
          -4.29225
          2.76072
          2.5803
          9.62979
          10.3032
          -1.31058
          -1.491
          -5.5645
          -4.89114
          11.2529
          12.0757
          9.37612
          8.63773
          -7.40199
          -6.57912
          -7.61021
          -8.3486
          12.1766
          12.36
          9.78978
          9.5184
          -5.9786
          -5.79521
          -6.75924
          -7.03063
          12.36
          12.1766
          9.5184
          9.78978
          -5.79521
          -5.9786
          -7.03063
          -6.75924
          12.0757
          11.2529
          8.63773
          9.37612
          -6.57912
          -7.40199
          -8.3486
          -7.61021
          7.85105
          8.39892
          8.42878
          8.31698
          -8.45905
          -7.91118
          -7.70238
          -7.81419
          8.24971
          8.50163
          7.55249
          7.44177
          -7.60097
          -7.34905
          -7.99641
          -8.10713
          8.50163
          8.24971
          7.44177
          7.55249
          -7.34905
          -7.60097
          -8.10713
          -7.99641
          8.39892
          7.85105
          8.31698
          8.42878
          -7.91118
          -8.45905
          -7.81419
          -7.70238
          8.29708
          8.28859
          7.8757
          7.77681
          -7.52166
          -7.53015
          -7.2684
          -7.3673
          7.10148
          7.16728
          7.06398
          6.97974
          -8.12975
          -8.06395
          -7.60113
          -7.68537
          7.16728
          7.10148
          6.97974
          7.06398
          -8.06395
          -8.12975
          -7.68537
          -7.60113
          8.28859
          8.29708
          7.77681
          7.8757
          -7.53015
          -7.52166
          -7.3673
          -7.2684
          7.50783
          7.63814
          7.40199
          7.29324
          -7.20427
          -7.07396
          -6.80448
          -6.91323
          6.84141
          6.93166
          6.67343
          6.58521
          -7.42647
          -7.33622
          -7.07531
          -7.16353
          6.93166
          6.84141
          6.58521
          6.67343
          -7.33622
          -7.42647
          -7.16353
          -7.07531
          7.63814
          7.50783
          7.29324
          7.40199
          -7.07396
          -7.20427
          -6.91323
          -6.80448
          7.10875
          7.20985
          6.92108
          6.81932
          -6.71297
          -6.61187
          -6.35513
          -6.45688
          6.40064
          6.48659
          6.23437
          6.15258
          -6.96729
          -6.88133
          -6.61229
          -6.69408
          6.48659
          6.40064
          6.15258
          6.23437
          -6.88133
          -6.96729
          -6.69408
          -6.61229
          7.20985
          7.10875
          6.81932
          6.92108
          -6.61187
          -6.71297
          -6.45688
          -6.35513
          6.6128
          6.71266
          6.43201
          6.33799
          -6.2667
          -6.16684
          -5.90917
          -6.00319
          5.96988
          6.049
          5.79478
          5.71879
          -6.49491
          -6.41579
          -6.14799
          -6.22398
          6.049
          5.96988
          5.71879
          5.79478
          -6.41579
          -6.49491
          -6.22398
          -6.14799
          6.71266
          6.6128
          6.33799
          6.43201
          -6.16684
          -6.2667
          -6.00319
          -5.90917
          6.13587
          6.22643
          5.94541
          5.85849
          -5.8108
          -5.72024
          -5.46176
          -5.54868
          5.5355
          5.60911
          5.35607
          5.28586
          -6.02516
          -5.95155
          -5.68267
          -5.75288
          5.60911
          5.5355
          5.28586
          5.35607
          -5.95155
          -6.02516
          -5.75288
          -5.68267
          6.22643
          6.13587
          5.85849
          5.94541
          -5.72024
          -5.8108
          -5.54868
          -5.46176
          5.65561
          5.73965
          5.45852
          5.3787
          -5.35669
          -5.27265
          -5.01448
          -5.0943
          5.103
          5.17076
          4.91752
          4.85304
          -5.55368
          -5.48592
          -5.21725
          -5.28172
          5.17076
          5.103
          4.85304
          4.91752
          -5.48592
          -5.55368
          -5.28172
          -5.21725
          5.73965
          5.65561
          5.3787
          5.45852
          -5.27265
          -5.35669
          -5.0943
          -5.01448
          5.17595
          5.25274
          4.97165
          4.89895
          -4.90224
          -4.82546
          -4.56721
          -4.63991
          4.67008
          4.73213
          4.47889
          4.42017
          -5.08262
          -5.02057
          -4.7519
          -4.81062
          4.73213
          4.67008
          4.42017
          4.47889
          -5.02057
          -5.08262
          -4.81062
          -4.7519
          5.25274
          5.17595
          4.89895
          4.97165
          -4.82546
          -4.90224
          -4.63991
          -4.56721
          4.69617
          4.76587
          4.48477
          4.41919
          -4.44787
          -4.37817
          -4.11994
          -4.18553
          4.23722
          4.29351
          4.04027
          3.9873
          -4.61151
          -4.55522
          -4.28655
          -4.33952
          4.29351
          4.23722
          3.9873
          4.04027
          -4.55522
          -4.61151
          -4.33952
          -4.28655
          4.76587
          4.69617
          4.41919
          4.48477
          -4.37817
          -4.44787
          -4.18553
          -4.11994
          4.21642
          4.27899
          3.9979
          3.93944
          -3.99348
          -3.9309
          -3.67267
          -3.73113
          3.80435
          3.85489
          3.60166
          3.55443
          -4.1404
          -4.08986
          -3.82118
          -3.86841
          3.85489
          3.80435
          3.55443
          3.60166
          -4.08986
          -4.1404
          -3.86841
          -3.82118
          4.27899
          4.21642
          3.93944
          3.9979
          -3.9309
          -3.99348
          -3.73113
          -3.67267
          3.73666
          3.79211
          3.511
          3.45962
          -3.53909
          -3.48364
          -3.2254
          -3.27678
          3.37148
          3.41627
          3.163
          3.12156
          -3.6693
          -3.62451
          -3.35588
          -3.39731
          3.41627
          3.37148
          3.12156
          3.163
          -3.62451
          -3.6693
          -3.39731
          -3.35588
          3.79211
          3.73666
          3.45962
          3.511
          -3.48364
          -3.53909
          -3.27678
          -3.2254
          3.25693
          3.30526
          3.02429
          2.98019
          -3.08469
          -3.03636
          -2.7781
          -2.8222
          2.93861
          2.97765
          2.72452
          2.68869
          -3.19819
          -3.15915
          -2.8903
          -2.92614
          2.97765
          2.93861
          2.68869
          2.72452
          -3.15915
          -3.19819
          -2.92614
          -2.8903
          3.30526
          3.25693
          2.98019
          3.02429
          -3.03636
          -3.08469
          -2.8222
          -2.7781
          2.77706
          2.81828
          2.53641
          2.49883
          -2.63035
          -2.58914
          -2.33114
          -2.36872
          2.50577
          2.53906
          2.28549
          2.25595
          -2.72707
          -2.69377
          -2.42568
          -2.45523
          2.53906
          2.50577
          2.25595
          2.28549
          -2.69377
          -2.72707
          -2.45523
          -2.42568
          2.81828
          2.77706
          2.49883
          2.53641
          -2.58914
          -2.63035
          -2.36872
          -2.33114
          2.29776
          2.33183
          2.05481
          2.02668
          -2.17564
          -2.14157
          -1.88166
          -1.90979
          2.07275
          2.10024
          1.84767
          1.82206
          -2.25607
          -2.22858
          -1.95818
          -1.98379
          2.10024
          2.07275
          1.82206
          1.84767
          -2.22858
          -2.25607
          -1.98379
          -1.95818
          2.33183
          2.29776
          2.02668
          2.05481
          -2.14157
          -2.17564
          -1.90979
          -1.88166
          1.81642
          1.84345
          1.54302
          1.51308
          -1.72324
          -1.69622
          -1.44949
          -1.47944
          1.63916
          1.6613
          1.40469
          1.39016
          -1.78564
          -1.7635
          -1.50202
          -1.51656
          1.6613
          1.63916
          1.39016
          1.40469
          -1.7635
          -1.78564
          -1.51656
          -1.50202
          1.84345
          1.81642
          1.51308
          1.54302
          -1.69622
          -1.72324
          -1.47944
          -1.44949
          1.34166
          1.35956
          1.15877
          1.17667
          -1.25763
          -1.23973
          -0.913354
          -0.895455
          1.21806
          1.23114
          1.01359
          0.996899
          -1.30482
          -1.29174
          -0.978716
          -0.995407
          1.23114
          1.21806
          0.996899
          1.01359
          -1.29174
          -1.30482
          -0.995407
          -0.978716
          1.35956
          1.34166
          1.17667
          1.15877
          -1.23973
          -1.25763
          -0.895455
          -0.913354
          0.83818
          0.874926
          0.30025
          0.0784077
          -0.861005
          -0.824259
          -0.907219
          -1.12906
          0.717277
          0.747199
          0.236959
          0.174501
          -0.889072
          -0.85915
          -0.845514
          -0.907972
          0.747199
          0.717277
          0.174501
          0.236959
          -0.85915
          -0.889072
          -0.907972
          -0.845514
          0.874926
          0.83818
          0.0784077
          0.30025
          -0.824259
          -0.861005
          -1.12906
          -0.907219
          0.634305
          0.583547
          1.9322
          2.91282
          -0.0877336
          -0.138492
          2.04467
          3.02528
          0.746407
          0.709802
          2.51187
          2.85166
          0.0811072
          0.0445017
          2.46243
          2.80222
          0.709802
          0.746407
          2.85166
          2.51187
          0.0445017
          0.0811072
          2.80222
          2.46243
          0.583547
          0.634305
          2.91282
          1.9322
          -0.138492
          -0.0877336
          3.02528
          2.04467
        </DataArray>
        <DataArray type="Float64" Name="Syz" format="ascii">
          77.8409
          62.1282
          -48.9498
          -33.2372
          65.3688
          49.9027
          -62.0569
          -46.5908
          57.9891
          53.0656
          -48.6845
          -43.7609
          44.8768
          39.997
          -65.3474
          -60.4675
          53.0656
          57.9891
          -43.7609
          -48.6845
          39.997
          44.8768
          -60.4675
          -65.3474
          62.1282
          77.8409
          -33.2372
          -48.9498
          49.9027
          65.3688
          -46.5908
          -62.0569
          54.8444
          58.8983
          -49.4089
          -53.4627
          53.1258
          57.1374
          -50.1452
          -54.1568
          74.1826
          74.9552
          -40.5612
          -41.3338
          68.8194
          69.6361
          -41.8624
          -42.6791
          74.9552
          74.1826
          -41.3338
          -40.5612
          69.6361
          68.8194
          -42.6791
          -41.8624
          58.8983
          54.8444
          -53.4627
          -49.4089
          57.1374
          53.1258
          -54.1568
          -50.1452
          60.2579
          60.3904
          -45.7439
          -45.8764
          61.491
          61.4055
          -44.7806
          -44.6951
          64.8037
          65.1897
          -39.4316
          -39.8175
          66.2362
          66.5516
          -38.0203
          -38.3357
          65.1897
          64.8037
          -39.8175
          -39.4316
          66.5516
          66.2362
          -38.3357
          -38.0203
          60.3904
          60.2579
          -45.8764
          -45.7439
          61.4055
          61.491
          -44.6951
          -44.7806
          55.9097
          56.6458
          -42.7422
          -43.4784
          56.7514
          57.5413
          -41.8261
          -42.616
          63.2155
          63.3412
          -36.1456
          -36.2713
          64.7459
          64.8808
          -34.7203
          -34.8552
          63.3412
          63.2155
          -36.2713
          -36.1456
          64.8808
          64.7459
          -34.8552
          -34.7203
          56.6458
          55.9097
          -43.4784
          -42.7422
          57.5413
          56.7514
          -42.616
          -41.8261
          52.9377
          53.6037
          -39.7323
          -40.3983
          53.8172
          54.4725
          -38.8811
          -39.5363
          60.0457
          60.3007
          -33.0749
          -33.3299
          61.3465
          61.6004
          -31.7687
          -32.0226
          60.3007
          60.0457
          -33.3299
          -33.0749
          61.6004
          61.3465
          -32.0226
          -31.7687
          53.6037
          52.9377
          -40.3983
          -39.7323
          54.4725
          53.8172
          -39.5363
          -38.8811
          49.9618
          50.6396
          -36.7195
          -37.3972
          50.8137
          51.4918
          -35.862
          -36.54
          57.0247
          57.2446
          -30.0987
          -30.3186
          58.344
          58.5619
          -28.7803
          -28.9981
          57.2446
          57.0247
          -30.3186
          -30.0987
          58.5619
          58.344
          -28.9981
          -28.7803
          50.6396
          49.9618
          -37.3972
          -36.7195
          51.4918
          50.8137
          -36.54
          -35.862
          46.9386
          47.6124
          -33.7085
          -34.3824
          47.8011
          48.4721
          -32.8498
          -33.5207
          54.019
          54.2461
          -27.0781
          -27.3052
          55.3396
          55.5651
          -25.7587
          -25.9842
          54.2461
          54.019
          -27.3052
          -27.0781
          55.5651
          55.3396
          -25.9842
          -25.7587
          47.6124
          46.9386
          -34.3824
          -33.7085
          48.4721
          47.8011
          -33.5207
          -32.8498
          43.9287
          44.6037
          -30.6961
          -31.3712
          44.789
          45.4622
          -29.8376
          -30.5108
          51.006
          51.2317
          -24.0676
          -24.2934
          52.3274
          52.5514
          -22.7481
          -22.9722
          51.2317
          51.006
          -24.2934
          -24.0676
          52.5514
          52.3274
          -22.9722
          -22.7481
          44.6037
          43.9287
          -31.3712
          -30.6961
          45.4622
          44.789
          -30.5108
          -29.8376
          40.9164
          41.5912
          -27.6842
          -28.359
          41.7771
          42.4497
          -26.8257
          -27.4984
          47.9941
          48.2201
          -21.0554
          -21.2814
          49.3151
          49.5394
          -19.736
          -19.9604
          48.2201
          47.9941
          -21.2814
          -21.0554
          49.5394
          49.3151
          -19.9604
          -19.736
          41.5912
          40.9164
          -28.359
          -27.6842
          42.4497
          41.7771
          -27.4984
          -26.8257
          37.9045
          38.5793
          -24.6723
          -25.3471
          38.7651
          39.4378
          -23.8137
          -24.4865
          44.9821
          45.2081
          -18.0435
          -18.2694
          46.3032
          46.5275
          -16.7241
          -16.9484
          45.2081
          44.9821
          -18.2694
          -18.0435
          46.5275
          46.3032
          -16.9484
          -16.7241
          38.5793
          37.9045
          -25.3471
          -24.6723
          39.4378
          38.7651
          -24.4865
          -23.8137
          34.8925
          35.5673
          -21.6603
          -22.3351
          35.7531
          36.4258
          -20.8017
          -21.4745
          41.9701
          42.1961
          -15.0315
          -15.2574
          43.2912
          43.5155
          -13.7121
          -13.9364
          42.1961
          41.9701
          -15.2574
          -15.0315
          43.5155
          43.2912
          -13.9364
          -13.7121
          35.5673
          34.8925
          -22.3351
          -21.6603
          36.4258
          35.7531
          -21.4745
          -20.8017
          31.8805
          32.5553
          -18.6483
          -19.3231
          32.7411
          33.4139
          -17.7898
          -18.4625
          38.9582
          39.1841
          -12.0195
          -12.2455
          40.2792
          40.5035
          -10.7001
          -10.9244
          39.1841
          38.9582
          -12.2455
          -12.0195
          40.5035
          40.2792
          -10.9244
          -10.7001
          32.5553
          31.8805
          -19.3231
          -18.6483
          33.4139
          32.7411
          -18.4625
          -17.7898
          28.8685
          29.5434
          -15.6363
          -16.3111
          29.7291
          30.4019
          -14.7778
          -15.4505
          35.9462
          36.1721
          -9.00753
          -9.23349
          37.2672
          37.4915
          -7.68816
          -7.91244
          36.1721
          35.9462
          -9.23349
          -9.00753
          37.4915
          37.2672
          -7.91244
          -7.68816
          29.5434
          28.8685
          -16.3111
          -15.6363
          30.4019
          29.7291
          -15.4505
          -14.7778
          25.8566
          26.5313
          -12.6246
          -13.2993
          26.7173
          27.3899
          -11.7659
          -12.4386
          32.9342
          33.1602
          -5.99544
          -6.22145
          34.2553
          34.4797
          -4.67601
          -4.90042
          33.1602
          32.9342
          -6.22145
          -5.99544
          34.4797
          34.2553
          -4.90042
          -4.67601
          26.5313
          25.8566
          -13.2993
          -12.6246
          27.3899
          26.7173
          -12.4386
          -11.7659
          22.8446
          23.5196
          -9.61141
          -10.2864
          23.7048
          24.378
          -8.75336
          -9.42653
          29.9223
          30.148
          -2.98404
          -3.20972
          31.2433
          31.4672
          -1.6647
          -1.88851
          30.148
          29.9223
          -3.20972
          -2.98404
          31.4672
          31.2433
          -1.88851
          -1.6647
          23.5196
          22.8446
          -10.2864
          -9.61141
          24.378
          23.7048
          -9.42653
          -8.75336
          19.8326
          20.5067
          -6.60306
          -7.27716
          20.6947
          21.3659
          -5.74203
          -6.41315
          26.9093
          27.1366
          0.0294965
          -0.1978
          28.2307
          28.457
          1.34892
          1.12256
          27.1366
          26.9093
          -0.1978
          0.0294965
          28.457
          28.2307
          1.12256
          1.34892
          20.5067
          19.8326
          -7.27716
          -6.60306
          21.3659
          20.6947
          -6.41315
          -5.74203
          16.819
          17.4973
          -3.5903
          -4.26862
          17.6719
          18.3517
          -2.74533
          -3.42511
          23.9055
          24.127
          3.0462
          2.82462
          25.2232
          25.441
          4.36309
          4.14531
          24.127
          23.9055
          2.82462
          3.0462
          25.441
          25.2232
          4.14531
          4.36309
          17.4973
          16.819
          -4.26862
          -3.5903
          18.3517
          17.6719
          -3.42511
          -2.74533
          13.8334
          14.4824
          -0.50422
          -1.15324
          14.7324
          15.3636
          0.417761
          -0.213355
          20.8465
          21.0743
          5.96512
          5.73731
          22.1849
          22.4145
          7.29705
          7.06743
          21.0743
          20.8465
          5.73731
          5.96512
          22.4145
          22.1849
          7.06743
          7.29705
          14.4824
          13.8334
          -1.15324
          -0.50422
          15.3636
          14.7324
          -0.213355
          0.417761
          10.5999
          11.4708
          2.08364
          1.21276
          11.2416
          12.205
          2.71314
          1.74972
          18.0159
          18.3335
          9.58652
          9.26886
          19.25
          19.5839
          10.907
          10.5731
          18.3335
          18.0159
          9.26886
          9.58652
          19.5839
          19.25
          10.5731
          10.907
          11.4708
          10.5999
          1.21276
          2.08364
          12.205
          11.2416
          1.74972
          2.71314
          8.79713
          8.28095
          4.747
          5.26318
          11.2855
          10.3044
          6.50946
          7.49058
          15.0377
          14.6981
          11.3976
          11.7371
          17.6173
          17.1262
          13.7913
          14.2824
          14.6981
          15.0377
          11.7371
          11.3976
          17.1262
          17.6173
          14.2824
          13.7913
          8.28095
          8.79713
          5.26318
          4.747
          10.3044
          11.2855
          7.49058
          6.50946
          86.9141
          70.7845
          -41.1
          -24.9704
          83.6139
          67.7235
          -43.3344
          -27.444
          67.4495
          62.4708
          -37.4171
          -32.4385
          64.0375
          59.0875
          -41.2005
          -36.2506
          62.4708
          67.4495
          -32.4385
          -37.4171
          59.0875
          64.0375
          -36.2506
          -41.2005
          70.7845
          86.9141
          -24.9704
          -41.1
          67.7235
          83.6139
          -27.444
          -43.3344
          54.8515
          59.292
          -47.882
          -52.3225
          55.3068
          59.4756
          -48.8025
          -52.9712
          78.338
          79.0896
          -38.0104
          -38.762
          76.7331
          77.4883
          -39.529
          -40.2842
          79.0896
          78.338
          -38.762
          -38.0104
          77.4883
          76.7331
          -40.2842
          -39.529
          59.292
          54.8515
          -52.3225
          -47.882
          59.4756
          55.3068
          -52.9712
          -48.8025
          59.9506
          60.0899
          -46.3892
          -46.5285
          59.8451
          60.0379
          -46.1749
          -46.3677
          64.3187
          64.8001
          -40.5448
          -41.0262
          64.2899
          64.7204
          -40.108
          -40.5384
          64.8001
          64.3187
          -41.0262
          -40.5448
          64.7204
          64.2899
          -40.5384
          -40.108
          60.0899
          59.9506
          -46.5285
          -46.3892
          60.0379
          59.8451
          -46.3677
          -46.1749
          55.301
          56.0689
          -43.267
          -44.0349
          55.521
          56.2513
          -43.1283
          -43.8586
          61.9574
          62.069
          -37.2241
          -37.3358
          62.4684
          62.5878
          -36.8165
          -36.936
          62.069
          61.9574
          -37.3358
          -37.2241
          62.5878
          62.4684
          -36.936
          -36.8165
          56.0689
          55.301
          -44.0349
          -43.267
          56.2513
          55.521
          -43.8586
          -43.1283
          52.4405
          53.0883
          -40.2537
          -40.9015
          52.5688
          53.2328
          -40.1001
          -40.7641
          59.0286
          59.2825
          -34.0995
          -34.3534
          59.4246
          59.6796
          -33.6995
          -33.9544
          59.2825
          59.0286
          -34.3534
          -34.0995
          59.6796
          59.4246
          -33.9544
          -33.6995
          53.0883
          52.4405
          -40.9015
          -40.2537
          53.2328
          52.5688
          -40.7641
          -40.1001
          49.4454
          50.1286
          -37.2279
          -37.9111
          49.5952
          50.2743
          -37.0855
          -37.7646
          56.0183
          56.2381
          -31.1084
          -31.3281
          56.4015
          56.622
          -30.7225
          -30.943
          56.2381
          56.0183
          -31.3281
          -31.1084
          56.622
          56.4015
          -30.943
          -30.7225
          50.1286
          49.4454
          -37.9111
          -37.2279
          50.2743
          49.5952
          -37.7646
          -37.0855
          46.4274
          47.1005
          -34.2215
          -34.8946
          46.5705
          47.2449
          -34.076
          -34.7505
          53.0023
          53.2292
          -28.0947
          -28.3216
          53.3927
          53.6202
          -27.704
          -27.9315
          53.2292
          53.0023
          -28.3216
          -28.0947
          53.6202
          53.3927
          -27.9315
          -27.704
          47.1005
          46.4274
          -34.8946
          -34.2215
          47.2449
          46.5705
          -34.7505
          -34.076
          43.4155
          44.0911
          -31.2085
          -31.8841
          43.5607
          44.2364
          -31.0635
          -31.7391
          49.9908
          50.2162
          -25.0832
          -25.3086
          50.3799
          50.606
          -24.6933
          -24.9194
          50.2162
          49.9908
          -25.3086
          -25.0832
          50.606
          50.3799
          -24.9194
          -24.6933
          44.0911
          43.4155
          -31.8841
          -31.2085
          44.2364
          43.5607
          -31.7391
          -31.0635
          40.4038
          41.0788
          -28.1966
          -28.8717
          40.5485
          41.2238
          -28.0516
          -28.727
          46.9787
          47.2044
          -22.071
          -22.2968
          47.3681
          47.5945
          -21.6811
          -21.9074
          47.2044
          46.9787
          -22.2968
          -22.071
          47.5945
          47.3681
          -21.9074
          -21.6811
          41.0788
          40.4038
          -28.8717
          -28.1966
          41.2238
          40.5485
          -28.727
          -28.0516
          37.3917
          38.0669
          -25.1846
          -25.8598
          37.5365
          38.212
          -25.0396
          -25.715
          43.9668
          44.1924
          -19.0591
          -19.2848
          44.3561
          44.5824
          -18.6691
          -18.8955
          44.1924
          43.9668
          -19.2848
          -19.0591
          44.5824
          44.3561
          -18.8955
          -18.6691
          38.0669
          37.3917
          -25.8598
          -25.1846
          38.212
          37.5365
          -25.715
          -25.0396
          34.3798
          35.0549
          -22.1727
          -22.8478
          34.5245
          35.2
          -22.0276
          -22.7031
          40.9548
          41.1805
          -16.0471
          -16.2728
          41.3441
          41.5704
          -15.6571
          -15.8835
          41.1805
          40.9548
          -16.2728
          -16.0471
          41.5704
          41.3441
          -15.8835
          -15.6571
          35.0549
          34.3798
          -22.8478
          -22.1727
          35.2
          34.5245
          -22.7031
          -22.0276
          31.3678
          32.043
          -19.1607
          -19.8358
          31.5126
          32.188
          -19.0156
          -19.6911
          37.9428
          38.1685
          -13.0351
          -13.2608
          38.3321
          38.5585
          -12.6452
          -12.8715
          38.1685
          37.9428
          -13.2608
          -13.0351
          38.5585
          38.3321
          -12.8715
          -12.6452
          32.043
          31.3678
          -19.8358
          -19.1607
          32.188
          31.5126
          -19.6911
          -19.0156
          28.3558
          29.031
          -16.1487
          -16.8239
          28.5006
          29.176
          -16.0036
          -16.6791
          34.9308
          35.1565
          -10.0232
          -10.2488
          35.3202
          35.5465
          -9.6332
          -9.85952
          35.1565
          34.9308
          -10.2488
          -10.0232
          35.5465
          35.3202
          -9.85952
          -9.6332
          29.031
          28.3558
          -16.8239
          -16.1487
          29.176
          28.5006
          -16.6791
          -16.0036
          25.3439
          26.019
          -13.1367
          -13.8119
          25.4886
          26.164
          -12.9919
          -13.6673
          31.9189
          32.1446
          -7.01113
          -7.23684
          32.3082
          32.5345
          -6.62114
          -6.8475
          32.1446
          31.9189
          -7.23684
          -7.01113
          32.5345
          32.3082
          -6.8475
          -6.62114
          26.019
          25.3439
          -13.8119
          -13.1367
          26.164
          25.4886
          -13.6673
          -12.9919
          22.3317
          23.007
          -10.1246
          -10.7999
          22.4766
          23.1522
          -9.97882
          -10.6544
          28.9067
          29.1321
          -3.99976
          -4.22518
          29.2962
          29.5224
          -3.60972
          -3.83583
          29.1321
          28.9067
          -4.22518
          -3.99976
          29.5224
          29.2962
          -3.83583
          -3.60972
          23.007
          22.3317
          -10.7999
          -10.1246
          23.1522
          22.4766
          -10.6544
          -9.97882
          19.3206
          19.9953
          -7.11319
          -7.78788
          19.4644
          20.1395
          -6.97046
          -7.64552
          25.8953
          26.1221
          -0.984973
          -1.21179
          26.2835
          26.5109
          -0.595867
          -0.823286
          26.1221
          25.8953
          -1.21179
          -0.984973
          26.5109
          26.2835
          -0.823286
          -0.595867
          19.9953
          19.3206
          -7.78788
          -7.11319
          20.1395
          19.4644
          -7.64552
          -6.97046
          16.3038
          16.9816
          -4.1045
          -4.78236
          16.4524
          17.1302
          -3.95449
          -4.63229
          22.8848
          23.1067
          2.02593
          1.80403
          23.2789
          23.5016
          2.41996
          2.19728
          23.1067
          22.8848
          1.80403
          2.02593
          23.5016
          23.2789
          2.19728
          2.41996
          16.9816
          16.3038
          -4.78236
          -4.1045
          17.1302
          16.4524
          -4.63229
          -3.95449
          13.3281
          13.9804
          -1.03905
          -1.69134
          13.4571
          14.1118
          -0.894571
          -1.54926
          19.8496
          20.0765
          4.96488
          4.73801
          20.2208
          20.4478
          5.34022
          5.11315
          20.0765
          19.8496
          4.73801
          4.96488
          20.4478
          20.2208
          5.11315
          5.34022
          13.9804
          13.3281
          -1.69134
          -1.03905
          14.1118
          13.4571
          -1.54926
          -0.894571
          10.0807
          10.9282
          1.68633
          0.838856
          10.2889
          11.1287
          1.8085
          0.968698
          16.941
          17.2422
          8.46698
          8.16575
          17.3972
          17.7061
          8.93272
          8.62382
          17.2422
          16.941
          8.16575
          8.46698
          17.7061
          17.3972
          8.62382
          8.93272
          10.9282
          10.0807
          0.838856
          1.68633
          11.1287
          10.2889
          0.968698
          1.8085
          7.64903
          7.26839
          3.98516
          4.3658
          7.82273
          7.46744
          4.07061
          4.4259
          13.2849
          13.0616
          9.79977
          10.0231
          13.8768
          13.609
          10.328
          10.5958
          13.0616
          13.2849
          10.0231
          9.79977
          13.609
          13.8768
          10.5958
          10.328
          7.26839
          7.64903
          4.3658
          3.98516
          7.46744
          7.82273
          4.4259
          4.07061
          83.6139
          67.7235
          -43.3344
          -27.444
          86.9141
          70.7845
          -41.1
          -24.9704
          64.0375
          59.0875
          -41.2005
          -36.2506
          67.4495
          62.4708
          -37.4171
          -32.4385
          59.0875
          64.0375
          -36.2506
          -41.2005
          62.4708
          67.4495
          -32.4385
          -37.4171
          67.7235
          83.6139
          -27.444
          -43.3344
          70.7845
          86.9141
          -24.9704
          -41.1
          55.3068
          59.4756
          -48.8025
          -52.9712
          54.8515
          59.292
          -47.882
          -52.3225
          76.7331
          77.4883
          -39.529
          -40.2842
          78.338
          79.0896
          -38.0104
          -38.762
          77.4883
          76.7331
          -40.2842
          -39.529
          79.0896
          78.338
          -38.762
          -38.0104
          59.4756
          55.3068
          -52.9712
          -48.8025
          59.292
          54.8515
          -52.3225
          -47.882
          59.8451
          60.0379
          -46.1749
          -46.3677
          59.9506
          60.0899
          -46.3892
          -46.5285
          64.2899
          64.7204
          -40.108
          -40.5384
          64.3187
          64.8001
          -40.5448
          -41.0262
          64.7204
          64.2899
          -40.5384
          -40.108
          64.8001
          64.3187
          -41.0262
          -40.5448
          60.0379
          59.8451
          -46.3677
          -46.1749
          60.0899
          59.9506
          -46.5285
          -46.3892
          55.521
          56.2513
          -43.1283
          -43.8586
          55.301
          56.0689
          -43.267
          -44.0349
          62.4684
          62.5878
          -36.8165
          -36.936
          61.9574
          62.069
          -37.2241
          -37.3358
          62.5878
          62.4684
          -36.936
          -36.8165
          62.069
          61.9574
          -37.3358
          -37.2241
          56.2513
          55.521
          -43.8586
          -43.1283
          56.0689
          55.301
          -44.0349
          -43.267
          52.5688
          53.2328
          -40.1001
          -40.7641
          52.4405
          53.0883
          -40.2537
          -40.9015
          59.4246
          59.6796
          -33.6995
          -33.9544
          59.0286
          59.2825
          -34.0995
          -34.3534
          59.6796
          59.4246
          -33.9544
          -33.6995
          59.2825
          59.0286
          -34.3534
          -34.0995
          53.2328
          52.5688
          -40.7641
          -40.1001
          53.0883
          52.4405
          -40.9015
          -40.2537
          49.5952
          50.2743
          -37.0855
          -37.7646
          49.4454
          50.1286
          -37.2279
          -37.9111
          56.4015
          56.622
          -30.7225
          -30.943
          56.0183
          56.2381
          -31.1084
          -31.3281
          56.622
          56.4015
          -30.943
          -30.7225
          56.2381
          56.0183
          -31.3281
          -31.1084
          50.2743
          49.5952
          -37.7646
          -37.0855
          50.1286
          49.4454
          -37.9111
          -37.2279
          46.5705
          47.2449
          -34.076
          -34.7505
          46.4274
          47.1005
          -34.2215
          -34.8946
          53.3927
          53.6202
          -27.704
          -27.9315
          53.0023
          53.2292
          -28.0947
          -28.3216
          53.6202
          53.3927
          -27.9315
          -27.704
          53.2292
          53.0023
          -28.3216
          -28.0947
          47.2449
          46.5705
          -34.7505
          -34.076
          47.1005
          46.4274
          -34.8946
          -34.2215
          43.5607
          44.2364
          -31.0635
          -31.7391
          43.4155
          44.0911
          -31.2085
          -31.8841
          50.3799
          50.606
          -24.6933
          -24.9194
          49.9908
          50.2162
          -25.0832
          -25.3086
          50.606
          50.3799
          -24.9194
          -24.6933
          50.2162
          49.9908
          -25.3086
          -25.0832
          44.2364
          43.5607
          -31.7391
          -31.0635
          44.0911
          43.4155
          -31.8841
          -31.2085
          40.5485
          41.2238
          -28.0516
          -28.727
          40.4038
          41.0788
          -28.1966
          -28.8717
          47.3681
          47.5945
          -21.6811
          -21.9074
          46.9787
          47.2044
          -22.071
          -22.2968
          47.5945
          47.3681
          -21.9074
          -21.6811
          47.2044
          46.9787
          -22.2968
          -22.071
          41.2238
          40.5485
          -28.727
          -28.0516
          41.0788
          40.4038
          -28.8717
          -28.1966
          37.5365
          38.212
          -25.0396
          -25.715
          37.3917
          38.0669
          -25.1846
          -25.8598
          44.3561
          44.5824
          -18.6691
          -18.8955
          43.9668
          44.1924
          -19.0591
          -19.2848
          44.5824
          44.3561
          -18.8955
          -18.6691
          44.1924
          43.9668
          -19.2848
          -19.0591
          38.212
          37.5365
          -25.715
          -25.0396
          38.0669
          37.3917
          -25.8598
          -25.1846
          34.5245
          35.2
          -22.0276
          -22.7031
          34.3798
          35.0549
          -22.1727
          -22.8478
          41.3441
          41.5704
          -15.6571
          -15.8835
          40.9548
          41.1805
          -16.0471
          -16.2728
          41.5704
          41.3441
          -15.8835
          -15.6571
          41.1805
          40.9548
          -16.2728
          -16.0471
          35.2
          34.5245
          -22.7031
          -22.0276
          35.0549
          34.3798
          -22.8478
          -22.1727
          31.5126
          32.188
          -19.0156
          -19.6911
          31.3678
          32.043
          -19.1607
          -19.8358
          38.3321
          38.5585
          -12.6452
          -12.8715
          37.9428
          38.1685
          -13.0351
          -13.2608
          38.5585
          38.3321
          -12.8715
          -12.6452
          38.1685
          37.9428
          -13.2608
          -13.0351
          32.188
          31.5126
          -19.6911
          -19.0156
          32.043
          31.3678
          -19.8358
          -19.1607
          28.5006
          29.176
          -16.0036
          -16.6791
          28.3558
          29.031
          -16.1487
          -16.8239
          35.3202
          35.5465
          -9.6332
          -9.85952
          34.9308
          35.1565
          -10.0232
          -10.2488
          35.5465
          35.3202
          -9.85952
          -9.6332
          35.1565
          34.9308
          -10.2488
          -10.0232
          29.176
          28.5006
          -16.6791
          -16.0036
          29.031
          28.3558
          -16.8239
          -16.1487
          25.4886
          26.164
          -12.9919
          -13.6673
          25.3439
          26.019
          -13.1367
          -13.8119
          32.3082
          32.5345
          -6.62114
          -6.8475
          31.9189
          32.1446
          -7.01113
          -7.23684
          32.5345
          32.3082
          -6.8475
          -6.62114
          32.1446
          31.9189
          -7.23684
          -7.01113
          26.164
          25.4886
          -13.6673
          -12.9919
          26.019
          25.3439
          -13.8119
          -13.1367
          22.4766
          23.1522
          -9.97882
          -10.6544
          22.3317
          23.007
          -10.1246
          -10.7999
          29.2962
          29.5224
          -3.60972
          -3.83583
          28.9067
          29.1321
          -3.99976
          -4.22518
          29.5224
          29.2962
          -3.83583
          -3.60972
          29.1321
          28.9067
          -4.22518
          -3.99976
          23.1522
          22.4766
          -10.6544
          -9.97882
          23.007
          22.3317
          -10.7999
          -10.1246
          19.4644
          20.1395
          -6.97046
          -7.64552
          19.3206
          19.9953
          -7.11319
          -7.78788
          26.2835
          26.5109
          -0.595867
          -0.823286
          25.8953
          26.1221
          -0.984973
          -1.21179
          26.5109
          26.2835
          -0.823286
          -0.595867
          26.1221
          25.8953
          -1.21179
          -0.984973
          20.1395
          19.4644
          -7.64552
          -6.97046
          19.9953
          19.3206
          -7.78788
          -7.11319
          16.4524
          17.1302
          -3.95449
          -4.63229
          16.3038
          16.9816
          -4.1045
          -4.78236
          23.2789
          23.5016
          2.41996
          2.19728
          22.8848
          23.1067
          2.02593
          1.80403
          23.5016
          23.2789
          2.19728
          2.41996
          23.1067
          22.8848
          1.80403
          2.02593
          17.1302
          16.4524
          -4.63229
          -3.95449
          16.9816
          16.3038
          -4.78236
          -4.1045
          13.4571
          14.1118
          -0.894571
          -1.54926
          13.3281
          13.9804
          -1.03905
          -1.69134
          20.2208
          20.4478
          5.34022
          5.11315
          19.8496
          20.0765
          4.96488
          4.73801
          20.4478
          20.2208
          5.11315
          5.34022
          20.0765
          19.8496
          4.73801
          4.96488
          14.1118
          13.4571
          -1.54926
          -0.894571
          13.9804
          13.3281
          -1.69134
          -1.03905
          10.2889
          11.1287
          1.8085
          0.968698
          10.0807
          10.9282
          1.68633
          0.838856
          17.3972
          17.7061
          8.93272
          8.62382
          16.941
          17.2422
          8.46698
          8.16575
          17.7061
          17.3972
          8.62382
          8.93272
          17.2422
          16.941
          8.16575
          8.46698
          11.1287
          10.2889
          0.968698
          1.8085
          10.9282
          10.0807
          0.838856
          1.68633
          7.82273
          7.46744
          4.07061
          4.4259
          7.64903
          7.26839
          3.98516
          4.3658
          13.8768
          13.609
          10.328
          10.5958
          13.2849
          13.0616
          9.79977
          10.0231
          13.609
          13.8768
          10.5958
          10.328
          13.0616
          13.2849
          10.0231
          9.79977
          7.46744
          7.82273
          4.4259
          4.07061
          7.26839
          7.64903
          4.3658
          3.98516
          65.3688
          49.9027
          -62.0569
          -46.5908
          77.8409
          62.1282
          -48.9498
          -33.2372
          44.8768
          39.997
          -65.3474
          -60.4675
          57.9891
          53.0656
          -48.6845
          -43.7609
          39.997
          44.8768
          -60.4675
          -65.3474
          53.0656
          57.9891
          -43.7609
          -48.6845
          49.9027
          65.3688
          -46.5908
          -62.0569
          62.1282
          77.8409
          -33.2372
          -48.9498
          53.1258
          57.1374
          -50.1452
          -54.1568
          54.8444
          58.8983
          -49.4089
          -53.4627
          68.8194
          69.6361
          -41.8624
          -42.6791
          74.1826
          74.9552
          -40.5612
          -41.3338
          69.6361
          68.8194
          -42.6791
          -41.8624
          74.9552
          74.1826
          -41.3338
          -40.5612
          57.1374
          53.1258
          -54.1568
          -50.1452
          58.8983
          54.8444
          -53.4627
          -49.4089
          61.491
          61.4055
          -44.7806
          -44.6951
          60.2579
          60.3904
          -45.7439
          -45.8764
          66.2362
          66.5516
          -38.0203
          -38.3357
          64.8037
          65.1897
          -39.4316
          -39.8175
          66.5516
          66.2362
          -38.3357
          -38.0203
          65.1897
          64.8037
          -39.8175
          -39.4316
          61.4055
          61.491
          -44.6951
          -44.7806
          60.3904
          60.2579
          -45.8764
          -45.7439
          56.7514
          57.5413
          -41.8261
          -42.616
          55.9097
          56.6458
          -42.7422
          -43.4784
          64.7459
          64.8808
          -34.7203
          -34.8552
          63.2155
          63.3412
          -36.1456
          -36.2713
          64.8808
          64.7459
          -34.8552
          -34.7203
          63.3412
          63.2155
          -36.2713
          -36.1456
          57.5413
          56.7514
          -42.616
          -41.8261
          56.6458
          55.9097
          -43.4784
          -42.7422
          53.8172
          54.4725
          -38.8811
          -39.5363
          52.9377
          53.6037
          -39.7323
          -40.3983
          61.3465
          61.6004
          -31.7687
          -32.0226
          60.0457
          60.3007
          -33.0749
          -33.3299
          61.6004
          61.3465
          -32.0226
          -31.7687
          60.3007
          60.0457
          -33.3299
          -33.0749
          54.4725
          53.8172
          -39.5363
          -38.8811
          53.6037
          52.9377
          -40.3983
          -39.7323
          50.8137
          51.4918
          -35.862
          -36.54
          49.9618
          50.6396
          -36.7195
          -37.3972
          58.344
          58.5619
          -28.7803
          -28.9981
          57.0247
          57.2446
          -30.0987
          -30.3186
          58.5619
          58.344
          -28.9981
          -28.7803
          57.2446
          57.0247
          -30.3186
          -30.0987
          51.4918
          50.8137
          -36.54
          -35.862
          50.6396
          49.9618
          -37.3972
          -36.7195
          47.8011
          48.4721
          -32.8498
          -33.5207
          46.9386
          47.6124
          -33.7085
          -34.3824
          55.3396
          55.5651
          -25.7587
          -25.9842
          54.019
          54.2461
          -27.0781
          -27.3052
          55.5651
          55.3396
          -25.9842
          -25.7587
          54.2461
          54.019
          -27.3052
          -27.0781
          48.4721
          47.8011
          -33.5207
          -32.8498
          47.6124
          46.9386
          -34.3824
          -33.7085
          44.789
          45.4622
          -29.8376
          -30.5108
          43.9287
          44.6037
          -30.6961
          -31.3712
          52.3274
          52.5514
          -22.7481
          -22.9722
          51.006
          51.2317
          -24.0676
          -24.2934
          52.5514
          52.3274
          -22.9722
          -22.7481
          51.2317
          51.006
          -24.2934
          -24.0676
          45.4622
          44.789
          -30.5108
          -29.8376
          44.6037
          43.9287
          -31.3712
          -30.6961
          41.7771
          42.4497
          -26.8257
          -27.4984
          40.9164
          41.5912
          -27.6842
          -28.359
          49.3151
          49.5394
          -19.736
          -19.9604
          47.9941
          48.2201
          -21.0554
          -21.2814
          49.5394
          49.3151
          -19.9604
          -19.736
          48.2201
          47.9941
          -21.2814
          -21.0554
          42.4497
          41.7771
          -27.4984
          -26.8257
          41.5912
          40.9164
          -28.359
          -27.6842
          38.7651
          39.4378
          -23.8137
          -24.4865
          37.9045
          38.5793
          -24.6723
          -25.3471
          46.3032
          46.5275
          -16.7241
          -16.9484
          44.9821
          45.2081
          -18.0435
          -18.2694
          46.5275
          46.3032
          -16.9484
          -16.7241
          45.2081
          44.9821
          -18.2694
          -18.0435
          39.4378
          38.7651
          -24.4865
          -23.8137
          38.5793
          37.9045
          -25.3471
          -24.6723
          35.7531
          36.4258
          -20.8017
          -21.4745
          34.8925
          35.5673
          -21.6603
          -22.3351
          43.2912
          43.5155
          -13.7121
          -13.9364
          41.9701
          42.1961
          -15.0315
          -15.2574
          43.5155
          43.2912
          -13.9364
          -13.7121
          42.1961
          41.9701
          -15.2574
          -15.0315
          36.4258
          35.7531
          -21.4745
          -20.8017
          35.5673
          34.8925
          -22.3351
          -21.6603
          32.7411
          33.4139
          -17.7898
          -18.4625
          31.8805
          32.5553
          -18.6483
          -19.3231
          40.2792
          40.5035
          -10.7001
          -10.9244
          38.9582
          39.1841
          -12.0195
          -12.2455
          40.5035
          40.2792
          -10.9244
          -10.7001
          39.1841
          38.9582
          -12.2455
          -12.0195
          33.4139
          32.7411
          -18.4625
          -17.7898
          32.5553
          31.8805
          -19.3231
          -18.6483
          29.7291
          30.4019
          -14.7778
          -15.4505
          28.8685
          29.5434
          -15.6363
          -16.3111
          37.2672
          37.4915
          -7.68816
          -7.91244
          35.9462
          36.1721
          -9.00753
          -9.23349
          37.4915
          37.2672
          -7.91244
          -7.68816
          36.1721
          35.9462
          -9.23349
          -9.00753
          30.4019
          29.7291
          -15.4505
          -14.7778
          29.5434
          28.8685
          -16.3111
          -15.6363
          26.7173
          27.3899
          -11.7659
          -12.4386
          25.8566
          26.5313
          -12.6246
          -13.2993
          34.2553
          34.4797
          -4.67601
          -4.90042
          32.9342
          33.1602
          -5.99544
          -6.22145
          34.4797
          34.2553
          -4.90042
          -4.67601
          33.1602
          32.9342
          -6.22145
          -5.99544
          27.3899
          26.7173
          -12.4386
          -11.7659
          26.5313
          25.8566
          -13.2993
          -12.6246
          23.7048
          24.378
          -8.75336
          -9.42653
          22.8446
          23.5196
          -9.61141
          -10.2864
          31.2433
          31.4672
          -1.6647
          -1.88851
          29.9223
          30.148
          -2.98404
          -3.20972
          31.4672
          31.2433
          -1.88851
          -1.6647
          30.148
          29.9223
          -3.20972
          -2.98404
          24.378
          23.7048
          -9.42653
          -8.75336
          23.5196
          22.8446
          -10.2864
          -9.61141
          20.6947
          21.3659
          -5.74203
          -6.41315
          19.8326
          20.5067
          -6.60306
          -7.27716
          28.2307
          28.457
          1.34892
          1.12256
          26.9093
          27.1366
          0.0294965
          -0.1978
          28.457
          28.2307
          1.12256
          1.34892
          27.1366
          26.9093
          -0.1978
          0.0294965
          21.3659
          20.6947
          -6.41315
          -5.74203
          20.5067
          19.8326
          -7.27716
          -6.60306
          17.6719
          18.3517
          -2.74533
          -3.42511
          16.819
          17.4973
          -3.5903
          -4.26862
          25.2232
          25.441
          4.36309
          4.14531
          23.9055
          24.127
          3.0462
          2.82462
          25.441
          25.2232
          4.14531
          4.36309
          24.127
          23.9055
          2.82462
          3.0462
          18.3517
          17.6719
          -3.42511
          -2.74533
          17.4973
          16.819
          -4.26862
          -3.5903
          14.7324
          15.3636
          0.417761
          -0.213355
          13.8334
          14.4824
          -0.50422
          -1.15324
          22.1849
          22.4145
          7.29705
          7.06743
          20.8465
          21.0743
          5.96512
          5.73731
          22.4145
          22.1849
          7.06743
          7.29705
          21.0743
          20.8465
          5.73731
          5.96512
          15.3636
          14.7324
          -0.213355
          0.417761
          14.4824
          13.8334
          -1.15324
          -0.50422
          11.2416
          12.205
          2.71314
          1.74972
          10.5999
          11.4708
          2.08364
          1.21276
          19.25
          19.5839
          10.907
          10.5731
          18.0159
          18.3335
          9.58652
          9.26886
          19.5839
          19.25
          10.5731
          10.907
          18.3335
          18.0159
          9.26886
          9.58652
          12.205
          11.2416
          1.74972
          2.71314
          11.4708
          10.5999
          1.21276
          2.08364
          11.2855
          10.3044
          6.50946
          7.49058
          8.79713
          8.28095
          4.747
          5.26318
          17.6173
          17.1262
          13.7913
          14.2824
          15.0377
          14.6981
          11.3976
          11.7371
          17.1262
          17.6173
          14.2824
          13.7913
          14.6981
          15.0377
          11.7371
          11.3976
          10.3044
          11.2855
          7.49058
          6.50946
          8.28095
          8.79713
          5.26318
          4.747
        </DataArray>
        <DataArray type="Float64" Name="Sxz" format="ascii">
          28.7302
          18.9403
          12.3921
          21.3004
          45.6989
          30.3475
          23.7993
          38.2691
          12.1117
          3.24531
          1.9297
          7.20175
          19.5028
          5.22575
          3.91014
          14.5928
          -3.24531
          -12.1117
          -7.20175
          -1.9297
          -5.22575
          -19.5028
          -14.5928
          -3.91014
          -18.9403
          -28.7302
          -21.3004
          -12.3921
          -30.3475
          -45.6989
          -38.2691
          -23.7993
          -9.53949
          -8.48083
          -1.14673
          -1.18086
          -12.0701
          -10.1772
          -2.84305
          -3.71145
          -6.38302
          -1.71032
          -0.239693
          -0.894545
          -7.48003
          -2.00427
          -0.533636
          -1.99156
          1.71032
          6.38302
          0.894545
          0.239693
          2.00427
          7.48003
          1.99156
          0.533636
          8.48083
          9.53949
          1.18086
          1.14673
          10.1772
          12.0701
          3.71145
          2.84305
          -0.93544
          -0.481869
          -0.415406
          -0.920806
          -1.319
          -0.775963
          -0.709501
          -1.30437
          -0.249103
          -0.066747
          -0.0486927
          -0.181724
          -0.455221
          -0.121976
          -0.103922
          -0.387841
          0.066747
          0.249103
          0.181724
          0.0486927
          0.121976
          0.455221
          0.387841
          0.103922
          0.481869
          0.93544
          0.920806
          0.415406
          0.775963
          1.319
          1.30437
          0.709501
          -0.166241
          0.26767
          0.0773964
          -0.335836
          -1.1173
          -0.346071
          -0.536345
          -1.28689
          0.336364
          0.0901283
          0.0483194
          0.180331
          -0.0503041
          -0.0134789
          -0.0552878
          -0.206337
          -0.0901283
          -0.336364
          -0.180331
          -0.0483194
          0.0134789
          0.0503041
          0.206337
          0.0552878
          -0.26767
          0.166241
          0.335836
          -0.0773964
          0.346071
          1.1173
          1.28689
          0.536345
          -0.356643
          0.0030244
          0.00786073
          -0.369345
          -1.15158
          -0.5391
          -0.534264
          -1.16429
          0.106212
          0.0284595
          0.0308381
          0.115089
          -0.248366
          -0.0665495
          -0.0641709
          -0.239489
          -0.0284595
          -0.106212
          -0.115089
          -0.0308381
          0.0665495
          0.248366
          0.239489
          0.0641709
          -0.0030244
          0.356643
          0.369345
          -0.00786073
          0.5391
          1.15158
          1.16429
          0.534264
          -0.39391
          -0.0003152
          0.00366963
          -0.384646
          -1.21793
          -0.551579
          -0.547594
          -1.20867
          0.113372
          0.0303781
          0.0308118
          0.114991
          -0.242658
          -0.06502
          -0.0645863
          -0.241039
          -0.0303781
          -0.113372
          -0.114991
          -0.0308118
          0.06502
          0.242658
          0.241039
          0.0645863
          0.0003152
          0.39391
          0.384646
          -0.00366963
          0.551579
          1.21793
          1.20867
          0.547594
          -0.382766
          0.00403344
          0.00436677
          -0.383364
          -1.20253
          -0.546569
          -0.546236
          -1.20313
          0.114841
          0.0307714
          0.0309139
          0.115372
          -0.241706
          -0.064765
          -0.0646226
          -0.241175
          -0.0307714
          -0.114841
          -0.115372
          -0.0309139
          0.064765
          0.241706
          0.241175
          0.0646226
          -0.00403344
          0.382766
          0.383364
          -0.00436677
          0.546569
          1.20253
          1.20313
          0.546236
          -0.38257
          0.00505474
          0.00471633
          -0.382776
          -1.20305
          -0.545677
          -0.546015
          -1.20326
          0.115884
          0.0310511
          0.0309693
          0.115579
          -0.240594
          -0.0644669
          -0.0645487
          -0.240899
          -0.0310511
          -0.115884
          -0.115579
          -0.0309693
          0.0644669
          0.240594
          0.240899
          0.0645487
          -0.00505474
          0.38257
          0.382776
          -0.00471633
          0.545677
          1.20305
          1.20326
          0.546015
          -0.382947
          0.00458411
          0.00464456
          -0.382908
          -1.20328
          -0.546099
          -0.546038
          -1.20324
          0.115486
          0.0309444
          0.0309588
          0.11554
          -0.240983
          -0.0645711
          -0.0645567
          -0.240929
          -0.0309444
          -0.115486
          -0.11554
          -0.0309588
          0.0645711
          0.240983
          0.240929
          0.0645567
          -0.00458411
          0.382947
          0.382908
          -0.00464456
          0.546099
          1.20328
          1.20324
          0.546038
          -0.382898
          0.00464727
          0.00464142
          -0.382901
          -1.20326
          -0.546046
          -0.546052
          -1.20326
          0.11554
          0.0309588
          0.0309573
          0.115534
          -0.240932
          -0.0645577
          -0.0645591
          -0.240938
          -0.0309588
          -0.11554
          -0.115534
          -0.0309573
          0.0645577
          0.240932
          0.240938
          0.0645591
          -0.00464727
          0.382898
          0.382901
          -0.00464142
          0.546046
          1.20326
          1.20326
          0.546052
          -0.382903
          0.00464198
          0.00464361
          -0.382901
          -1.20326
          -0.546049
          -0.546048
          -1.20326
          0.115536
          0.0309577
          0.030958
          0.115537
          -0.240936
          -0.0645585
          -0.0645582
          -0.240934
          -0.0309577
          -0.115536
          -0.115537
          -0.030958
          0.0645585
          0.240936
          0.240934
          0.0645582
          -0.00464198
          0.382903
          0.382901
          -0.00464361
          0.546049
          1.20326
          1.20326
          0.546048
          -0.3829
          0.00464423
          0.00464234
          -0.382901
          -1.20326
          -0.546049
          -0.546051
          -1.20326
          0.115537
          0.0309581
          0.0309576
          0.115535
          -0.240936
          -0.0645586
          -0.0645591
          -0.240938
          -0.0309581
          -0.115537
          -0.115535
          -0.0309576
          0.0645586
          0.240936
          0.240938
          0.0645591
          -0.00464423
          0.3829
          0.382901
          -0.00464234
          0.546049
          1.20326
          1.20326
          0.546051
          -0.382902
          0.00464136
          0.00464571
          -0.382907
          -1.20326
          -0.546044
          -0.546039
          -1.20327
          0.115535
          0.0309574
          0.0309591
          0.115541
          -0.240929
          -0.0645568
          -0.0645551
          -0.240923
          -0.0309574
          -0.115535
          -0.115541
          -0.0309591
          0.0645568
          0.240929
          0.240923
          0.0645551
          -0.00464136
          0.382902
          0.382907
          -0.00464571
          0.546044
          1.20326
          1.20327
          0.546039
          -0.382892
          0.0046499
          0.00462519
          -0.38285
          -1.20323
          -0.546072
          -0.546097
          -1.20319
          0.115541
          0.0309591
          0.0309487
          0.115502
          -0.240969
          -0.0645674
          -0.0645779
          -0.241008
          -0.0309591
          -0.115541
          -0.115502
          -0.0309487
          0.0645674
          0.240969
          0.241008
          0.0645779
          -0.0046499
          0.382892
          0.38285
          -0.00462519
          0.546072
          1.20323
          1.20319
          0.546097
          -0.382938
          0.00467102
          0.00489514
          -0.383081
          -1.20345
          -0.545903
          -0.545679
          -1.20359
          0.115577
          0.0309688
          0.0310445
          0.11586
          -0.240723
          -0.0645015
          -0.0644258
          -0.24044
          -0.0309688
          -0.115577
          -0.11586
          -0.0310445
          0.0645015
          0.240723
          0.24044
          0.0644258
          -0.00467102
          0.382938
          0.383081
          -0.00489514
          0.545903
          1.20345
          1.20359
          0.545679
          -0.382739
          0.00428268
          0.00318418
          -0.381957
          -1.20237
          -0.546884
          -0.547982
          -1.20159
          0.115101
          0.0308413
          0.0304637
          0.113692
          -0.24209
          -0.0648678
          -0.0652454
          -0.243499
          -0.0308413
          -0.115101
          -0.113692
          -0.0304637
          0.0648678
          0.24209
          0.243499
          0.0652454
          -0.00428268
          0.382739
          0.381957
          -0.00318418
          0.546884
          1.20237
          1.20159
          0.547982
          -0.385492
          0.0051939
          0.00674699
          -0.393405
          -1.20788
          -0.543616
          -0.542063
          -1.21579
          0.116878
          0.0313173
          0.0323777
          0.120835
          -0.236981
          -0.0634988
          -0.0624384
          -0.233023
          -0.0313173
          -0.116878
          -0.120835
          -0.0323777
          0.0634988
          0.236981
          0.233023
          0.0624384
          -0.0051939
          0.385492
          0.393405
          -0.00674699
          0.543616
          1.20788
          1.21579
          0.542063
          -0.359663
          0.0139058
          0.014508
          -0.31824
          -1.17922
          -0.542064
          -0.541462
          -1.13779
          0.118807
          0.0318343
          0.0288041
          0.107498
          -0.243583
          -0.0652678
          -0.068298
          -0.254891
          -0.0318343
          -0.118807
          -0.107498
          -0.0288041
          0.0652678
          0.243583
          0.254891
          0.068298
          -0.0139058
          0.359663
          0.31824
          -0.014508
          0.542064
          1.17922
          1.13779
          0.541462
          -0.444706
          -0.0483219
          0.0348389
          -0.466235
          -1.23424
          -0.592002
          -0.508842
          -1.25577
          0.0763158
          0.0204488
          0.0461205
          0.172124
          -0.281498
          -0.0754273
          -0.0497555
          -0.18569
          -0.0204488
          -0.0763158
          -0.172124
          -0.0461205
          0.0754273
          0.281498
          0.18569
          0.0497555
          0.0483219
          0.444706
          0.466235
          -0.0348389
          0.592002
          1.23424
          1.25577
          0.508842
          -0.979119
          0.0505649
          -0.104423
          -1.39511
          -2.08245
          -0.63551
          -0.790498
          -2.49844
          0.337123
          0.090332
          0.0777679
          0.290234
          -0.0835167
          -0.0223782
          -0.0349423
          -0.130406
          -0.090332
          -0.337123
          -0.290234
          -0.0777679
          0.0223782
          0.0835167
          0.130406
          0.0349423
          -0.0505649
          0.979119
          1.39511
          0.104423
          0.63551
          2.08245
          2.49844
          0.790498
          5.49324
          3.48381
          3.09338
          5.92943
          20.0649
          13.3922
          13.0018
          20.501
          2.16753
          0.580787
          0.434339
          1.62098
          8.63587
          2.31398
          2.16753
          8.08932
          -0.580787
          -2.16753
          -1.62098
          -0.434339
          -2.31398
          -8.63587
          -8.08932
          -2.16753
          -3.48381
          -5.49324
          -5.92943
          -3.09338
          -13.3922
          -20.0649
          -20.501
          -13.0018
          0.508766
          -0.603158
          -0.863874
          -0.855926
          1.19936
          -0.142748
          -0.403463
          -0.165329
          -0.796681
          -0.21347
          -0.183173
          -0.68361
          -0.500016
          -0.133979
          -0.103682
          -0.386945
          0.21347
          0.796681
          0.68361
          0.183173
          0.133979
          0.500016
          0.386945
          0.103682
          0.603158
          -0.508766
          0.855926
          0.863874
          0.142748
          -1.19936
          0.165329
          0.403463
          -1.65666
          -1.13652
          -0.144289
          -0.398107
          -3.04757
          -2.1525
          -1.16027
          -1.78901
          -0.746191
          -0.199941
          -0.0108589
          -0.040526
          -1.43924
          -0.385643
          -0.19656
          -0.733573
          0.199941
          0.746191
          0.040526
          0.0108589
          0.385643
          1.43924
          0.733573
          0.19656
          1.13652
          1.65666
          0.398107
          0.144289
          2.1525
          3.04757
          1.78901
          1.16027
          0.185575
          0.321216
          0.112682
          -0.0666493
          -0.61701
          -0.206677
          -0.415211
          -0.869234
          0.292491
          0.0783728
          0.037684
          0.140638
          -0.0445486
          -0.0119367
          -0.0526256
          -0.196401
          -0.0783728
          -0.292491
          -0.140638
          -0.037684
          0.0119367
          0.0445486
          0.196401
          0.0526256
          -0.321216
          -0.185575
          0.0666493
          -0.112682
          0.206677
          0.61701
          0.869234
          0.415211
          -0.154941
          0.032533
          0.0409798
          -0.137456
          -0.964006
          -0.514246
          -0.505799
          -0.94652
          0.0797772
          0.0213762
          0.0224621
          0.0838297
          -0.275738
          -0.0738839
          -0.072798
          -0.271686
          -0.0213762
          -0.0797772
          -0.0838297
          -0.0224621
          0.0738839
          0.275738
          0.271686
          0.072798
          -0.032533
          0.154941
          0.137456
          -0.0409798
          0.514246
          0.964006
          0.94652
          0.505799
          -0.134109
          0.0431817
          0.0454037
          -0.13514
          -0.950485
          -0.50825
          -0.506028
          -0.951516
          0.0852358
          0.0228389
          0.02356
          0.0879272
          -0.273182
          -0.073199
          -0.0724778
          -0.270491
          -0.0228389
          -0.0852358
          -0.0879272
          -0.02356
          0.073199
          0.273182
          0.270491
          0.0724778
          -0.0431817
          0.134109
          0.13514
          -0.0454037
          0.50825
          0.950485
          0.951516
          0.506028
          -0.13582
          0.0458265
          0.0456018
          -0.135001
          -0.953842
          -0.506448
          -0.506673
          -0.953023
          0.088579
          0.0237347
          0.0236064
          0.0881004
          -0.270271
          -0.072419
          -0.0725472
          -0.27075
          -0.0237347
          -0.088579
          -0.0881004
          -0.0236064
          0.072419
          0.270271
          0.27075
          0.0725472
          -0.0458265
          0.13582
          0.135001
          -0.0456018
          0.506448
          0.953842
          0.953023
          0.506673
          -0.134489
          0.0456929
          0.045741
          -0.134691
          -0.951731
          -0.506156
          -0.506108
          -0.951933
          0.0880509
          0.0235932
          0.0236227
          0.0881611
          -0.270566
          -0.072498
          -0.0724685
          -0.270456
          -0.0235932
          -0.0880509
          -0.0881611
          -0.0236227
          0.072498
          0.270566
          0.270456
          0.0724685
          -0.0456929
          0.134489
          0.134691
          -0.045741
          0.506156
          0.951731
          0.951933
          0.506108
          -0.134797
          0.0457337
          0.0456935
          -0.134789
          -0.952134
          -0.506143
          -0.506183
          -0.952126
          0.0881838
          0.0236288
          0.0236165
          0.0881381
          -0.270436
          -0.0724631
          -0.0724753
          -0.270481
          -0.0236288
          -0.0881838
          -0.0881381
          -0.0236165
          0.0724631
          0.270436
          0.270481
          0.0724753
          -0.0457337
          0.134797
          0.134789
          -0.0456935
          0.506143
          0.952134
          0.952126
          0.506183
          -0.134783
          0.0456808
          0.0456941
          -0.134778
          -0.952116
          -0.506204
          -0.50619
          -0.952111
          0.0881226
          0.0236124
          0.0236158
          0.0881354
          -0.270506
          -0.072482
          -0.0724785
          -0.270494
          -0.0236124
          -0.0881226
          -0.0881354
          -0.0236158
          0.072482
          0.270506
          0.270494
          0.0724785
          -0.0456808
          0.134783
          0.134778
          -0.0456941
          0.506204
          0.952116
          0.952111
          0.50619
          -0.134777
          0.0456981
          0.0456953
          -0.134778
          -0.952112
          -0.506186
          -0.506188
          -0.952113
          0.0881396
          0.0236169
          0.0236162
          0.0881368
          -0.270488
          -0.0724771
          -0.0724778
          -0.270491
          -0.0236169
          -0.0881396
          -0.0881368
          -0.0236162
          0.0724771
          0.270488
          0.270491
          0.0724778
          -0.0456981
          0.134777
          0.134778
          -0.0456953
          0.506186
          0.952112
          0.952113
          0.506188
          -0.134779
          0.0456955
          0.0456982
          -0.134782
          -0.952113
          -0.506187
          -0.506185
          -0.952116
          0.0881374
          0.0236163
          0.0236173
          0.0881411
          -0.27049
          -0.0724775
          -0.0724764
          -0.270486
          -0.0236163
          -0.0881374
          -0.0881411
          -0.0236173
          0.0724775
          0.27049
          0.270486
          0.0724764
          -0.0456955
          0.134779
          0.134782
          -0.0456982
          0.506187
          0.952113
          0.952116
          0.506185
          -0.134776
          0.0456936
          0.0456815
          -0.134758
          -0.952109
          -0.506192
          -0.506204
          -0.952091
          0.0881345
          0.0236156
          0.0236107
          0.0881162
          -0.270496
          -0.0724792
          -0.0724841
          -0.270514
          -0.0236156
          -0.0881345
          -0.0881162
          -0.0236107
          0.0724792
          0.270496
          0.270514
          0.0724841
          -0.0456936
          0.134776
          0.134758
          -0.0456815
          0.506192
          0.952109
          0.952091
          0.506204
          -0.134785
          0.0457002
          0.0457488
          -0.134872
          -0.952121
          -0.506171
          -0.506122
          -0.952209
          0.088144
          0.0236181
          0.0236389
          0.0882216
          -0.27047
          -0.0724721
          -0.0724513
          -0.270392
          -0.0236181
          -0.088144
          -0.0882216
          -0.0236389
          0.0724721
          0.27047
          0.270392
          0.0724513
          -0.0457002
          0.134785
          0.134872
          -0.0457488
          0.506171
          0.952121
          0.952209
          0.506122
          -0.134752
          0.0457116
          0.0456084
          -0.134343
          -0.952082
          -0.506207
          -0.50631
          -0.951673
          0.0881469
          0.0236189
          0.0235575
          0.0879178
          -0.270519
          -0.0724854
          -0.0725468
          -0.270748
          -0.0236189
          -0.0881469
          -0.0879178
          -0.0235575
          0.0724854
          0.270519
          0.270748
          0.0725468
          -0.0457116
          0.134752
          0.134343
          -0.0456084
          0.506207
          0.952082
          0.951673
          0.50631
          -0.134762
          0.0455597
          0.0455733
          -0.136194
          -0.952216
          -0.506402
          -0.506388
          -0.953647
          0.0879863
          0.0235759
          0.0236905
          0.0884142
          -0.270691
          -0.0725315
          -0.0724169
          -0.270264
          -0.0235759
          -0.0879863
          -0.0884142
          -0.0236905
          0.0725315
          0.270691
          0.270264
          0.0724169
          -0.0455597
          0.134762
          0.136194
          -0.0455733
          0.506402
          0.952216
          0.953647
          0.506388
          -0.136472
          0.0454769
          0.0446337
          -0.135849
          -0.953878
          -0.505919
          -0.506762
          -0.953255
          0.0883907
          0.0236842
          0.0233926
          0.0873022
          -0.269691
          -0.0722634
          -0.072555
          -0.270779
          -0.0236842
          -0.0883907
          -0.0873022
          -0.0233926
          0.0722634
          0.269691
          0.270779
          0.072555
          -0.0454769
          0.136472
          0.135849
          -0.0446337
          0.505919
          0.953878
          0.953255
          0.506762
          -0.122181
          0.0505374
          0.0623192
          -0.0972667
          -0.927785
          -0.495667
          -0.483885
          -0.902871
          0.0897172
          0.0240396
          0.0255136
          0.095218
          -0.266179
          -0.0713224
          -0.0698484
          -0.260678
          -0.0240396
          -0.0897172
          -0.095218
          -0.0255136
          0.0713224
          0.266179
          0.260678
          0.0698484
          -0.0505374
          0.122181
          0.0972667
          -0.0623192
          0.495667
          0.927785
          0.902871
          0.483885
          -0.156713
          0.0366124
          0.0111717
          -0.260474
          -1.04588
          -0.566165
          -0.591606
          -1.14964
          0.0846834
          0.0226908
          0.0233727
          0.0872283
          -0.308039
          -0.0825389
          -0.081857
          -0.305495
          -0.0226908
          -0.0846834
          -0.0872283
          -0.0233727
          0.0825389
          0.308039
          0.305495
          0.081857
          -0.0366124
          0.156713
          0.260474
          -0.0111717
          0.566165
          1.04588
          1.14964
          0.591606
          -0.417692
          -0.00563046
          -0.0804438
          -0.606115
          -1.4442
          -0.554059
          -0.628872
          -1.63262
          0.114511
          0.0306832
          0.023661
          0.0883042
          -0.18001
          -0.0482335
          -0.0552557
          -0.206217
          -0.0306832
          -0.114511
          -0.0883042
          -0.023661
          0.0482335
          0.18001
          0.206217
          0.0552557
          0.00563046
          0.417692
          0.606115
          0.0804438
          0.554059
          1.4442
          1.63262
          0.628872
          -20.0649
          -13.3922
          -13.0018
          -20.501
          -5.49324
          -3.48381
          -3.09338
          -5.92943
          -8.63587
          -2.31398
          -2.16753
          -8.08932
          -2.16753
          -0.580787
          -0.434339
          -1.62098
          2.31398
          8.63587
          8.08932
          2.16753
          0.580787
          2.16753
          1.62098
          0.434339
          13.3922
          20.0649
          20.501
          13.0018
          3.48381
          5.49324
          5.92943
          3.09338
          -1.19936
          0.142748
          0.403463
          0.165329
          -0.508766
          0.603158
          0.863874
          0.855926
          0.500016
          0.133979
          0.103682
          0.386945
          0.796681
          0.21347
          0.183173
          0.68361
          -0.133979
          -0.500016
          -0.386945
          -0.103682
          -0.21347
          -0.796681
          -0.68361
          -0.183173
          -0.142748
          1.19936
          -0.165329
          -0.403463
          -0.603158
          0.508766
          -0.855926
          -0.863874
          3.04757
          2.1525
          1.16027
          1.78901
          1.65666
          1.13652
          0.144289
          0.398107
          1.43924
          0.385643
          0.19656
          0.733573
          0.746191
          0.199941
          0.0108589
          0.040526
          -0.385643
          -1.43924
          -0.733573
          -0.19656
          -0.199941
          -0.746191
          -0.040526
          -0.0108589
          -2.1525
          -3.04757
          -1.78901
          -1.16027
          -1.13652
          -1.65666
          -0.398107
          -0.144289
          0.61701
          0.206677
          0.415211
          0.869234
          -0.185575
          -0.321216
          -0.112682
          0.0666493
          0.0445486
          0.0119367
          0.0526256
          0.196401
          -0.292491
          -0.0783728
          -0.037684
          -0.140638
          -0.0119367
          -0.0445486
          -0.196401
          -0.0526256
          0.0783728
          0.292491
          0.140638
          0.037684
          -0.206677
          -0.61701
          -0.869234
          -0.415211
          0.321216
          0.185575
          -0.0666493
          0.112682
          0.964006
          0.514246
          0.505799
          0.94652
          0.154941
          -0.032533
          -0.0409798
          0.137456
          0.275738
          0.0738839
          0.072798
          0.271686
          -0.0797772
          -0.0213762
          -0.0224621
          -0.0838297
          -0.0738839
          -0.275738
          -0.271686
          -0.072798
          0.0213762
          0.0797772
          0.0838297
          0.0224621
          -0.514246
          -0.964006
          -0.94652
          -0.505799
          0.032533
          -0.154941
          -0.137456
          0.0409798
          0.950485
          0.50825
          0.506028
          0.951516
          0.134109
          -0.0431817
          -0.0454037
          0.13514
          0.273182
          0.073199
          0.0724778
          0.270491
          -0.0852358
          -0.0228389
          -0.02356
          -0.0879272
          -0.073199
          -0.273182
          -0.270491
          -0.0724778
          0.0228389
          0.0852358
          0.0879272
          0.02356
          -0.50825
          -0.950485
          -0.951516
          -0.506028
          0.0431817
          -0.134109
          -0.13514
          0.0454037
          0.953842
          0.506448
          0.506673
          0.953023
          0.13582
          -0.0458265
          -0.0456018
          0.135001
          0.270271
          0.072419
          0.0725472
          0.27075
          -0.088579
          -0.0237347
          -0.0236064
          -0.0881004
          -0.072419
          -0.270271
          -0.27075
          -0.0725472
          0.0237347
          0.088579
          0.0881004
          0.0236064
          -0.506448
          -0.953842
          -0.953023
          -0.506673
          0.0458265
          -0.13582
          -0.135001
          0.0456018
          0.951731
          0.506156
          0.506108
          0.951933
          0.134489
          -0.0456929
          -0.045741
          0.134691
          0.270566
          0.072498
          0.0724685
          0.270456
          -0.0880509
          -0.0235932
          -0.0236227
          -0.0881611
          -0.072498
          -0.270566
          -0.270456
          -0.0724685
          0.0235932
          0.0880509
          0.0881611
          0.0236227
          -0.506156
          -0.951731
          -0.951933
          -0.506108
          0.0456929
          -0.134489
          -0.134691
          0.045741
          0.952134
          0.506143
          0.506183
          0.952126
          0.134797
          -0.0457337
          -0.0456935
          0.134789
          0.270436
          0.0724631
          0.0724753
          0.270481
          -0.0881838
          -0.0236288
          -0.0236165
          -0.0881381
          -0.0724631
          -0.270436
          -0.270481
          -0.0724753
          0.0236288
          0.0881838
          0.0881381
          0.0236165
          -0.506143
          -0.952134
          -0.952126
          -0.506183
          0.0457337
          -0.134797
          -0.134789
          0.0456935
          0.952116
          0.506204
          0.50619
          0.952111
          0.134783
          -0.0456808
          -0.0456941
          0.134778
          0.270506
          0.072482
          0.0724785
          0.270494
          -0.0881226
          -0.0236124
          -0.0236158
          -0.0881354
          -0.072482
          -0.270506
          -0.270494
          -0.0724785
          0.0236124
          0.0881226
          0.0881354
          0.0236158
          -0.506204
          -0.952116
          -0.952111
          -0.50619
          0.0456808
          -0.134783
          -0.134778
          0.0456941
          0.952112
          0.506186
          0.506188
          0.952113
          0.134777
          -0.0456981
          -0.0456953
          0.134778
          0.270488
          0.0724771
          0.0724778
          0.270491
          -0.0881396
          -0.0236169
          -0.0236162
          -0.0881368
          -0.0724771
          -0.270488
          -0.270491
          -0.0724778
          0.0236169
          0.0881396
          0.0881368
          0.0236162
          -0.506186
          -0.952112
          -0.952113
          -0.506188
          0.0456981
          -0.134777
          -0.134778
          0.0456953
          0.952113
          0.506187
          0.506185
          0.952116
          0.134779
          -0.0456955
          -0.0456982
          0.134782
          0.27049
          0.0724775
          0.0724764
          0.270486
          -0.0881374
          -0.0236163
          -0.0236173
          -0.0881411
          -0.0724775
          -0.27049
          -0.270486
          -0.0724764
          0.0236163
          0.0881374
          0.0881411
          0.0236173
          -0.506187
          -0.952113
          -0.952116
          -0.506185
          0.0456955
          -0.134779
          -0.134782
          0.0456982
          0.952109
          0.506192
          0.506204
          0.952091
          0.134776
          -0.0456936
          -0.0456815
          0.134758
          0.270496
          0.0724792
          0.0724841
          0.270514
          -0.0881345
          -0.0236156
          -0.0236107
          -0.0881162
          -0.0724792
          -0.270496
          -0.270514
          -0.0724841
          0.0236156
          0.0881345
          0.0881162
          0.0236107
          -0.506192
          -0.952109
          -0.952091
          -0.506204
          0.0456936
          -0.134776
          -0.134758
          0.0456815
          0.952121
          0.506171
          0.506122
          0.952209
          0.134785
          -0.0457002
          -0.0457488
          0.134872
          0.27047
          0.0724721
          0.0724513
          0.270392
          -0.088144
          -0.0236181
          -0.0236389
          -0.0882216
          -0.0724721
          -0.27047
          -0.270392
          -0.0724513
          0.0236181
          0.088144
          0.0882216
          0.0236389
          -0.506171
          -0.952121
          -0.952209
          -0.506122
          0.0457002
          -0.134785
          -0.134872
          0.0457488
          0.952082
          0.506207
          0.50631
          0.951673
          0.134752
          -0.0457116
          -0.0456084
          0.134343
          0.270519
          0.0724854
          0.0725468
          0.270748
          -0.0881469
          -0.0236189
          -0.0235575
          -0.0879178
          -0.0724854
          -0.270519
          -0.270748
          -0.0725468
          0.0236189
          0.0881469
          0.0879178
          0.0235575
          -0.506207
          -0.952082
          -0.951673
          -0.50631
          0.0457116
          -0.134752
          -0.134343
          0.0456084
          0.952216
          0.506402
          0.506388
          0.953647
          0.134762
          -0.0455597
          -0.0455733
          0.136194
          0.270691
          0.0725315
          0.0724169
          0.270264
          -0.0879863
          -0.0235759
          -0.0236905
          -0.0884142
          -0.0725315
          -0.270691
          -0.270264
          -0.0724169
          0.0235759
          0.0879863
          0.0884142
          0.0236905
          -0.506402
          -0.952216
          -0.953647
          -0.506388
          0.0455597
          -0.134762
          -0.136194
          0.0455733
          0.953878
          0.505919
          0.506762
          0.953255
          0.136472
          -0.0454769
          -0.0446337
          0.135849
          0.269691
          0.0722634
          0.072555
          0.270779
          -0.0883907
          -0.0236842
          -0.0233926
          -0.0873022
          -0.0722634
          -0.269691
          -0.270779
          -0.072555
          0.0236842
          0.0883907
          0.0873022
          0.0233926
          -0.505919
          -0.953878
          -0.953255
          -0.506762
          0.0454769
          -0.136472
          -0.135849
          0.0446337
          0.927785
          0.495667
          0.483885
          0.902871
          0.122181
          -0.0505374
          -0.0623192
          0.0972667
          0.266179
          0.0713224
          0.0698484
          0.260678
          -0.0897172
          -0.0240396
          -0.0255136
          -0.095218
          -0.0713224
          -0.266179
          -0.260678
          -0.0698484
          0.0240396
          0.0897172
          0.095218
          0.0255136
          -0.495667
          -0.927785
          -0.902871
          -0.483885
          0.0505374
          -0.122181
          -0.0972667
          0.0623192
          1.04588
          0.566165
          0.591606
          1.14964
          0.156713
          -0.0366124
          -0.0111717
          0.260474
          0.308039
          0.0825389
          0.081857
          0.305495
          -0.0846834
          -0.0226908
          -0.0233727
          -0.0872283
          -0.0825389
          -0.308039
          -0.305495
          -0.081857
          0.0226908
          0.0846834
          0.0872283
          0.0233727
          -0.566165
          -1.04588
          -1.14964
          -0.591606
          0.0366124
          -0.156713
          -0.260474
          0.0111717
          1.4442
          0.554059
          0.628872
          1.63262
          0.417692
          0.00563046
          0.0804438
          0.606115
          0.18001
          0.0482335
          0.0552557
          0.206217
          -0.114511
          -0.0306832
          -0.023661
          -0.0883042
          -0.0482335
          -0.18001
          -0.206217
          -0.0552557
          0.0306832
          0.114511
          0.0883042
          0.023661
          -0.554059
          -1.4442
          -1.63262
          -0.628872
          -0.00563046
          -0.417692
          -0.606115
          -0.0804438
          -45.6989
          -30.3475
          -23.7993
          -38.2691
          -28.7302
          -18.9403
          -12.3921
          -21.3004
          -19.5028
          -5.22575
          -3.91014
          -14.5928
          -12.1117
          -3.24531
          -1.9297
          -7.20175
          5.22575
          19.5028
          14.5928
          3.91014
          3.24531
          12.1117
          7.20175
          1.9297
          30.3475
          45.6989
          38.2691
          23.7993
          18.9403
          28.7302
          21.3004
          12.3921
          12.0701
          10.1772
          2.84305
          3.71145
          9.53949
          8.48083
          1.14673
          1.18086
          7.48003
          2.00427
          0.533636
          1.99156
          6.38302
          1.71032
          0.239693
          0.894545
          -2.00427
          -7.48003
          -1.99156
          -0.533636
          -1.71032
          -6.38302
          -0.894545
          -0.239693
          -10.1772
          -12.0701
          -3.71145
          -2.84305
          -8.48083
          -9.53949
          -1.18086
          -1.14673
          1.319
          0.775963
          0.709501
          1.30437
          0.93544
          0.481869
          0.415406
          0.920806
          0.455221
          0.121976
          0.103922
          0.387841
          0.249103
          0.066747
          0.0486927
          0.181724
          -0.121976
          -0.455221
          -0.387841
          -0.103922
          -0.066747
          -0.249103
          -0.181724
          -0.0486927
          -0.775963
          -1.319
          -1.30437
          -0.709501
          -0.481869
          -0.93544
          -0.920806
          -0.415406
          1.1173
          0.346071
          0.536345
          1.28689
          0.166241
          -0.26767
          -0.0773964
          0.335836
          0.0503041
          0.0134789
          0.0552878
          0.206337
          -0.336364
          -0.0901283
          -0.0483194
          -0.180331
          -0.0134789
          -0.0503041
          -0.206337
          -0.0552878
          0.0901283
          0.336364
          0.180331
          0.0483194
          -0.346071
          -1.1173
          -1.28689
          -0.536345
          0.26767
          -0.166241
          -0.335836
          0.0773964
          1.15158
          0.5391
          0.534264
          1.16429
          0.356643
          -0.0030244
          -0.00786072
          0.369345
          0.248366
          0.0665495
          0.0641709
          0.239489
          -0.106212
          -0.0284595
          -0.0308381
          -0.115089
          -0.0665495
          -0.248366
          -0.239489
          -0.0641709
          0.0284595
          0.106212
          0.115089
          0.0308381
          -0.5391
          -1.15158
          -1.16429
          -0.534264
          0.0030244
          -0.356643
          -0.369345
          0.00786072
          1.21793
          0.551579
          0.547594
          1.20867
          0.39391
          0.0003152
          -0.00366963
          0.384646
          0.242658
          0.06502
          0.0645863
          0.241039
          -0.113372
          -0.0303781
          -0.0308118
          -0.114991
          -0.06502
          -0.242658
          -0.241039
          -0.0645863
          0.0303781
          0.113372
          0.114991
          0.0308118
          -0.551579
          -1.21793
          -1.20867
          -0.547594
          -0.0003152
          -0.39391
          -0.384646
          0.00366963
          1.20253
          0.546569
          0.546236
          1.20313
          0.382766
          -0.00403344
          -0.00436677
          0.383364
          0.241706
          0.064765
          0.0646226
          0.241175
          -0.114841
          -0.0307714
          -0.0309139
          -0.115372
          -0.064765
          -0.241706
          -0.241175
          -0.0646226
          0.0307714
          0.114841
          0.115372
          0.0309139
          -0.546569
          -1.20253
          -1.20313
          -0.546236
          0.00403344
          -0.382766
          -0.383364
          0.00436677
          1.20305
          0.545677
          0.546015
          1.20326
          0.38257
          -0.00505474
          -0.00471633
          0.382776
          0.240594
          0.0644669
          0.0645487
          0.240899
          -0.115884
          -0.0310511
          -0.0309693
          -0.115579
          -0.0644669
          -0.240594
          -0.240899
          -0.0645487
          0.0310511
          0.115884
          0.115579
          0.0309693
          -0.545677
          -1.20305
          -1.20326
          -0.546015
          0.00505474
          -0.38257
          -0.382776
          0.00471633
          1.20328
          0.546099
          0.546038
          1.20324
          0.382947
          -0.00458411
          -0.00464456
          0.382908
          0.240983
          0.0645711
          0.0645567
          0.240929
          -0.115486
          -0.0309444
          -0.0309588
          -0.11554
          -0.0645711
          -0.240983
          -0.240929
          -0.0645567
          0.0309444
          0.115486
          0.11554
          0.0309588
          -0.546099
          -1.20328
          -1.20324
          -0.546038
          0.00458411
          -0.382947
          -0.382908
          0.00464456
          1.20326
          0.546046
          0.546052
          1.20326
          0.382898
          -0.00464727
          -0.00464142
          0.382901
          0.240932
          0.0645577
          0.0645591
          0.240938
          -0.11554
          -0.0309588
          -0.0309573
          -0.115534
          -0.0645577
          -0.240932
          -0.240938
          -0.0645591
          0.0309588
          0.11554
          0.115534
          0.0309573
          -0.546046
          -1.20326
          -1.20326
          -0.546052
          0.00464727
          -0.382898
          -0.382901
          0.00464142
          1.20326
          0.546049
          0.546048
          1.20326
          0.382903
          -0.00464198
          -0.00464361
          0.382901
          0.240936
          0.0645585
          0.0645582
          0.240934
          -0.115536
          -0.0309577
          -0.030958
          -0.115537
          -0.0645585
          -0.240936
          -0.240934
          -0.0645582
          0.0309577
          0.115536
          0.115537
          0.030958
          -0.546049
          -1.20326
          -1.20326
          -0.546048
          0.00464198
          -0.382903
          -0.382901
          0.00464361
          1.20326
          0.546049
          0.546051
          1.20326
          0.3829
          -0.00464423
          -0.00464234
          0.382901
          0.240936
          0.0645586
          0.0645591
          0.240938
          -0.115537
          -0.0309581
          -0.0309576
          -0.115535
          -0.0645586
          -0.240936
          -0.240938
          -0.0645591
          0.0309581
          0.115537
          0.115535
          0.0309576
          -0.546049
          -1.20326
          -1.20326
          -0.546051
          0.00464423
          -0.3829
          -0.382901
          0.00464234
          1.20326
          0.546044
          0.546039
          1.20327
          0.382902
          -0.00464136
          -0.00464571
          0.382907
          0.240929
          0.0645568
          0.0645551
          0.240923
          -0.115535
          -0.0309574
          -0.0309591
          -0.115541
          -0.0645568
          -0.240929
          -0.240923
          -0.0645551
          0.0309574
          0.115535
          0.115541
          0.0309591
          -0.546044
          -1.20326
          -1.20327
          -0.546039
          0.00464136
          -0.382902
          -0.382907
          0.00464571
          1.20323
          0.546072
          0.546097
          1.20319
          0.382892
          -0.0046499
          -0.00462519
          0.38285
          0.240969
          0.0645674
          0.0645779
          0.241008
          -0.115541
          -0.0309591
          -0.0309487
          -0.115502
          -0.0645674
          -0.240969
          -0.241008
          -0.0645779
          0.0309591
          0.115541
          0.115502
          0.0309487
          -0.546072
          -1.20323
          -1.20319
          -0.546097
          0.0046499
          -0.382892
          -0.38285
          0.00462519
          1.20345
          0.545903
          0.545679
          1.20359
          0.382938
          -0.00467102
          -0.00489514
          0.383081
          0.240723
          0.0645015
          0.0644258
          0.24044
          -0.115577
          -0.0309688
          -0.0310445
          -0.11586
          -0.0645015
          -0.240723
          -0.24044
          -0.0644258
          0.0309688
          0.115577
          0.11586
          0.0310445
          -0.545903
          -1.20345
          -1.20359
          -0.545679
          0.00467102
          -0.382938
          -0.383081
          0.00489514
          1.20237
          0.546884
          0.547982
          1.20159
          0.382739
          -0.00428268
          -0.00318418
          0.381957
          0.24209
          0.0648678
          0.0652454
          0.243499
          -0.115101
          -0.0308413
          -0.0304637
          -0.113692
          -0.0648678
          -0.24209
          -0.243499
          -0.0652454
          0.0308413
          0.115101
          0.113692
          0.0304637
          -0.546884
          -1.20237
          -1.20159
          -0.547982
          0.00428268
          -0.382739
          -0.381957
          0.00318418
          1.20788
          0.543616
          0.542063
          1.21579
          0.385492
          -0.0051939
          -0.00674699
          0.393405
          0.236981
          0.0634988
          0.0624384
          0.233023
          -0.116878
          -0.0313173
          -0.0323777
          -0.120835
          -0.0634988
          -0.236981
          -0.233023
          -0.0624384
          0.0313173
          0.116878
          0.120835
          0.0323777
          -0.543616
          -1.20788
          -1.21579
          -0.542063
          0.0051939
          -0.385492
          -0.393405
          0.00674699
          1.17922
          0.542064
          0.541462
          1.13779
          0.359663
          -0.0139058
          -0.014508
          0.31824
          0.243583
          0.0652678
          0.068298
          0.254891
          -0.118807
          -0.0318343
          -0.0288041
          -0.107498
          -0.0652678
          -0.243583
          -0.254891
          -0.068298
          0.0318343
          0.118807
          0.107498
          0.0288041
          -0.542064
          -1.17922
          -1.13779
          -0.541462
          0.0139058
          -0.359663
          -0.31824
          0.014508
          1.23424
          0.592002
          0.508842
          1.25577
          0.444706
          0.0483219
          -0.0348389
          0.466235
          0.281498
          0.0754273
          0.0497555
          0.18569
          -0.0763158
          -0.0204488
          -0.0461205
          -0.172124
          -0.0754273
          -0.281498
          -0.18569
          -0.0497555
          0.0204488
          0.0763158
          0.172124
          0.0461205
          -0.592002
          -1.23424
          -1.25577
          -0.508842
          -0.0483219
          -0.444706
          -0.466235
          0.0348389
          2.08245
          0.63551
          0.790498
          2.49844
          0.979119
          -0.0505649
          0.104423
          1.39511
          0.0835167
          0.0223782
          0.0349423
          0.130406
          -0.337123
          -0.090332
          -0.0777679
          -0.290234
          -0.0223782
          -0.0835167
          -0.130406
          -0.0349423
          0.090332
          0.337123
          0.290234
          0.0777679
          -0.63551
          -2.08245
          -2.49844
          -0.790498
          0.0505649
          -0.979119
          -1.39511
          -0.104423
        </DataArray>
        <DataArray type="Float64" Name="VonMises" format="ascii">
          380.124
          262.183
          304.645
          422.975
          384.829
          263.416
          319.478
          437.062
          180.135
          101.422
          102.561
          189.47
          174.901
          82.5694
          129.068
          208.692
          101.422
          180.135
          189.47
          102.561
          82.5694
          174.901
          208.692
          129.068
          262.183
          380.124
          422.975
          304.645
          263.416
          384.829
          437.062
          319.478
          466.767
          346.148
          329.871
          453.297
          457.631
          337.989
          322.554
          444.761
          237.87
          146.746
          96.5126
          208.839
          229.014
          139.153
          97.7542
          204.649
          146.746
          237.87
          208.839
          96.5126
          139.153
          229.014
          204.649
          97.7542
          346.148
          466.767
          453.297
          329.871
          337.989
          457.631
          444.761
          322.554
          429.667
          312.366
          303.994
          423.222
          429.652
          312.388
          303.443
          422.757
          211.812
          128.467
          91.1901
          191.418
          212.97
          130.588
          89.1474
          190.275
          128.467
          211.812
          191.418
          91.1901
          130.588
          212.97
          190.275
          89.1474
          312.366
          429.667
          423.222
          303.994
          312.388
          429.652
          422.757
          303.443
          407.627
          297.483
          287.788
          399.709
          408.197
          298.246
          287.515
          399.535
          202.87
          124.149
          84.9843
          180.894
          204.28
          126.328
          82.9902
          180.048
          124.149
          202.87
          180.894
          84.9843
          126.328
          204.28
          180.048
          82.9902
          297.483
          407.627
          399.709
          287.788
          298.246
          408.197
          399.535
          287.515
          382.546
          279.313
          269.9
          375.029
          382.83
          279.727
          269.459
          374.692
          191.208
          117.944
          78.6592
          169.321
          192.306
          119.814
          76.8357
          168.412
          117.944
          191.208
          169.321
          78.6592
          119.814
          192.306
          168.412
          76.8357
          279.313
          382.546
          375.029
          269.9
          279.727
          382.83
          374.692
          269.459
          358.271
          261.695
          252.217
          350.664
          358.558
          262.137
          251.783
          350.316
          179.659
          111.586
          72.5052
          157.847
          180.801
          113.496
          70.7007
          156.966
          111.586
          179.659
          157.847
          72.5052
          113.496
          180.801
          156.966
          70.7007
          261.695
          358.271
          350.664
          252.217
          262.137
          358.558
          350.316
          251.783
          333.816
          243.994
          234.535
          326.229
          334.119
          244.445
          234.114
          325.898
          168.209
          105.377
          66.3207
          146.404
          169.378
          107.308
          64.5536
          145.556
          105.377
          168.209
          146.404
          66.3207
          107.308
          169.378
          145.556
          64.5536
          243.994
          333.816
          326.229
          234.535
          244.445
          334.119
          325.898
          234.114
          309.401
          226.314
          216.852
          301.81
          309.714
          226.777
          216.442
          301.49
          156.743
          99.1362
          60.1678
          134.971
          157.939
          101.086
          58.4462
          134.16
          99.1362
          156.743
          134.971
          60.1678
          101.086
          157.939
          134.16
          58.4462
          226.314
          309.401
          301.81
          216.852
          226.777
          309.714
          301.49
          216.442
          284.98
          208.632
          199.173
          277.391
          285.302
          209.105
          198.775
          277.08
          145.295
          92.9089
          54.0432
          123.562
          146.52
          94.8766
          52.3763
          122.793
          92.9089
          145.295
          123.562
          54.0432
          94.8766
          146.52
          122.793
          52.3763
          208.632
          284.98
          277.391
          199.173
          209.105
          285.302
          277.08
          198.775
          260.563
          190.956
          181.5
          252.975
          260.897
          191.44
          181.114
          252.676
          133.865
          86.6885
          47.9603
          112.183
          135.123
          88.6759
          46.3611
          111.462
          86.6885
          133.865
          112.183
          47.9603
          88.6759
          135.123
          111.462
          46.3611
          190.956
          260.563
          252.975
          181.5
          191.44
          260.897
          252.676
          181.114
          236.15
          173.285
          163.833
          228.563
          236.496
          173.782
          163.461
          228.277
          122.459
          80.4784
          41.9366
          100.843
          123.753
          82.4865
          40.4246
          100.18
          80.4784
          122.459
          100.843
          41.9366
          82.4865
          123.753
          100.18
          40.4246
          173.285
          236.15
          228.563
          163.833
          173.782
          236.496
          228.277
          163.461
          211.742
          155.621
          146.174
          204.157
          212.101
          156.134
          145.82
          203.885
          111.083
          74.2806
          36.0022
          89.5577
          112.418
          76.3109
          34.6075
          88.9651
          74.2806
          111.083
          89.5577
          36.0022
          76.3109
          112.418
          88.9651
          34.6075
          155.621
          211.742
          204.157
          146.174
          156.134
          212.101
          203.885
          145.82
          187.34
          137.969
          128.529
          179.758
          187.715
          138.499
          128.196
          179.503
          99.7477
          68.0987
          30.2097
          78.351
          101.132
          70.1528
          28.9817
          77.847
          68.0987
          99.7477
          78.351
          30.2097
          70.1528
          101.132
          77.847
          28.9817
          137.969
          187.34
          179.758
          128.529
          138.499
          187.715
          179.503
          128.196
          162.948
          120.331
          110.902
          155.37
          163.343
          120.883
          110.595
          155.137
          88.4688
          61.9374
          24.6587
          67.2612
          89.9102
          64.0174
          23.6835
          66.8731
          61.9374
          88.4688
          67.2612
          24.6587
          64.0174
          89.9102
          66.8731
          23.6835
          120.331
          162.948
          155.37
          110.902
          120.883
          163.343
          155.137
          110.595
          138.571
          102.716
          93.3042
          130.998
          138.99
          103.296
          93.0315
          130.791
          77.2719
          55.8032
          19.5588
          56.3604
          78.7827
          57.9107
          18.9921
          56.1311
          55.8032
          77.2719
          56.3604
          19.5588
          57.9107
          78.7827
          56.1311
          18.9921
          102.716
          138.571
          130.998
          93.3042
          103.296
          138.99
          130.791
          93.0315
          114.221
          85.1368
          75.7571
          106.663
          114.672
          85.7563
          75.5371
          106.495
          66.1944
          49.7074
          15.3543
          45.7718
          67.7935
          51.848
          15.4575
          45.7723
          49.7074
          66.1944
          45.7718
          15.3543
          51.848
          67.7935
          45.7723
          15.4575
          85.1368
          114.221
          106.663
          75.7571
          85.7563
          114.672
          106.495
          75.5371
          89.9115
          67.6233
          58.296
          82.3641
          90.412
          68.2901
          58.1395
          82.2517
          55.3238
          43.6681
          12.9892
          35.8123
          57.0254
          45.8309
          14.024
          36.166
          43.6681
          55.3238
          35.8123
          12.9892
          45.8309
          57.0254
          36.166
          14.024
          67.6233
          89.9115
          82.3641
          58.296
          68.2901
          90.412
          82.2517
          58.1395
          65.7037
          50.3067
          41.1713
          58.2385
          66.2674
          51.0856
          41.2162
          58.2267
          44.7679
          37.6429
          13.2899
          27.1033
          46.6522
          39.8888
          15.1498
          28.0301
          37.6429
          44.7679
          27.1033
          13.2899
          39.8888
          46.6522
          28.0301
          15.1498
          50.3067
          65.7037
          58.2385
          41.1713
          51.0856
          66.2674
          58.2267
          41.2162
          41.5471
          32.8615
          23.6086
          34.0617
          42.0851
          33.5698
          23.4726
          33.9616
          34.8994
          32.2266
          17.223
          21.4886
          36.7642
          34.3447
          19.3646
          23.0843
          32.2266
          34.8994
          21.4886
          17.223
          34.3447
          36.7642
          23.0843
          19.3646
          32.8615
          41.5471
          34.0617
          23.6086
          33.5698
          42.0851
          33.9616
          23.4726
          21.3084
          17.8433
          14.5996
          18.2489
          25.0863
          20.9278
          17.8541
          22.1571
          26.7678
          25.5641
          20.5065
          21.8651
          31.1698
          29.785
          24.6426
          26.1769
          25.5641
          26.7678
          21.8651
          20.5065
          29.785
          31.1698
          26.1769
          24.6426
          17.8433
          21.3084
          18.2489
          14.5996
          20.9278
          25.0863
          22.1571
          17.8541
          379.593
          263.505
          295.477
          412.293
          378.286
          262.241
          297.114
          413.175
          186.132
          115.972
          86.6084
          177.195
          183.506
          110.698
          92.7007
          180.854
          115.972
          186.132
          177.195
          86.6084
          110.698
          183.506
          180.854
          92.7007
          263.505
          379.593
          412.293
          295.477
          262.241
          378.286
          413.175
          297.114
          462.857
          346.55
          332.484
          454.914
          463.867
          346.46
          333.132
          456.447
          241.531
          153.34
          94.2266
          210.309
          240.291
          151.591
          96.458
          211.168
          153.34
          241.531
          210.309
          94.2266
          151.591
          240.291
          211.168
          96.458
          346.55
          462.857
          454.914
          332.484
          346.46
          463.867
          456.447
          333.132
          433.493
          315.168
          305.988
          425.314
          432.339
          314.31
          304.927
          424.017
          213.641
          128.352
          92.8216
          193.387
          213.021
          128.206
          92.1361
          192.448
          128.352
          213.641
          193.387
          92.8216
          128.206
          213.021
          192.448
          92.1361
          315.168
          433.493
          425.314
          305.988
          314.31
          432.339
          424.017
          304.927
          406.501
          296.748
          287.697
          399.248
          406.803
          297.02
          287.878
          399.479
          201.37
          122.079
          86.2854
          181.331
          201.991
          122.868
          85.744
          181.235
          122.079
          201.37
          181.331
          86.2854
          122.868
          201.991
          181.235
          85.744
          296.748
          406.501
          399.248
          287.697
          297.02
          406.803
          399.479
          287.878
          382.206
          279.087
          270.231
          375.064
          382.3
          279.219
          270.182
          375.028
          190.344
          116.38
          79.9458
          170.027
          190.714
          116.958
          79.4113
          169.795
          116.38
          190.344
          170.027
          79.9458
          116.958
          190.714
          169.795
          79.4113
          279.087
          382.206
          375.064
          270.231
          279.219
          382.3
          375.028
          270.182
          357.916
          261.495
          252.526
          350.694
          357.997
          261.596
          252.488
          350.673
          178.785
          110.027
          73.7572
          158.521
          179.155
          110.603
          73.2483
          158.303
          110.027
          178.785
          158.521
          73.7572
          110.603
          179.155
          158.303
          73.2483
          261.495
          357.916
          350.694
          252.526
          261.596
          357.997
          350.673
          252.488
          333.469
          243.77
          234.832
          326.264
          333.556
          243.882
          234.794
          326.241
          167.304
          103.798
          67.5616
          147.055
          167.685
          104.385
          67.0552
          146.842
          103.798
          167.304
          147.055
          67.5616
          104.385
          167.685
          146.842
          67.0552
          243.77
          333.469
          326.264
          234.832
          243.882
          333.556
          326.241
          234.794
          309.059
          226.083
          217.14
          301.851
          309.144
          226.192
          217.101
          301.829
          155.821
          97.5545
          61.385
          135.598
          156.205
          98.1434
          60.8893
          135.391
          97.5545
          155.821
          135.598
          61.385
          98.1434
          156.205
          135.391
          60.8893
          226.083
          309.059
          301.851
          217.14
          226.192
          309.144
          301.829
          217.101
          284.646
          208.392
          199.452
          277.439
          284.731
          208.5
          199.413
          277.417
          144.354
          91.3214
          55.2318
          124.161
          144.743
          91.9142
          54.7482
          123.962
          91.3214
          144.354
          124.161
          55.2318
          91.9142
          144.743
          123.962
          54.7482
          208.392
          284.646
          277.439
          199.452
          208.5
          284.731
          277.417
          199.413
          260.236
          190.706
          181.768
          253.03
          260.321
          190.814
          181.728
          253.007
          132.902
          85.0945
          49.1119
          112.749
          133.296
          85.6914
          48.6434
          112.56
          85.0945
          132.902
          112.749
          49.1119
          85.6914
          133.296
          112.56
          48.6434
          190.706
          260.236
          253.03
          181.768
          190.814
          260.321
          253.007
          181.728
          235.829
          173.025
          164.09
          228.624
          235.914
          173.132
          164.05
          228.601
          121.47
          78.8768
          43.039
          101.37
          121.872
          79.4782
          42.5902
          101.193
          78.8768
          121.47
          101.37
          43.039
          79.4782
          121.872
          101.193
          42.5902
          173.025
          235.829
          228.624
          164.09
          173.132
          235.914
          228.601
          164.05
          211.426
          155.35
          146.419
          204.223
          211.511
          155.458
          146.38
          204.2
          110.065
          72.6703
          37.0363
          90.0375
          110.475
          73.2766
          36.614
          89.8753
          72.6703
          110.065
          90.0375
          37.0363
          73.2766
          110.475
          89.8753
          36.614
          155.35
          211.426
          204.223
          146.419
          155.458
          211.511
          204.2
          146.38
          187.029
          137.684
          128.76
          179.828
          187.114
          137.793
          128.721
          179.806
          98.6958
          66.4781
          31.1446
          78.7703
          99.1159
          67.09
          30.76
          78.6281
          66.4781
          98.6958
          78.7703
          31.1446
          67.09
          99.1159
          78.6281
          30.76
          137.684
          187.029
          179.828
          128.76
          137.793
          187.114
          179.806
          128.721
          162.64
          120.031
          111.116
          155.442
          162.727
          120.141
          111.079
          155.422
          87.3763
          60.305
          25.4407
          67.6017
          87.8092
          60.9229
          25.1134
          67.4863
          60.305
          87.3763
          67.6017
          25.4407
          60.9229
          87.8092
          67.4863
          25.1134
          120.031
          162.64
          155.442
          111.116
          120.141
          162.727
          155.422
          111.079
          138.264
          102.398
          93.4962
          131.071
          138.353
          102.51
          93.463
          131.053
          76.1287
          54.1564
          20.0868
          56.5907
          76.5786
          54.7817
          19.8538
          56.5138
          54.1564
          76.1287
          56.5907
          20.0868
          54.7817
          76.5786
          56.5138
          19.8538
          102.398
          138.264
          131.071
          93.4962
          102.51
          138.353
          131.053
          93.463
          113.909
          84.7961
          75.9197
          106.725
          114.002
          84.9113
          75.8921
          106.714
          64.9901
          48.0465
          15.4441
          45.8456
          65.4594
          48.6772
          15.3739
          45.8244
          48.0465
          64.9901
          45.8456
          15.4441
          48.6772
          65.4594
          45.8244
          15.3739
          84.7961
          113.909
          106.725
          75.9197
          84.9113
          114.002
          106.714
          75.8921
          89.5853
          67.2469
          58.4131
          82.4158
          89.687
          67.3728
          58.3973
          82.4122
          54.0286
          41.9778
          12.3636
          35.6255
          54.5356
          42.6278
          12.5762
          35.7008
          41.9778
          54.0286
          35.6255
          12.3636
          42.6278
          54.5356
          35.7008
          12.5762
          67.2469
          89.5853
          82.4158
          58.4131
          67.3728
          89.687
          82.4122
          58.3973
          65.42
          49.9114
          41.2564
          58.341
          65.4991
          50.0236
          41.2376
          58.3205
          43.3999
          35.9686
          12.015
          26.5621
          43.9112
          36.5891
          12.4701
          26.7636
          35.9686
          43.3999
          26.5621
          12.015
          36.5891
          43.9112
          26.7636
          12.4701
          49.9114
          65.42
          58.341
          41.2564
          50.0236
          65.4991
          58.3205
          41.2376
          40.9733
          32.308
          23.413
          33.6053
          41.2619
          32.5493
          23.5163
          33.7998
          33.2704
          30.3682
          15.3266
          20.0618
          33.9688
          31.1551
          16.1093
          20.633
          30.3682
          33.2704
          20.0618
          15.3266
          31.1551
          33.9688
          20.633
          16.1093
          32.308
          40.9733
          33.6053
          23.413
          32.5493
          41.2619
          33.7998
          23.5163
          19.3643
          16.3162
          12.9457
          15.82
          19.8656
          16.6727
          13.0452
          16.1614
          23.8004
          22.7368
          17.2648
          18.4283
          24.8245
          23.7043
          18.224
          19.4488
          22.7368
          23.8004
          18.4283
          17.2648
          23.7043
          24.8245
          19.4488
          18.224
          16.3162
          19.3643
          15.82
          12.9457
          16.6727
          19.8656
          16.1614
          13.0452
          378.286
          262.241
          297.114
          413.175
          379.593
          263.505
          295.477
          412.293
          183.506
          110.698
          92.7007
          180.854
          186.132
          115.972
          86.6084
          177.195
          110.698
          183.506
          180.854
          92.7007
          115.972
          186.132
          177.195
          86.6084
          262.241
          378.286
          413.175
          297.114
          263.505
          379.593
          412.293
          295.477
          463.867
          346.46
          333.132
          456.447
          462.857
          346.55
          332.484
          454.914
          240.291
          151.591
          96.458
          211.168
          241.531
          153.34
          94.2266
          210.309
          151.591
          240.291
          211.168
          96.458
          153.34
          241.531
          210.309
          94.2266
          346.46
          463.867
          456.447
          333.132
          346.55
          462.857
          454.914
          332.484
          432.339
          314.31
          304.927
          424.017
          433.493
          315.168
          305.988
          425.314
          213.021
          128.206
          92.1361
          192.448
          213.641
          128.352
          92.8216
          193.387
          128.206
          213.021
          192.448
          92.1361
          128.352
          213.641
          193.387
          92.8216
          314.31
          432.339
          424.017
          304.927
          315.168
          433.493
          425.314
          305.988
          406.803
          297.02
          287.878
          399.479
          406.501
          296.748
          287.697
          399.248
          201.991
          122.868
          85.744
          181.235
          201.37
          122.079
          86.2854
          181.331
          122.868
          201.991
          181.235
          85.744
          122.079
          201.37
          181.331
          86.2854
          297.02
          406.803
          399.479
          287.878
          296.748
          406.501
          399.248
          287.697
          382.3
          279.219
          270.182
          375.028
          382.206
          279.087
          270.231
          375.064
          190.714
          116.958
          79.4113
          169.795
          190.344
          116.38
          79.9458
          170.027
          116.958
          190.714
          169.795
          79.4113
          116.38
          190.344
          170.027
          79.9458
          279.219
          382.3
          375.028
          270.182
          279.087
          382.206
          375.064
          270.231
          357.997
          261.596
          252.488
          350.673
          357.916
          261.495
          252.526
          350.694
          179.155
          110.603
          73.2483
          158.303
          178.785
          110.027
          73.7572
          158.521
          110.603
          179.155
          158.303
          73.2483
          110.027
          178.785
          158.521
          73.7572
          261.596
          357.997
          350.673
          252.488
          261.495
          357.916
          350.694
          252.526
          333.556
          243.882
          234.794
          326.241
          333.469
          243.77
          234.832
          326.264
          167.685
          104.385
          67.0552
          146.842
          167.304
          103.798
          67.5616
          147.055
          104.385
          167.685
          146.842
          67.0552
          103.798
          167.304
          147.055
          67.5616
          243.882
          333.556
          326.241
          234.794
          243.77
          333.469
          326.264
          234.832
          309.144
          226.192
          217.101
          301.829
          309.059
          226.083
          217.14
          301.851
          156.205
          98.1434
          60.8893
          135.391
          155.821
          97.5545
          61.385
          135.598
          98.1434
          156.205
          135.391
          60.8893
          97.5545
          155.821
          135.598
          61.385
          226.192
          309.144
          301.829
          217.101
          226.083
          309.059
          301.851
          217.14
          284.731
          208.5
          199.413
          277.417
          284.646
          208.392
          199.452
          277.439
          144.743
          91.9142
          54.7482
          123.962
          144.354
          91.3214
          55.2318
          124.161
          91.9142
          144.743
          123.962
          54.7482
          91.3214
          144.354
          124.161
          55.2318
          208.5
          284.731
          277.417
          199.413
          208.392
          284.646
          277.439
          199.452
          260.321
          190.814
          181.728
          253.007
          260.236
          190.706
          181.768
          253.03
          133.296
          85.6914
          48.6434
          112.56
          132.902
          85.0945
          49.1119
          112.749
          85.6914
          133.296
          112.56
          48.6434
          85.0945
          132.902
          112.749
          49.1119
          190.814
          260.321
          253.007
          181.728
          190.706
          260.236
          253.03
          181.768
          235.914
          173.132
          164.05
          228.601
          235.829
          173.025
          164.09
          228.624
          121.872
          79.4782
          42.5902
          101.193
          121.47
          78.8768
          43.039
          101.37
          79.4782
          121.872
          101.193
          42.5902
          78.8768
          121.47
          101.37
          43.039
          173.132
          235.914
          228.601
          164.05
          173.025
          235.829
          228.624
          164.09
          211.511
          155.458
          146.38
          204.2
          211.426
          155.35
          146.419
          204.223
          110.475
          73.2766
          36.614
          89.8753
          110.065
          72.6703
          37.0363
          90.0375
          73.2766
          110.475
          89.8753
          36.614
          72.6703
          110.065
          90.0375
          37.0363
          155.458
          211.511
          204.2
          146.38
          155.35
          211.426
          204.223
          146.419
          187.114
          137.793
          128.721
          179.806
          187.029
          137.684
          128.76
          179.828
          99.1159
          67.09
          30.76
          78.6281
          98.6958
          66.4781
          31.1446
          78.7703
          67.09
          99.1159
          78.6281
          30.76
          66.4781
          98.6958
          78.7703
          31.1446
          137.793
          187.114
          179.806
          128.721
          137.684
          187.029
          179.828
          128.76
          162.727
          120.141
          111.079
          155.422
          162.64
          120.031
          111.116
          155.442
          87.8092
          60.9229
          25.1134
          67.4863
          87.3763
          60.305
          25.4407
          67.6017
          60.9229
          87.8092
          67.4863
          25.1134
          60.305
          87.3763
          67.6017
          25.4407
          120.141
          162.727
          155.422
          111.079
          120.031
          162.64
          155.442
          111.116
          138.353
          102.51
          93.463
          131.053
          138.264
          102.398
          93.4962
          131.071
          76.5786
          54.7817
          19.8538
          56.5138
          76.1287
          54.1564
          20.0868
          56.5907
          54.7817
          76.5786
          56.5138
          19.8538
          54.1564
          76.1287
          56.5907
          20.0868
          102.51
          138.353
          131.053
          93.463
          102.398
          138.264
          131.071
          93.4962
          114.002
          84.9113
          75.8921
          106.714
          113.909
          84.7961
          75.9197
          106.725
          65.4594
          48.6772
          15.3739
          45.8244
          64.9901
          48.0465
          15.4441
          45.8456
          48.6772
          65.4594
          45.8244
          15.3739
          48.0465
          64.9901
          45.8456
          15.4441
          84.9113
          114.002
          106.714
          75.8921
          84.7961
          113.909
          106.725
          75.9197
          89.687
          67.3728
          58.3973
          82.4122
          89.5853
          67.2469
          58.4131
          82.4158
          54.5356
          42.6278
          12.5762
          35.7008
          54.0286
          41.9778
          12.3636
          35.6255
          42.6278
          54.5356
          35.7008
          12.5762
          41.9778
          54.0286
          35.6255
          12.3636
          67.3728
          89.687
          82.4122
          58.3973
          67.2469
          89.5853
          82.4158
          58.4131
          65.4991
          50.0236
          41.2376
          58.3205
          65.42
          49.9114
          41.2564
          58.341
          43.9112
          36.5891
          12.4701
          26.7636
          43.3999
          35.9686
          12.015
          26.5621
          36.5891
          43.9112
          26.7636
          12.4701
          35.9686
          43.3999
          26.5621
          12.015
          50.0236
          65.4991
          58.3205
          41.2376
          49.9114
          65.42
          58.341
          41.2564
          41.2619
          32.5493
          23.5163
          33.7998
          40.9733
          32.308
          23.413
          33.6053
          33.9688
          31.1551
          16.1093
          20.633
          33.2704
          30.3682
          15.3266
          20.0618
          31.1551
          33.9688
          20.633
          16.1093
          30.3682
          33.2704
          20.0618
          15.3266
          32.5493
          41.2619
          33.7998
          23.5163
          32.308
          40.9733
          33.6053
          23.413
          19.8656
          16.6727
          13.0452
          16.1614
          19.3643
          16.3162
          12.9457
          15.82
          24.8245
          23.7043
          18.224
          19.4488
          23.8004
          22.7368
          17.2648
          18.4283
          23.7043
          24.8245
          19.4488
          18.224
          22.7368
          23.8004
          18.4283
          17.2648
          16.6727
          19.8656
          16.1614
          13.0452
          16.3162
          19.3643
          15.82
          12.9457
          384.829
          263.416
          319.478
          437.062
          380.124
          262.183
          304.645
          422.975
          174.901
          82.5694
          129.068
          208.692
          180.135
          101.422
          102.561
          189.47
          82.5694
          174.901
          208.692
          129.068
          101.422
          180.135
          189.47
          102.561
          263.416
          384.829
          437.062
          319.478
          262.183
          380.124
          422.975
          304.645
          457.631
          337.989
          322.554
          444.761
          466.767
          346.148
          329.871
          453.297
          229.014
          139.153
          97.7542
          204.649
          237.87
          146.746
          96.5126
          208.839
          139.153
          229.014
          204.649
          97.7542
          146.746
          237.87
          208.839
          96.5126
          337.989
          457.631
          444.761
          322.554
          346.148
          466.767
          453.297
          329.871
          429.652
          312.388
          303.443
          422.757
          429.667
          312.366
          303.994
          423.222
          212.97
          130.588
          89.1474
          190.275
          211.812
          128.467
          91.1901
          191.418
          130.588
          212.97
          190.275
          89.1474
          128.467
          211.812
          191.418
          91.1901
          312.388
          429.652
          422.757
          303.443
          312.366
          429.667
          423.222
          303.994
          408.197
          298.246
          287.515
          399.535
          407.627
          297.483
          287.788
          399.709
          204.28
          126.328
          82.9902
          180.048
          202.87
          124.149
          84.9843
          180.894
          126.328
          204.28
          180.048
          82.9902
          124.149
          202.87
          180.894
          84.9843
          298.246
          408.197
          399.535
          287.515
          297.483
          407.627
          399.709
          287.788
          382.83
          279.727
          269.459
          374.692
          382.546
          279.313
          269.9
          375.029
          192.306
          119.814
          76.8357
          168.412
          191.208
          117.944
          78.6592
          169.321
          119.814
          192.306
          168.412
          76.8357
          117.944
          191.208
          169.321
          78.6592
          279.727
          382.83
          374.692
          269.459
          279.313
          382.546
          375.029
          269.9
          358.558
          262.137
          251.783
          350.316
          358.271
          261.695
          252.217
          350.664
          180.801
          113.496
          70.7007
          156.966
          179.659
          111.586
          72.5052
          157.847
          113.496
          180.801
          156.966
          70.7007
          111.586
          179.659
          157.847
          72.5052
          262.137
          358.558
          350.316
          251.783
          261.695
          358.271
          350.664
          252.217
          334.119
          244.445
          234.114
          325.898
          333.816
          243.994
          234.535
          326.229
          169.378
          107.308
          64.5536
          145.556
          168.209
          105.377
          66.3207
          146.404
          107.308
          169.378
          145.556
          64.5536
          105.377
          168.209
          146.404
          66.3207
          244.445
          334.119
          325.898
          234.114
          243.994
          333.816
          326.229
          234.535
          309.714
          226.777
          216.442
          301.49
          309.401
          226.314
          216.852
          301.81
          157.939
          101.086
          58.4462
          134.16
          156.743
          99.1362
          60.1678
          134.971
          101.086
          157.939
          134.16
          58.4462
          99.1362
          156.743
          134.971
          60.1678
          226.777
          309.714
          301.49
          216.442
          226.314
          309.401
          301.81
          216.852
          285.302
          209.105
          198.775
          277.08
          284.98
          208.632
          199.173
          277.391
          146.52
          94.8766
          52.3763
          122.793
          145.295
          92.9089
          54.0432
          123.562
          94.8766
          146.52
          122.793
          52.3763
          92.9089
          145.295
          123.562
          54.0432
          209.105
          285.302
          277.08
          198.775
          208.632
          284.98
          277.391
          199.173
          260.897
          191.44
          181.114
          252.676
          260.563
          190.956
          181.5
          252.975
          135.123
          88.6759
          46.3611
          111.462
          133.865
          86.6885
          47.9603
          112.183
          88.6759
          135.123
          111.462
          46.3611
          86.6885
          133.865
          112.183
          47.9603
          191.44
          260.897
          252.676
          181.114
          190.956
          260.563
          252.975
          181.5
          236.496
          173.782
          163.461
          228.277
          236.15
          173.285
          163.833
          228.563
          123.753
          82.4865
          40.4246
          100.18
          122.459
          80.4784
          41.9366
          100.843
          82.4865
          123.753
          100.18
          40.4246
          80.4784
          122.459
          100.843
          41.9366
          173.782
          236.496
          228.277
          163.461
          173.285
          236.15
          228.563
          163.833
          212.101
          156.134
          145.82
          203.885
          211.742
          155.621
          146.174
          204.157
          112.418
          76.3109
          34.6075
          88.9651
          111.083
          74.2806
          36.0022
          89.5577
          76.3109
          112.418
          88.9651
          34.6075
          74.2806
          111.083
          89.5577
          36.0022
          156.134
          212.101
          203.885
          145.82
          155.621
          211.742
          204.157
          146.174
          187.715
          138.499
          128.196
          179.503
          187.34
          137.969
          128.529
          179.758
          101.132
          70.1528
          28.9817
          77.847
          99.7477
          68.0987
          30.2097
          78.351
          70.1528
          101.132
          77.847
          28.9817
          68.0987
          99.7477
          78.351
          30.2097
          138.499
          187.715
          179.503
          128.196
          137.969
          187.34
          179.758
          128.529
          163.343
          120.883
          110.595
          155.137
          162.948
          120.331
          110.902
          155.37
          89.9102
          64.0174
          23.6835
          66.8731
          88.4688
          61.9374
          24.6587
          67.2612
          64.0174
          89.9102
          66.8731
          23.6835
          61.9374
          88.4688
          67.2612
          24.6587
          120.883
          163.343
          155.137
          110.595
          120.331
          162.948
          155.37
          110.902
          138.99
          103.296
          93.0315
          130.791
          138.571
          102.716
          93.3042
          130.998
          78.7827
          57.9107
          18.9921
          56.1311
          77.2719
          55.8032
          19.5588
          56.3604
          57.9107
          78.7827
          56.1311
          18.9921
          55.8032
          77.2719
          56.3604
          19.5588
          103.296
          138.99
          130.791
          93.0315
          102.716
          138.571
          130.998
          93.3042
          114.672
          85.7563
          75.5371
          106.495
          114.221
          85.1368
          75.7571
          106.663
          67.7935
          51.848
          15.4575
          45.7723
          66.1944
          49.7074
          15.3543
          45.7718
          51.848
          67.7935
          45.7723
          15.4575
          49.7074
          66.1944
          45.7718
          15.3543
          85.7563
          114.672
          106.495
          75.5371
          85.1368
          114.221
          106.663
          75.7571
          90.412
          68.2901
          58.1395
          82.2517
          89.9115
          67.6233
          58.296
          82.3641
          57.0254
          45.8309
          14.024
          36.166
          55.3238
          43.6681
          12.9892
          35.8123
          45.8309
          57.0254
          36.166
          14.024
          43.6681
          55.3238
          35.8123
          12.9892
          68.2901
          90.412
          82.2517
          58.1395
          67.6233
          89.9115
          82.3641
          58.296
          66.2674
          51.0856
          41.2162
          58.2267
          65.7037
          50.3067
          41.1713
          58.2385
          46.6522
          39.8888
          15.1498
          28.0301
          44.7679
          37.6429
          13.2899
          27.1033
          39.8888
          46.6522
          28.0301
          15.1498
          37.6429
          44.7679
          27.1033
          13.2899
          51.0856
          66.2674
          58.2267
          41.2162
          50.3067
          65.7037
          58.2385
          41.1713
          42.0851
          33.5698
          23.4726
          33.9616
          41.5471
          32.8615
          23.6086
          34.0617
          36.7642
          34.3447
          19.3646
          23.0843
          34.8994
          32.2266
          17.223
          21.4886
          34.3447
          36.7642
          23.0843
          19.3646
          32.2266
          34.8994
          21.4886
          17.223
          33.5698
          42.0851
          33.9616
          23.4726
          32.8615
          41.5471
          34.0617
          23.6086
          25.0863
          20.9278
          17.8541
          22.1571
          21.3084
          17.8433
          14.5996
          18.2489
          31.1698
          29.785
          24.6426
          26.1769
          26.7678
          25.5641
          20.5065
          21.8651
          29.785
          31.1698
          26.1769
          24.6426
          25.5641
          26.7678
          21.8651
          20.5065
          20.9278
          25.0863
          22.1571
          17.8541
          17.8433
          21.3084
          18.2489
          14.5996
        </DataArray>
      </PointData>
    </Piece>
  </UnstructuredGrid>
</VTKFile>
