<?xml version="1.0"?>
<VTKFile type="UnstructuredGrid" version="0.1" byte_order="LittleEndian">
  <UnstructuredGrid>
    <Piece NumberOfPoints="525" NumberOfCells="320">
      <Points>
        <DataArray type="Float64" NumberOfComponents="3" format="ascii">
          5 5 100
          5 2.5 100
          5 0 100
          5 -2.5 100
          5 -5 100
          5 5 95
          5 2.5 95
          5 0 95
          5 -2.5 95
          5 -5 95
          5 5 90
          5 2.5 90
          5 0 90
          5 -2.5 90
          5 -5 90
          5 5 85
          5 2.5 85
          5 0 85
          5 -2.5 85
          5 -5 85
          5 5 80
          5 2.5 80
          5 0 80
          5 -2.5 80
          5 -5 80
          5 5 75
          5 2.5 75
          5 0 75
          5 -2.5 75
          5 -5 75
          5 5 70
          5 2.5 70
          5 0 70
          5 -2.5 70
          5 -5 70
          5 5 65
          5 2.5 65
          5 0 65
          5 -2.5 65
          5 -5 65
          5 5 60
          5 2.5 60
          5 0 60
          5 -2.5 60
          5 -5 60
          5 5 55
          5 2.5 55
          5 0 55
          5 -2.5 55
          5 -5 55
          5 5 50
          5 2.5 50
          5 0 50
          5 -2.5 50
          5 -5 50
          5 5 45
          5 2.5 45
          5 0 45
          5 -2.5 45
          5 -5 45
          5 5 40
          5 2.5 40
          5 0 40
          5 -2.5 40
          5 -5 40
          5 5 35
          5 2.5 35
          5 0 35
          5 -2.5 35
          5 -5 35
          5 5 30
          5 2.5 30
          5 0 30
          5 -2.5 30
          5 -5 30
          5 5 25
          5 2.5 25
          5 0 25
          5 -2.5 25
          5 -5 25
          5 5 20
          5 2.5 20
          5 0 20
          5 -2.5 20
          5 -5 20
          5 5 15
          5 2.5 15
          5 0 15
          5 -2.5 15
          5 -5 15
          5 5 10
          5 2.5 10
          5 0 10
          5 -2.5 10
          5 -5 10
          5 5 5
          5 2.5 5
          5 0 5
          5 -2.5 5
          5 -5 5
          5 5 0
          5 2.5 0
          5 0 0
          5 -2.5 0
          5 -5 0
          2.5 5 100
          2.5 2.5 100
          2.5 0 100
          2.5 -2.5 100
          2.5 -5 100
          2.5 5 95
          2.5 2.5 95
          2.5 0 95
          2.5 -2.5 95
          2.5 -5 95
          2.5 5 90
          2.5 2.5 90
          2.5 0 90
          2.5 -2.5 90
          2.5 -5 90
          2.5 5 85
          2.5 2.5 85
          2.5 0 85
          2.5 -2.5 85
          2.5 -5 85
          2.5 5 80
          2.5 2.5 80
          2.5 0 80
          2.5 -2.5 80
          2.5 -5 80
          2.5 5 75
          2.5 2.5 75
          2.5 0 75
          2.5 -2.5 75
          2.5 -5 75
          2.5 5 70
          2.5 2.5 70
          2.5 0 70
          2.5 -2.5 70
          2.5 -5 70
          2.5 5 65
          2.5 2.5 65
          2.5 0 65
          2.5 -2.5 65
          2.5 -5 65
          2.5 5 60
          2.5 2.5 60
          2.5 0 60
          2.5 -2.5 60
          2.5 -5 60
          2.5 5 55
          2.5 2.5 55
          2.5 0 55
          2.5 -2.5 55
          2.5 -5 55
          2.5 5 50
          2.5 2.5 50
          2.5 0 50
          2.5 -2.5 50
          2.5 -5 50
          2.5 5 45
          2.5 2.5 45
          2.5 0 45
          2.5 -2.5 45
          2.5 -5 45
          2.5 5 40
          2.5 2.5 40
          2.5 0 40
          2.5 -2.5 40
          2.5 -5 40
          2.5 5 35
          2.5 2.5 35
          2.5 0 35
          2.5 -2.5 35
          2.5 -5 35
          2.5 5 30
          2.5 2.5 30
          2.5 0 30
          2.5 -2.5 30
          2.5 -5 30
          2.5 5 25
          2.5 2.5 25
          2.5 0 25
          2.5 -2.5 25
          2.5 -5 25
          2.5 5 20
          2.5 2.5 20
          2.5 0 20
          2.5 -2.5 20
          2.5 -5 20
          2.5 5 15
          2.5 2.5 15
          2.5 0 15
          2.5 -2.5 15
          2.5 -5 15
          2.5 5 10
          2.5 2.5 10
          2.5 0 10
          2.5 -2.5 10
          2.5 -5 10
          2.5 5 5
          2.5 2.5 5
          2.5 0 5
          2.5 -2.5 5
          2.5 -5 5
          2.5 5 0
          2.5 2.5 0
          2.5 0 0
          2.5 -2.5 0
          2.5 -5 0
          0 5 100
          0 2.5 100
          0 0 100
          0 -2.5 100
          0 -5 100
          0 5 95
          0 2.5 95
          0 0 95
          0 -2.5 95
          0 -5 95
          0 5 90
          0 2.5 90
          0 0 90
          0 -2.5 90
          0 -5 90
          0 5 85
          0 2.5 85
          0 0 85
          0 -2.5 85
          0 -5 85
          0 5 80
          0 2.5 80
          0 0 80
          0 -2.5 80
          0 -5 80
          0 5 75
          0 2.5 75
          0 0 75
          0 -2.5 75
          0 -5 75
          0 5 70
          0 2.5 70
          0 0 70
          0 -2.5 70
          0 -5 70
          0 5 65
          0 2.5 65
          0 0 65
          0 -2.5 65
          0 -5 65
          0 5 60
          0 2.5 60
          0 0 60
          0 -2.5 60
          0 -5 60
          0 5 55
          0 2.5 55
          0 0 55
          0 -2.5 55
          0 -5 55
          0 5 50
          0 2.5 50
          0 0 50
          0 -2.5 50
          0 -5 50
          0 5 45
          0 2.5 45
          0 0 45
          0 -2.5 45
          0 -5 45
          0 5 40
          0 2.5 40
          0 0 40
          0 -2.5 40
          0 -5 40
          0 5 35
          0 2.5 35
          0 0 35
          0 -2.5 35
          0 -5 35
          0 5 30
          0 2.5 30
          0 0 30
          0 -2.5 30
          0 -5 30
          0 5 25
          0 2.5 25
          0 0 25
          0 -2.5 25
          0 -5 25
          0 5 20
          0 2.5 20
          0 0 20
          0 -2.5 20
          0 -5 20
          0 5 15
          0 2.5 15
          0 0 15
          0 -2.5 15
          0 -5 15
          0 5 10
          0 2.5 10
          0 0 10
          0 -2.5 10
          0 -5 10
          0 5 5
          0 2.5 5
          0 0 5
          0 -2.5 5
          0 -5 5
          0 5 0
          0 2.5 0
          0 0 0
          0 -2.5 0
          0 -5 0
          -2.5 5 100
          -2.5 2.5 100
          -2.5 0 100
          -2.5 -2.5 100
          -2.5 -5 100
          -2.5 5 95
          -2.5 2.5 95
          -2.5 0 95
          -2.5 -2.5 95
          -2.5 -5 95
          -2.5 5 90
          -2.5 2.5 90
          -2.5 0 90
          -2.5 -2.5 90
          -2.5 -5 90
          -2.5 5 85
          -2.5 2.5 85
          -2.5 0 85
          -2.5 -2.5 85
          -2.5 -5 85
          -2.5 5 80
          -2.5 2.5 80
          -2.5 0 80
          -2.5 -2.5 80
          -2.5 -5 80
          -2.5 5 75
          -2.5 2.5 75
          -2.5 0 75
          -2.5 -2.5 75
          -2.5 -5 75
          -2.5 5 70
          -2.5 2.5 70
          -2.5 0 70
          -2.5 -2.5 70
          -2.5 -5 70
          -2.5 5 65
          -2.5 2.5 65
          -2.5 0 65
          -2.5 -2.5 65
          -2.5 -5 65
          -2.5 5 60
          -2.5 2.5 60
          -2.5 0 60
          -2.5 -2.5 60
          -2.5 -5 60
          -2.5 5 55
          -2.5 2.5 55
          -2.5 0 55
          -2.5 -2.5 55
          -2.5 -5 55
          -2.5 5 50
          -2.5 2.5 50
          -2.5 0 50
          -2.5 -2.5 50
          -2.5 -5 50
          -2.5 5 45
          -2.5 2.5 45
          -2.5 0 45
          -2.5 -2.5 45
          -2.5 -5 45
          -2.5 5 40
          -2.5 2.5 40
          -2.5 0 40
          -2.5 -2.5 40
          -2.5 -5 40
          -2.5 5 35
          -2.5 2.5 35
          -2.5 0 35
          -2.5 -2.5 35
          -2.5 -5 35
          -2.5 5 30
          -2.5 2.5 30
          -2.5 0 30
          -2.5 -2.5 30
          -2.5 -5 30
          -2.5 5 25
          -2.5 2.5 25
          -2.5 0 25
          -2.5 -2.5 25
          -2.5 -5 25
          -2.5 5 20
          -2.5 2.5 20
          -2.5 0 20
          -2.5 -2.5 20
          -2.5 -5 20
          -2.5 5 15
          -2.5 2.5 15
          -2.5 0 15
          -2.5 -2.5 15
          -2.5 -5 15
          -2.5 5 10
          -2.5 2.5 10
          -2.5 0 10
          -2.5 -2.5 10
          -2.5 -5 10
          -2.5 5 5
          -2.5 2.5 5
          -2.5 0 5
          -2.5 -2.5 5
          -2.5 -5 5
          -2.5 5 0
          -2.5 2.5 0
          -2.5 0 0
          -2.5 -2.5 0
          -2.5 -5 0
          -5 5 100
          -5 2.5 100
          -5 0 100
          -5 -2.5 100
          -5 -5 100
          -5 5 95
          -5 2.5 95
          -5 0 95
          -5 -2.5 95
          -5 -5 95
          -5 5 90
          -5 2.5 90
          -5 0 90
          -5 -2.5 90
          -5 -5 90
          -5 5 85
          -5 2.5 85
          -5 0 85
          -5 -2.5 85
          -5 -5 85
          -5 5 80
          -5 2.5 80
          -5 0 80
          -5 -2.5 80
          -5 -5 80
          -5 5 75
          -5 2.5 75
          -5 0 75
          -5 -2.5 75
          -5 -5 75
          -5 5 70
          -5 2.5 70
          -5 0 70
          -5 -2.5 70
          -5 -5 70
          -5 5 65
          -5 2.5 65
          -5 0 65
          -5 -2.5 65
          -5 -5 65
          -5 5 60
          -5 2.5 60
          -5 0 60
          -5 -2.5 60
          -5 -5 60
          -5 5 55
          -5 2.5 55
          -5 0 55
          -5 -2.5 55
          -5 -5 55
          -5 5 50
          -5 2.5 50
          -5 0 50
          -5 -2.5 50
          -5 -5 50
          -5 5 45
          -5 2.5 45
          -5 0 45
          -5 -2.5 45
          -5 -5 45
          -5 5 40
          -5 2.5 40
          -5 0 40
          -5 -2.5 40
          -5 -5 40
          -5 5 35
          -5 2.5 35
          -5 0 35
          -5 -2.5 35
          -5 -5 35
          -5 5 30
          -5 2.5 30
          -5 0 30
          -5 -2.5 30
          -5 -5 30
          -5 5 25
          -5 2.5 25
          -5 0 25
          -5 -2.5 25
          -5 -5 25
          -5 5 20
          -5 2.5 20
          -5 0 20
          -5 -2.5 20
          -5 -5 20
          -5 5 15
          -5 2.5 15
          -5 0 15
          -5 -2.5 15
          -5 -5 15
          -5 5 10
          -5 2.5 10
          -5 0 10
          -5 -2.5 10
          -5 -5 10
          -5 5 5
          -5 2.5 5
          -5 0 5
          -5 -2.5 5
          -5 -5 5
          -5 5 0
          -5 2.5 0
          -5 0 0
          -5 -2.5 0
          -5 -5 0
        </DataArray>
      </Points>
      <Cells>
        <DataArray type="Int32" Name="connectivity" format="ascii">
          105
          106
          111
          110
          0
          1
          6
          5
          106
          107
          112
          111
          1
          2
          7
          6
          107
          108
          113
          112
          2
          3
          8
          7
          108
          109
          114
          113
          3
          4
          9
          8
          110
          111
          116
          115
          5
          6
          11
          10
          111
          112
          117
          116
          6
          7
          12
          11
          112
          113
          118
          117
          7
          8
          13
          12
          113
          114
          119
          118
          8
          9
          14
          13
          115
          116
          121
          120
          10
          11
          16
          15
          116
          117
          122
          121
          11
          12
          17
          16
          117
          118
          123
          122
          12
          13
          18
          17
          118
          119
          124
          123
          13
          14
          19
          18
          120
          121
          126
          125
          15
          16
          21
          20
          121
          122
          127
          126
          16
          17
          22
          21
          122
          123
          128
          127
          17
          18
          23
          22
          123
          124
          129
          128
          18
          19
          24
          23
          125
          126
          131
          130
          20
          21
          26
          25
          126
          127
          132
          131
          21
          22
          27
          26
          127
          128
          133
          132
          22
          23
          28
          27
          128
          129
          134
          133
          23
          24
          29
          28
          130
          131
          136
          135
          25
          26
          31
          30
          131
          132
          137
          136
          26
          27
          32
          31
          132
          133
          138
          137
          27
          28
          33
          32
          133
          134
          139
          138
          28
          29
          34
          33
          135
          136
          141
          140
          30
          31
          36
          35
          136
          137
          142
          141
          31
          32
          37
          36
          137
          138
          143
          142
          32
          33
          38
          37
          138
          139
          144
          143
          33
          34
          39
          38
          140
          141
          146
          145
          35
          36
          41
          40
          141
          142
          147
          146
          36
          37
          42
          41
          142
          143
          148
          147
          37
          38
          43
          42
          143
          144
          149
          148
          38
          39
          44
          43
          145
          146
          151
          150
          40
          41
          46
          45
          146
          147
          152
          151
          41
          42
          47
          46
          147
          148
          153
          152
          42
          43
          48
          47
          148
          149
          154
          153
          43
          44
          49
          48
          150
          151
          156
          155
          45
          46
          51
          50
          151
          152
          157
          156
          46
          47
          52
          51
          152
          153
          158
          157
          47
          48
          53
          52
          153
          154
          159
          158
          48
          49
          54
          53
          155
          156
          161
          160
          50
          51
          56
          55
          156
          157
          162
          161
          51
          52
          57
          56
          157
          158
          163
          162
          52
          53
          58
          57
          158
          159
          164
          163
          53
          54
          59
          58
          160
          161
          166
          165
          55
          56
          61
          60
          161
          162
          167
          166
          56
          57
          62
          61
          162
          163
          168
          167
          57
          58
          63
          62
          163
          164
          169
          168
          58
          59
          64
          63
          165
          166
          171
          170
          60
          61
          66
          65
          166
          167
          172
          171
          61
          62
          67
          66
          167
          168
          173
          172
          62
          63
          68
          67
          168
          169
          174
          173
          63
          64
          69
          68
          170
          171
          176
          175
          65
          66
          71
          70
          171
          172
          177
          176
          66
          67
          72
          71
          172
          173
          178
          177
          67
          68
          73
          72
          173
          174
          179
          178
          68
          69
          74
          73
          175
          176
          181
          180
          70
          71
          76
          75
          176
          177
          182
          181
          71
          72
          77
          76
          177
          178
          183
          182
          72
          73
          78
          77
          178
          179
          184
          183
          73
          74
          79
          78
          180
          181
          186
          185
          75
          76
          81
          80
          181
          182
          187
          186
          76
          77
          82
          81
          182
          183
          188
          187
          77
          78
          83
          82
          183
          184
          189
          188
          78
          79
          84
          83
          185
          186
          191
          190
          80
          81
          86
          85
          186
          187
          192
          191
          81
          82
          87
          86
          187
          188
          193
          192
          82
          83
          88
          87
          188
          189
          194
          193
          83
          84
          89
          88
          190
          191
          196
          195
          85
          86
          91
          90
          191
          192
          197
          196
          86
          87
          92
          91
          192
          193
          198
          197
          87
          88
          93
          92
          193
          194
          199
          198
          88
          89
          94
          93
          195
          196
          201
          200
          90
          91
          96
          95
          196
          197
          202
          201
          91
          92
          97
          96
          197
          198
          203
          202
          92
          93
          98
          97
          198
          199
          204
          203
          93
          94
          99
          98
          200
          201
          206
          205
          95
          96
          101
          100
          201
          202
          207
          206
          96
          97
          102
          101
          202
          203
          208
          207
          97
          98
          103
          102
          203
          204
          209
          208
          98
          99
          104
          103
          210
          211
          216
          215
          105
          106
          111
          110
          211
          212
          217
          216
          106
          107
          112
          111
          212
          213
          218
          217
          107
          108
          113
          112
          213
          214
          219
          218
          108
          109
          114
          113
          215
          216
          221
          220
          110
          111
          116
          115
          216
          217
          222
          221
          111
          112
          117
          116
          217
          218
          223
          222
          112
          113
          118
          117
          218
          219
          224
          223
          113
          114
          119
          118
          220
          221
          226
          225
          115
          116
          121
          120
          221
          222
          227
          226
          116
          117
          122
          121
          222
          223
          228
          227
          117
          118
          123
          122
          223
          224
          229
          228
          118
          119
          124
          123
          225
          226
          231
          230
          120
          121
          126
          125
          226
          227
          232
          231
          121
          122
          127
          126
          227
          228
          233
          232
          122
          123
          128
          127
          228
          229
          234
          233
          123
          124
          129
          128
          230
          231
          236
          235
          125
          126
          131
          130
          231
          232
          237
          236
          126
          127
          132
          131
          232
          233
          238
          237
          127
          128
          133
          132
          233
          234
          239
          238
          128
          129
          134
          133
          235
          236
          241
          240
          130
          131
          136
          135
          236
          237
          242
          241
          131
          132
          137
          136
          237
          238
          243
          242
          132
          133
          138
          137
          238
          239
          244
          243
          133
          134
          139
          138
          240
          241
          246
          245
          135
          136
          141
          140
          241
          242
          247
          246
          136
          137
          142
          141
          242
          243
          248
          247
          137
          138
          143
          142
          243
          244
          249
          248
          138
          139
          144
          143
          245
          246
          251
          250
          140
          141
          146
          145
          246
          247
          252
          251
          141
          142
          147
          146
          247
          248
          253
          252
          142
          143
          148
          147
          248
          249
          254
          253
          143
          144
          149
          148
          250
          251
          256
          255
          145
          146
          151
          150
          251
          252
          257
          256
          146
          147
          152
          151
          252
          253
          258
          257
          147
          148
          153
          152
          253
          254
          259
          258
          148
          149
          154
          153
          255
          256
          261
          260
          150
          151
          156
          155
          256
          257
          262
          261
          151
          152
          157
          156
          257
          258
          263
          262
          152
          153
          158
          157
          258
          259
          264
          263
          153
          154
          159
          158
          260
          261
          266
          265
          155
          156
          161
          160
          261
          262
          267
          266
          156
          157
          162
          161
          262
          263
          268
          267
          157
          158
          163
          162
          263
          264
          269
          268
          158
          159
          164
          163
          265
          266
          271
          270
          160
          161
          166
          165
          266
          267
          272
          271
          161
          162
          167
          166
          267
          268
          273
          272
          162
          163
          168
          167
          268
          269
          274
          273
          163
          164
          169
          168
          270
          271
          276
          275
          165
          166
          171
          170
          271
          272
          277
          276
          166
          167
          172
          171
          272
          273
          278
          277
          167
          168
          173
          172
          273
          274
          279
          278
          168
          169
          174
          173
          275
          276
          281
          280
          170
          171
          176
          175
          276
          277
          282
          281
          171
          172
          177
          176
          277
          278
          283
          282
          172
          173
          178
          177
          278
          279
          284
          283
          173
          174
          179
          178
          280
          281
          286
          285
          175
          176
          181
          180
          281
          282
          287
          286
          176
          177
          182
          181
          282
          283
          288
          287
          177
          178
          183
          182
          283
          284
          289
          288
          178
          179
          184
          183
          285
          286
          291
          290
          180
          181
          186
          185
          286
          287
          292
          291
          181
          182
          187
          186
          287
          288
          293
          292
          182
          183
          188
          187
          288
          289
          294
          293
          183
          184
          189
          188
          290
          291
          296
          295
          185
          186
          191
          190
          291
          292
          297
          296
          186
          187
          192
          191
          292
          293
          298
          297
          187
          188
          193
          192
          293
          294
          299
          298
          188
          189
          194
          193
          295
          296
          301
          300
          190
          191
          196
          195
          296
          297
          302
          301
          191
          192
          197
          196
          297
          298
          303
          302
          192
          193
          198
          197
          298
          299
          304
          303
          193
          194
          199
          198
          300
          301
          306
          305
          195
          196
          201
          200
          301
          302
          307
          306
          196
          197
          202
          201
          302
          303
          308
          307
          197
          198
          203
          202
          303
          304
          309
          308
          198
          199
          204
          203
          305
          306
          311
          310
          200
          201
          206
          205
          306
          307
          312
          311
          201
          202
          207
          206
          307
          308
          313
          312
          202
          203
          208
          207
          308
          309
          314
          313
          203
          204
          209
          208
          315
          316
          321
          320
          210
          211
          216
          215
          316
          317
          322
          321
          211
          212
          217
          216
          317
          318
          323
          322
          212
          213
          218
          217
          318
          319
          324
          323
          213
          214
          219
          218
          320
          321
          326
          325
          215
          216
          221
          220
          321
          322
          327
          326
          216
          217
          222
          221
          322
          323
          328
          327
          217
          218
          223
          222
          323
          324
          329
          328
          218
          219
          224
          223
          325
          326
          331
          330
          220
          221
          226
          225
          326
          327
          332
          331
          221
          222
          227
          226
          327
          328
          333
          332
          222
          223
          228
          227
          328
          329
          334
          333
          223
          224
          229
          228
          330
          331
          336
          335
          225
          226
          231
          230
          331
          332
          337
          336
          226
          227
          232
          231
          332
          333
          338
          337
          227
          228
          233
          232
          333
          334
          339
          338
          228
          229
          234
          233
          335
          336
          341
          340
          230
          231
          236
          235
          336
          337
          342
          341
          231
          232
          237
          236
          337
          338
          343
          342
          232
          233
          238
          237
          338
          339
          344
          343
          233
          234
          239
          238
          340
          341
          346
          345
          235
          236
          241
          240
          341
          342
          347
          346
          236
          237
          242
          241
          342
          343
          348
          347
          237
          238
          243
          242
          343
          344
          349
          348
          238
          239
          244
          243
          345
          346
          351
          350
          240
          241
          246
          245
          346
          347
          352
          351
          241
          242
          247
          246
          347
          348
          353
          352
          242
          243
          248
          247
          348
          349
          354
          353
          243
          244
          249
          248
          350
          351
          356
          355
          245
          246
          251
          250
          351
          352
          357
          356
          246
          247
          252
          251
          352
          353
          358
          357
          247
          248
          253
          252
          353
          354
          359
          358
          248
          249
          254
          253
          355
          356
          361
          360
          250
          251
          256
          255
          356
          357
          362
          361
          251
          252
          257
          256
          357
          358
          363
          362
          252
          253
          258
          257
          358
          359
          364
          363
          253
          254
          259
          258
          360
          361
          366
          365
          255
          256
          261
          260
          361
          362
          367
          366
          256
          257
          262
          261
          362
          363
          368
          367
          257
          258
          263
          262
          363
          364
          369
          368
          258
          259
          264
          263
          365
          366
          371
          370
          260
          261
          266
          265
          366
          367
          372
          371
          261
          262
          267
          266
          367
          368
          373
          372
          262
          263
          268
          267
          368
          369
          374
          373
          263
          264
          269
          268
          370
          371
          376
          375
          265
          266
          271
          270
          371
          372
          377
          376
          266
          267
          272
          271
          372
          373
          378
          377
          267
          268
          273
          272
          373
          374
          379
          378
          268
          269
          274
          273
          375
          376
          381
          380
          270
          271
          276
          275
          376
          377
          382
          381
          271
          272
          277
          276
          377
          378
          383
          382
          272
          273
          278
          277
          378
          379
          384
          383
          273
          274
          279
          278
          380
          381
          386
          385
          275
          276
          281
          280
          381
          382
          387
          386
          276
          277
          282
          281
          382
          383
          388
          387
          277
          278
          283
          282
          383
          384
          389
          388
          278
          279
          284
          283
          385
          386
          391
          390
          280
          281
          286
          285
          386
          387
          392
          391
          281
          282
          287
          286
          387
          388
          393
          392
          282
          283
          288
          287
          388
          389
          394
          393
          283
          284
          289
          288
          390
          391
          396
          395
          285
          286
          291
          290
          391
          392
          397
          396
          286
          287
          292
          291
          392
          393
          398
          397
          287
          288
          293
          292
          393
          394
          399
          398
          288
          289
          294
          293
          395
          396
          401
          400
          290
          291
          296
          295
          396
          397
          402
          401
          291
          292
          297
          296
          397
          398
          403
          402
          292
          293
          298
          297
          398
          399
          404
          403
          293
          294
          299
          298
          400
          401
          406
          405
          295
          296
          301
          300
          401
          402
          407
          406
          296
          297
          302
          301
          402
          403
          408
          407
          297
          298
          303
          302
          403
          404
          409
          408
          298
          299
          304
          303
          405
          406
          411
          410
          300
          301
          306
          305
          406
          407
          412
          411
          301
          302
          307
          306
          407
          408
          413
          412
          302
          303
          308
          307
          408
          409
          414
          413
          303
          304
          309
          308
          410
          411
          416
          415
          305
          306
          311
          310
          411
          412
          417
          416
          306
          307
          312
          311
          412
          413
          418
          417
          307
          308
          313
          312
          413
          414
          419
          418
          308
          309
          314
          313
          420
          421
          426
          425
          315
          316
          321
          320
          421
          422
          427
          426
          316
          317
          322
          321
          422
          423
          428
          427
          317
          318
          323
          322
          423
          424
          429
          428
          318
          319
          324
          323
          425
          426
          431
          430
          320
          321
          326
          325
          426
          427
          432
          431
          321
          322
          327
          326
          427
          428
          433
          432
          322
          323
          328
          327
          428
          429
          434
          433
          323
          324
          329
          328
          430
          431
          436
          435
          325
          326
          331
          330
          431
          432
          437
          436
          326
          327
          332
          331
          432
          433
          438
          437
          327
          328
          333
          332
          433
          434
          439
          438
          328
          329
          334
          333
          435
          436
          441
          440
          330
          331
          336
          335
          436
          437
          442
          441
          331
          332
          337
          336
          437
          438
          443
          442
          332
          333
          338
          337
          438
          439
          444
          443
          333
          334
          339
          338
          440
          441
          446
          445
          335
          336
          341
          340
          441
          442
          447
          446
          336
          337
          342
          341
          442
          443
          448
          447
          337
          338
          343
          342
          443
          444
          449
          448
          338
          339
          344
          343
          445
          446
          451
          450
          340
          341
          346
          345
          446
          447
          452
          451
          341
          342
          347
          346
          447
          448
          453
          452
          342
          343
          348
          347
          448
          449
          454
          453
          343
          344
          349
          348
          450
          451
          456
          455
          345
          346
          351
          350
          451
          452
          457
          456
          346
          347
          352
          351
          452
          453
          458
          457
          347
          348
          353
          352
          453
          454
          459
          458
          348
          349
          354
          353
          455
          456
          461
          460
          350
          351
          356
          355
          456
          457
          462
          461
          351
          352
          357
          356
          457
          458
          463
          462
          352
          353
          358
          357
          458
          459
          464
          463
          353
          354
          359
          358
          460
          461
          466
          465
          355
          356
          361
          360
          461
          462
          467
          466
          356
          357
          362
          361
          462
          463
          468
          467
          357
          358
          363
          362
          463
          464
          469
          468
          358
          359
          364
          363
          465
          466
          471
          470
          360
          361
          366
          365
          466
          467
          472
          471
          361
          362
          367
          366
          467
          468
          473
          472
          362
          363
          368
          367
          468
          469
          474
          473
          363
          364
          369
          368
          470
          471
          476
          475
          365
          366
          371
          370
          471
          472
          477
          476
          366
          367
          372
          371
          472
          473
          478
          477
          367
          368
          373
          372
          473
          474
          479
          478
          368
          369
          374
          373
          475
          476
          481
          480
          370
          371
          376
          375
          476
          477
          482
          481
          371
          372
          377
          376
          477
          478
          483
          482
          372
          373
          378
          377
          478
          479
          484
          483
          373
          374
          379
          378
          480
          481
          486
          485
          375
          376
          381
          380
          481
          482
          487
          486
          376
          377
          382
          381
          482
          483
          488
          487
          377
          378
          383
          382
          483
          484
          489
          488
          378
          379
          384
          383
          485
          486
          491
          490
          380
          381
          386
          385
          486
          487
          492
          491
          381
          382
          387
          386
          487
          488
          493
          492
          382
          383
          388
          387
          488
          489
          494
          493
          383
          384
          389
          388
          490
          491
          496
          495
          385
          386
          391
          390
          491
          492
          497
          496
          386
          387
          392
          391
          492
          493
          498
          497
          387
          388
          393
          392
          493
          494
          499
          498
          388
          389
          394
          393
          495
          496
          501
          500
          390
          391
          396
          395
          496
          497
          502
          501
          391
          392
          397
          396
          497
          498
          503
          502
          392
          393
          398
          397
          498
          499
          504
          503
          393
          394
          399
          398
          500
          501
          506
          505
          395
          396
          401
          400
          501
          502
          507
          506
          396
          397
          402
          401
          502
          503
          508
          507
          397
          398
          403
          402
          503
          504
          509
          508
          398
          399
          404
          403
          505
          506
          511
          510
          400
          401
          406
          405
          506
          507
          512
          511
          401
          402
          407
          406
          507
          508
          513
          512
          402
          403
          408
          407
          508
          509
          514
          513
          403
          404
          409
          408
          510
          511
          516
          515
          405
          406
          411
          410
          511
          512
          517
          516
          406
          407
          412
          411
          512
          513
          518
          517
          407
          408
          413
          412
          513
          514
          519
          518
          408
          409
          414
          413
          515
          516
          521
          520
          410
          411
          416
          415
          516
          517
          522
          521
          411
          412
          417
          416
          517
          518
          523
          522
          412
          413
          418
          417
          518
          519
          524
          523
          413
          414
          419
          418
        </DataArray>
        <DataArray type="Int32" Name="offsets" format="ascii">
          8
          16
          24
          32
          40
          48
          56
          64
          72
          80
          88
          96
          104
          112
          120
          128
          136
          144
          152
          160
          168
          176
          184
          192
          200
          208
          216
          224
          232
          240
          248
          256
          264
          272
          280
          288
          296
          304
          312
          320
          328
          336
          344
          352
          360
          368
          376
          384
          392
          400
          408
          416
          424
          432
          440
          448
          456
          464
          472
          480
          488
          496
          504
          512
          520
          528
          536
          544
          552
          560
          568
          576
          584
          592
          600
          608
          616
          624
          632
          640
          648
          656
          664
          672
          680
          688
          696
          704
          712
          720
          728
          736
          744
          752
          760
          768
          776
          784
          792
          800
          808
          816
          824
          832
          840
          848
          856
          864
          872
          880
          888
          896
          904
          912
          920
          928
          936
          944
          952
          960
          968
          976
          984
          992
          1000
          1008
          1016
          1024
          1032
          1040
          1048
          1056
          1064
          1072
          1080
          1088
          1096
          1104
          1112
          1120
          1128
          1136
          1144
          1152
          1160
          1168
          1176
          1184
          1192
          1200
          1208
          1216
          1224
          1232
          1240
          1248
          1256
          1264
          1272
          1280
          1288
          1296
          1304
          1312
          1320
          1328
          1336
          1344
          1352
          1360
          1368
          1376
          1384
          1392
          1400
          1408
          1416
          1424
          1432
          1440
          1448
          1456
          1464
          1472
          1480
          1488
          1496
          1504
          1512
          1520
          1528
          1536
          1544
          1552
          1560
          1568
          1576
          1584
          1592
          1600
          1608
          1616
          1624
          1632
          1640
          1648
          1656
          1664
          1672
          1680
          1688
          1696
          1704
          1712
          1720
          1728
          1736
          1744
          1752
          1760
          1768
          1776
          1784
          1792
          1800
          1808
          1816
          1824
          1832
          1840
          1848
          1856
          1864
          1872
          1880
          1888
          1896
          1904
          1912
          1920
          1928
          1936
          1944
          1952
          1960
          1968
          1976
          1984
          1992
          2000
          2008
          2016
          2024
          2032
          2040
          2048
          2056
          2064
          2072
          2080
          2088
          2096
          2104
          2112
          2120
          2128
          2136
          2144
          2152
          2160
          2168
          2176
          2184
          2192
          2200
          2208
          2216
          2224
          2232
          2240
          2248
          2256
          2264
          2272
          2280
          2288
          2296
          2304
          2312
          2320
          2328
          2336
          2344
          2352
          2360
          2368
          2376
          2384
          2392
          2400
          2408
          2416
          2424
          2432
          2440
          2448
          2456
          2464
          2472
          2480
          2488
          2496
          2504
          2512
          2520
          2528
          2536
          2544
          2552
          2560
        </DataArray>
        <DataArray type="UInt8" Name="types" format="ascii">
          12
          12
          12
          12
          12
          12
          12
          12
          12
          12
          12
          12
          12
          12
          12
          12
          12
          12
          12
          12
          12
          12
          12
          12
          12
          12
          12
          12
          12
          12
          12
          12
          12
          12
          12
          12
          12
          12
          12
          12
          12
          12
          12
          12
          12
          12
          12
          12
          12
          12
          12
          12
          12
          12
          12
          12
          12
          12
          12
          12
          12
          12
          12
          12
          12
          12
          12
          12
          12
          12
          12
          12
          12
          12
          12
          12
          12
          12
          12
          12
          12
          12
          12
          12
          12
          12
          12
          12
          12
          12
          12
          12
          12
          12
          12
          12
          12
          12
          12
          12
          12
          12
          12
          12
          12
          12
          12
          12
          12
          12
          12
          12
          12
          12
          12
          12
          12
          12
          12
          12
          12
          12
          12
          12
          12
          12
          12
          12
          12
          12
          12
          12
          12
          12
          12
          12
          12
          12
          12
          12
          12
          12
          12
          12
          12
          12
          12
          12
          12
          12
          12
          12
          12
          12
          12
          12
          12
          12
          12
          12
          12
          12
          12
          12
          12
          12
          12
          12
          12
          12
          12
          12
          12
          12
          12
          12
          12
          12
          12
          12
          12
          12
          12
          12
          12
          12
          12
          12
          12
          12
          12
          12
          12
          12
          12
          12
          12
          12
          12
          12
          12
          12
          12
          12
          12
          12
          12
          12
          12
          12
          12
          12
          12
          12
          12
          12
          12
          12
          12
          12
          12
          12
          12
          12
          12
          12
          12
          12
          12
          12
          12
          12
          12
          12
          12
          12
          12
          12
          12
          12
          12
          12
          12
          12
          12
          12
          12
          12
          12
          12
          12
          12
          12
          12
          12
          12
          12
          12
          12
          12
          12
          12
          12
          12
          12
          12
          12
          12
          12
          12
          12
          12
          12
          12
          12
          12
          12
          12
          12
          12
          12
          12
          12
          12
          12
          12
          12
          12
          12
          12
          12
          12
          12
          12
          12
          12
          12
          12
          12
          12
          12
          12
          12
          12
          12
          12
          12
          12
          12
          12
          12
          12
          12
          12
          12
          12
          12
          12
          12
          12
        </DataArray>
      </Cells>
      <PointData>
        <DataArray type="Float64" Name="Displacement" NumberOfComponents="3" format="ascii">
          0 0 0 
          0 0 0 
          0 0 0 
          0 0 0 
          0 0 0 
          -0.0037831 -0.00665661 -0.0117377 
          -0.00188422 -0.00500797 -0.00571816 
          -4.13471e-15 -0.00448645 -6.6979e-15 
          0.00188422 -0.00500797 0.00571816 
          0.0037831 -0.00665661 0.0117377 
          -0.0035621 -0.0242774 -0.0233679 
          -0.00177541 -0.0230572 -0.0116169 
          -1.34072e-14 -0.022625 -1.44716e-14 
          0.00177541 -0.0230572 0.0116169 
          0.0035621 -0.0242774 0.0233679 
          -0.00335361 -0.0540242 -0.0346669 
          -0.00165317 -0.0527863 -0.0172221 
          -3.00184e-14 -0.0523851 -2.25611e-14 
          0.00165317 -0.0527863 0.0172221 
          0.00335361 -0.0540242 0.0346669 
          -0.00314157 -0.094679 -0.0453357 
          -0.00155478 -0.0935279 -0.0225641 
          -5.41327e-14 -0.0931416 -3.08909e-14 
          0.00155478 -0.0935279 0.0225641 
          0.00314157 -0.094679 0.0453357 
          -0.00294937 -0.145674 -0.0553463 
          -0.00145824 -0.144593 -0.0275696 
          -8.60085e-14 -0.144234 -3.95379e-14 
          0.00145824 -0.144593 0.0275696 
          0.00294937 -0.145674 0.0553463 
          -0.00275238 -0.206357 -0.0647118 
          -0.00136111 -0.205348 -0.0322521 
          -1.25998e-13 -0.205012 -4.84709e-14 
          0.00136111 -0.205348 0.0322521 
          0.00275238 -0.206357 0.0647118 
          -0.00255578 -0.276082 -0.0734314 
          -0.00126385 -0.275145 -0.0366119 
          -1.74428e-13 -0.274834 -5.77557e-14 
          0.00126385 -0.275145 0.0366119 
          0.00255578 -0.276082 0.0734314 
          -0.00235917 -0.354204 -0.0815052 
          -0.00116663 -0.35334 -0.0406488 
          -2.31747e-13 -0.353052 -6.7141e-14 
          0.00116663 -0.35334 0.0406488 
          0.00235917 -0.354204 0.0815052 
          -0.00216258 -0.440077 -0.0889331 
          -0.00106941 -0.439285 -0.0443627 
          -2.97864e-13 -0.439021 -7.68898e-14 
          0.00106941 -0.439285 0.0443627 
          0.00216258 -0.440077 0.0889331 
          -0.00196598 -0.533055 -0.095715 
          -0.000972194 -0.532335 -0.0477537 
          -3.73375e-13 -0.532095 -8.67125e-14 
          0.000972194 -0.532335 0.0477537 
          0.00196598 -0.533055 0.095715 
          -0.00176938 -0.632492 -0.101851 
          -0.000874974 -0.631844 -0.0508218 
          -4.58312e-13 -0.631628 -9.61709e-14 
          0.000874974 -0.631844 0.0508218 
          0.00176938 -0.632492 0.101851 
          -0.00157278 -0.737742 -0.107341 
          -0.000777755 -0.737166 -0.0535668 
          -5.51599e-13 -0.736974 -1.05131e-13 
          0.000777755 -0.737166 0.0535668 
          0.00157278 -0.737742 0.107341 
          -0.00137619 -0.848159 -0.112186 
          -0.000680536 -0.847655 -0.055989 
          -6.53264e-13 -0.847487 -1.1334e-13 
          0.000680536 -0.847655 0.055989 
          0.00137619 -0.848159 0.112186 
          -0.00117959 -0.963098 -0.116384 
          -0.000583314 -0.962665 -0.0580882 
          -7.61453e-13 -0.962522 -1.20563e-13 
          0.000583314 -0.962665 0.0580882 
          0.00117959 -0.963098 0.116384 
          -0.000982968 -1.08191 -0.119936 
          -0.000486112 -1.08155 -0.0598644 
          -8.76282e-13 -1.08143 -1.2665e-13 
          0.000486112 -1.08155 0.0598644 
          0.000982968 -1.08191 0.119936 
          -0.00078648 -1.20396 -0.122843 
          -0.000388788 -1.20367 -0.0613177 
          -9.96481e-13 -1.20357 -1.31589e-13 
          0.000388788 -1.20367 0.0613177 
          0.00078648 -1.20396 0.122843 
          -0.000589482 -1.32858 -0.125104 
          -0.000291998 -1.32837 -0.0624477 
          -1.12076e-12 -1.32829 -1.34623e-13 
          0.000291998 -1.32837 0.0624477 
          0.000589482 -1.32858 0.125104 
          -0.000394704 -1.45515 -0.126715 
          -0.000194346 -1.455 -0.0632583 
          -1.24623e-12 -1.45495 -1.36574e-13 
          0.000194346 -1.455 0.0632583 
          0.000394704 -1.45515 0.126715 
          -0.000193821 -1.58297 -0.12769 
          -9.23085e-05 -1.58293 -0.0637221 
          -1.37272e-12 -1.58292 -1.37665e-13 
          9.23085e-05 -1.58293 0.0637221 
          0.000193821 -1.58297 0.12769 
          6.96833e-05 -1.71177 -0.128078 
          4.91933e-06 -1.71161 -0.0639015 
          -1.49948e-12 -1.71154 -1.37676e-13 
          -4.91934e-06 -1.71161 0.0639015 
          -6.96833e-05 -1.71177 0.128078 
          0 0 0 
          0 0 0 
          0 0 0 
          0 0 0 
          0 0 0 
          -0.00174541 -0.00796896 -0.0113221 
          -0.000879387 -0.00627455 -0.0053844 
          -3.04452e-15 -0.00574493 -3.54212e-15 
          0.000879387 -0.00627455 0.0053844 
          0.00174541 -0.00796896 0.0113221 
          -0.00182849 -0.0256489 -0.0234205 
          -0.000919719 -0.0243908 -0.0116562 
          -1.25324e-14 -0.0239423 -7.96331e-15 
          0.000919719 -0.0243908 0.0116562 
          0.00182849 -0.0256489 0.0234205 
          -0.00166464 -0.0552794 -0.0347193 
          -0.000825498 -0.054044 -0.017266 
          -2.90636e-14 -0.0536397 -1.23496e-14 
          0.000825498 -0.054044 0.017266 
          0.00166464 -0.0552794 0.0347193 
          -0.00156781 -0.0958638 -0.0453793 
          -0.000779676 -0.0947053 -0.0225974 
          -5.31463e-14 -0.094314 -1.6888e-14 
          0.000779676 -0.0947053 0.0225974 
          0.00156781 -0.0958638 0.0453793 
          -0.00147077 -0.146784 -0.0553889 
          -0.000731343 -0.145698 -0.0276035 
          -8.49407e-14 -0.145334 -2.15326e-14 
          0.000731343 -0.145698 0.0276035 
          0.00147077 -0.146784 0.0553889 
          -0.00137283 -0.207393 -0.064755 
          -0.000682615 -0.206379 -0.0322861 
          -1.24972e-13 -0.206039 -2.63485e-14 
          0.000682615 -0.206379 0.0322861 
          0.00137283 -0.207393 0.064755 
          -0.00127469 -0.277044 -0.0734746 
          -0.000633829 -0.276103 -0.036646 
          -1.73318e-13 -0.275787 -3.12711e-14 
          0.000633829 -0.276103 0.036646 
          0.00127469 -0.277044 0.0734746 
          -0.00117665 -0.355093 -0.0815484 
          -0.000585074 -0.354223 -0.0406828 
          -2.30496e-13 -0.353932 -3.62778e-14 
          0.000585074 -0.354223 0.0406828 
          0.00117665 -0.355093 0.0815484 
          -0.0010786 -0.440891 -0.0889763 
          -0.000536319 -0.440095 -0.0443968 
          -2.96764e-13 -0.439827 -4.14102e-14 
          0.000536319 -0.440095 0.0443968 
          0.0010786 -0.440891 0.0889763 
          -0.000980543 -0.533795 -0.0957582 
          -0.000487562 -0.533071 -0.0477878 
          -3.72254e-13 -0.532828 -4.673e-14 
          0.000487562 -0.533071 0.0477878 
          0.000980543 -0.533795 0.0957582 
          -0.000882489 -0.633158 -0.101894 
          -0.000438806 -0.632506 -0.0508558 
          -4.57245e-13 -0.632288 -5.17504e-14 
          0.000438806 -0.632506 0.0508558 
          0.000882489 -0.633158 0.101894 
          -0.000784434 -0.738334 -0.107384 
          -0.00039005 -0.737755 -0.0536009 
          -5.5091e-13 -0.73756 -5.65006e-14 
          0.00039005 -0.737755 0.0536009 
          0.000784434 -0.738334 0.107384 
          -0.00068638 -0.848677 -0.112229 
          -0.000341293 -0.84817 -0.056023 
          -6.52176e-13 -0.848 -6.09644e-14 
          0.000341293 -0.84817 0.056023 
          0.00068638 -0.848677 0.112229 
          -0.000588325 -0.963542 -0.116427 
          -0.000292539 -0.963107 -0.0581222 
          -7.61051e-13 -0.962962 -6.49097e-14 
          0.000292539 -0.963107 0.0581222 
          0.000588325 -0.963542 0.116427 
          -0.000490273 -1.08228 -0.11998 
          -0.000243777 -1.08192 -0.0598984 
          -8.75397e-13 -1.0818 -6.82011e-14 
          0.000243777 -1.08192 0.0598984 
          0.000490273 -1.08228 0.11998 
          -0.000392204 -1.20425 -0.122886 
          -0.000195014 -1.20396 -0.0613517 
          -9.9639e-13 -1.20386 -7.0759e-14 
          0.000195014 -1.20396 0.0613517 
          0.000392204 -1.20425 0.122886 
          -0.00029412 -1.3288 -0.125147 
          -0.000146332 -1.32859 -0.0624819 
          -1.1208e-12 -1.32851 -7.24581e-14 
          0.000146332 -1.32859 0.0624819 
          0.00029412 -1.3288 0.125147 
          -0.000197561 -1.4553 -0.126761 
          -9.79476e-05 -1.45515 -0.0632917 
          -1.24664e-12 -1.4551 -7.35522e-14 
          9.79476e-05 -1.45515 0.0632917 
          0.000197561 -1.4553 0.126761 
          -9.09835e-05 -1.58307 -0.127732 
          -4.4556e-05 -1.58301 -0.063762 
          -1.37262e-12 -1.583 -7.43093e-14 
          4.4556e-05 -1.58301 0.063762 
          9.09835e-05 -1.58307 0.127732 
          3.78439e-05 -1.71158 -0.128093 
          -4.51515e-06 -1.71149 -0.0639383 
          -1.49937e-12 -1.71144 -7.44074e-14 
          4.51515e-06 -1.71149 0.0639383 
          -3.78439e-05 -1.71158 0.128093 
          0 0 0 
          0 0 0 
          0 0 0 
          0 0 0 
          0 0 0 
          -1.97116e-14 -0.00836465 -0.0113617 
          -1.1345e-14 -0.00662581 -0.00534725 
          -2.63513e-15 -0.00609087 -5.98329e-16 
          6.47285e-15 -0.00662581 0.00534725 
          1.62592e-14 -0.00836465 0.0113617 
          -4.73926e-14 -0.0260952 -0.0233653 
          -3.00641e-14 -0.0248432 -0.0116267 
          -1.21396e-14 -0.0243887 -1.34056e-15 
          6.34215e-15 -0.0248432 0.0116267 
          2.52806e-14 -0.0260952 0.0233653 
          -8.27229e-14 -0.0556981 -0.0347367 
          -5.59849e-14 -0.0544589 -0.0172845 
          -2.8675e-14 -0.054058 -2.0701e-15 
          -8.01009e-16 -0.0544589 0.0172845 
          2.76194e-14 -0.0556981 0.0347367 
          -1.25358e-13 -0.0962537 -0.0453824 
          -8.92836e-14 -0.0950983 -0.0226056 
          -5.27044e-14 -0.0947091 -2.74577e-15 
          -1.55635e-14 -0.0950983 0.0226056 
          2.21958e-14 -0.0962537 0.0453824 
          -1.75334e-13 -0.147151 -0.0553931 
          -1.30283e-13 -0.146065 -0.0276119 
          -8.45218e-14 -0.145703 -3.47443e-15 
          -3.81951e-14 -0.146065 0.0276119 
          8.79678e-15 -0.147151 0.0553931 
          -2.33456e-13 -0.207735 -0.0647591 
          -1.79311e-13 -0.206722 -0.0322947 
          -1.24497e-13 -0.206383 -4.10242e-15 
          -6.90351e-14 -0.206722 0.0322947 
          -1.28716e-14 -0.207735 0.0647591 
          -2.99767e-13 -0.277362 -0.0734788 
          -2.36608e-13 -0.276421 -0.0366546 
          -1.72812e-13 -0.276107 -4.69478e-15 
          -1.08268e-13 -0.276421 0.0366546 
          -4.31322e-14 -0.277362 0.0734788 
          -3.74513e-13 -0.355386 -0.0815525 
          -3.02386e-13 -0.354517 -0.0406915 
          -2.2992e-13 -0.354227 -5.22382e-15 
          -1.56838e-13 -0.354517 0.0406915 
          -8.29198e-14 -0.355386 0.0815525 
          -4.56891e-13 -0.44116 -0.0889804 
          -3.76912e-13 -0.440364 -0.0444054 
          -2.96324e-13 -0.440098 -5.95109e-15 
          -2.15158e-13 -0.440364 0.0444054 
          -1.33442e-13 -0.44116 0.0889804 
          -5.4777e-13 -0.53404 -0.0957624 
          -4.60011e-13 -0.533316 -0.0477964 
          -3.71717e-13 -0.533074 -6.80979e-15 
          -2.83114e-13 -0.533316 0.0477964 
          -1.93769e-13 -0.53404 0.0957624 
          -6.46344e-13 -0.633378 -0.101898 
          -5.51524e-13 -0.632727 -0.0508644 
          -4.56572e-13 -0.632509 -7.4596e-15 
          -3.60927e-13 -0.632727 0.0508644 
          -2.64816e-13 -0.633378 0.101898 
          -7.51454e-13 -0.73853 -0.107389 
          -6.51174e-13 -0.737951 -0.0536095 
          -5.50462e-13 -0.737757 -7.9758e-15 
          -4.49217e-13 -0.737951 0.0536095 
          -3.47125e-13 -0.73853 0.107389 
          -8.61825e-13 -0.848849 -0.112233 
          -7.56846e-13 -0.848342 -0.0560316 
          -6.51902e-13 -0.848173 -8.66612e-15 
          -5.4682e-13 -0.848342 0.0560316 
          -4.40023e-13 -0.848849 0.112233 
          -9.76108e-13 -0.963689 -0.116431 
          -8.68677e-13 -0.963254 -0.0581308 
          -7.60583e-13 -0.963109 -9.26321e-15 
          -6.51951e-13 -0.963254 0.0581308 
          -5.43593e-13 -0.963689 0.116431 
          -1.09691e-12 -1.0824 -0.119984 
          -9.85434e-13 -1.08204 -0.059907 
          -8.75487e-13 -1.08192 -9.91945e-15 
          -7.64465e-13 -1.08204 0.059907 
          -6.53283e-13 -1.0824 0.119984 
          -1.22155e-12 -1.20435 -0.12289 
          -1.10919e-12 -1.20406 -0.0613603 
          -9.96283e-13 -1.20396 -1.06102e-14 
          -8.8312e-13 -1.20406 0.0613603 
          -7.6901e-13 -1.20435 0.12289 
          -1.34789e-12 -1.32888 -0.125151 
          -1.23432e-12 -1.32866 -0.0624904 
          -1.12091e-12 -1.32859 -1.05408e-14 
          -1.00679e-12 -1.32866 0.0624904 
          -8.91759e-13 -1.32888 0.125151 
          -1.47271e-12 -1.45535 -0.126767 
          -1.36031e-12 -1.4552 -0.0633007 
          -1.247e-12 -1.45515 -1.05488e-14 
          -1.13291e-12 -1.4552 0.0633007 
          -1.01841e-12 -1.45535 0.126767 
          -1.59942e-12 -1.58309 -0.127731 
          -1.48628e-12 -1.58303 -0.0637711 
          -1.3727e-12 -1.58301 -1.13067e-14 
          -1.25915e-12 -1.58303 0.0637711 
          -1.14547e-12 -1.58309 0.127731 
          -1.72659e-12 -1.71156 -0.128079 
          -1.61214e-12 -1.71146 -0.0639456 
          -1.49868e-12 -1.71142 -1.09343e-14 
          -1.38588e-12 -1.71146 0.0639456 
          -1.27259e-12 -1.71156 0.128079 
          0 0 0 
          0 0 0 
          0 0 0 
          0 0 0 
          0 0 0 
          0.00174541 -0.00796896 -0.0113221 
          0.000879387 -0.00627455 -0.0053844 
          -2.83915e-15 -0.00574493 2.3385e-15 
          -0.000879387 -0.00627455 0.0053844 
          -0.00174541 -0.00796896 0.0113221 
          0.00182849 -0.0256489 -0.0234205 
          0.000919719 -0.0243908 -0.0116562 
          -1.23029e-14 -0.0239423 5.26645e-15 
          -0.000919719 -0.0243908 0.0116562 
          -0.00182849 -0.0256489 0.0234205 
          0.00166464 -0.0552794 -0.0347193 
          0.000825498 -0.054044 -0.017266 
          -2.88519e-14 -0.0536397 8.23975e-15 
          -0.000825498 -0.054044 0.017266 
          -0.00166464 -0.0552794 0.0347193 
          0.00156781 -0.0958638 -0.0453793 
          0.000779676 -0.0947053 -0.0225974 
          -5.29099e-14 -0.094314 1.13494e-14 
          -0.000779676 -0.0947053 0.0225974 
          -0.00156781 -0.0958638 0.0453793 
          0.00147077 -0.146784 -0.0553889 
          0.000731343 -0.145698 -0.0276035 
          -8.47798e-14 -0.145334 1.46165e-14 
          -0.000731343 -0.145698 0.0276035 
          -0.00147077 -0.146784 0.0553889 
          0.00137283 -0.207393 -0.064755 
          0.000682615 -0.206379 -0.0322861 
          -1.2465e-13 -0.206039 1.81461e-14 
          -0.000682615 -0.206379 0.0322861 
          -0.00137283 -0.207393 0.064755 
          0.00127469 -0.277044 -0.0734746 
          0.000633829 -0.276103 -0.036646 
          -1.72799e-13 -0.275787 2.19312e-14 
          -0.000633829 -0.276103 0.036646 
          -0.00127469 -0.277044 0.0734746 
          0.00117665 -0.355093 -0.0815484 
          0.000585074 -0.354223 -0.0406828 
          -2.30344e-13 -0.353932 2.57752e-14 
          -0.000585074 -0.354223 0.0406828 
          -0.00117665 -0.355093 0.0815484 
          0.0010786 -0.440891 -0.0889763 
          0.000536319 -0.440095 -0.0443968 
          -2.96541e-13 -0.439827 2.95765e-14 
          -0.000536319 -0.440095 0.0443968 
          -0.0010786 -0.440891 0.0889763 
          0.000980543 -0.533795 -0.0957582 
          0.000487562 -0.533071 -0.0477878 
          -3.72114e-13 -0.532828 3.32305e-14 
          -0.000487562 -0.533071 0.0477878 
          -0.000980543 -0.533795 0.0957582 
          0.000882489 -0.633158 -0.101894 
          0.000438806 -0.632506 -0.0508558 
          -4.56753e-13 -0.632288 3.68039e-14 
          -0.000438806 -0.632506 0.0508558 
          -0.000882489 -0.633158 0.101894 
          0.000784434 -0.738334 -0.107384 
          0.00039005 -0.737755 -0.0536009 
          -5.50542e-13 -0.73756 4.04539e-14 
          -0.00039005 -0.737755 0.0536009 
          -0.000784434 -0.738334 0.107384 
          0.00068638 -0.848677 -0.112229 
          0.000341293 -0.84817 -0.056023 
          -6.5236e-13 -0.848 4.34642e-14 
          -0.000341293 -0.84817 0.056023 
          -0.00068638 -0.848677 0.112229 
          0.000588325 -0.963542 -0.116427 
          0.000292539 -0.963107 -0.0581222 
          -7.6093e-13 -0.962962 4.62487e-14 
          -0.000292539 -0.963107 0.0581222 
          -0.000588325 -0.963542 0.116427 
          0.000490273 -1.08228 -0.11998 
          0.000243777 -1.08192 -0.0598984 
          -8.7581e-13 -1.0818 4.81619e-14 
          -0.000243777 -1.08192 0.0598984 
          -0.000490273 -1.08228 0.11998 
          0.000392204 -1.20425 -0.122886 
          0.000195014 -1.20396 -0.0613517 
          -9.96647e-13 -1.20386 4.98876e-14 
          -0.000195014 -1.20396 0.0613517 
          -0.000392204 -1.20425 0.122886 
          0.00029412 -1.3288 -0.125147 
          0.000146332 -1.32859 -0.0624819 
          -1.12061e-12 -1.32851 5.10844e-14 
          -0.000146332 -1.32859 0.0624819 
          -0.00029412 -1.3288 0.125147 
          0.000197561 -1.4553 -0.126761 
          9.79476e-05 -1.45515 -0.0632917 
          -1.24659e-12 -1.4551 5.21186e-14 
          -9.79476e-05 -1.45515 0.0632917 
          -0.000197561 -1.4553 0.126761 
          9.09835e-05 -1.58307 -0.127732 
          4.4556e-05 -1.58301 -0.063762 
          -1.37217e-12 -1.583 5.25574e-14 
          -4.4556e-05 -1.58301 0.063762 
          -9.09835e-05 -1.58307 0.127732 
          -3.78439e-05 -1.71158 -0.128093 
          4.51515e-06 -1.71149 -0.0639383 
          -1.49968e-12 -1.71144 5.21826e-14 
          -4.51515e-06 -1.71149 0.0639383 
          3.78439e-05 -1.71158 0.128093 
          0 0 0 
          0 0 0 
          0 0 0 
          0 0 0 
          0 0 0 
          0.0037831 -0.00665661 -0.0117377 
          0.00188422 -0.00500797 -0.00571816 
          -3.68797e-15 -0.00448645 5.40875e-15 
          -0.00188422 -0.00500797 0.00571816 
          -0.0037831 -0.00665661 0.0117377 
          0.0035621 -0.0242774 -0.0233679 
          0.00177541 -0.0230572 -0.0116169 
          -1.29888e-14 -0.022625 1.17831e-14 
          -0.00177541 -0.0230572 0.0116169 
          -0.0035621 -0.0242774 0.0233679 
          0.00335361 -0.0540242 -0.0346669 
          0.00165317 -0.0527863 -0.0172221 
          -2.95868e-14 -0.0523851 1.84518e-14 
          -0.00165317 -0.0527863 0.0172221 
          -0.00335361 -0.0540242 0.0346669 
          0.00314157 -0.094679 -0.0453357 
          0.00155478 -0.0935279 -0.0225641 
          -5.3726e-14 -0.0931416 2.53709e-14 
          -0.00155478 -0.0935279 0.0225641 
          -0.00314157 -0.094679 0.0453357 
          0.00294937 -0.145674 -0.0553463 
          0.00145824 -0.144593 -0.0275696 
          -8.55263e-14 -0.144234 3.26369e-14 
          -0.00145824 -0.144593 0.0275696 
          -0.00294937 -0.145674 0.0553463 
          0.00275238 -0.206357 -0.0647118 
          0.00136111 -0.205348 -0.0322521 
          -1.25469e-13 -0.205012 4.03681e-14 
          -0.00136111 -0.205348 0.0322521 
          -0.00275238 -0.206357 0.0647118 
          0.00255578 -0.276082 -0.0734314 
          0.00126385 -0.275145 -0.0366119 
          -1.73712e-13 -0.274834 4.83197e-14 
          -0.00126385 -0.275145 0.0366119 
          -0.00255578 -0.276082 0.0734314 
          0.00235917 -0.354204 -0.0815052 
          0.00116663 -0.35334 -0.0406488 
          -2.3124e-13 -0.353052 5.67839e-14 
          -0.00116663 -0.35334 0.0406488 
          -0.00235917 -0.354204 0.0815052 
          0.00216258 -0.440077 -0.0889331 
          0.00106941 -0.439285 -0.0443627 
          -2.97717e-13 -0.439021 6.50328e-14 
          -0.00106941 -0.439285 0.0443627 
          -0.00216258 -0.440077 0.0889331 
          0.00196598 -0.533055 -0.095715 
          0.000972194 -0.532335 -0.0477537 
          -3.73181e-13 -0.532095 7.3249e-14 
          -0.000972194 -0.532335 0.0477537 
          -0.00196598 -0.533055 0.095715 
          0.00176938 -0.632492 -0.101851 
          0.000874974 -0.631844 -0.0508218 
          -4.57777e-13 -0.631628 8.13782e-14 
          -0.000874974 -0.631844 0.0508218 
          -0.00176938 -0.632492 0.101851 
          0.00157278 -0.737742 -0.107341 
          0.000777755 -0.737166 -0.0535668 
          -5.51298e-13 -0.736974 8.90059e-14 
          -0.000777755 -0.737166 0.0535668 
          -0.00157278 -0.737742 0.107341 
          0.00137619 -0.848159 -0.112186 
          0.000680536 -0.847655 -0.055989 
          -6.52998e-13 -0.847487 9.58685e-14 
          -0.000680536 -0.847655 0.055989 
          -0.00137619 -0.848159 0.112186 
          0.00117959 -0.963098 -0.116384 
          0.000583314 -0.962665 -0.0580882 
          -7.61816e-13 -0.962522 1.01856e-13 
          -0.000583314 -0.962665 0.0580882 
          -0.00117959 -0.963098 0.116384 
          0.000982968 -1.08191 -0.119936 
          0.000486112 -1.08155 -0.0598644 
          -8.76227e-13 -1.08143 1.07106e-13 
          -0.000486112 -1.08155 0.0598644 
          -0.000982968 -1.08191 0.119936 
          0.00078648 -1.20396 -0.122843 
          0.000388788 -1.20367 -0.0613177 
          -9.97404e-13 -1.20357 1.10577e-13 
          -0.000388788 -1.20367 0.0613177 
          -0.00078648 -1.20396 0.122843 
          0.000589482 -1.32858 -0.125104 
          0.000291998 -1.32837 -0.0624477 
          -1.12004e-12 -1.32829 1.13628e-13 
          -0.000291998 -1.32837 0.0624477 
          -0.000589482 -1.32858 0.125104 
          0.000394704 -1.45515 -0.126715 
          0.000194346 -1.455 -0.0632583 
          -1.2462e-12 -1.45495 1.15035e-13 
          -0.000194346 -1.455 0.0632583 
          -0.000394704 -1.45515 0.126715 
          0.000193821 -1.58297 -0.12769 
          9.23085e-05 -1.58293 -0.0637221 
          -1.37208e-12 -1.58292 1.15623e-13 
          -9.23085e-05 -1.58293 0.0637221 
          -0.000193821 -1.58297 0.12769 
          -6.96833e-05 -1.71177 -0.128078 
          -4.91934e-06 -1.71161 -0.0639015 
          -1.50067e-12 -1.71154 1.1647e-13 
          4.91933e-06 -1.71161 0.0639015 
          6.96833e-05 -1.71177 0.128078 
        </DataArray>
        <DataArray type="Float64" Name="NodeForce" NumberOfComponents="3" format="ascii">
          0 0 0 
          0 0 0 
          0 0 0 
          0 0 0 
          0 0 0 
          0 0 0 
          0 0 0 
          0 0 0 
          0 0 0 
          0 0 0 
          0 0 0 
          0 0 0 
          0 0 0 
          0 0 0 
          0 0 0 
          0 0 0 
          0 0 0 
          0 0 0 
          0 0 0 
          0 0 0 
          0 0 0 
          0 0 0 
          0 0 0 
          0 0 0 
          0 0 0 
          0 0 0 
          0 0 0 
          0 0 0 
          0 0 0 
          0 0 0 
          0 0 0 
          0 0 0 
          0 0 0 
          0 0 0 
          0 0 0 
          0 0 0 
          0 0 0 
          0 0 0 
          0 0 0 
          0 0 0 
          0 0 0 
          0 0 0 
          0 0 0 
          0 0 0 
          0 0 0 
          0 0 0 
          0 0 0 
          0 0 0 
          0 0 0 
          0 0 0 
          0 0 0 
          0 0 0 
          0 0 0 
          0 0 0 
          0 0 0 
          0 0 0 
          0 0 0 
          0 0 0 
          0 0 0 
          0 0 0 
          0 0 0 
          0 0 0 
          0 0 0 
          0 0 0 
          0 0 0 
          0 0 0 
          0 0 0 
          0 0 0 
          0 0 0 
          0 0 0 
          0 0 0 
          0 0 0 
          0 0 0 
          0 0 0 
          0 0 0 
          0 0 0 
          0 0 0 
          0 0 0 
          0 0 0 
          0 0 0 
          0 0 0 
          0 0 0 
          0 0 0 
          0 0 0 
          0 0 0 
          0 0 0 
          0 0 0 
          0 0 0 
          0 0 0 
          0 0 0 
          0 0 0 
          0 0 0 
          0 0 0 
          0 0 0 
          0 0 0 
          0 0 0 
          0 0 0 
          0 0 0 
          0 0 0 
          0 0 0 
          0 -40 0 
          0 -40 0 
          0 -40 0 
          0 -40 0 
          0 -40 0 
          0 0 0 
          0 0 0 
          0 0 0 
          0 0 0 
          0 0 0 
          0 0 0 
          0 0 0 
          0 0 0 
          0 0 0 
          0 0 0 
          0 0 0 
          0 0 0 
          0 0 0 
          0 0 0 
          0 0 0 
          0 0 0 
          0 0 0 
          0 0 0 
          0 0 0 
          0 0 0 
          0 0 0 
          0 0 0 
          0 0 0 
          0 0 0 
          0 0 0 
          0 0 0 
          0 0 0 
          0 0 0 
          0 0 0 
          0 0 0 
          0 0 0 
          0 0 0 
          0 0 0 
          0 0 0 
          0 0 0 
          0 0 0 
          0 0 0 
          0 0 0 
          0 0 0 
          0 0 0 
          0 0 0 
          0 0 0 
          0 0 0 
          0 0 0 
          0 0 0 
          0 0 0 
          0 0 0 
          0 0 0 
          0 0 0 
          0 0 0 
          0 0 0 
          0 0 0 
          0 0 0 
          0 0 0 
          0 0 0 
          0 0 0 
          0 0 0 
          0 0 0 
          0 0 0 
          0 0 0 
          0 0 0 
          0 0 0 
          0 0 0 
          0 0 0 
          0 0 0 
          0 0 0 
          0 0 0 
          0 0 0 
          0 0 0 
          0 0 0 
          0 0 0 
          0 0 0 
          0 0 0 
          0 0 0 
          0 0 0 
          0 0 0 
          0 0 0 
          0 0 0 
          0 0 0 
          0 0 0 
          0 0 0 
          0 0 0 
          0 0 0 
          0 0 0 
          0 0 0 
          0 0 0 
          0 0 0 
          0 0 0 
          0 0 0 
          0 0 0 
          0 0 0 
          0 0 0 
          0 0 0 
          0 0 0 
          0 0 0 
          0 0 0 
          0 0 0 
          0 0 0 
          0 0 0 
          0 0 0 
          0 -40 0 
          0 -40 0 
          0 -40 0 
          0 -40 0 
          0 -40 0 
          0 0 0 
          0 0 0 
          0 0 0 
          0 0 0 
          0 0 0 
          0 0 0 
          0 0 0 
          0 0 0 
          0 0 0 
          0 0 0 
          0 0 0 
          0 0 0 
          0 0 0 
          0 0 0 
          0 0 0 
          0 0 0 
          0 0 0 
          0 0 0 
          0 0 0 
          0 0 0 
          0 0 0 
          0 0 0 
          0 0 0 
          0 0 0 
          0 0 0 
          0 0 0 
          0 0 0 
          0 0 0 
          0 0 0 
          0 0 0 
          0 0 0 
          0 0 0 
          0 0 0 
          0 0 0 
          0 0 0 
          0 0 0 
          0 0 0 
          0 0 0 
          0 0 0 
          0 0 0 
          0 0 0 
          0 0 0 
          0 0 0 
          0 0 0 
          0 0 0 
          0 0 0 
          0 0 0 
          0 0 0 
          0 0 0 
          0 0 0 
          0 0 0 
          0 0 0 
          0 0 0 
          0 0 0 
          0 0 0 
          0 0 0 
          0 0 0 
          0 0 0 
          0 0 0 
          0 0 0 
          0 0 0 
          0 0 0 
          0 0 0 
          0 0 0 
          0 0 0 
          0 0 0 
          0 0 0 
          0 0 0 
          0 0 0 
          0 0 0 
          0 0 0 
          0 0 0 
          0 0 0 
          0 0 0 
          0 0 0 
          0 0 0 
          0 0 0 
          0 0 0 
          0 0 0 
          0 0 0 
          0 0 0 
          0 0 0 
          0 0 0 
          0 0 0 
          0 0 0 
          0 0 0 
          0 0 0 
          0 0 0 
          0 0 0 
          0 0 0 
          0 0 0 
          0 0 0 
          0 0 0 
          0 0 0 
          0 0 0 
          0 0 0 
          0 0 0 
          0 0 0 
          0 0 0 
          0 0 0 
          0 -40 0 
          0 -40 0 
          0 -40 0 
          0 -40 0 
          0 -40 0 
          0 0 0 
          0 0 0 
          0 0 0 
          0 0 0 
          0 0 0 
          0 0 0 
          0 0 0 
          0 0 0 
          0 0 0 
          0 0 0 
          0 0 0 
          0 0 0 
          0 0 0 
          0 0 0 
          0 0 0 
          0 0 0 
          0 0 0 
          0 0 0 
          0 0 0 
          0 0 0 
          0 0 0 
          0 0 0 
          0 0 0 
          0 0 0 
          0 0 0 
          0 0 0 
          0 0 0 
          0 0 0 
          0 0 0 
          0 0 0 
          0 0 0 
          0 0 0 
          0 0 0 
          0 0 0 
          0 0 0 
          0 0 0 
          0 0 0 
          0 0 0 
          0 0 0 
          0 0 0 
          0 0 0 
          0 0 0 
          0 0 0 
          0 0 0 
          0 0 0 
          0 0 0 
          0 0 0 
          0 0 0 
          0 0 0 
          0 0 0 
          0 0 0 
          0 0 0 
          0 0 0 
          0 0 0 
          0 0 0 
          0 0 0 
          0 0 0 
          0 0 0 
          0 0 0 
          0 0 0 
          0 0 0 
          0 0 0 
          0 0 0 
          0 0 0 
          0 0 0 
          0 0 0 
          0 0 0 
          0 0 0 
          0 0 0 
          0 0 0 
          0 0 0 
          0 0 0 
          0 0 0 
          0 0 0 
          0 0 0 
          0 0 0 
          0 0 0 
          0 0 0 
          0 0 0 
          0 0 0 
          0 0 0 
          0 0 0 
          0 0 0 
          0 0 0 
          0 0 0 
          0 0 0 
          0 0 0 
          0 0 0 
          0 0 0 
          0 0 0 
          0 0 0 
          0 0 0 
          0 0 0 
          0 0 0 
          0 0 0 
          0 0 0 
          0 0 0 
          0 0 0 
          0 0 0 
          0 0 0 
          0 -40 0 
          0 -40 0 
          0 -40 0 
          0 -40 0 
          0 -40 0 
          0 0 0 
          0 0 0 
          0 0 0 
          0 0 0 
          0 0 0 
          0 0 0 
          0 0 0 
          0 0 0 
          0 0 0 
          0 0 0 
          0 0 0 
          0 0 0 
          0 0 0 
          0 0 0 
          0 0 0 
          0 0 0 
          0 0 0 
          0 0 0 
          0 0 0 
          0 0 0 
          0 0 0 
          0 0 0 
          0 0 0 
          0 0 0 
          0 0 0 
          0 0 0 
          0 0 0 
          0 0 0 
          0 0 0 
          0 0 0 
          0 0 0 
          0 0 0 
          0 0 0 
          0 0 0 
          0 0 0 
          0 0 0 
          0 0 0 
          0 0 0 
          0 0 0 
          0 0 0 
          0 0 0 
          0 0 0 
          0 0 0 
          0 0 0 
          0 0 0 
          0 0 0 
          0 0 0 
          0 0 0 
          0 0 0 
          0 0 0 
          0 0 0 
          0 0 0 
          0 0 0 
          0 0 0 
          0 0 0 
          0 0 0 
          0 0 0 
          0 0 0 
          0 0 0 
          0 0 0 
          0 0 0 
          0 0 0 
          0 0 0 
          0 0 0 
          0 0 0 
          0 0 0 
          0 0 0 
          0 0 0 
          0 0 0 
          0 0 0 
          0 0 0 
          0 0 0 
          0 0 0 
          0 0 0 
          0 0 0 
          0 0 0 
          0 0 0 
          0 0 0 
          0 0 0 
          0 0 0 
          0 0 0 
          0 0 0 
          0 0 0 
          0 0 0 
          0 0 0 
          0 0 0 
          0 0 0 
          0 0 0 
          0 0 0 
          0 0 0 
          0 0 0 
          0 0 0 
          0 0 0 
          0 0 0 
          0 0 0 
          0 0 0 
          0 0 0 
          0 0 0 
          0 0 0 
          0 0 0 
          0 -40 0 
          0 -40 0 
          0 -40 0 
          0 -40 0 
          0 -40 0 
        </DataArray>
        <DataArray type="Float64" Name="BCForce" NumberOfComponents="3" format="ascii">
          484.852 389.588 938.787 
          565.555 -269.895 920.329 
          4.66656e-10 -285.026 9.43871e-10 
          -565.555 -269.895 -920.329 
          -484.852 389.588 -938.787 
          0 0 0 
          0 0 0 
          0 0 0 
          0 0 0 
          0 0 0 
          0 0 0 
          0 0 0 
          0 0 0 
          0 0 0 
          0 0 0 
          0 0 0 
          0 0 0 
          0 0 0 
          0 0 0 
          0 0 0 
          0 0 0 
          0 0 0 
          0 0 0 
          0 0 0 
          0 0 0 
          0 0 0 
          0 0 0 
          0 0 0 
          0 0 0 
          0 0 0 
          0 0 0 
          0 0 0 
          0 0 0 
          0 0 0 
          0 0 0 
          0 0 0 
          0 0 0 
          0 0 0 
          0 0 0 
          0 0 0 
          0 0 0 
          0 0 0 
          0 0 0 
          0 0 0 
          0 0 0 
          0 0 0 
          0 0 0 
          0 0 0 
          0 0 0 
          0 0 0 
          0 0 0 
          0 0 0 
          0 0 0 
          0 0 0 
          0 0 0 
          0 0 0 
          0 0 0 
          0 0 0 
          0 0 0 
          0 0 0 
          0 0 0 
          0 0 0 
          0 0 0 
          0 0 0 
          0 0 0 
          0 0 0 
          0 0 0 
          0 0 0 
          0 0 0 
          0 0 0 
          0 0 0 
          0 0 0 
          0 0 0 
          0 0 0 
          0 0 0 
          0 0 0 
          0 0 0 
          0 0 0 
          0 0 0 
          0 0 0 
          0 0 0 
          0 0 0 
          0 0 0 
          0 0 0 
          0 0 0 
          0 0 0 
          0 0 0 
          0 0 0 
          0 0 0 
          0 0 0 
          0 0 0 
          0 0 0 
          0 0 0 
          0 0 0 
          0 0 0 
          0 0 0 
          0 0 0 
          0 0 0 
          0 0 0 
          0 0 0 
          0 0 0 
          0 0 0 
          0 0 0 
          0 0 0 
          0 0 0 
          73.3113 798.47 1651.23 
          78.0544 -428.751 1486.78 
          -2.44768e-10 -442.69 9.43507e-10 
          -78.0544 -428.751 -1486.78 
          -73.3113 798.47 -1651.23 
          0 0 0 
          0 0 0 
          0 0 0 
          0 0 0 
          0 0 0 
          0 0 0 
          0 0 0 
          0 0 0 
          0 0 0 
          0 0 0 
          0 0 0 
          0 0 0 
          0 0 0 
          0 0 0 
          0 0 0 
          0 0 0 
          0 0 0 
          0 0 0 
          0 0 0 
          0 0 0 
          0 0 0 
          0 0 0 
          0 0 0 
          0 0 0 
          0 0 0 
          0 0 0 
          0 0 0 
          0 0 0 
          0 0 0 
          0 0 0 
          0 0 0 
          0 0 0 
          0 0 0 
          0 0 0 
          0 0 0 
          0 0 0 
          0 0 0 
          0 0 0 
          0 0 0 
          0 0 0 
          0 0 0 
          0 0 0 
          0 0 0 
          0 0 0 
          0 0 0 
          0 0 0 
          0 0 0 
          0 0 0 
          0 0 0 
          0 0 0 
          0 0 0 
          0 0 0 
          0 0 0 
          0 0 0 
          0 0 0 
          0 0 0 
          0 0 0 
          0 0 0 
          0 0 0 
          0 0 0 
          0 0 0 
          0 0 0 
          0 0 0 
          0 0 0 
          0 0 0 
          0 0 0 
          0 0 0 
          0 0 0 
          0 0 0 
          0 0 0 
          0 0 0 
          0 0 0 
          0 0 0 
          0 0 0 
          0 0 0 
          0 0 0 
          0 0 0 
          0 0 0 
          0 0 0 
          0 0 0 
          0 0 0 
          0 0 0 
          0 0 0 
          0 0 0 
          0 0 0 
          0 0 0 
          0 0 0 
          0 0 0 
          0 0 0 
          0 0 0 
          0 0 0 
          0 0 0 
          0 0 0 
          0 0 0 
          0 0 0 
          0 0 0 
          0 0 0 
          0 0 0 
          0 0 0 
          0 0 0 
          7.3652e-10 814.289 1678.11 
          6.68535e-10 -375.81 1469.51 
          -2.75335e-10 -379.176 1.59602e-10 
          -1.2912e-09 -375.81 -1469.51 
          -1.12061e-09 814.289 -1678.11 
          0 0 0 
          0 0 0 
          0 0 0 
          0 0 0 
          0 0 0 
          0 0 0 
          0 0 0 
          0 0 0 
          0 0 0 
          0 0 0 
          0 0 0 
          0 0 0 
          0 0 0 
          0 0 0 
          0 0 0 
          0 0 0 
          0 0 0 
          0 0 0 
          0 0 0 
          0 0 0 
          0 0 0 
          0 0 0 
          0 0 0 
          0 0 0 
          0 0 0 
          0 0 0 
          0 0 0 
          0 0 0 
          0 0 0 
          0 0 0 
          0 0 0 
          0 0 0 
          0 0 0 
          0 0 0 
          0 0 0 
          0 0 0 
          0 0 0 
          0 0 0 
          0 0 0 
          0 0 0 
          0 0 0 
          0 0 0 
          0 0 0 
          0 0 0 
          0 0 0 
          0 0 0 
          0 0 0 
          0 0 0 
          0 0 0 
          0 0 0 
          0 0 0 
          0 0 0 
          0 0 0 
          0 0 0 
          0 0 0 
          0 0 0 
          0 0 0 
          0 0 0 
          0 0 0 
          0 0 0 
          0 0 0 
          0 0 0 
          0 0 0 
          0 0 0 
          0 0 0 
          0 0 0 
          0 0 0 
          0 0 0 
          0 0 0 
          0 0 0 
          0 0 0 
          0 0 0 
          0 0 0 
          0 0 0 
          0 0 0 
          0 0 0 
          0 0 0 
          0 0 0 
          0 0 0 
          0 0 0 
          0 0 0 
          0 0 0 
          0 0 0 
          0 0 0 
          0 0 0 
          0 0 0 
          0 0 0 
          0 0 0 
          0 0 0 
          0 0 0 
          0 0 0 
          0 0 0 
          0 0 0 
          0 0 0 
          0 0 0 
          0 0 0 
          0 0 0 
          0 0 0 
          0 0 0 
          0 0 0 
          -73.3113 798.47 1651.23 
          -78.0544 -428.751 1486.78 
          -2.62645e-10 -442.69 -6.16408e-10 
          78.0544 -428.751 -1486.78 
          73.3113 798.47 -1651.23 
          0 0 0 
          0 0 0 
          0 0 0 
          0 0 0 
          0 0 0 
          0 0 0 
          0 0 0 
          0 0 0 
          0 0 0 
          0 0 0 
          0 0 0 
          0 0 0 
          0 0 0 
          0 0 0 
          0 0 0 
          0 0 0 
          0 0 0 
          0 0 0 
          0 0 0 
          0 0 0 
          0 0 0 
          0 0 0 
          0 0 0 
          0 0 0 
          0 0 0 
          0 0 0 
          0 0 0 
          0 0 0 
          0 0 0 
          0 0 0 
          0 0 0 
          0 0 0 
          0 0 0 
          0 0 0 
          0 0 0 
          0 0 0 
          0 0 0 
          0 0 0 
          0 0 0 
          0 0 0 
          0 0 0 
          0 0 0 
          0 0 0 
          0 0 0 
          0 0 0 
          0 0 0 
          0 0 0 
          0 0 0 
          0 0 0 
          0 0 0 
          0 0 0 
          0 0 0 
          0 0 0 
          0 0 0 
          0 0 0 
          0 0 0 
          0 0 0 
          0 0 0 
          0 0 0 
          0 0 0 
          0 0 0 
          0 0 0 
          0 0 0 
          0 0 0 
          0 0 0 
          0 0 0 
          0 0 0 
          0 0 0 
          0 0 0 
          0 0 0 
          0 0 0 
          0 0 0 
          0 0 0 
          0 0 0 
          0 0 0 
          0 0 0 
          0 0 0 
          0 0 0 
          0 0 0 
          0 0 0 
          0 0 0 
          0 0 0 
          0 0 0 
          0 0 0 
          0 0 0 
          0 0 0 
          0 0 0 
          0 0 0 
          0 0 0 
          0 0 0 
          0 0 0 
          0 0 0 
          0 0 0 
          0 0 0 
          0 0 0 
          0 0 0 
          0 0 0 
          0 0 0 
          0 0 0 
          0 0 0 
          -484.852 389.588 938.787 
          -565.555 -269.895 920.329 
          3.41245e-10 -285.026 -7.38027e-10 
          565.555 -269.895 -920.329 
          484.852 389.588 -938.787 
          0 0 0 
          0 0 0 
          0 0 0 
          0 0 0 
          0 0 0 
          0 0 0 
          0 0 0 
          0 0 0 
          0 0 0 
          0 0 0 
          0 0 0 
          0 0 0 
          0 0 0 
          0 0 0 
          0 0 0 
          0 0 0 
          0 0 0 
          0 0 0 
          0 0 0 
          0 0 0 
          0 0 0 
          0 0 0 
          0 0 0 
          0 0 0 
          0 0 0 
          0 0 0 
          0 0 0 
          0 0 0 
          0 0 0 
          0 0 0 
          0 0 0 
          0 0 0 
          0 0 0 
          0 0 0 
          0 0 0 
          0 0 0 
          0 0 0 
          0 0 0 
          0 0 0 
          0 0 0 
          0 0 0 
          0 0 0 
          0 0 0 
          0 0 0 
          0 0 0 
          0 0 0 
          0 0 0 
          0 0 0 
          0 0 0 
          0 0 0 
          0 0 0 
          0 0 0 
          0 0 0 
          0 0 0 
          0 0 0 
          0 0 0 
          0 0 0 
          0 0 0 
          0 0 0 
          0 0 0 
          0 0 0 
          0 0 0 
          0 0 0 
          0 0 0 
          0 0 0 
          0 0 0 
          0 0 0 
          0 0 0 
          0 0 0 
          0 0 0 
          0 0 0 
          0 0 0 
          0 0 0 
          0 0 0 
          0 0 0 
          0 0 0 
          0 0 0 
          0 0 0 
          0 0 0 
          0 0 0 
          0 0 0 
          0 0 0 
          0 0 0 
          0 0 0 
          0 0 0 
          0 0 0 
          0 0 0 
          0 0 0 
          0 0 0 
          0 0 0 
          0 0 0 
          0 0 0 
          0 0 0 
          0 0 0 
          0 0 0 
          0 0 0 
          0 0 0 
          0 0 0 
          0 0 0 
          0 0 0 
        </DataArray>
        <DataArray type="Float64" Name="Sxx" format="ascii">
          284.414
          138.555
          1.62376e-10
          -138.555
          -284.414
          -27.1999
          -25.4655
          -3.63798e-13
          25.4655
          27.1999
          22.6334
          2.57676
          3.35403e-11
          -2.57676
          -22.6334
          15.1743
          -0.677187
          3.08155e-11
          0.677187
          -15.1743
          16.7993
          0.463217
          3.03207e-11
          -0.463217
          -16.7993
          15.1543
          0.275271
          2.88155e-11
          -0.275271
          -15.1543
          14.2385
          0.252349
          3.45622e-11
          -0.252349
          -14.2385
          13.2032
          0.236819
          3.30347e-11
          -0.236819
          -13.2032
          12.1925
          0.219172
          3.07709e-11
          -0.219172
          -12.1925
          11.1753
          0.200629
          3.71906e-11
          -0.200629
          -11.1753
          10.1596
          0.18244
          4.88358e-11
          -0.18244
          -10.1596
          9.1436
          0.164185
          3.35176e-11
          -0.164185
          -9.1436
          8.12759
          0.145964
          4.70886e-11
          -0.145964
          -8.12759
          7.11192
          0.127603
          -1.54928e-11
          -0.127603
          -7.11192
          6.0946
          0.109926
          7.03326e-11
          -0.109926
          -6.0946
          5.08438
          0.0893566
          5.61158e-13
          -0.0893566
          -5.08438
          4.05075
          0.0786182
          2.87362e-11
          -0.0786182
          -4.05075
          3.0755
          0.0617733
          2.50755e-11
          -0.0617733
          -3.0755
          1.84128
          -0.216957
          2.00018e-11
          0.216957
          -1.84128
          2.86939
          1.11105
          1.17693e-11
          -1.11105
          -2.86939
          5.00798
          -0.278523
          6.2186e-11
          0.278523
          -5.00798
          274.344
          130.468
          8.58214e-11
          -130.468
          -274.344
          -12.2563
          -19.2018
          -1.70699e-11
          19.2018
          12.2563
          21.1004
          2.21904
          1.33969e-12
          -2.21904
          -21.1004
          16.5658
          -0.641864
          5.60249e-13
          0.641864
          -16.5658
          16.6589
          -0.214233
          -1.45383e-12
          0.214233
          -16.6589
          15.3301
          -0.212063
          2.82762e-12
          0.212063
          -15.3301
          14.3594
          -0.215615
          -2.41744e-12
          0.215615
          -14.3594
          13.3249
          -0.194853
          1.03091e-12
          0.194853
          -13.3249
          12.3019
          -0.180625
          2.76373e-12
          0.180625
          -12.3019
          11.2763
          -0.165508
          -2.19529e-12
          0.165508
          -11.2763
          10.2513
          -0.150471
          -6.35919e-12
          0.150471
          -10.2513
          9.22613
          -0.135423
          -1.3152e-11
          0.135423
          -9.22613
          8.20098
          -0.120367
          -4.11796e-12
          0.120367
          -8.20098
          7.17599
          -0.105388
          3.97267e-12
          0.105388
          -7.17599
          6.15017
          -0.089936
          -8.06699e-12
          0.089936
          -6.15017
          5.12793
          -0.0768293
          2.58888e-11
          0.0768293
          -5.12793
          4.09399
          -0.0555234
          -2.82341e-12
          0.0555234
          -4.09399
          3.09431
          -0.0375216
          6.51841e-12
          0.0375216
          -3.09431
          1.89587
          -0.21809
          1.17553e-11
          0.21809
          -1.89587
          2.41608
          0.859262
          4.87638e-12
          -0.859262
          -2.41608
          8.11493
          1.15709
          -2.51691e-12
          -1.15709
          -8.11493
          275.303
          129.568
          1.44889e-11
          -129.568
          -275.303
          1.44664
          -13.6713
          -1.00272e-12
          13.6713
          -1.44664
          15.7607
          -0.725216
          -5.36602e-14
          0.725216
          -15.7607
          18.4597
          -0.0724805
          -5.57975e-13
          0.0724805
          -18.4597
          16.985
          -0.469837
          2.05455e-12
          0.469837
          -16.985
          15.7899
          -0.410842
          -4.00723e-12
          0.410842
          -15.7899
          14.7794
          -0.384521
          1.60026e-12
          0.384521
          -14.7794
          13.7165
          -0.356401
          -1.0609e-11
          0.356401
          -13.7165
          12.6632
          -0.32873
          6.15705e-12
          0.32873
          -12.6632
          11.6073
          -0.301558
          7.73298e-13
          0.301558
          -11.6073
          10.5523
          -0.27408
          1.68689e-12
          0.27408
          -10.5523
          9.49701
          -0.24668
          1.33846e-11
          0.24668
          -9.49701
          8.44179
          -0.219284
          -1.24837e-11
          0.219284
          -8.44179
          7.3866
          -0.191815
          -1.93677e-11
          0.191815
          -7.3866
          6.33122
          -0.164559
          1.20712e-11
          0.164559
          -6.33122
          5.27641
          -0.137152
          -1.45777e-11
          0.137152
          -5.27641
          4.21974
          -0.109483
          -7.31427e-12
          0.109483
          -4.21974
          3.19415
          -0.0581128
          5.12654e-12
          0.0581128
          -3.19415
          1.79349
          -0.297309
          -2.47678e-11
          0.297309
          -1.79349
          2.90793
          1.0223
          -5.47744e-11
          -1.0223
          -2.90793
          7.98452
          0.412904
          9.74276e-11
          -0.412904
          -7.98452
          274.344
          130.468
          -5.67325e-11
          -130.468
          -274.344
          -12.2563
          -19.2018
          1.4189e-11
          19.2018
          12.2563
          21.1004
          2.21904
          -3.02271e-12
          -2.21904
          -21.1004
          16.5658
          -0.641864
          1.92767e-12
          0.641864
          -16.5658
          16.6589
          -0.214233
          -2.47428e-12
          0.214233
          -16.6589
          15.3301
          -0.212063
          -2.14868e-12
          0.212063
          -15.3301
          14.3594
          -0.215615
          4.48563e-12
          0.215615
          -14.3594
          13.3249
          -0.194853
          3.88332e-12
          0.194853
          -13.3249
          12.3019
          -0.180625
          -9.67248e-13
          0.180625
          -12.3019
          11.2763
          -0.165508
          5.04133e-12
          0.165508
          -11.2763
          10.2513
          -0.150471
          -1.69052e-12
          0.150471
          -10.2513
          9.22613
          -0.135423
          1.32695e-12
          0.135423
          -9.22613
          8.20098
          -0.120367
          1.16961e-12
          0.120367
          -8.20098
          7.17599
          -0.105388
          -4.95379e-12
          0.105388
          -7.17599
          6.15017
          -0.089936
          5.17389e-12
          0.089936
          -6.15017
          5.12793
          -0.0768293
          -2.63873e-11
          0.0768293
          -5.12793
          4.09399
          -0.0555234
          4.18135e-11
          0.0555234
          -4.09399
          3.09431
          -0.0375216
          -2.00267e-11
          0.0375216
          -3.09431
          1.89587
          -0.21809
          2.40864e-11
          0.21809
          -1.89587
          2.41608
          0.859262
          -2.43302e-11
          -0.859262
          -2.41608
          8.11493
          1.15709
          3.00497e-12
          -1.15709
          -8.11493
          284.414
          138.555
          -1.31148e-10
          -138.555
          -284.414
          -27.1999
          -25.4655
          -4.95038e-12
          25.4655
          27.1999
          22.6334
          2.57676
          -3.08037e-11
          -2.57676
          -22.6334
          15.1743
          -0.677187
          -3.35294e-11
          0.677187
          -15.1743
          16.7993
          0.463217
          -2.57514e-11
          -0.463217
          -16.7993
          15.1543
          0.275271
          -3.60942e-11
          -0.275271
          -15.1543
          14.2385
          0.252349
          -3.32129e-11
          -0.252349
          -14.2385
          13.2032
          0.236819
          -6.24468e-11
          -0.236819
          -13.2032
          12.1925
          0.219172
          -2.05728e-11
          -0.219172
          -12.1925
          11.1753
          0.200629
          -4.52064e-11
          -0.200629
          -11.1753
          10.1596
          0.18244
          -1.56547e-11
          -0.18244
          -10.1596
          9.1436
          0.164185
          -3.76376e-11
          -0.164185
          -9.1436
          8.12759
          0.145964
          -5.66879e-11
          -0.145964
          -8.12759
          7.11192
          0.127603
          -4.93733e-11
          -0.127603
          -7.11192
          6.0946
          0.109926
          3.58873e-11
          -0.109926
          -6.0946
          5.08438
          0.0893566
          -3.63868e-11
          -0.0893566
          -5.08438
          4.05075
          0.0786182
          4.4331e-11
          -0.0786182
          -4.05075
          3.0755
          0.0617733
          -1.68166e-11
          -0.0617733
          -3.0755
          1.84128
          -0.216957
          -1.22966e-10
          0.216957
          -1.84128
          2.86939
          1.11105
          2.19458e-11
          -1.11105
          -2.86939
          5.00798
          -0.278523
          6.41346e-11
          0.278523
          -5.00798
        </DataArray>
        <DataArray type="Float64" Name="Syy" format="ascii">
          284.414
          138.555
          1.6235e-10
          -138.555
          -284.414
          -2.06178
          -30.6506
          1.85537e-13
          30.6506
          2.06178
          55.8096
          4.48257
          1.04028e-11
          -4.48257
          -55.8096
          44.321
          -0.151815
          1.23055e-11
          0.151815
          -44.321
          44.11
          0.87504
          8.85848e-12
          -0.87504
          -44.11
          40.8286
          0.706806
          1.31149e-11
          -0.706806
          -40.8286
          38.2108
          0.657604
          7.2323e-12
          -0.657604
          -38.2108
          35.4545
          0.609698
          1.46119e-11
          -0.609698
          -35.4545
          32.7347
          0.564191
          3.21206e-11
          -0.564191
          -32.7347
          30.005
          0.516768
          7.50424e-12
          -0.516768
          -30.005
          27.2777
          0.469859
          4.37831e-11
          -0.469859
          -27.2777
          24.5498
          0.422863
          1.04392e-11
          -0.422863
          -24.5498
          21.822
          0.375878
          -1.9164e-11
          -0.375878
          -21.822
          19.0947
          0.328876
          -5.11618e-11
          -0.328876
          -19.0947
          16.3649
          0.282074
          3.57913e-11
          -0.282074
          -16.3649
          13.6447
          0.23408
          1.38002e-11
          -0.23408
          -13.6447
          10.8938
          0.189589
          -4.23101e-11
          -0.189589
          -10.8938
          8.24055
          0.170501
          -3.02166e-11
          -0.170501
          -8.24055
          4.98697
          -0.330441
          -9.05659e-11
          0.330441
          -4.98697
          6.83099
          2.48643
          3.12976e-11
          -2.48643
          -6.83099
          -7.70896
          -8.47992
          1.67883e-10
          8.47992
          7.70896
          274.344
          130.468
          8.57894e-11
          -130.468
          -274.344
          0.481641
          -30.1805
          -6.98856e-12
          30.1805
          -0.481641
          54.8914
          4.44211
          -2.68028e-12
          -4.44211
          -54.8914
          45.0921
          -0.206215
          1.83263e-12
          0.206215
          -45.0921
          43.2987
          -0.0516541
          2.05182e-12
          0.0516541
          -43.2987
          40.4018
          0.0368782
          1.38434e-11
          -0.0368782
          -40.4018
          37.7617
          0.00708074
          -1.25419e-12
          -0.00708074
          -37.7617
          35.0515
          0.0122449
          1.59835e-11
          -0.0122449
          -35.0515
          32.358
          0.0103187
          3.93875e-11
          -0.0103187
          -32.358
          29.6609
          0.00961552
          -8.08586e-12
          -0.00961552
          -29.6609
          26.9646
          0.00871542
          -3.2237e-12
          -0.00871542
          -26.9646
          24.2681
          0.00784995
          -1.18553e-12
          -0.00784995
          -24.2681
          21.5716
          0.00697455
          -3.60833e-11
          -0.00697455
          -21.5716
          18.8753
          0.00608178
          2.01007e-11
          -0.00608178
          -18.8753
          16.1781
          0.00547925
          -4.19409e-11
          -0.00547925
          -16.1781
          13.4844
          0.00292247
          5.15356e-11
          -0.00292247
          -13.4844
          10.7802
          0.0074025
          -5.40067e-11
          -0.0074025
          -10.7802
          8.11184
          0.018667
          -4.60166e-11
          -0.018667
          -8.11184
          5.1625
          -0.259014
          -8.54251e-11
          0.259014
          -5.1625
          4.99154
          1.50098
          1.91989e-13
          -1.50098
          -4.99154
          -0.220048
          -3.52491
          7.65333e-11
          3.52491
          0.220048
          275.303
          129.568
          1.44857e-11
          -129.568
          -275.303
          1.87186
          -30.3099
          -1.87902e-12
          30.3099
          -1.87186
          53.008
          3.56813
          7.61247e-13
          -3.56813
          -53.008
          45.9497
          0.280048
          -1.21599e-12
          -0.280048
          -45.9497
          43.6334
          0.00666664
          7.52516e-12
          -0.00666664
          -43.6334
          40.6149
          0.0443659
          -1.39344e-11
          -0.0443659
          -40.6149
          38.0201
          0.0542881
          1.86765e-11
          -0.0542881
          -38.0201
          35.2765
          0.0457332
          1.30021e-11
          -0.0457332
          -35.2765
          32.5691
          0.0433813
          1.0421e-11
          -0.0433813
          -32.5691
          29.8535
          0.0394234
          2.6148e-13
          -0.0394234
          -29.8535
          27.1399
          0.0359284
          -5.36238e-12
          -0.0359284
          -27.1399
          24.4259
          0.0323196
          6.54486e-11
          -0.0323196
          -24.4259
          21.7119
          0.0287224
          -9.01036e-12
          -0.0287224
          -21.7119
          18.998
          0.0251703
          -8.57613e-11
          -0.0251703
          -18.998
          16.2834
          0.021541
          2.09707e-11
          -0.021541
          -16.2834
          13.5712
          0.0173234
          -1.00319e-10
          -0.0173234
          -13.5712
          10.8513
          0.01583
          -5.47691e-11
          -0.01583
          -10.8513
          8.18443
          0.0375576
          3.35456e-11
          -0.0375576
          -8.18443
          5.0577
          -0.285833
          -6.41824e-11
          0.285833
          -5.0577
          5.1765
          1.56313
          -8.54965e-11
          -1.56313
          -5.1765
          -0.772572
          -3.70152
          2.05681e-10
          3.70152
          0.772572
          274.344
          130.468
          -5.67226e-11
          -130.468
          -274.344
          0.481641
          -30.1805
          4.75484e-12
          30.1805
          -0.481641
          54.8914
          4.44211
          -3.17414e-12
          -4.44211
          -54.8914
          45.0921
          -0.206215
          4.57112e-12
          0.206215
          -45.0921
          43.2987
          -0.0516541
          -1.28248e-11
          0.0516541
          -43.2987
          40.4018
          0.0368782
          -3.41606e-12
          -0.0368782
          -40.4018
          37.7617
          0.00708074
          2.39224e-11
          -0.00708074
          -37.7617
          35.0515
          0.0122449
          3.54039e-11
          -0.0122449
          -35.0515
          32.358
          0.0103187
          -2.0842e-11
          -0.0103187
          -32.358
          29.6609
          0.00961552
          -1.78188e-11
          -0.00961552
          -29.6609
          26.9646
          0.00871542
          -4.49177e-11
          -0.00871542
          -26.9646
          24.2681
          0.00784996
          -1.0019e-11
          -0.00784996
          -24.2681
          21.5716
          0.00697455
          2.03504e-11
          -0.00697455
          -21.5716
          18.8753
          0.00608178
          -3.5951e-11
          -0.00608178
          -18.8753
          16.1781
          0.00547925
          -4.48476e-11
          -0.00547925
          -16.1781
          13.4844
          0.00292247
          -8.24884e-11
          -0.00292247
          -13.4844
          10.7802
          0.0074025
          2.41116e-11
          -0.0074025
          -10.7802
          8.11184
          0.018667
          8.23757e-11
          -0.018667
          -8.11184
          5.1625
          -0.259014
          1.66738e-10
          0.259014
          -5.1625
          4.99154
          1.50098
          1.15081e-11
          -1.50098
          -4.99154
          -0.220048
          -3.52491
          -2.18898e-10
          3.52491
          0.220048
          284.414
          138.555
          -1.311e-10
          -138.555
          -284.414
          -2.06178
          -30.6506
          -4.06544e-12
          30.6506
          2.06178
          55.8096
          4.48257
          -8.98945e-12
          -4.48257
          -55.8096
          44.321
          -0.151815
          -1.70039e-11
          0.151815
          -44.321
          44.11
          0.87504
          -6.71571e-12
          -0.87504
          -44.11
          40.8286
          0.706806
          -2.70302e-12
          -0.706806
          -40.8286
          38.2108
          0.657604
          -4.52928e-13
          -0.657604
          -38.2108
          35.4545
          0.609698
          -7.71088e-11
          -0.609698
          -35.4545
          32.7347
          0.564191
          2.90293e-11
          -0.564191
          -32.7347
          30.005
          0.516768
          -9.29076e-11
          -0.516768
          -30.005
          27.2777
          0.469859
          -2.44472e-12
          -0.469859
          -27.2777
          24.5498
          0.422863
          -5.3953e-11
          -0.422863
          -24.5498
          21.822
          0.375878
          -6.0958e-11
          -0.375878
          -21.822
          19.0947
          0.328876
          -4.50336e-11
          -0.328876
          -19.0947
          16.3649
          0.282074
          7.42825e-11
          -0.282074
          -16.3649
          13.6447
          0.23408
          -3.40083e-11
          -0.23408
          -13.6447
          10.8938
          0.189589
          4.57826e-11
          -0.189589
          -10.8938
          8.24055
          0.170501
          1.5406e-10
          -0.170501
          -8.24055
          4.98697
          -0.330441
          -1.70866e-10
          0.330441
          -4.98697
          6.83099
          2.48643
          9.53299e-11
          -2.48643
          -6.83099
          -7.70896
          -8.47992
          -3.49928e-11
          8.47992
          7.70896
        </DataArray>
        <DataArray type="Float64" Name="Szz" format="ascii">
          663.634
          323.296
          3.78735e-10
          -323.296
          -663.634
          481.947
          227.12
          3.03847e-10
          -227.12
          -481.947
          505.045
          243.701
          3.4635e-10
          -243.701
          -505.045
          479.172
          229.643
          3.57784e-10
          -229.643
          -479.172
          452.54
          217.698
          3.68386e-10
          -217.698
          -452.54
          423.694
          203.742
          3.81897e-10
          -203.742
          -423.694
          395.523
          190.162
          3.95245e-10
          -190.162
          -395.523
          367.259
          176.586
          4.06381e-10
          -176.586
          -367.259
          339.013
          163.002
          4.20629e-10
          -163.002
          -339.013
          310.761
          149.418
          4.244e-10
          -149.418
          -310.761
          282.51
          135.835
          4.3277e-10
          -135.835
          -282.51
          254.259
          122.252
          4.00008e-10
          -122.252
          -254.259
          226.008
          108.668
          3.68954e-10
          -108.668
          -226.008
          197.757
          95.0845
          3.0407e-10
          -95.0845
          -197.757
          169.505
          81.5012
          3.1133e-10
          -81.5012
          -169.505
          141.258
          67.9175
          2.35798e-10
          -67.9175
          -141.258
          113.006
          54.3291
          1.63353e-10
          -54.3291
          -113.006
          84.7123
          40.8219
          1.03116e-10
          -40.8219
          -84.7123
          56.3505
          26.5987
          4.26072e-11
          -26.5987
          -56.3505
          31.5281
          14.5878
          3.61035e-11
          -14.5878
          -31.5281
          15.4872
          4.90985
          6.9517e-11
          -4.90985
          -15.4872
          640.135
          304.426
          2.00208e-10
          -304.426
          -640.135
          488.298
          229.966
          1.6002e-10
          -229.966
          -488.298
          514.138
          251.512
          1.84607e-10
          -251.512
          -514.138
          479.633
          229.51
          1.88131e-10
          -229.51
          -479.633
          452.05
          217.007
          1.93077e-10
          -217.007
          -452.05
          423.61
          203.41
          2.037e-10
          -203.41
          -423.61
          395.436
          189.83
          2.03376e-10
          -189.83
          -395.436
          367.174
          176.277
          2.13673e-10
          -176.277
          -367.174
          338.933
          162.716
          2.25547e-10
          -162.716
          -338.933
          310.688
          149.157
          2.16427e-10
          -149.157
          -310.688
          282.443
          135.597
          2.14206e-10
          -135.597
          -282.443
          254.199
          122.037
          2.00938e-10
          -122.037
          -254.199
          225.955
          108.477
          1.81442e-10
          -108.477
          -225.955
          197.711
          94.9177
          1.83785e-10
          -94.9177
          -197.711
          169.465
          81.3586
          1.36964e-10
          -81.3586
          -169.465
          141.224
          67.7967
          1.45996e-10
          -67.7967
          -141.224
          112.974
          54.2379
          7.22843e-11
          -54.2379
          -112.974
          84.73
          40.736
          4.68575e-11
          -40.736
          -84.73
          56.4156
          26.7405
          1.67819e-11
          -26.7405
          -56.4156
          30.197
          14.2864
          1.94622e-11
          -14.2864
          -30.197
          17.5141
          6.69317
          2.63071e-11
          -6.69317
          -17.5141
          642.374
          302.325
          3.37681e-11
          -302.325
          -642.374
          491.666
          230.967
          2.73067e-11
          -230.967
          -491.666
          511.506
          251.536
          3.11716e-11
          -251.536
          -511.506
          481.683
          230.618
          2.89856e-11
          -230.618
          -481.683
          451.97
          216.737
          3.24103e-11
          -216.737
          -451.97
          423.832
          203.362
          2.3123e-11
          -203.362
          -423.832
          395.638
          189.796
          3.17141e-11
          -189.796
          -395.638
          367.359
          176.238
          2.42489e-11
          -176.238
          -367.359
          339.104
          162.682
          3.13548e-11
          -162.682
          -339.104
          310.845
          149.125
          3.3639e-11
          -149.125
          -310.845
          282.586
          135.568
          3.06618e-11
          -135.568
          -282.586
          254.328
          122.011
          4.8122e-11
          -122.011
          -254.328
          226.069
          108.454
          1.88843e-11
          -108.454
          -226.069
          197.81
          94.8976
          -4.53724e-12
          -94.8976
          -197.81
          169.552
          81.3408
          3.62694e-11
          -81.3408
          -169.552
          141.293
          67.7832
          -6.07679e-12
          -67.7832
          -141.293
          113.032
          54.2233
          -5.55212e-12
          -54.2233
          -113.032
          84.8165
          40.7418
          1.02544e-11
          -40.7418
          -84.8165
          56.2378
          26.7201
          -1.06043e-11
          -26.7201
          -56.2378
          29.992
          14.3202
          -3.39413e-11
          -14.3202
          -29.992
          16.7914
          6.34211
          7.53632e-11
          -6.34211
          -16.7914
          640.135
          304.426
          -1.32282e-10
          -304.426
          -640.135
          488.298
          229.966
          -1.04875e-10
          -229.966
          -488.298
          514.138
          251.512
          -1.25746e-10
          -251.512
          -514.138
          479.633
          229.51
          -1.25793e-10
          -229.51
          -479.633
          452.05
          217.007
          -1.38466e-10
          -217.007
          -452.05
          423.61
          203.41
          -1.44371e-10
          -203.41
          -423.61
          395.436
          189.83
          -1.45095e-10
          -189.83
          -395.436
          367.174
          176.277
          -1.48397e-10
          -176.277
          -367.174
          338.933
          162.716
          -1.67114e-10
          -162.716
          -338.933
          310.688
          149.157
          -1.60427e-10
          -149.157
          -310.688
          282.443
          135.597
          -1.65814e-10
          -135.597
          -282.443
          254.199
          122.037
          -1.54253e-10
          -122.037
          -254.199
          225.955
          108.477
          -1.33427e-10
          -108.477
          -225.955
          197.711
          94.9177
          -1.33991e-10
          -94.9177
          -197.711
          169.465
          81.3586
          -1.10578e-10
          -81.3586
          -169.465
          141.224
          67.7967
          -1.09115e-10
          -67.7967
          -141.224
          112.974
          54.2379
          -4.16824e-11
          -54.2379
          -112.974
          84.73
          40.736
          -2.80843e-11
          -40.736
          -84.73
          56.4156
          26.7405
          2.63588e-11
          -26.7405
          -56.4156
          30.197
          14.2864
          -5.17876e-12
          -14.2864
          -30.197
          17.5141
          6.69317
          -4.8918e-11
          -6.69317
          -17.5141
          663.634
          323.296
          -3.05922e-10
          -323.296
          -663.634
          481.947
          227.12
          -2.50132e-10
          -227.12
          -481.947
          505.045
          243.701
          -2.85791e-10
          -243.701
          -505.045
          479.172
          229.643
          -3.00515e-10
          -229.643
          -479.172
          452.54
          217.698
          -3.07595e-10
          -217.698
          -452.54
          423.694
          203.742
          -3.26637e-10
          -203.742
          -423.694
          395.523
          190.162
          -3.39486e-10
          -190.162
          -395.523
          367.259
          176.586
          -3.86568e-10
          -176.586
          -367.259
          339.013
          163.002
          -3.48347e-10
          -163.002
          -339.013
          310.761
          149.418
          -3.8718e-10
          -149.418
          -310.761
          282.51
          135.835
          -3.48664e-10
          -135.835
          -282.51
          254.259
          122.252
          -3.58384e-10
          -122.252
          -254.259
          226.008
          108.668
          -3.39593e-10
          -108.668
          -226.008
          197.757
          95.0845
          -2.98179e-10
          -95.0845
          -197.757
          169.505
          81.5012
          -2.02856e-10
          -81.5012
          -169.505
          141.258
          67.9175
          -2.04218e-10
          -67.9175
          -141.258
          113.006
          54.3291
          -1.09915e-10
          -54.3291
          -113.006
          84.7123
          40.8219
          -5.25638e-11
          -40.8219
          -84.7123
          56.3505
          26.5987
          -1.29976e-10
          -26.5987
          -56.3505
          31.5281
          14.5878
          5.02337e-12
          -14.5878
          -31.5281
          15.4872
          4.90985
          -2.71129e-11
          -4.90985
          -15.4872
        </DataArray>
        <DataArray type="Float64" Name="Sxy" format="ascii">
          2.14051e-13
          3.13638e-13
          2.921e-13
          3.28737e-13
          5.9508e-13
          -18.9493
          -20.1914
          -20.2165
          -20.1914
          -18.9493
          -13.4154
          -14.4587
          -14.8023
          -14.4587
          -13.4154
          -14.3855
          -13.539
          -12.8776
          -13.539
          -14.3855
          -12.9885
          -12.7109
          -12.3514
          -12.7109
          -12.9885
          -12.31
          -11.9535
          -11.5738
          -11.9535
          -12.31
          -11.4624
          -11.1519
          -10.8038
          -11.1519
          -11.4624
          -10.6488
          -10.3544
          -10.0305
          -10.3544
          -10.6488
          -9.82867
          -9.55834
          -9.25923
          -9.55834
          -9.82867
          -9.00982
          -8.76173
          -8.48764
          -8.76173
          -9.00982
          -8.1907
          -7.96523
          -7.71602
          -7.96523
          -8.1907
          -7.37164
          -7.1687
          -6.94442
          -7.1687
          -7.37164
          -6.55259
          -6.37218
          -6.17283
          -6.37218
          -6.55259
          -5.7334
          -5.57566
          -5.40117
          -5.57566
          -5.7334
          -4.91491
          -4.77918
          -4.6298
          -4.77918
          -4.91491
          -4.09303
          -3.98226
          -3.85751
          -3.98226
          -4.09303
          -3.28686
          -3.18799
          -3.08733
          -3.18799
          -3.28686
          -2.41273
          -2.37784
          -2.30959
          -2.37784
          -2.41273
          -1.81545
          -1.66463
          -1.5987
          -1.66463
          -1.81545
          -0.0704003
          -0.423313
          -0.403445
          -0.423313
          -0.0704003
          -4.07735
          -2.7561
          -2.94207
          -2.7561
          -4.07735
          2.84772e-13
          4.0698e-13
          3.63432e-13
          3.91603e-13
          7.086e-13
          -0.388015
          -2.06075
          -2.49343
          -2.06075
          -0.388015
          0.00465325
          -0.687119
          -1.22361
          -0.687119
          0.00465325
          -0.0706148
          0.128634
          0.354198
          0.128634
          -0.0706148
          -0.0257378
          0.0413741
          0.132088
          0.0413741
          -0.0257378
          -0.0285129
          0.016259
          0.100746
          0.016259
          -0.0285129
          -0.0292518
          0.0190345
          0.100053
          0.0190345
          -0.0292518
          -0.0258927
          0.0181478
          0.0930724
          0.0181478
          -0.0258927
          -0.0242245
          0.0165962
          0.0858512
          0.0165962
          -0.0242245
          -0.0221381
          0.0152143
          0.0786623
          0.0152143
          -0.0221381
          -0.0201399
          0.0138342
          0.0715209
          0.0138342
          -0.0201399
          -0.0181216
          0.0124502
          0.0643696
          0.0124502
          -0.0181216
          -0.0161127
          0.0110699
          0.0572115
          0.0110699
          -0.0161127
          -0.01409
          0.00967257
          0.0500905
          0.00967257
          -0.01409
          -0.0120904
          0.0083488
          0.0427954
          0.0083488
          -0.0120904
          -0.0100254
          0.00663188
          0.0360526
          0.00663188
          -0.0100254
          -0.00873286
          0.0069801
          0.0286428
          0.0069801
          -0.00873286
          0.00172712
          0.00159299
          0.0206904
          0.00159299
          0.00172712
          -0.0687106
          -0.0189345
          -0.00245535
          -0.0189345
          -0.0687106
          0.406705
          0.205163
          0.153168
          0.205163
          0.406705
          -2.1097
          -1.77995
          -2.03129
          -1.77995
          -2.1097
          3.30069e-13
          4.36443e-13
          3.98903e-13
          4.09103e-13
          7.73992e-13
          -1.8495e-11
          -7.13226e-12
          1.89857e-13
          -5.08112e-12
          2.58387e-12
          -7.71297e-12
          4.32465e-13
          -7.90124e-13
          1.76874e-12
          1.05338e-11
          -9.53014e-12
          -5.43423e-13
          2.03499e-13
          3.30374e-13
          9.18953e-12
          -1.03582e-11
          4.37262e-12
          6.7871e-13
          1.18007e-12
          9.36552e-12
          -1.00172e-11
          2.78578e-12
          3.47131e-12
          -3.78031e-12
          7.97127e-12
          -1.06911e-12
          7.78687e-12
          6.20071e-12
          1.19087e-11
          1.50799e-11
          -9.94078e-13
          1.50885e-12
          1.58414e-11
          7.45149e-12
          8.15999e-12
          7.94398e-12
          3.19924e-11
          2.85099e-11
          1.32936e-11
          1.34219e-11
          -1.1808e-11
          1.13826e-11
          1.89827e-11
          1.46811e-11
          1.15947e-11
          1.7694e-11
          3.51741e-11
          5.16274e-11
          3.12003e-11
          4.18961e-11
          -3.09296e-12
          1.61078e-11
          4.40463e-11
          2.69262e-11
          2.96163e-11
          -2.75054e-12
          2.36049e-11
          5.68557e-11
          4.31385e-11
          4.57655e-11
          5.11614e-12
          4.10034e-11
          3.44746e-11
          3.2151e-11
          7.23753e-12
          -1.39996e-11
          -2.33035e-12
          2.55857e-11
          1.39539e-12
          -5.87079e-13
          1.0435e-11
          5.64976e-11
          3.36495e-11
          2.34166e-11
          2.60902e-11
          1.50245e-11
          1.40935e-11
          5.88097e-11
          2.48851e-11
          4.26808e-11
          -1.00641e-11
          2.24853e-11
          3.88051e-11
          5.11449e-11
          8.53983e-11
          -3.4696e-11
          -2.86023e-11
          3.28873e-12
          2.66837e-11
          -5.40235e-11
          5.09574e-11
          -3.55224e-11
          5.29906e-12
          -2.994e-11
          4.49784e-11
          9.86129e-11
          1.30132e-10
          9.90122e-11
          5.64213e-11
          1.10653e-11
          2.42029e-13
          4.23189e-13
          3.73417e-13
          4.04843e-13
          7.31831e-13
          0.388015
          2.06075
          2.49343
          2.06075
          0.388015
          -0.00465325
          0.687119
          1.22361
          0.687119
          -0.00465325
          0.0706148
          -0.128634
          -0.354198
          -0.128634
          0.0706148
          0.0257378
          -0.0413741
          -0.132088
          -0.0413741
          0.0257378
          0.0285129
          -0.016259
          -0.100746
          -0.016259
          0.0285129
          0.0292518
          -0.0190345
          -0.100053
          -0.0190345
          0.0292518
          0.0258927
          -0.0181478
          -0.0930724
          -0.0181478
          0.0258927
          0.0242245
          -0.0165962
          -0.0858512
          -0.0165962
          0.0242245
          0.0221381
          -0.0152143
          -0.0786623
          -0.0152143
          0.0221381
          0.0201399
          -0.0138342
          -0.0715209
          -0.0138342
          0.0201399
          0.0181216
          -0.0124502
          -0.0643696
          -0.0124502
          0.0181216
          0.0161127
          -0.0110699
          -0.0572115
          -0.0110699
          0.0161127
          0.01409
          -0.00967257
          -0.0500905
          -0.00967257
          0.01409
          0.0120904
          -0.0083488
          -0.0427954
          -0.0083488
          0.0120904
          0.0100254
          -0.00663188
          -0.0360526
          -0.00663188
          0.0100254
          0.00873286
          -0.0069801
          -0.0286428
          -0.0069801
          0.00873286
          -0.00172712
          -0.00159299
          -0.0206904
          -0.00159299
          -0.00172712
          0.0687106
          0.0189345
          0.00245535
          0.0189345
          0.0687106
          -0.406705
          -0.205163
          -0.153168
          -0.205163
          -0.406705
          2.1097
          1.77995
          2.03129
          1.77995
          2.1097
          2.97984e-13
          3.3451e-13
          2.6569e-13
          3.01384e-13
          6.07292e-13
          18.9493
          20.1914
          20.2165
          20.1914
          18.9493
          13.4154
          14.4587
          14.8023
          14.4587
          13.4154
          14.3855
          13.539
          12.8776
          13.539
          14.3855
          12.9885
          12.7109
          12.3514
          12.7109
          12.9885
          12.31
          11.9535
          11.5738
          11.9535
          12.31
          11.4624
          11.1519
          10.8038
          11.1519
          11.4624
          10.6488
          10.3544
          10.0305
          10.3544
          10.6488
          9.82867
          9.55834
          9.25923
          9.55834
          9.82867
          9.00982
          8.76173
          8.48764
          8.76173
          9.00982
          8.1907
          7.96523
          7.71602
          7.96523
          8.1907
          7.37164
          7.1687
          6.94442
          7.1687
          7.37164
          6.55259
          6.37218
          6.17283
          6.37218
          6.55259
          5.7334
          5.57566
          5.40117
          5.57566
          5.7334
          4.91491
          4.77918
          4.6298
          4.77918
          4.91491
          4.09303
          3.98226
          3.85751
          3.98226
          4.09303
          3.28686
          3.18799
          3.08733
          3.18799
          3.28686
          2.41273
          2.37784
          2.30959
          2.37784
          2.41273
          1.81545
          1.66463
          1.5987
          1.66463
          1.81545
          0.0704003
          0.423313
          0.403445
          0.423313
          0.0704003
          4.07735
          2.7561
          2.94207
          2.7561
          4.07735
        </DataArray>
        <DataArray type="Float64" Name="Syz" format="ascii">
          107.53
          80.898
          72.4735
          80.898
          107.53
          1.6081
          -3.37803
          -2.00008
          -3.37803
          1.6081
          2.93607
          8.42051
          11.5592
          8.42051
          2.93607
          5.02773
          9.18249
          13.1498
          9.18249
          5.02773
          4.55406
          9.17086
          12.8619
          9.17086
          4.55406
          4.6095
          9.10673
          12.8602
          9.10673
          4.6095
          4.59507
          9.11718
          12.8546
          9.11718
          4.59507
          4.6014
          9.11731
          12.859
          9.11731
          4.6014
          4.59956
          9.11725
          12.8579
          9.11725
          4.59956
          4.59996
          9.11719
          12.8581
          9.11719
          4.59996
          4.59987
          9.11721
          12.8581
          9.11721
          4.59987
          4.5999
          9.1172
          12.8581
          9.1172
          4.5999
          4.59986
          9.11721
          12.858
          9.11721
          4.59986
          4.59999
          9.1172
          12.8581
          9.1172
          4.59999
          4.59953
          9.11725
          12.8578
          9.11725
          4.59953
          4.60104
          9.11694
          12.8591
          9.11694
          4.60104
          4.59719
          9.11876
          12.854
          9.11876
          4.59719
          4.60464
          9.1073
          12.8667
          9.1073
          4.60464
          4.51834
          9.13129
          12.8334
          9.13129
          4.51834
          6.06735
          9.90357
          13.6941
          9.90357
          6.06735
          7.30324
          9.74901
          13.2421
          9.74901
          7.30324
          128.729
          101.358
          92.8027
          101.358
          128.729
          15.33
          14.1066
          19.4221
          14.1066
          15.33
          2.04556
          7.49949
          10.2572
          7.49949
          2.04556
          3.2466
          7.07521
          10.5619
          7.07521
          3.2466
          3.04697
          7.22911
          10.5376
          7.22911
          3.04697
          3.12915
          7.23572
          10.5875
          7.23572
          3.12915
          3.10293
          7.22871
          10.5714
          7.22871
          3.10293
          3.10903
          7.22986
          10.5742
          7.22986
          3.10903
          3.10781
          7.22974
          10.5738
          7.22974
          3.10781
          3.10805
          7.22977
          10.5739
          7.22977
          3.10805
          3.108
          7.22976
          10.5739
          7.22976
          3.108
          3.10802
          7.22976
          10.5739
          7.22976
          3.10802
          3.108
          7.22976
          10.5739
          7.22976
          3.108
          3.10807
          7.22976
          10.5739
          7.22976
          3.10807
          3.10774
          7.22976
          10.5739
          7.22976
          3.10774
          3.10894
          7.22956
          10.5735
          7.22956
          3.10894
          3.10616
          7.2319
          10.5762
          7.2319
          3.10616
          3.10626
          7.21693
          10.5627
          7.21693
          3.10626
          3.12623
          7.28422
          10.6163
          7.28422
          3.12623
          3.27973
          7.06928
          10.4576
          7.06928
          3.27973
          3.316
          6.21129
          9.21394
          6.21129
          3.316
          135.121
          107.032
          98.391
          107.032
          135.121
          16.4556
          17.1211
          24.2284
          17.1211
          16.4556
          3.06386
          8.9052
          11.7939
          8.9052
          3.06386
          2.82352
          6.31296
          9.54907
          6.31296
          2.82352
          2.79305
          6.79309
          9.87407
          6.79309
          2.79305
          2.88042
          6.76368
          9.90775
          6.76368
          2.88042
          2.8526
          6.76961
          9.89755
          6.76961
          2.8526
          2.85844
          6.76646
          9.89807
          6.76646
          2.85844
          2.85718
          6.76722
          9.89788
          6.76722
          2.85718
          2.85749
          6.7671
          9.89802
          6.7671
          2.85749
          2.85742
          6.76713
          9.89798
          6.76713
          2.85742
          2.85743
          6.76712
          9.89799
          6.76712
          2.85743
          2.85743
          6.76712
          9.89797
          6.76712
          2.85743
          2.85745
          6.76712
          9.89804
          6.76712
          2.85745
          2.85732
          6.76709
          9.89775
          6.76709
          2.85732
          2.85796
          6.76722
          9.89875
          6.76722
          2.85796
          2.8552
          6.76738
          9.89648
          6.76738
          2.8552
          2.86907
          6.76652
          9.90111
          6.76652
          2.86907
          2.79225
          6.7621
          9.88631
          6.7621
          2.79225
          3.01126
          6.45798
          9.58514
          6.45798
          3.01126
          3.30001
          5.66129
          8.33928
          5.66129
          3.30001
          128.729
          101.358
          92.8027
          101.358
          128.729
          15.33
          14.1066
          19.4221
          14.1066
          15.33
          2.04556
          7.49949
          10.2572
          7.49949
          2.04556
          3.2466
          7.07521
          10.5619
          7.07521
          3.2466
          3.04697
          7.22911
          10.5376
          7.22911
          3.04697
          3.12915
          7.23572
          10.5875
          7.23572
          3.12915
          3.10293
          7.22871
          10.5714
          7.22871
          3.10293
          3.10903
          7.22986
          10.5742
          7.22986
          3.10903
          3.10781
          7.22974
          10.5738
          7.22974
          3.10781
          3.10805
          7.22977
          10.5739
          7.22977
          3.10805
          3.108
          7.22976
          10.5739
          7.22976
          3.108
          3.10802
          7.22976
          10.5739
          7.22976
          3.10802
          3.108
          7.22976
          10.5739
          7.22976
          3.108
          3.10807
          7.22976
          10.5739
          7.22976
          3.10807
          3.10774
          7.22976
          10.5739
          7.22976
          3.10774
          3.10894
          7.22956
          10.5735
          7.22956
          3.10894
          3.10616
          7.2319
          10.5762
          7.2319
          3.10616
          3.10626
          7.21693
          10.5627
          7.21693
          3.10626
          3.12623
          7.28422
          10.6163
          7.28422
          3.12623
          3.27973
          7.06928
          10.4576
          7.06928
          3.27973
          3.316
          6.21129
          9.21394
          6.21129
          3.316
          107.53
          80.898
          72.4735
          80.898
          107.53
          1.6081
          -3.37803
          -2.00008
          -3.37803
          1.6081
          2.93607
          8.42051
          11.5592
          8.42051
          2.93607
          5.02773
          9.18249
          13.1498
          9.18249
          5.02773
          4.55406
          9.17086
          12.8619
          9.17086
          4.55406
          4.6095
          9.10673
          12.8602
          9.10673
          4.6095
          4.59507
          9.11718
          12.8546
          9.11718
          4.59507
          4.6014
          9.11731
          12.859
          9.11731
          4.6014
          4.59956
          9.11725
          12.8579
          9.11725
          4.59956
          4.59996
          9.11719
          12.8581
          9.11719
          4.59996
          4.59987
          9.11721
          12.8581
          9.11721
          4.59987
          4.5999
          9.1172
          12.8581
          9.1172
          4.5999
          4.59986
          9.11721
          12.858
          9.11721
          4.59986
          4.59999
          9.1172
          12.8581
          9.1172
          4.59999
          4.59953
          9.11725
          12.8578
          9.11725
          4.59953
          4.60104
          9.11694
          12.8591
          9.11694
          4.60104
          4.59719
          9.11876
          12.854
          9.11876
          4.59719
          4.60464
          9.1073
          12.8667
          9.1073
          4.60464
          4.51834
          9.13129
          12.8334
          9.13129
          4.51834
          6.06735
          9.90357
          13.6941
          9.90357
          6.06735
          7.30324
          9.74901
          13.2421
          9.74901
          7.30324
        </DataArray>
        <DataArray type="Float64" Name="Sxz" format="ascii">
          61.1116
          30.4374
          6.68414e-11
          -30.4374
          -61.1116
          15.3431
          3.55693
          6.30414e-12
          -3.55693
          -15.3431
          -1.76959
          -0.59562
          -1.143e-12
          0.59562
          1.76959
          -1.70483
          -0.363486
          -9.64999e-13
          0.363486
          1.70483
          -1.85392
          -0.498544
          -1.97375e-13
          0.498544
          1.85392
          -1.76541
          -0.468882
          -1.3156e-12
          0.468882
          1.76541
          -1.78154
          -0.47115
          -7.62251e-13
          0.47115
          1.78154
          -1.78005
          -0.470693
          -1.56136e-12
          0.470693
          1.78005
          -1.78028
          -0.471024
          -2.76897e-14
          0.471024
          1.78028
          -1.78019
          -0.470913
          -2.32444e-12
          0.470913
          1.78019
          -1.78022
          -0.470936
          4.10148e-12
          0.470936
          1.78022
          -1.78021
          -0.470932
          4.26651e-12
          0.470932
          1.78021
          -1.78021
          -0.470931
          3.49884e-12
          0.470931
          1.78021
          -1.7802
          -0.470943
          2.89715e-12
          0.470943
          1.7802
          -1.78029
          -0.470888
          3.27396e-12
          0.470888
          1.78029
          -1.7799
          -0.471086
          9.84001e-12
          0.471086
          1.7799
          -1.78039
          -0.470857
          9.3661e-12
          0.470857
          1.78039
          -1.78629
          -0.464819
          8.78573e-12
          0.464819
          1.78629
          -1.72004
          -0.532038
          -8.8958e-13
          0.532038
          1.72004
          -2.37879
          -0.318198
          -1.33025e-12
          0.318198
          2.37879
          -3.77057
          -0.38233
          3.4087e-12
          0.38233
          3.77057
          28.1951
          14.2055
          4.92318e-11
          -14.2055
          -28.1951
          8.69451
          1.43687
          2.6606e-12
          -1.43687
          -8.69451
          -0.694728
          -0.275964
          -1.89976e-12
          0.275964
          0.694728
          -0.977299
          -0.122959
          -2.94336e-12
          0.122959
          0.977299
          -0.810306
          -0.0904052
          -3.40736e-12
          0.0904052
          0.810306
          -0.817711
          -0.0996825
          -2.47215e-12
          0.0996825
          0.817711
          -0.818793
          -0.0986113
          -2.92702e-12
          0.0986113
          0.818793
          -0.819457
          -0.0987716
          -4.86688e-12
          0.0987716
          0.819457
          -0.819164
          -0.0987324
          -3.10243e-12
          0.0987324
          0.819164
          -0.819211
          -0.0987367
          -9.64093e-13
          0.0987367
          0.819211
          -0.819206
          -0.0987374
          5.35125e-12
          0.0987374
          0.819206
          -0.819207
          -0.0987369
          1.00023e-11
          0.0987369
          0.819207
          -0.819209
          -0.0987377
          5.03413e-12
          0.0987377
          0.819209
          -0.819198
          -0.0987363
          6.33737e-12
          0.0987363
          0.819198
          -0.819245
          -0.0987332
          5.08777e-12
          0.0987332
          0.819245
          -0.819077
          -0.0987448
          1.52009e-11
          0.0987448
          0.819077
          -0.819756
          -0.0991802
          2.78394e-11
          0.0991802
          0.819756
          -0.816412
          -0.092975
          1.68942e-11
          0.092975
          0.816412
          -0.810466
          -0.137392
          -1.95353e-12
          0.137392
          0.810466
          -1.23761
          0.0380015
          8.88378e-14
          -0.0380015
          1.23761
          -2.05951
          0.0655681
          1.86393e-13
          -0.0655681
          2.05951
          3.18872e-10
          1.83649e-10
          4.26222e-11
          -1.04863e-10
          -2.63593e-10
          3.75987e-10
          1.47245e-10
          3.02918e-12
          -1.47285e-10
          -4.01934e-10
          3.86718e-10
          1.4644e-10
          -3.32088e-12
          -1.55964e-10
          -4.0006e-10
          3.87319e-10
          1.45875e-10
          -4.96273e-12
          -1.55655e-10
          -3.98328e-10
          3.82696e-10
          1.45622e-10
          -5.07214e-12
          -1.5508e-10
          -3.95699e-10
          3.78816e-10
          1.42605e-10
          -4.14553e-12
          -1.53304e-10
          -3.9203e-10
          3.75501e-10
          1.40464e-10
          -5.75942e-12
          -1.54422e-10
          -3.92489e-10
          3.71096e-10
          1.36579e-10
          -7.86542e-12
          -1.50726e-10
          -3.80316e-10
          3.51043e-10
          1.34516e-10
          -4.82989e-12
          -1.39796e-10
          -3.56578e-10
          3.33307e-10
          1.28076e-10
          -1.44456e-12
          -1.29549e-10
          -3.29661e-10
          3.117e-10
          1.2032e-10
          2.58247e-12
          -1.13861e-10
          -3.01613e-10
          2.74609e-10
          1.13401e-10
          1.32353e-11
          -9.13077e-11
          -2.62188e-10
          2.28886e-10
          9.50291e-11
          1.15701e-11
          -6.2255e-11
          -2.04569e-10
          1.59693e-10
          7.18373e-11
          1.01731e-11
          -4.92995e-11
          -1.21278e-10
          1.39034e-10
          5.20198e-11
          1.02181e-11
          -3.35074e-11
          -9.25447e-11
          1.32196e-10
          6.35175e-11
          2.3972e-11
          -1.46332e-11
          -9.03569e-11
          8.99006e-11
          6.27159e-11
          3.33255e-11
          8.23078e-12
          -4.66195e-11
          3.12337e-11
          2.99183e-11
          2.92117e-11
          1.94429e-11
          1.4419e-11
          1.29798e-12
          8.09499e-12
          3.68277e-12
          6.90225e-12
          3.98428e-11
          4.59314e-11
          8.21757e-13
          -1.66421e-11
          -1.79217e-12
          7.29695e-13
          7.73098e-11
          4.80736e-12
          -9.88521e-12
          -9.59994e-12
          -2.43961e-12
          -28.1951
          -14.2055
          4.59152e-11
          14.2055
          28.1951
          -8.69451
          -1.43687
          2.29747e-12
          1.43687
          8.69451
          0.694728
          0.275964
          -1.84732e-12
          -0.275964
          -0.694728
          0.977299
          0.122959
          -3.50248e-12
          -0.122959
          -0.977299
          0.810306
          0.0904052
          -2.55111e-12
          -0.0904052
          -0.810306
          0.817711
          0.0996825
          -3.93104e-12
          -0.0996825
          -0.817711
          0.818793
          0.0986113
          -7.51125e-12
          -0.0986113
          -0.818793
          0.819457
          0.0987716
          -2.72212e-12
          -0.0987716
          -0.819457
          0.819164
          0.0987324
          -2.17966e-12
          -0.0987324
          -0.819164
          0.819211
          0.0987367
          -1.58108e-12
          -0.0987367
          -0.819211
          0.819206
          0.0987374
          6.81838e-13
          -0.0987374
          -0.819206
          0.819207
          0.0987369
          6.08305e-12
          -0.0987369
          -0.819207
          0.819209
          0.0987377
          1.33218e-11
          -0.0987377
          -0.819209
          0.819198
          0.0987363
          1.05534e-11
          -0.0987363
          -0.819198
          0.819245
          0.0987332
          9.77699e-12
          -0.0987332
          -0.819245
          0.819077
          0.0987448
          1.34172e-11
          -0.0987448
          -0.819077
          0.819756
          0.0991802
          1.9705e-11
          -0.0991802
          -0.819756
          0.816412
          0.092975
          1.30093e-11
          -0.092975
          -0.816412
          0.810466
          0.137392
          3.27547e-12
          -0.137392
          -0.810466
          1.23761
          -0.0380015
          -6.03102e-12
          0.0380015
          -1.23761
          2.05951
          -0.0655681
          1.66108e-12
          0.0655681
          -2.05951
          -61.1116
          -30.4374
          5.96392e-11
          30.4374
          61.1116
          -15.3431
          -3.55693
          5.69869e-12
          3.55693
          15.3431
          1.76959
          0.59562
          -1.31057e-12
          -0.59562
          -1.76959
          1.70483
          0.363486
          -8.1356e-13
          -0.363486
          -1.70483
          1.85392
          0.498544
          -1.25992e-12
          -0.498544
          -1.85392
          1.76541
          0.468882
          -2.70751e-12
          -0.468882
          -1.76541
          1.78154
          0.47115
          -5.83147e-12
          -0.47115
          -1.78154
          1.78005
          0.470693
          1.76553e-12
          -0.470693
          -1.78005
          1.78028
          0.471024
          -2.82143e-13
          -0.471024
          -1.78028
          1.78019
          0.470913
          9.33569e-13
          -0.470913
          -1.78019
          1.78022
          0.470936
          -1.07483e-13
          -0.470936
          -1.78022
          1.78021
          0.470932
          -1.45564e-12
          -0.470932
          -1.78021
          1.78021
          0.470931
          8.25681e-12
          -0.470931
          -1.78021
          1.7802
          0.470943
          7.11687e-12
          -0.470943
          -1.7802
          1.78029
          0.470888
          6.54989e-12
          -0.470888
          -1.78029
          1.7799
          0.471086
          -1.65851e-12
          -0.471086
          -1.7799
          1.78039
          0.470857
          8.75898e-12
          -0.470857
          -1.78039
          1.78629
          0.464819
          -1.11623e-11
          -0.464819
          -1.78629
          1.72004
          0.532038
          2.9466e-12
          -0.532038
          -1.72004
          2.37879
          0.318198
          1.79558e-11
          -0.318198
          -2.37879
          3.77057
          0.38233
          6.87332e-14
          -0.38233
          -3.77057
        </DataArray>
        <DataArray type="Float64" Name="VonMises" format="ascii">
          435.545
          237.785
          125.528
          237.785
          435.545
          498.854
          257.742
          35.1869
          257.742
          498.854
          467.325
          241.921
          32.5296
          241.921
          467.325
          450.915
          231.797
          31.8786
          231.797
          450.915
          423.431
          218.722
          30.8862
          218.722
          423.431
          396.992
          204.913
          29.9668
          204.913
          396.992
          370.512
          191.343
          29.0842
          191.343
          370.512
          344.072
          177.778
          28.247
          177.778
          344.072
          317.621
          164.215
          27.4441
          164.215
          317.621
          291.172
          150.663
          26.6854
          150.663
          291.172
          264.726
          137.124
          25.9731
          137.124
          264.726
          238.283
          123.604
          25.3114
          123.604
          238.283
          211.843
          110.109
          24.7042
          110.109
          211.843
          185.409
          96.649
          24.156
          96.649
          185.409
          158.983
          83.2413
          23.6701
          83.2413
          158.983
          132.567
          69.9175
          23.2532
          69.9175
          132.567
          106.197
          56.7249
          22.897
          56.7249
          106.197
          79.751
          43.8566
          22.642
          43.8566
          79.751
          53.7558
          31.328
          22.4
          31.328
          53.7558
          29.1703
          21.449
          23.7292
          21.449
          29.1703
          25.6385
          21.0972
          23.4953
          21.0972
          25.6385
          431.164
          248.369
          160.739
          248.369
          431.164
          495.25
          256.04
          33.9162
          256.04
          495.25
          477.055
          248.532
          17.8919
          248.532
          477.055
          449.522
          230.261
          18.304
          230.261
          449.522
          422.737
          217.5
          18.253
          217.5
          422.737
          396.378
          203.883
          18.3389
          203.883
          396.378
          369.973
          190.346
          18.3111
          190.346
          369.973
          343.546
          176.813
          18.3158
          176.813
          343.546
          317.128
          163.282
          18.3149
          163.282
          317.128
          290.709
          149.759
          18.315
          149.759
          290.709
          264.291
          136.245
          18.3149
          136.245
          264.291
          237.874
          122.742
          18.3148
          122.742
          237.874
          211.459
          109.254
          18.3147
          109.254
          211.459
          185.046
          95.7896
          18.3147
          95.7896
          185.046
          158.637
          82.3586
          18.3147
          82.3586
          158.637
          132.234
          68.98
          18.314
          68.98
          132.234
          105.842
          55.6892
          18.3185
          55.6892
          105.842
          79.4411
          42.6201
          18.2952
          42.6201
          79.4411
          53.2567
          29.7843
          18.3879
          29.7843
          53.2567
          27.2805
          17.9482
          18.115
          17.9482
          27.2805
          17.1821
          14.274
          16.3422
          14.274
          17.1821
          435.332
          253.403
          170.418
          253.403
          435.332
          490.835
          255.097
          41.9648
          255.097
          490.835
          478.24
          250.617
          20.4277
          250.617
          478.24
          450.135
          230.773
          16.5395
          230.773
          450.135
          422.319
          217.287
          17.1024
          217.287
          422.319
          396.245
          203.883
          17.1607
          203.883
          396.245
          369.82
          190.323
          17.1431
          190.323
          369.82
          343.407
          176.783
          17.144
          176.783
          343.407
          316.996
          163.246
          17.1436
          163.246
          316.996
          290.587
          149.716
          17.1439
          149.716
          290.587
          264.178
          136.193
          17.1438
          136.193
          264.178
          237.77
          122.68
          17.1438
          122.68
          237.77
          211.363
          109.181
          17.1438
          109.181
          211.363
          184.958
          95.7016
          17.1439
          95.7016
          184.958
          158.556
          82.2519
          17.1434
          82.2519
          158.556
          132.158
          68.8483
          17.1451
          68.8483
          132.158
          105.768
          55.5216
          17.1412
          55.5216
          105.768
          79.4008
          42.404
          17.1492
          42.404
          79.4008
          53.1085
          29.4416
          17.1236
          29.4416
          53.1085
          26.5415
          17.1771
          16.6019
          17.1771
          26.5415
          16.2493
          13.1389
          14.4441
          13.1389
          16.2493
          431.164
          248.369
          160.739
          248.369
          431.164
          495.25
          256.04
          33.9162
          256.04
          495.25
          477.055
          248.532
          17.8919
          248.532
          477.055
          449.522
          230.261
          18.304
          230.261
          449.522
          422.737
          217.5
          18.253
          217.5
          422.737
          396.378
          203.883
          18.3389
          203.883
          396.378
          369.973
          190.346
          18.3111
          190.346
          369.973
          343.546
          176.813
          18.3158
          176.813
          343.546
          317.128
          163.282
          18.3149
          163.282
          317.128
          290.709
          149.759
          18.315
          149.759
          290.709
          264.291
          136.245
          18.3149
          136.245
          264.291
          237.874
          122.742
          18.3148
          122.742
          237.874
          211.459
          109.254
          18.3147
          109.254
          211.459
          185.046
          95.7896
          18.3147
          95.7896
          185.046
          158.637
          82.3586
          18.3147
          82.3586
          158.637
          132.234
          68.98
          18.314
          68.98
          132.234
          105.842
          55.6892
          18.3185
          55.6892
          105.842
          79.4411
          42.6201
          18.2952
          42.6201
          79.4411
          53.2567
          29.7843
          18.3879
          29.7843
          53.2567
          27.2805
          17.9482
          18.115
          17.9482
          27.2805
          17.1821
          14.274
          16.3422
          14.274
          17.1821
          435.545
          237.785
          125.528
          237.785
          435.545
          498.854
          257.742
          35.1869
          257.742
          498.854
          467.325
          241.921
          32.5296
          241.921
          467.325
          450.915
          231.797
          31.8786
          231.797
          450.915
          423.431
          218.722
          30.8862
          218.722
          423.431
          396.992
          204.913
          29.9668
          204.913
          396.992
          370.512
          191.343
          29.0842
          191.343
          370.512
          344.072
          177.778
          28.247
          177.778
          344.072
          317.621
          164.215
          27.4441
          164.215
          317.621
          291.172
          150.663
          26.6854
          150.663
          291.172
          264.726
          137.124
          25.9731
          137.124
          264.726
          238.283
          123.604
          25.3114
          123.604
          238.283
          211.843
          110.109
          24.7042
          110.109
          211.843
          185.409
          96.649
          24.156
          96.649
          185.409
          158.983
          83.2413
          23.6701
          83.2413
          158.983
          132.567
          69.9175
          23.2532
          69.9175
          132.567
          106.197
          56.7249
          22.897
          56.7249
          106.197
          79.751
          43.8566
          22.642
          43.8566
          79.751
          53.7558
          31.328
          22.4
          31.328
          53.7558
          29.1703
          21.449
          23.7292
          21.449
          29.1703
          25.6385
          21.0972
          23.4953
          21.0972
          25.6385
        </DataArray>
      </PointData>
      <CellData>
        <DataArray type="Int32" Name="ElementID" format="ascii">
          1
          2
          3
          4
          5
          6
          7
          8
          9
          10
          11
          12
          13
          14
          15
          16
          17
          18
          19
          20
          21
          22
          23
          24
          25
          26
          27
          28
          29
          30
          31
          32
          33
          34
          35
          36
          37
          38
          39
          40
          41
          42
          43
          44
          45
          46
          47
          48
          49
          50
          51
          52
          53
          54
          55
          56
          57
          58
          59
          60
          61
          62
          63
          64
          65
          66
          67
          68
          69
          70
          71
          72
          73
          74
          75
          76
          77
          78
          79
          80
          81
          82
          83
          84
          85
          86
          87
          88
          89
          90
          91
          92
          93
          94
          95
          96
          97
          98
          99
          100
          101
          102
          103
          104
          105
          106
          107
          108
          109
          110
          111
          112
          113
          114
          115
          116
          117
          118
          119
          120
          121
          122
          123
          124
          125
          126
          127
          128
          129
          130
          131
          132
          133
          134
          135
          136
          137
          138
          139
          140
          141
          142
          143
          144
          145
          146
          147
          148
          149
          150
          151
          152
          153
          154
          155
          156
          157
          158
          159
          160
          161
          162
          163
          164
          165
          166
          167
          168
          169
          170
          171
          172
          173
          174
          175
          176
          177
          178
          179
          180
          181
          182
          183
          184
          185
          186
          187
          188
          189
          190
          191
          192
          193
          194
          195
          196
          197
          198
          199
          200
          201
          202
          203
          204
          205
          206
          207
          208
          209
          210
          211
          212
          213
          214
          215
          216
          217
          218
          219
          220
          221
          222
          223
          224
          225
          226
          227
          228
          229
          230
          231
          232
          233
          234
          235
          236
          237
          238
          239
          240
          241
          242
          243
          244
          245
          246
          247
          248
          249
          250
          251
          252
          253
          254
          255
          256
          257
          258
          259
          260
          261
          262
          263
          264
          265
          266
          267
          268
          269
          270
          271
          272
          273
          274
          275
          276
          277
          278
          279
          280
          281
          282
          283
          284
          285
          286
          287
          288
          289
          290
          291
          292
          293
          294
          295
          296
          297
          298
          299
          300
          301
          302
          303
          304
          305
          306
          307
          308
          309
          310
          311
          312
          313
          314
          315
          316
          317
          318
          319
          320
        </DataArray>
        <DataArray type="Int32" Name="ElementType" format="ascii">
          7
          7
          7
          7
          7
          7
          7
          7
          7
          7
          7
          7
          7
          7
          7
          7
          7
          7
          7
          7
          7
          7
          7
          7
          7
          7
          7
          7
          7
          7
          7
          7
          7
          7
          7
          7
          7
          7
          7
          7
          7
          7
          7
          7
          7
          7
          7
          7
          7
          7
          7
          7
          7
          7
          7
          7
          7
          7
          7
          7
          7
          7
          7
          7
          7
          7
          7
          7
          7
          7
          7
          7
          7
          7
          7
          7
          7
          7
          7
          7
          7
          7
          7
          7
          7
          7
          7
          7
          7
          7
          7
          7
          7
          7
          7
          7
          7
          7
          7
          7
          7
          7
          7
          7
          7
          7
          7
          7
          7
          7
          7
          7
          7
          7
          7
          7
          7
          7
          7
          7
          7
          7
          7
          7
          7
          7
          7
          7
          7
          7
          7
          7
          7
          7
          7
          7
          7
          7
          7
          7
          7
          7
          7
          7
          7
          7
          7
          7
          7
          7
          7
          7
          7
          7
          7
          7
          7
          7
          7
          7
          7
          7
          7
          7
          7
          7
          7
          7
          7
          7
          7
          7
          7
          7
          7
          7
          7
          7
          7
          7
          7
          7
          7
          7
          7
          7
          7
          7
          7
          7
          7
          7
          7
          7
          7
          7
          7
          7
          7
          7
          7
          7
          7
          7
          7
          7
          7
          7
          7
          7
          7
          7
          7
          7
          7
          7
          7
          7
          7
          7
          7
          7
          7
          7
          7
          7
          7
          7
          7
          7
          7
          7
          7
          7
          7
          7
          7
          7
          7
          7
          7
          7
          7
          7
          7
          7
          7
          7
          7
          7
          7
          7
          7
          7
          7
          7
          7
          7
          7
          7
          7
          7
          7
          7
          7
          7
          7
          7
          7
          7
          7
          7
          7
          7
          7
          7
          7
          7
          7
          7
          7
          7
          7
          7
          7
          7
          7
          7
          7
          7
          7
          7
          7
          7
          7
          7
          7
          7
          7
          7
          7
          7
          7
          7
          7
          7
          7
          7
          7
          7
          7
          7
          7
          7
          7
          7
          7
          7
          7
          7
        </DataArray>
        <DataArray type="Float64" Name="ElementStress" format="ascii">
          346.839
          146.102
          146.102
          346.839
          394.877
          170.067
          170.067
          394.877
          367.186
          155.734
          155.734
          367.186
          348.262
          148.318
          148.318
          348.262
          326.687
          139.313
          139.313
          326.687
          305.705
          130.445
          130.445
          305.705
          284.644
          121.638
          121.638
          284.644
          263.6
          112.831
          112.831
          263.6
          242.555
          104.047
          104.047
          242.555
          221.515
          95.2898
          95.2898
          221.515
          200.481
          86.5701
          86.5701
          200.481
          179.454
          77.9032
          77.9032
          179.454
          158.439
          69.315
          69.315
          158.439
          137.439
          60.8513
          60.8513
          137.439
          116.462
          52.6014
          52.6014
          116.462
          95.5298
          44.7374
          44.7374
          95.5298
          74.661
          37.605
          37.605
          74.661
          54.027
          31.5656
          31.5656
          54.027
          33.146
          27.4244
          27.4244
          33.146
          19.7532
          25.8097
          25.8097
          19.7532
          337.711
          141.708
          141.708
          337.711
          399.589
          174.864
          174.864
          399.589
          369.445
          156.752
          156.752
          369.445
          347.672
          147.863
          147.863
          347.672
          326.665
          139.197
          139.197
          326.665
          305.673
          130.3
          130.3
          305.673
          284.601
          121.461
          121.461
          284.601
          263.55
          112.623
          112.623
          263.55
          242.499
          103.804
          103.804
          242.499
          221.451
          95.0061
          95.0061
          221.451
          200.408
          86.2362
          86.2362
          200.408
          179.371
          77.5063
          77.5063
          179.371
          158.342
          68.8353
          68.8353
          158.342
          137.325
          60.2569
          60.2569
          137.325
          116.326
          51.8363
          51.8363
          116.326
          95.3586
          43.7077
          43.7077
          95.3586
          74.4413
          36.1795
          36.1795
          74.4413
          53.7512
          29.71
          29.71
          53.7512
          32.6784
          25.1117
          25.1117
          32.6784
          16.2739
          21.054
          21.054
          16.2739
          337.711
          141.708
          141.708
          337.711
          399.589
          174.864
          174.864
          399.589
          369.445
          156.752
          156.752
          369.445
          347.672
          147.863
          147.863
          347.672
          326.665
          139.197
          139.197
          326.665
          305.673
          130.3
          130.3
          305.673
          284.601
          121.461
          121.461
          284.601
          263.55
          112.623
          112.623
          263.55
          242.499
          103.804
          103.804
          242.499
          221.451
          95.0061
          95.0061
          221.451
          200.408
          86.2362
          86.2362
          200.408
          179.371
          77.5063
          77.5063
          179.371
          158.342
          68.8353
          68.8353
          158.342
          137.325
          60.2569
          60.2569
          137.325
          116.326
          51.8363
          51.8363
          116.326
          95.3586
          43.7077
          43.7077
          95.3586
          74.4413
          36.1795
          36.1795
          74.4413
          53.7512
          29.71
          29.71
          53.7512
          32.6784
          25.1117
          25.1117
          32.6784
          16.2739
          21.054
          21.054
          16.2739
          346.839
          146.102
          146.102
          346.839
          394.877
          170.067
          170.067
          394.877
          367.186
          155.734
          155.734
          367.186
          348.262
          148.318
          148.318
          348.262
          326.687
          139.313
          139.313
          326.687
          305.705
          130.445
          130.445
          305.705
          284.644
          121.638
          121.638
          284.644
          263.6
          112.831
          112.831
          263.6
          242.555
          104.047
          104.047
          242.555
          221.515
          95.2898
          95.2898
          221.515
          200.481
          86.5701
          86.5701
          200.481
          179.454
          77.9032
          77.9032
          179.454
          158.439
          69.315
          69.315
          158.439
          137.439
          60.8513
          60.8513
          137.439
          116.462
          52.6014
          52.6014
          116.462
          95.5298
          44.7374
          44.7374
          95.5298
          74.661
          37.605
          37.605
          74.661
          54.027
          31.5656
          31.5656
          54.027
          33.146
          27.4244
          27.4244
          33.146
          19.7532
          25.8097
          25.8097
          19.7532
        </DataArray>
      </CellData>
    </Piece>
  </UnstructuredGrid>
</VTKFile>
