<?xml version="1.0"?>
<VTKFile type="UnstructuredGrid" version="0.1" byte_order="LittleEndian">
  <UnstructuredGrid>
    <Piece NumberOfPoints="1125" NumberOfCells="1080">
      <Points>
        <DataArray type="Float64" NumberOfComponents="3" format="ascii">
          0.707107 0.707107 0
          5 5 0
          -5 5 0
          -0.707107 0.707107 0
          1 0 0
          0.707107 -0.707107 0
          5 -5 0
          -5 -5 0
          -0.707107 -0.707107 0
          0.777817 0.777817 0
          0.853698 0.853698 0
          0.935127 0.935127 0
          1.02251 1.02251 0
          1.11628 1.11628 0
          1.21691 1.21691 0
          1.32489 1.32489 0
          1.44077 1.44077 0
          1.56512 1.56512 0
          1.69857 1.69857 0
          1.84177 1.84177 0
          1.99544 1.99544 0
          2.16035 2.16035 0
          2.33731 2.33731 0
          2.52721 2.52721 0
          2.731 2.731 0
          2.94969 2.94969 0
          3.18436 3.18436 0
          3.43619 3.43619 0
          3.70644 3.70644 0
          3.99645 3.99645 0
          4.30766 4.30766 0
          4.64162 4.64162 0
          4.09091 5 0
          3.18182 5 0
          2.27273 5 0
          1.36364 5 0
          0.454545 5 0
          -0.454545 5 0
          -1.36364 5 0
          -2.27273 5 0
          -3.18182 5 0
          -4.09091 5 0
          -4.64162 4.64162 0
          -4.30766 4.30766 0
          -3.99645 3.99645 0
          -3.70644 3.70644 0
          -3.43619 3.43619 0
          -3.18436 3.18436 0
          -2.94969 2.94969 0
          -2.731 2.731 0
          -2.52721 2.52721 0
          -2.33731 2.33731 0
          -2.16035 2.16035 0
          -1.99544 1.99544 0
          -1.84177 1.84177 0
          -1.69857 1.69857 0
          -1.56512 1.56512 0
          -1.44077 1.44077 0
          -1.32489 1.32489 0
          -1.21691 1.21691 0
          -1.11628 1.11628 0
          -1.02251 1.02251 0
          -0.935127 0.935127 0
          -0.853698 0.853698 0
          -0.777817 0.777817 0
          -0.599278 0.800541 0
          -0.479249 0.877679 0
          -0.349464 0.93695 0
          -0.212565 0.977147 0
          -0.0713392 0.997452 0
          0.0713392 0.997452 0
          0.212565 0.977147 0
          0.349464 0.93695 0
          0.479249 0.877679 0
          0.599278 0.800541 0
          0.793353 0.608761 0
          0.866025 0.5 0
          0.92388 0.382683 0
          0.965926 0.258819 0
          0.991445 0.130526 0
          0.991445 -0.130526 0
          0.965926 -0.258819 0
          0.92388 -0.382683 0
          0.866025 -0.5 0
          0.793353 -0.608761 0
          0.777817 -0.777817 0
          0.853698 -0.853698 0
          0.935127 -0.935127 0
          1.02251 -1.02251 0
          1.11628 -1.11628 0
          1.21691 -1.21691 0
          1.32489 -1.32489 0
          1.44077 -1.44077 0
          1.56512 -1.56512 0
          1.69857 -1.69857 0
          1.84177 -1.84177 0
          1.99544 -1.99544 0
          2.16035 -2.16035 0
          2.33731 -2.33731 0
          2.52721 -2.52721 0
          2.731 -2.731 0
          2.94969 -2.94969 0
          3.18436 -3.18436 0
          3.43619 -3.43619 0
          3.70644 -3.70644 0
          3.99645 -3.99645 0
          4.30766 -4.30766 0
          4.64162 -4.64162 0
          5 -4.16667 0
          5 -3.33333 0
          5 -2.5 0
          5 -1.66667 0
          5 -0.833333 0
          5 0 0
          5 0.833333 0
          5 1.66667 0
          5 2.5 0
          5 3.33333 0
          5 4.16667 0
          -4.64162 -4.64162 0
          -4.30766 -4.30766 0
          -3.99645 -3.99645 0
          -3.70644 -3.70644 0
          -3.43619 -3.43619 0
          -3.18436 -3.18436 0
          -2.94969 -2.94969 0
          -2.731 -2.731 0
          -2.52721 -2.52721 0
          -2.33731 -2.33731 0
          -2.16035 -2.16035 0
          -1.99544 -1.99544 0
          -1.84177 -1.84177 0
          -1.69857 -1.69857 0
          -1.56512 -1.56512 0
          -1.44077 -1.44077 0
          -1.32489 -1.32489 0
          -1.21691 -1.21691 0
          -1.11628 -1.11628 0
          -1.02251 -1.02251 0
          -0.935127 -0.935127 0
          -0.853698 -0.853698 0
          -0.777817 -0.777817 0
          -0.800541 -0.599278 0
          -0.877679 -0.479249 0
          -0.93695 -0.349464 0
          -0.977147 -0.212565 0
          -0.997452 -0.0713392 0
          -0.997452 0.0713392 0
          -0.977147 0.212565 0
          -0.93695 0.349464 0
          -0.877679 0.479249 0
          -0.800541 0.599278 0
          -5 4.09091 0
          -5 3.18182 0
          -5 2.27273 0
          -5 1.36364 0
          -5 0.454545 0
          -5 -0.454545 0
          -5 -1.36364 0
          -5 -2.27273 0
          -5 -3.18182 0
          -5 -4.09091 0
          -4.09091 -5 0
          -3.18182 -5 0
          -2.27273 -5 0
          -1.36364 -5 0
          -0.454545 -5 0
          0.454545 -5 0
          1.36364 -5 0
          2.27273 -5 0
          3.18182 -5 0
          4.09091 -5 0
          0.599278 -0.800541 0
          0.479249 -0.877679 0
          0.349464 -0.93695 0
          0.212565 -0.977147 0
          0.0713392 -0.997452 0
          -0.0713392 -0.997452 0
          -0.212565 -0.977147 0
          -0.349464 -0.93695 0
          -0.479249 -0.877679 0
          -0.599278 -0.800541 0
          0.65679 0.869713 0
          0.718508 0.943942 0
          0.784738 1.0236 0
          0.855811 1.10908 0
          0.932079 1.20081 0
          1.01392 1.29925 0
          1.10175 1.40488 0
          1.19601 1.51824 0
          1.29715 1.63988 0
          1.40568 1.77042 0
          1.52216 1.91051 0
          1.64715 2.06083 0
          1.78127 2.22215 0
          1.92521 2.39526 0
          2.07966 2.58103 0
          2.24541 2.78038 0
          2.42328 2.99431 0
          2.61416 3.22388 0
          2.81899 3.47023 0
          3.03879 3.7346 0
          3.27467 4.01829 0
          3.52779 4.32273 0
          3.79942 4.64942 0
          0.523765 0.94558 0
          0.571535 1.01845 0
          0.622798 1.09664 0
          0.677809 1.18055 0
          0.736842 1.27059 0
          0.800191 1.36722 0
          0.868172 1.47092 0
          0.941124 1.58219 0
          1.01941 1.7016 0
          1.10342 1.82975 0
          1.19357 1.96726 0
          1.29031 2.11482 0
          1.39413 2.27318 0
          1.50554 2.44311 0
          1.62509 2.62546 0
          1.75338 2.82115 0
          1.89105 3.03115 0
          2.03879 3.2565 0
          2.19733 3.49833 0
          2.36747 3.75784 0
          2.55004 4.03632 0
          2.74596 4.33517 0
          2.9562 4.65586 0
          0.381143 1.00387 0
          0.415139 1.07569 0
          0.45162 1.15276 0
          0.490768 1.23547 0
          0.532778 1.32422 0
          0.57786 1.41946 0
          0.626239 1.52166 0
          0.678154 1.63133 0
          0.733865 1.74903 0
          0.79365 1.87533 0
          0.857805 2.01086 0
          0.926651 2.1563 0
          1.00053 2.31238 0
          1.07981 2.47987 0
          1.16489 2.65961 0
          1.25619 2.85248 0
          1.35416 3.05946 0
          1.4593 3.28157 0
          1.57213 3.51992 0
          1.6932 3.7757 0
          1.82312 4.05018 0
          1.96255 4.34472 0
          2.11217 4.66081 0
          0.231525 1.04341 0
          0.251871 1.11452 0
          0.273705 1.19082 0
          0.297135 1.27271 0
          0.322279 1.36058 0
          0.34926 1.45488 0
          0.378215 1.55607 0
          0.409286 1.66466 0
          0.442629 1.78119 0
          0.47841 1.90624 0
          0.516807 2.04043 0
          0.558011 2.18444 0
          0.602228 2.33897 0
          0.649678 2.5048 0
          0.700598 2.68276 0
          0.75524 2.87373 0
          0.813877 3.07866 0
          0.876802 3.29857 0
          0.944327 3.53456 0
          1.01679 3.78781 0
          1.09455 4.05957 0
          1.178 4.35121 0
          1.26754 4.66416 0
          0.0776512 1.06338 0
          0.0844247 1.13413 0
          0.0916934 1.21005 0
          0.0994936 1.29152 0
          0.107864 1.37895 0
          0.116847 1.47277 0
          0.126486 1.57345 0
          0.13683 1.6815 0
          0.14793 1.79744 0
          0.159842 1.92186 0
          0.172625 2.05537 0
          0.186343 2.19865 0
          0.201063 2.3524 0
          0.21686 2.5174 0
          0.233811 2.69446 0
          0.252002 2.88446 0
          0.271524 3.08836 0
          0.292472 3.30716 0
          0.314952 3.54196 0
          0.339076 3.79393 0
          0.364963 4.06432 0
          0.392743 4.35448 0
          0.422555 4.66586 0
          -0.0776512 1.06338 0
          -0.0844247 1.13413 0
          -0.0916934 1.21005 0
          -0.0994936 1.29152 0
          -0.107864 1.37895 0
          -0.116847 1.47277 0
          -0.126486 1.57345 0
          -0.13683 1.6815 0
          -0.14793 1.79744 0
          -0.159842 1.92186 0
          -0.172625 2.05537 0
          -0.186343 2.19865 0
          -0.201063 2.3524 0
          -0.21686 2.5174 0
          -0.233811 2.69446 0
          -0.252002 2.88446 0
          -0.271524 3.08836 0
          -0.292472 3.30716 0
          -0.314952 3.54196 0
          -0.339076 3.79393 0
          -0.364963 4.06432 0
          -0.392743 4.35448 0
          -0.422555 4.66586 0
          -0.231525 1.04341 0
          -0.251871 1.11452 0
          -0.273705 1.19082 0
          -0.297135 1.27271 0
          -0.322279 1.36058 0
          -0.34926 1.45488 0
          -0.378215 1.55607 0
          -0.409286 1.66466 0
          -0.442629 1.78119 0
          -0.47841 1.90624 0
          -0.516807 2.04043 0
          -0.558011 2.18444 0
          -0.602228 2.33897 0
          -0.649678 2.5048 0
          -0.700598 2.68276 0
          -0.75524 2.87373 0
          -0.813877 3.07866 0
          -0.876802 3.29857 0
          -0.944327 3.53456 0
          -1.01679 3.78781 0
          -1.09455 4.05957 0
          -1.178 4.35121 0
          -1.26754 4.66416 0
          -0.381143 1.00387 0
          -0.415139 1.07569 0
          -0.45162 1.15276 0
          -0.490768 1.23547 0
          -0.532778 1.32422 0
          -0.57786 1.41946 0
          -0.626239 1.52166 0
          -0.678154 1.63133 0
          -0.733865 1.74903 0
          -0.79365 1.87533 0
          -0.857805 2.01086 0
          -0.926651 2.1563 0
          -1.00053 2.31238 0
          -1.07981 2.47987 0
          -1.16489 2.65961 0
          -1.25619 2.85248 0
          -1.35416 3.05946 0
          -1.4593 3.28157 0
          -1.57213 3.51992 0
          -1.6932 3.7757 0
          -1.82312 4.05018 0
          -1.96255 4.34472 0
          -2.11217 4.66081 0
          -0.523765 0.94558 0
          -0.571535 1.01845 0
          -0.622798 1.09664 0
          -0.677809 1.18055 0
          -0.736842 1.27059 0
          -0.800191 1.36722 0
          -0.868172 1.47092 0
          -0.941124 1.58219 0
          -1.01941 1.7016 0
          -1.10342 1.82975 0
          -1.19357 1.96726 0
          -1.29031 2.11482 0
          -1.39413 2.27318 0
          -1.50554 2.44311 0
          -1.62509 2.62546 0
          -1.75338 2.82115 0
          -1.89105 3.03115 0
          -2.03879 3.2565 0
          -2.19733 3.49833 0
          -2.36747 3.75784 0
          -2.55004 4.03632 0
          -2.74596 4.33517 0
          -2.9562 4.65586 0
          -0.65679 0.869713 0
          -0.718508 0.943942 0
          -0.784738 1.0236 0
          -0.855811 1.10908 0
          -0.932079 1.20081 0
          -1.01392 1.29925 0
          -1.10175 1.40488 0
          -1.19601 1.51824 0
          -1.29715 1.63988 0
          -1.40568 1.77042 0
          -1.52216 1.91051 0
          -1.64715 2.06083 0
          -1.78127 2.22215 0
          -1.92521 2.39526 0
          -2.07966 2.58103 0
          -2.24541 2.78038 0
          -2.42328 2.99431 0
          -2.61416 3.22388 0
          -2.81899 3.47023 0
          -3.03879 3.7346 0
          -3.27467 4.01829 0
          -3.52779 4.32273 0
          -3.79942 4.64942 0
          4.64882 3.86964 0
          4.32157 3.59286 0
          4.01661 3.33493 0
          3.73243 3.09458 0
          3.46761 2.8706 0
          3.22084 2.66188 0
          2.99088 2.46739 0
          2.77658 2.28614 0
          2.57689 2.11725 0
          2.3908 1.95986 0
          2.2174 1.81319 0
          2.0558 1.67652 0
          1.90522 1.54916 0
          1.7649 1.43047 0
          1.63413 1.31988 0
          1.51228 1.21682 0
          1.39873 1.12078 0
          1.29291 1.03128 0
          1.19431 0.94788 0
          1.10242 0.870163 0
          1.01679 0.797742 0
          0.937 0.730255 0
          0.862643 0.667366 0
          4.65489 3.0968 0
          4.33329 2.87638 0
          4.0336 2.67098 0
          3.75433 2.47958 0
          3.49409 2.30121 0
          3.25157 2.135 0
          3.02559 1.98011 0
          2.815 1.83578 0
          2.61875 1.70128 0
          2.43588 1.57594 0
          2.26547 1.45915 0
          2.10667 1.35031 0
          1.95868 1.24888 0
          1.82078 1.15437 0
          1.69228 1.0663 0
          1.57253 0.984223 0
          1.46094 0.907742 0
          1.35695 0.836471 0
          1.26005 0.770057 0
          1.16975 0.708167 0
          1.0856 0.650494 0
          1.00719 0.596751 0
          0.934118 0.546669 0
          4.65972 2.32324 0
          4.34262 2.15853 0
          4.04712 2.00503 0
          3.77176 1.862 0
          3.51516 1.72871 0
          3.27604 1.6045 0
          3.05322 1.48876 0
          2.84557 1.3809 0
          2.65208 1.28039 0
          2.47176 1.18672 0
          2.30374 1.09944 0
          2.14716 1.01811 0
          2.00125 0.942315 0
          1.86528 0.871686 0
          1.73857 0.80587 0
          1.6205 0.744537 0
          1.51047 0.687384 0
          1.40794 0.634124 0
          1.31239 0.584494 0
          1.22336 0.538244 0
          1.14039 0.495146 0
          1.06307 0.454984 0
          0.99102 0.417559 0
          4.66323 1.54914 0
          4.3494 1.43961 0
          4.05695 1.33755 0
          3.78443 1.24245 0
          3.53048 1.15382 0
          3.29383 1.07123 0
          3.0733 0.994269 0
          2.8678 0.922551 0
          2.6763 0.85572 0
          2.49784 0.793442 0
          2.33155 0.735407 0
          2.17658 0.681326 0
          2.03218 0.63093 0
          1.89761 0.583967 0
          1.77221 0.540204 0
          1.65536 0.499423 0
          1.54646 0.461421 0
          1.44499 0.426007 0
          1.35043 0.393007 0
          1.26231 0.362255 0
          1.1802 0.333598 0
          1.10368 0.306893 0
          1.03237 0.282008 0
          4.66536 0.774661 0
          4.35351 0.719987 0
          4.06292 0.669038 0
          3.79212 0.62156 0
          3.53977 0.577316 0
          3.30462 0.536088 0
          3.08549 0.497668 0
          2.88129 0.461866 0
          2.691 0.428503 0
          2.51367 0.397413 0
          2.34843 0.368442 0
          2.19445 0.341444 0
          2.05095 0.316286 0
          1.91724 0.292842 0
          1.79263 0.270996 0
          1.67652 0.250637 0
          1.56831 0.231666 0
          1.46748 0.213988 0
          1.37352 0.197514 0
          1.28596 0.182162 0
          1.20436 0.167856 0
          1.12833 0.154525 0
          1.05747 0.142103 0
          4.66607 0 0
          4.35489 0 0
          4.06492 0 0
          3.7947 0 0
          3.54289 0 0
          3.30824 0 0
          3.08957 0 0
          2.88581 0 0
          2.69592 0 0
          2.51898 0 0
          2.35409 0 0
          2.20043 0 0
          2.05725 0 0
          1.92382 0 0
          1.79948 0 0
          1.68361 0 0
          1.57564 0 0
          1.47502 0 0
          1.38126 0 0
          1.29388 0 0
          1.21246 0 0
          1.13659 0 0
          1.06589 0 0
          4.66536 -0.774661 0
          4.35351 -0.719987 0
          4.06292 -0.669038 0
          3.79212 -0.62156 0
          3.53977 -0.577316 0
          3.30462 -0.536088 0
          3.08549 -0.497668 0
          2.88129 -0.461866 0
          2.691 -0.428503 0
          2.51367 -0.397413 0
          2.34843 -0.368442 0
          2.19445 -0.341444 0
          2.05095 -0.316286 0
          1.91724 -0.292842 0
          1.79263 -0.270996 0
          1.67652 -0.250637 0
          1.56831 -0.231666 0
          1.46748 -0.213988 0
          1.37352 -0.197514 0
          1.28596 -0.182162 0
          1.20436 -0.167856 0
          1.12833 -0.154525 0
          1.05747 -0.142103 0
          4.66323 -1.54914 0
          4.3494 -1.43961 0
          4.05695 -1.33755 0
          3.78443 -1.24245 0
          3.53048 -1.15382 0
          3.29383 -1.07123 0
          3.0733 -0.994269 0
          2.8678 -0.922551 0
          2.6763 -0.85572 0
          2.49784 -0.793442 0
          2.33155 -0.735407 0
          2.17658 -0.681326 0
          2.03218 -0.63093 0
          1.89761 -0.583967 0
          1.77221 -0.540204 0
          1.65536 -0.499423 0
          1.54646 -0.461421 0
          1.44499 -0.426007 0
          1.35043 -0.393007 0
          1.26231 -0.362255 0
          1.1802 -0.333598 0
          1.10368 -0.306893 0
          1.03237 -0.282008 0
          4.65972 -2.32324 0
          4.34262 -2.15853 0
          4.04712 -2.00503 0
          3.77176 -1.862 0
          3.51516 -1.72871 0
          3.27604 -1.6045 0
          3.05322 -1.48876 0
          2.84557 -1.3809 0
          2.65208 -1.28039 0
          2.47176 -1.18672 0
          2.30374 -1.09944 0
          2.14716 -1.01811 0
          2.00125 -0.942315 0
          1.86528 -0.871686 0
          1.73857 -0.80587 0
          1.6205 -0.744537 0
          1.51047 -0.687384 0
          1.40794 -0.634124 0
          1.31239 -0.584494 0
          1.22336 -0.538244 0
          1.14039 -0.495146 0
          1.06307 -0.454984 0
          0.99102 -0.417559 0
          4.65489 -3.0968 0
          4.33329 -2.87638 0
          4.0336 -2.67098 0
          3.75433 -2.47958 0
          3.49409 -2.30121 0
          3.25157 -2.135 0
          3.02559 -1.98011 0
          2.815 -1.83578 0
          2.61875 -1.70128 0
          2.43588 -1.57594 0
          2.26547 -1.45915 0
          2.10667 -1.35031 0
          1.95868 -1.24888 0
          1.82078 -1.15437 0
          1.69228 -1.0663 0
          1.57253 -0.984223 0
          1.46094 -0.907742 0
          1.35695 -0.836471 0
          1.26005 -0.770057 0
          1.16975 -0.708167 0
          1.0856 -0.650494 0
          1.00719 -0.596751 0
          0.934118 -0.546669 0
          4.64882 -3.86964 0
          4.32157 -3.59286 0
          4.01661 -3.33493 0
          3.73243 -3.09458 0
          3.46761 -2.8706 0
          3.22084 -2.66188 0
          2.99088 -2.46739 0
          2.77658 -2.28614 0
          2.57689 -2.11725 0
          2.3908 -1.95986 0
          2.2174 -1.81319 0
          2.0558 -1.67652 0
          1.90522 -1.54916 0
          1.7649 -1.43047 0
          1.63413 -1.31988 0
          1.51228 -1.21682 0
          1.39873 -1.12078 0
          1.29291 -1.03128 0
          1.19431 -0.94788 0
          1.10242 -0.870163 0
          1.01679 -0.797742 0
          0.937 -0.730255 0
          0.862643 -0.667366 0
          -4.64942 -3.79942 0
          -4.32273 -3.52779 0
          -4.01829 -3.27467 0
          -3.7346 -3.03879 0
          -3.47023 -2.81899 0
          -3.22388 -2.61416 0
          -2.99431 -2.42328 0
          -2.78038 -2.24541 0
          -2.58103 -2.07966 0
          -2.39526 -1.92521 0
          -2.22215 -1.78127 0
          -2.06083 -1.64715 0
          -1.91051 -1.52216 0
          -1.77042 -1.40568 0
          -1.63988 -1.29715 0
          -1.51824 -1.19601 0
          -1.40488 -1.10175 0
          -1.29925 -1.01392 0
          -1.20081 -0.932079 0
          -1.10908 -0.855811 0
          -1.0236 -0.784738 0
          -0.943942 -0.718508 0
          -0.869713 -0.65679 0
          -4.65586 -2.9562 0
          -4.33517 -2.74596 0
          -4.03632 -2.55004 0
          -3.75784 -2.36747 0
          -3.49833 -2.19733 0
          -3.2565 -2.03879 0
          -3.03115 -1.89105 0
          -2.82115 -1.75338 0
          -2.62546 -1.62509 0
          -2.44311 -1.50554 0
          -2.27318 -1.39413 0
          -2.11482 -1.29031 0
          -1.96726 -1.19357 0
          -1.82975 -1.10342 0
          -1.7016 -1.01941 0
          -1.58219 -0.941124 0
          -1.47092 -0.868172 0
          -1.36722 -0.800191 0
          -1.27059 -0.736842 0
          -1.18055 -0.677809 0
          -1.09664 -0.622798 0
          -1.01845 -0.571535 0
          -0.94558 -0.523765 0
          -4.66081 -2.11217 0
          -4.34472 -1.96255 0
          -4.05018 -1.82312 0
          -3.7757 -1.6932 0
          -3.51992 -1.57213 0
          -3.28157 -1.4593 0
          -3.05946 -1.35416 0
          -2.85248 -1.25619 0
          -2.65961 -1.16489 0
          -2.47987 -1.07981 0
          -2.31238 -1.00053 0
          -2.1563 -0.926651 0
          -2.01086 -0.857805 0
          -1.87533 -0.79365 0
          -1.74903 -0.733865 0
          -1.63133 -0.678154 0
          -1.52166 -0.626239 0
          -1.41946 -0.57786 0
          -1.32422 -0.532778 0
          -1.23547 -0.490768 0
          -1.15276 -0.45162 0
          -1.07569 -0.415139 0
          -1.00387 -0.381143 0
          -4.66416 -1.26754 0
          -4.35121 -1.178 0
          -4.05957 -1.09455 0
          -3.78781 -1.01679 0
          -3.53456 -0.944327 0
          -3.29857 -0.876802 0
          -3.07866 -0.813877 0
          -2.87373 -0.75524 0
          -2.68276 -0.700598 0
          -2.5048 -0.649678 0
          -2.33897 -0.602228 0
          -2.18444 -0.558011 0
          -2.04043 -0.516807 0
          -1.90624 -0.47841 0
          -1.78119 -0.442629 0
          -1.66466 -0.409286 0
          -1.55607 -0.378215 0
          -1.45488 -0.34926 0
          -1.36058 -0.322279 0
          -1.27271 -0.297135 0
          -1.19082 -0.273705 0
          -1.11452 -0.251871 0
          -1.04341 -0.231525 0
          -4.66586 -0.422555 0
          -4.35448 -0.392743 0
          -4.06432 -0.364963 0
          -3.79393 -0.339076 0
          -3.54196 -0.314952 0
          -3.30716 -0.292472 0
          -3.08836 -0.271524 0
          -2.88446 -0.252002 0
          -2.69446 -0.233811 0
          -2.5174 -0.21686 0
          -2.3524 -0.201063 0
          -2.19865 -0.186343 0
          -2.05537 -0.172625 0
          -1.92186 -0.159842 0
          -1.79744 -0.14793 0
          -1.6815 -0.13683 0
          -1.57345 -0.126486 0
          -1.47277 -0.116847 0
          -1.37895 -0.107864 0
          -1.29152 -0.0994936 0
          -1.21005 -0.0916934 0
          -1.13413 -0.0844247 0
          -1.06338 -0.0776512 0
          -4.66586 0.422555 0
          -4.35448 0.392743 0
          -4.06432 0.364963 0
          -3.79393 0.339076 0
          -3.54196 0.314952 0
          -3.30716 0.292472 0
          -3.08836 0.271524 0
          -2.88446 0.252002 0
          -2.69446 0.233811 0
          -2.5174 0.21686 0
          -2.3524 0.201063 0
          -2.19865 0.186343 0
          -2.05537 0.172625 0
          -1.92186 0.159842 0
          -1.79744 0.14793 0
          -1.6815 0.13683 0
          -1.57345 0.126486 0
          -1.47277 0.116847 0
          -1.37895 0.107864 0
          -1.29152 0.0994936 0
          -1.21005 0.0916934 0
          -1.13413 0.0844247 0
          -1.06338 0.0776512 0
          -4.66416 1.26754 0
          -4.35121 1.178 0
          -4.05957 1.09455 0
          -3.78781 1.01679 0
          -3.53456 0.944327 0
          -3.29857 0.876802 0
          -3.07866 0.813877 0
          -2.87373 0.75524 0
          -2.68276 0.700598 0
          -2.5048 0.649678 0
          -2.33897 0.602228 0
          -2.18444 0.558011 0
          -2.04043 0.516807 0
          -1.90624 0.47841 0
          -1.78119 0.442629 0
          -1.66466 0.409286 0
          -1.55607 0.378215 0
          -1.45488 0.34926 0
          -1.36058 0.322279 0
          -1.27271 0.297135 0
          -1.19082 0.273705 0
          -1.11452 0.251871 0
          -1.04341 0.231525 0
          -4.66081 2.11217 0
          -4.34472 1.96255 0
          -4.05018 1.82312 0
          -3.7757 1.6932 0
          -3.51992 1.57213 0
          -3.28157 1.4593 0
          -3.05946 1.35416 0
          -2.85248 1.25619 0
          -2.65961 1.16489 0
          -2.47987 1.07981 0
          -2.31238 1.00053 0
          -2.1563 0.926651 0
          -2.01086 0.857805 0
          -1.87533 0.79365 0
          -1.74903 0.733865 0
          -1.63133 0.678154 0
          -1.52166 0.626239 0
          -1.41946 0.57786 0
          -1.32422 0.532778 0
          -1.23547 0.490768 0
          -1.15276 0.45162 0
          -1.07569 0.415139 0
          -1.00387 0.381143 0
          -4.65586 2.9562 0
          -4.33517 2.74596 0
          -4.03632 2.55004 0
          -3.75784 2.36747 0
          -3.49833 2.19733 0
          -3.2565 2.03879 0
          -3.03115 1.89105 0
          -2.82115 1.75338 0
          -2.62546 1.62509 0
          -2.44311 1.50554 0
          -2.27318 1.39413 0
          -2.11482 1.29031 0
          -1.96726 1.19357 0
          -1.82975 1.10342 0
          -1.7016 1.01941 0
          -1.58219 0.941124 0
          -1.47092 0.868172 0
          -1.36722 0.800191 0
          -1.27059 0.736842 0
          -1.18055 0.677809 0
          -1.09664 0.622798 0
          -1.01845 0.571535 0
          -0.94558 0.523765 0
          -4.64942 3.79942 0
          -4.32273 3.52779 0
          -4.01829 3.27467 0
          -3.7346 3.03879 0
          -3.47023 2.81899 0
          -3.22388 2.61416 0
          -2.99431 2.42328 0
          -2.78038 2.24541 0
          -2.58103 2.07966 0
          -2.39526 1.92521 0
          -2.22215 1.78127 0
          -2.06083 1.64715 0
          -1.91051 1.52216 0
          -1.77042 1.40568 0
          -1.63988 1.29715 0
          -1.51824 1.19601 0
          -1.40488 1.10175 0
          -1.29925 1.01392 0
          -1.20081 0.932079 0
          -1.10908 0.855811 0
          -1.0236 0.784738 0
          -0.943942 0.718508 0
          -0.869713 0.65679 0
          -0.65679 -0.869713 0
          -0.718508 -0.943942 0
          -0.784738 -1.0236 0
          -0.855811 -1.10908 0
          -0.932079 -1.20081 0
          -1.01392 -1.29925 0
          -1.10175 -1.40488 0
          -1.19601 -1.51824 0
          -1.29715 -1.63988 0
          -1.40568 -1.77042 0
          -1.52216 -1.91051 0
          -1.64715 -2.06083 0
          -1.78127 -2.22215 0
          -1.92521 -2.39526 0
          -2.07966 -2.58103 0
          -2.24541 -2.78038 0
          -2.42328 -2.99431 0
          -2.61416 -3.22388 0
          -2.81899 -3.47023 0
          -3.03879 -3.7346 0
          -3.27467 -4.01829 0
          -3.52779 -4.32273 0
          -3.79942 -4.64942 0
          -0.523765 -0.94558 0
          -0.571535 -1.01845 0
          -0.622798 -1.09664 0
          -0.677809 -1.18055 0
          -0.736842 -1.27059 0
          -0.800191 -1.36722 0
          -0.868172 -1.47092 0
          -0.941124 -1.58219 0
          -1.01941 -1.7016 0
          -1.10342 -1.82975 0
          -1.19357 -1.96726 0
          -1.29031 -2.11482 0
          -1.39413 -2.27318 0
          -1.50554 -2.44311 0
          -1.62509 -2.62546 0
          -1.75338 -2.82115 0
          -1.89105 -3.03115 0
          -2.03879 -3.2565 0
          -2.19733 -3.49833 0
          -2.36747 -3.75784 0
          -2.55004 -4.03632 0
          -2.74596 -4.33517 0
          -2.9562 -4.65586 0
          -0.381143 -1.00387 0
          -0.415139 -1.07569 0
          -0.45162 -1.15276 0
          -0.490768 -1.23547 0
          -0.532778 -1.32422 0
          -0.57786 -1.41946 0
          -0.626239 -1.52166 0
          -0.678154 -1.63133 0
          -0.733865 -1.74903 0
          -0.79365 -1.87533 0
          -0.857805 -2.01086 0
          -0.926651 -2.1563 0
          -1.00053 -2.31238 0
          -1.07981 -2.47987 0
          -1.16489 -2.65961 0
          -1.25619 -2.85248 0
          -1.35416 -3.05946 0
          -1.4593 -3.28157 0
          -1.57213 -3.51992 0
          -1.6932 -3.7757 0
          -1.82312 -4.05018 0
          -1.96255 -4.34472 0
          -2.11217 -4.66081 0
          -0.231525 -1.04341 0
          -0.251871 -1.11452 0
          -0.273705 -1.19082 0
          -0.297135 -1.27271 0
          -0.322279 -1.36058 0
          -0.34926 -1.45488 0
          -0.378215 -1.55607 0
          -0.409286 -1.66466 0
          -0.442629 -1.78119 0
          -0.47841 -1.90624 0
          -0.516807 -2.04043 0
          -0.558011 -2.18444 0
          -0.602228 -2.33897 0
          -0.649678 -2.5048 0
          -0.700598 -2.68276 0
          -0.75524 -2.87373 0
          -0.813877 -3.07866 0
          -0.876802 -3.29857 0
          -0.944327 -3.53456 0
          -1.01679 -3.78781 0
          -1.09455 -4.05957 0
          -1.178 -4.35121 0
          -1.26754 -4.66416 0
          -0.0776512 -1.06338 0
          -0.0844247 -1.13413 0
          -0.0916934 -1.21005 0
          -0.0994936 -1.29152 0
          -0.107864 -1.37895 0
          -0.116847 -1.47277 0
          -0.126486 -1.57345 0
          -0.13683 -1.6815 0
          -0.14793 -1.79744 0
          -0.159842 -1.92186 0
          -0.172625 -2.05537 0
          -0.186343 -2.19865 0
          -0.201063 -2.3524 0
          -0.21686 -2.5174 0
          -0.233811 -2.69446 0
          -0.252002 -2.88446 0
          -0.271524 -3.08836 0
          -0.292472 -3.30716 0
          -0.314952 -3.54196 0
          -0.339076 -3.79393 0
          -0.364963 -4.06432 0
          -0.392743 -4.35448 0
          -0.422555 -4.66586 0
          0.0776512 -1.06338 0
          0.0844247 -1.13413 0
          0.0916934 -1.21005 0
          0.0994936 -1.29152 0
          0.107864 -1.37895 0
          0.116847 -1.47277 0
          0.126486 -1.57345 0
          0.13683 -1.6815 0
          0.14793 -1.79744 0
          0.159842 -1.92186 0
          0.172625 -2.05537 0
          0.186343 -2.19865 0
          0.201063 -2.3524 0
          0.21686 -2.5174 0
          0.233811 -2.69446 0
          0.252002 -2.88446 0
          0.271524 -3.08836 0
          0.292472 -3.30716 0
          0.314952 -3.54196 0
          0.339076 -3.79393 0
          0.364963 -4.06432 0
          0.392743 -4.35448 0
          0.422555 -4.66586 0
          0.231525 -1.04341 0
          0.251871 -1.11452 0
          0.273705 -1.19082 0
          0.297135 -1.27271 0
          0.322279 -1.36058 0
          0.34926 -1.45488 0
          0.378215 -1.55607 0
          0.409286 -1.66466 0
          0.442629 -1.78119 0
          0.47841 -1.90624 0
          0.516807 -2.04043 0
          0.558011 -2.18444 0
          0.602228 -2.33897 0
          0.649678 -2.5048 0
          0.700598 -2.68276 0
          0.75524 -2.87373 0
          0.813877 -3.07866 0
          0.876802 -3.29857 0
          0.944327 -3.53456 0
          1.01679 -3.78781 0
          1.09455 -4.05957 0
          1.178 -4.35121 0
          1.26754 -4.66416 0
          0.381143 -1.00387 0
          0.415139 -1.07569 0
          0.45162 -1.15276 0
          0.490768 -1.23547 0
          0.532778 -1.32422 0
          0.57786 -1.41946 0
          0.626239 -1.52166 0
          0.678154 -1.63133 0
          0.733865 -1.74903 0
          0.79365 -1.87533 0
          0.857805 -2.01086 0
          0.926651 -2.1563 0
          1.00053 -2.31238 0
          1.07981 -2.47987 0
          1.16489 -2.65961 0
          1.25619 -2.85248 0
          1.35416 -3.05946 0
          1.4593 -3.28157 0
          1.57213 -3.51992 0
          1.6932 -3.7757 0
          1.82312 -4.05018 0
          1.96255 -4.34472 0
          2.11217 -4.66081 0
          0.523765 -0.94558 0
          0.571535 -1.01845 0
          0.622798 -1.09664 0
          0.677809 -1.18055 0
          0.736842 -1.27059 0
          0.800191 -1.36722 0
          0.868172 -1.47092 0
          0.941124 -1.58219 0
          1.01941 -1.7016 0
          1.10342 -1.82975 0
          1.19357 -1.96726 0
          1.29031 -2.11482 0
          1.39413 -2.27318 0
          1.50554 -2.44311 0
          1.62509 -2.62546 0
          1.75338 -2.82115 0
          1.89105 -3.03115 0
          2.03879 -3.2565 0
          2.19733 -3.49833 0
          2.36747 -3.75784 0
          2.55004 -4.03632 0
          2.74596 -4.33517 0
          2.9562 -4.65586 0
          0.65679 -0.869713 0
          0.718508 -0.943942 0
          0.784738 -1.0236 0
          0.855811 -1.10908 0
          0.932079 -1.20081 0
          1.01392 -1.29925 0
          1.10175 -1.40488 0
          1.19601 -1.51824 0
          1.29715 -1.63988 0
          1.40568 -1.77042 0
          1.52216 -1.91051 0
          1.64715 -2.06083 0
          1.78127 -2.22215 0
          1.92521 -2.39526 0
          2.07966 -2.58103 0
          2.24541 -2.78038 0
          2.42328 -2.99431 0
          2.61416 -3.22388 0
          2.81899 -3.47023 0
          3.03879 -3.7346 0
          3.27467 -4.01829 0
          3.52779 -4.32273 0
          3.79942 -4.64942 0
        </DataArray>
      </Points>
      <Cells>
        <DataArray type="Int32" Name="connectivity" format="ascii">
          0
          9
          182
          74
          9
          10
          183
          182
          10
          11
          184
          183
          11
          12
          185
          184
          12
          13
          186
          185
          13
          14
          187
          186
          14
          15
          188
          187
          15
          16
          189
          188
          16
          17
          190
          189
          17
          18
          191
          190
          18
          19
          192
          191
          19
          20
          193
          192
          20
          21
          194
          193
          21
          22
          195
          194
          22
          23
          196
          195
          23
          24
          197
          196
          24
          25
          198
          197
          25
          26
          199
          198
          26
          27
          200
          199
          27
          28
          201
          200
          28
          29
          202
          201
          29
          30
          203
          202
          30
          31
          204
          203
          31
          1
          32
          204
          74
          182
          205
          73
          182
          183
          206
          205
          183
          184
          207
          206
          184
          185
          208
          207
          185
          186
          209
          208
          186
          187
          210
          209
          187
          188
          211
          210
          188
          189
          212
          211
          189
          190
          213
          212
          190
          191
          214
          213
          191
          192
          215
          214
          192
          193
          216
          215
          193
          194
          217
          216
          194
          195
          218
          217
          195
          196
          219
          218
          196
          197
          220
          219
          197
          198
          221
          220
          198
          199
          222
          221
          199
          200
          223
          222
          200
          201
          224
          223
          201
          202
          225
          224
          202
          203
          226
          225
          203
          204
          227
          226
          204
          32
          33
          227
          73
          205
          228
          72
          205
          206
          229
          228
          206
          207
          230
          229
          207
          208
          231
          230
          208
          209
          232
          231
          209
          210
          233
          232
          210
          211
          234
          233
          211
          212
          235
          234
          212
          213
          236
          235
          213
          214
          237
          236
          214
          215
          238
          237
          215
          216
          239
          238
          216
          217
          240
          239
          217
          218
          241
          240
          218
          219
          242
          241
          219
          220
          243
          242
          220
          221
          244
          243
          221
          222
          245
          244
          222
          223
          246
          245
          223
          224
          247
          246
          224
          225
          248
          247
          225
          226
          249
          248
          226
          227
          250
          249
          227
          33
          34
          250
          72
          228
          251
          71
          228
          229
          252
          251
          229
          230
          253
          252
          230
          231
          254
          253
          231
          232
          255
          254
          232
          233
          256
          255
          233
          234
          257
          256
          234
          235
          258
          257
          235
          236
          259
          258
          236
          237
          260
          259
          237
          238
          261
          260
          238
          239
          262
          261
          239
          240
          263
          262
          240
          241
          264
          263
          241
          242
          265
          264
          242
          243
          266
          265
          243
          244
          267
          266
          244
          245
          268
          267
          245
          246
          269
          268
          246
          247
          270
          269
          247
          248
          271
          270
          248
          249
          272
          271
          249
          250
          273
          272
          250
          34
          35
          273
          71
          251
          274
          70
          251
          252
          275
          274
          252
          253
          276
          275
          253
          254
          277
          276
          254
          255
          278
          277
          255
          256
          279
          278
          256
          257
          280
          279
          257
          258
          281
          280
          258
          259
          282
          281
          259
          260
          283
          282
          260
          261
          284
          283
          261
          262
          285
          284
          262
          263
          286
          285
          263
          264
          287
          286
          264
          265
          288
          287
          265
          266
          289
          288
          266
          267
          290
          289
          267
          268
          291
          290
          268
          269
          292
          291
          269
          270
          293
          292
          270
          271
          294
          293
          271
          272
          295
          294
          272
          273
          296
          295
          273
          35
          36
          296
          70
          274
          297
          69
          274
          275
          298
          297
          275
          276
          299
          298
          276
          277
          300
          299
          277
          278
          301
          300
          278
          279
          302
          301
          279
          280
          303
          302
          280
          281
          304
          303
          281
          282
          305
          304
          282
          283
          306
          305
          283
          284
          307
          306
          284
          285
          308
          307
          285
          286
          309
          308
          286
          287
          310
          309
          287
          288
          311
          310
          288
          289
          312
          311
          289
          290
          313
          312
          290
          291
          314
          313
          291
          292
          315
          314
          292
          293
          316
          315
          293
          294
          317
          316
          294
          295
          318
          317
          295
          296
          319
          318
          296
          36
          37
          319
          69
          297
          320
          68
          297
          298
          321
          320
          298
          299
          322
          321
          299
          300
          323
          322
          300
          301
          324
          323
          301
          302
          325
          324
          302
          303
          326
          325
          303
          304
          327
          326
          304
          305
          328
          327
          305
          306
          329
          328
          306
          307
          330
          329
          307
          308
          331
          330
          308
          309
          332
          331
          309
          310
          333
          332
          310
          311
          334
          333
          311
          312
          335
          334
          312
          313
          336
          335
          313
          314
          337
          336
          314
          315
          338
          337
          315
          316
          339
          338
          316
          317
          340
          339
          317
          318
          341
          340
          318
          319
          342
          341
          319
          37
          38
          342
          68
          320
          343
          67
          320
          321
          344
          343
          321
          322
          345
          344
          322
          323
          346
          345
          323
          324
          347
          346
          324
          325
          348
          347
          325
          326
          349
          348
          326
          327
          350
          349
          327
          328
          351
          350
          328
          329
          352
          351
          329
          330
          353
          352
          330
          331
          354
          353
          331
          332
          355
          354
          332
          333
          356
          355
          333
          334
          357
          356
          334
          335
          358
          357
          335
          336
          359
          358
          336
          337
          360
          359
          337
          338
          361
          360
          338
          339
          362
          361
          339
          340
          363
          362
          340
          341
          364
          363
          341
          342
          365
          364
          342
          38
          39
          365
          67
          343
          366
          66
          343
          344
          367
          366
          344
          345
          368
          367
          345
          346
          369
          368
          346
          347
          370
          369
          347
          348
          371
          370
          348
          349
          372
          371
          349
          350
          373
          372
          350
          351
          374
          373
          351
          352
          375
          374
          352
          353
          376
          375
          353
          354
          377
          376
          354
          355
          378
          377
          355
          356
          379
          378
          356
          357
          380
          379
          357
          358
          381
          380
          358
          359
          382
          381
          359
          360
          383
          382
          360
          361
          384
          383
          361
          362
          385
          384
          362
          363
          386
          385
          363
          364
          387
          386
          364
          365
          388
          387
          365
          39
          40
          388
          66
          366
          389
          65
          366
          367
          390
          389
          367
          368
          391
          390
          368
          369
          392
          391
          369
          370
          393
          392
          370
          371
          394
          393
          371
          372
          395
          394
          372
          373
          396
          395
          373
          374
          397
          396
          374
          375
          398
          397
          375
          376
          399
          398
          376
          377
          400
          399
          377
          378
          401
          400
          378
          379
          402
          401
          379
          380
          403
          402
          380
          381
          404
          403
          381
          382
          405
          404
          382
          383
          406
          405
          383
          384
          407
          406
          384
          385
          408
          407
          385
          386
          409
          408
          386
          387
          410
          409
          387
          388
          411
          410
          388
          40
          41
          411
          65
          389
          64
          3
          389
          390
          63
          64
          390
          391
          62
          63
          391
          392
          61
          62
          392
          393
          60
          61
          393
          394
          59
          60
          394
          395
          58
          59
          395
          396
          57
          58
          396
          397
          56
          57
          397
          398
          55
          56
          398
          399
          54
          55
          399
          400
          53
          54
          400
          401
          52
          53
          401
          402
          51
          52
          402
          403
          50
          51
          403
          404
          49
          50
          404
          405
          48
          49
          405
          406
          47
          48
          406
          407
          46
          47
          407
          408
          45
          46
          408
          409
          44
          45
          409
          410
          43
          44
          410
          411
          42
          43
          411
          41
          2
          42
          1
          31
          412
          118
          31
          30
          413
          412
          30
          29
          414
          413
          29
          28
          415
          414
          28
          27
          416
          415
          27
          26
          417
          416
          26
          25
          418
          417
          25
          24
          419
          418
          24
          23
          420
          419
          23
          22
          421
          420
          22
          21
          422
          421
          21
          20
          423
          422
          20
          19
          424
          423
          19
          18
          425
          424
          18
          17
          426
          425
          17
          16
          427
          426
          16
          15
          428
          427
          15
          14
          429
          428
          14
          13
          430
          429
          13
          12
          431
          430
          12
          11
          432
          431
          11
          10
          433
          432
          10
          9
          434
          433
          9
          0
          75
          434
          118
          412
          435
          117
          412
          413
          436
          435
          413
          414
          437
          436
          414
          415
          438
          437
          415
          416
          439
          438
          416
          417
          440
          439
          417
          418
          441
          440
          418
          419
          442
          441
          419
          420
          443
          442
          420
          421
          444
          443
          421
          422
          445
          444
          422
          423
          446
          445
          423
          424
          447
          446
          424
          425
          448
          447
          425
          426
          449
          448
          426
          427
          450
          449
          427
          428
          451
          450
          428
          429
          452
          451
          429
          430
          453
          452
          430
          431
          454
          453
          431
          432
          455
          454
          432
          433
          456
          455
          433
          434
          457
          456
          434
          75
          76
          457
          117
          435
          458
          116
          435
          436
          459
          458
          436
          437
          460
          459
          437
          438
          461
          460
          438
          439
          462
          461
          439
          440
          463
          462
          440
          441
          464
          463
          441
          442
          465
          464
          442
          443
          466
          465
          443
          444
          467
          466
          444
          445
          468
          467
          445
          446
          469
          468
          446
          447
          470
          469
          447
          448
          471
          470
          448
          449
          472
          471
          449
          450
          473
          472
          450
          451
          474
          473
          451
          452
          475
          474
          452
          453
          476
          475
          453
          454
          477
          476
          454
          455
          478
          477
          455
          456
          479
          478
          456
          457
          480
          479
          457
          76
          77
          480
          116
          458
          481
          115
          458
          459
          482
          481
          459
          460
          483
          482
          460
          461
          484
          483
          461
          462
          485
          484
          462
          463
          486
          485
          463
          464
          487
          486
          464
          465
          488
          487
          465
          466
          489
          488
          466
          467
          490
          489
          467
          468
          491
          490
          468
          469
          492
          491
          469
          470
          493
          492
          470
          471
          494
          493
          471
          472
          495
          494
          472
          473
          496
          495
          473
          474
          497
          496
          474
          475
          498
          497
          475
          476
          499
          498
          476
          477
          500
          499
          477
          478
          501
          500
          478
          479
          502
          501
          479
          480
          503
          502
          480
          77
          78
          503
          115
          481
          504
          114
          481
          482
          505
          504
          482
          483
          506
          505
          483
          484
          507
          506
          484
          485
          508
          507
          485
          486
          509
          508
          486
          487
          510
          509
          487
          488
          511
          510
          488
          489
          512
          511
          489
          490
          513
          512
          490
          491
          514
          513
          491
          492
          515
          514
          492
          493
          516
          515
          493
          494
          517
          516
          494
          495
          518
          517
          495
          496
          519
          518
          496
          497
          520
          519
          497
          498
          521
          520
          498
          499
          522
          521
          499
          500
          523
          522
          500
          501
          524
          523
          501
          502
          525
          524
          502
          503
          526
          525
          503
          78
          79
          526
          114
          504
          527
          113
          504
          505
          528
          527
          505
          506
          529
          528
          506
          507
          530
          529
          507
          508
          531
          530
          508
          509
          532
          531
          509
          510
          533
          532
          510
          511
          534
          533
          511
          512
          535
          534
          512
          513
          536
          535
          513
          514
          537
          536
          514
          515
          538
          537
          515
          516
          539
          538
          516
          517
          540
          539
          517
          518
          541
          540
          518
          519
          542
          541
          519
          520
          543
          542
          520
          521
          544
          543
          521
          522
          545
          544
          522
          523
          546
          545
          523
          524
          547
          546
          524
          525
          548
          547
          525
          526
          549
          548
          526
          79
          4
          549
          113
          527
          550
          112
          527
          528
          551
          550
          528
          529
          552
          551
          529
          530
          553
          552
          530
          531
          554
          553
          531
          532
          555
          554
          532
          533
          556
          555
          533
          534
          557
          556
          534
          535
          558
          557
          535
          536
          559
          558
          536
          537
          560
          559
          537
          538
          561
          560
          538
          539
          562
          561
          539
          540
          563
          562
          540
          541
          564
          563
          541
          542
          565
          564
          542
          543
          566
          565
          543
          544
          567
          566
          544
          545
          568
          567
          545
          546
          569
          568
          546
          547
          570
          569
          547
          548
          571
          570
          548
          549
          572
          571
          549
          4
          80
          572
          112
          550
          573
          111
          550
          551
          574
          573
          551
          552
          575
          574
          552
          553
          576
          575
          553
          554
          577
          576
          554
          555
          578
          577
          555
          556
          579
          578
          556
          557
          580
          579
          557
          558
          581
          580
          558
          559
          582
          581
          559
          560
          583
          582
          560
          561
          584
          583
          561
          562
          585
          584
          562
          563
          586
          585
          563
          564
          587
          586
          564
          565
          588
          587
          565
          566
          589
          588
          566
          567
          590
          589
          567
          568
          591
          590
          568
          569
          592
          591
          569
          570
          593
          592
          570
          571
          594
          593
          571
          572
          595
          594
          572
          80
          81
          595
          111
          573
          596
          110
          573
          574
          597
          596
          574
          575
          598
          597
          575
          576
          599
          598
          576
          577
          600
          599
          577
          578
          601
          600
          578
          579
          602
          601
          579
          580
          603
          602
          580
          581
          604
          603
          581
          582
          605
          604
          582
          583
          606
          605
          583
          584
          607
          606
          584
          585
          608
          607
          585
          586
          609
          608
          586
          587
          610
          609
          587
          588
          611
          610
          588
          589
          612
          611
          589
          590
          613
          612
          590
          591
          614
          613
          591
          592
          615
          614
          592
          593
          616
          615
          593
          594
          617
          616
          594
          595
          618
          617
          595
          81
          82
          618
          110
          596
          619
          109
          596
          597
          620
          619
          597
          598
          621
          620
          598
          599
          622
          621
          599
          600
          623
          622
          600
          601
          624
          623
          601
          602
          625
          624
          602
          603
          626
          625
          603
          604
          627
          626
          604
          605
          628
          627
          605
          606
          629
          628
          606
          607
          630
          629
          607
          608
          631
          630
          608
          609
          632
          631
          609
          610
          633
          632
          610
          611
          634
          633
          611
          612
          635
          634
          612
          613
          636
          635
          613
          614
          637
          636
          614
          615
          638
          637
          615
          616
          639
          638
          616
          617
          640
          639
          617
          618
          641
          640
          618
          82
          83
          641
          109
          619
          642
          108
          619
          620
          643
          642
          620
          621
          644
          643
          621
          622
          645
          644
          622
          623
          646
          645
          623
          624
          647
          646
          624
          625
          648
          647
          625
          626
          649
          648
          626
          627
          650
          649
          627
          628
          651
          650
          628
          629
          652
          651
          629
          630
          653
          652
          630
          631
          654
          653
          631
          632
          655
          654
          632
          633
          656
          655
          633
          634
          657
          656
          634
          635
          658
          657
          635
          636
          659
          658
          636
          637
          660
          659
          637
          638
          661
          660
          638
          639
          662
          661
          639
          640
          663
          662
          640
          641
          664
          663
          641
          83
          84
          664
          108
          642
          107
          6
          642
          643
          106
          107
          643
          644
          105
          106
          644
          645
          104
          105
          645
          646
          103
          104
          646
          647
          102
          103
          647
          648
          101
          102
          648
          649
          100
          101
          649
          650
          99
          100
          650
          651
          98
          99
          651
          652
          97
          98
          652
          653
          96
          97
          653
          654
          95
          96
          654
          655
          94
          95
          655
          656
          93
          94
          656
          657
          92
          93
          657
          658
          91
          92
          658
          659
          90
          91
          659
          660
          89
          90
          660
          661
          88
          89
          661
          662
          87
          88
          662
          663
          86
          87
          663
          664
          85
          86
          664
          84
          5
          85
          7
          119
          665
          161
          119
          120
          666
          665
          120
          121
          667
          666
          121
          122
          668
          667
          122
          123
          669
          668
          123
          124
          670
          669
          124
          125
          671
          670
          125
          126
          672
          671
          126
          127
          673
          672
          127
          128
          674
          673
          128
          129
          675
          674
          129
          130
          676
          675
          130
          131
          677
          676
          131
          132
          678
          677
          132
          133
          679
          678
          133
          134
          680
          679
          134
          135
          681
          680
          135
          136
          682
          681
          136
          137
          683
          682
          137
          138
          684
          683
          138
          139
          685
          684
          139
          140
          686
          685
          140
          141
          687
          686
          141
          8
          142
          687
          161
          665
          688
          160
          665
          666
          689
          688
          666
          667
          690
          689
          667
          668
          691
          690
          668
          669
          692
          691
          669
          670
          693
          692
          670
          671
          694
          693
          671
          672
          695
          694
          672
          673
          696
          695
          673
          674
          697
          696
          674
          675
          698
          697
          675
          676
          699
          698
          676
          677
          700
          699
          677
          678
          701
          700
          678
          679
          702
          701
          679
          680
          703
          702
          680
          681
          704
          703
          681
          682
          705
          704
          682
          683
          706
          705
          683
          684
          707
          706
          684
          685
          708
          707
          685
          686
          709
          708
          686
          687
          710
          709
          687
          142
          143
          710
          160
          688
          711
          159
          688
          689
          712
          711
          689
          690
          713
          712
          690
          691
          714
          713
          691
          692
          715
          714
          692
          693
          716
          715
          693
          694
          717
          716
          694
          695
          718
          717
          695
          696
          719
          718
          696
          697
          720
          719
          697
          698
          721
          720
          698
          699
          722
          721
          699
          700
          723
          722
          700
          701
          724
          723
          701
          702
          725
          724
          702
          703
          726
          725
          703
          704
          727
          726
          704
          705
          728
          727
          705
          706
          729
          728
          706
          707
          730
          729
          707
          708
          731
          730
          708
          709
          732
          731
          709
          710
          733
          732
          710
          143
          144
          733
          159
          711
          734
          158
          711
          712
          735
          734
          712
          713
          736
          735
          713
          714
          737
          736
          714
          715
          738
          737
          715
          716
          739
          738
          716
          717
          740
          739
          717
          718
          741
          740
          718
          719
          742
          741
          719
          720
          743
          742
          720
          721
          744
          743
          721
          722
          745
          744
          722
          723
          746
          745
          723
          724
          747
          746
          724
          725
          748
          747
          725
          726
          749
          748
          726
          727
          750
          749
          727
          728
          751
          750
          728
          729
          752
          751
          729
          730
          753
          752
          730
          731
          754
          753
          731
          732
          755
          754
          732
          733
          756
          755
          733
          144
          145
          756
          158
          734
          757
          157
          734
          735
          758
          757
          735
          736
          759
          758
          736
          737
          760
          759
          737
          738
          761
          760
          738
          739
          762
          761
          739
          740
          763
          762
          740
          741
          764
          763
          741
          742
          765
          764
          742
          743
          766
          765
          743
          744
          767
          766
          744
          745
          768
          767
          745
          746
          769
          768
          746
          747
          770
          769
          747
          748
          771
          770
          748
          749
          772
          771
          749
          750
          773
          772
          750
          751
          774
          773
          751
          752
          775
          774
          752
          753
          776
          775
          753
          754
          777
          776
          754
          755
          778
          777
          755
          756
          779
          778
          756
          145
          146
          779
          157
          757
          780
          156
          757
          758
          781
          780
          758
          759
          782
          781
          759
          760
          783
          782
          760
          761
          784
          783
          761
          762
          785
          784
          762
          763
          786
          785
          763
          764
          787
          786
          764
          765
          788
          787
          765
          766
          789
          788
          766
          767
          790
          789
          767
          768
          791
          790
          768
          769
          792
          791
          769
          770
          793
          792
          770
          771
          794
          793
          771
          772
          795
          794
          772
          773
          796
          795
          773
          774
          797
          796
          774
          775
          798
          797
          775
          776
          799
          798
          776
          777
          800
          799
          777
          778
          801
          800
          778
          779
          802
          801
          779
          146
          147
          802
          156
          780
          803
          155
          780
          781
          804
          803
          781
          782
          805
          804
          782
          783
          806
          805
          783
          784
          807
          806
          784
          785
          808
          807
          785
          786
          809
          808
          786
          787
          810
          809
          787
          788
          811
          810
          788
          789
          812
          811
          789
          790
          813
          812
          790
          791
          814
          813
          791
          792
          815
          814
          792
          793
          816
          815
          793
          794
          817
          816
          794
          795
          818
          817
          795
          796
          819
          818
          796
          797
          820
          819
          797
          798
          821
          820
          798
          799
          822
          821
          799
          800
          823
          822
          800
          801
          824
          823
          801
          802
          825
          824
          802
          147
          148
          825
          155
          803
          826
          154
          803
          804
          827
          826
          804
          805
          828
          827
          805
          806
          829
          828
          806
          807
          830
          829
          807
          808
          831
          830
          808
          809
          832
          831
          809
          810
          833
          832
          810
          811
          834
          833
          811
          812
          835
          834
          812
          813
          836
          835
          813
          814
          837
          836
          814
          815
          838
          837
          815
          816
          839
          838
          816
          817
          840
          839
          817
          818
          841
          840
          818
          819
          842
          841
          819
          820
          843
          842
          820
          821
          844
          843
          821
          822
          845
          844
          822
          823
          846
          845
          823
          824
          847
          846
          824
          825
          848
          847
          825
          148
          149
          848
          154
          826
          849
          153
          826
          827
          850
          849
          827
          828
          851
          850
          828
          829
          852
          851
          829
          830
          853
          852
          830
          831
          854
          853
          831
          832
          855
          854
          832
          833
          856
          855
          833
          834
          857
          856
          834
          835
          858
          857
          835
          836
          859
          858
          836
          837
          860
          859
          837
          838
          861
          860
          838
          839
          862
          861
          839
          840
          863
          862
          840
          841
          864
          863
          841
          842
          865
          864
          842
          843
          866
          865
          843
          844
          867
          866
          844
          845
          868
          867
          845
          846
          869
          868
          846
          847
          870
          869
          847
          848
          871
          870
          848
          149
          150
          871
          153
          849
          872
          152
          849
          850
          873
          872
          850
          851
          874
          873
          851
          852
          875
          874
          852
          853
          876
          875
          853
          854
          877
          876
          854
          855
          878
          877
          855
          856
          879
          878
          856
          857
          880
          879
          857
          858
          881
          880
          858
          859
          882
          881
          859
          860
          883
          882
          860
          861
          884
          883
          861
          862
          885
          884
          862
          863
          886
          885
          863
          864
          887
          886
          864
          865
          888
          887
          865
          866
          889
          888
          866
          867
          890
          889
          867
          868
          891
          890
          868
          869
          892
          891
          869
          870
          893
          892
          870
          871
          894
          893
          871
          150
          151
          894
          152
          872
          42
          2
          872
          873
          43
          42
          873
          874
          44
          43
          874
          875
          45
          44
          875
          876
          46
          45
          876
          877
          47
          46
          877
          878
          48
          47
          878
          879
          49
          48
          879
          880
          50
          49
          880
          881
          51
          50
          881
          882
          52
          51
          882
          883
          53
          52
          883
          884
          54
          53
          884
          885
          55
          54
          885
          886
          56
          55
          886
          887
          57
          56
          887
          888
          58
          57
          888
          889
          59
          58
          889
          890
          60
          59
          890
          891
          61
          60
          891
          892
          62
          61
          892
          893
          63
          62
          893
          894
          64
          63
          894
          151
          3
          64
          8
          141
          895
          181
          141
          140
          896
          895
          140
          139
          897
          896
          139
          138
          898
          897
          138
          137
          899
          898
          137
          136
          900
          899
          136
          135
          901
          900
          135
          134
          902
          901
          134
          133
          903
          902
          133
          132
          904
          903
          132
          131
          905
          904
          131
          130
          906
          905
          130
          129
          907
          906
          129
          128
          908
          907
          128
          127
          909
          908
          127
          126
          910
          909
          126
          125
          911
          910
          125
          124
          912
          911
          124
          123
          913
          912
          123
          122
          914
          913
          122
          121
          915
          914
          121
          120
          916
          915
          120
          119
          917
          916
          119
          7
          162
          917
          181
          895
          918
          180
          895
          896
          919
          918
          896
          897
          920
          919
          897
          898
          921
          920
          898
          899
          922
          921
          899
          900
          923
          922
          900
          901
          924
          923
          901
          902
          925
          924
          902
          903
          926
          925
          903
          904
          927
          926
          904
          905
          928
          927
          905
          906
          929
          928
          906
          907
          930
          929
          907
          908
          931
          930
          908
          909
          932
          931
          909
          910
          933
          932
          910
          911
          934
          933
          911
          912
          935
          934
          912
          913
          936
          935
          913
          914
          937
          936
          914
          915
          938
          937
          915
          916
          939
          938
          916
          917
          940
          939
          917
          162
          163
          940
          180
          918
          941
          179
          918
          919
          942
          941
          919
          920
          943
          942
          920
          921
          944
          943
          921
          922
          945
          944
          922
          923
          946
          945
          923
          924
          947
          946
          924
          925
          948
          947
          925
          926
          949
          948
          926
          927
          950
          949
          927
          928
          951
          950
          928
          929
          952
          951
          929
          930
          953
          952
          930
          931
          954
          953
          931
          932
          955
          954
          932
          933
          956
          955
          933
          934
          957
          956
          934
          935
          958
          957
          935
          936
          959
          958
          936
          937
          960
          959
          937
          938
          961
          960
          938
          939
          962
          961
          939
          940
          963
          962
          940
          163
          164
          963
          179
          941
          964
          178
          941
          942
          965
          964
          942
          943
          966
          965
          943
          944
          967
          966
          944
          945
          968
          967
          945
          946
          969
          968
          946
          947
          970
          969
          947
          948
          971
          970
          948
          949
          972
          971
          949
          950
          973
          972
          950
          951
          974
          973
          951
          952
          975
          974
          952
          953
          976
          975
          953
          954
          977
          976
          954
          955
          978
          977
          955
          956
          979
          978
          956
          957
          980
          979
          957
          958
          981
          980
          958
          959
          982
          981
          959
          960
          983
          982
          960
          961
          984
          983
          961
          962
          985
          984
          962
          963
          986
          985
          963
          164
          165
          986
          178
          964
          987
          177
          964
          965
          988
          987
          965
          966
          989
          988
          966
          967
          990
          989
          967
          968
          991
          990
          968
          969
          992
          991
          969
          970
          993
          992
          970
          971
          994
          993
          971
          972
          995
          994
          972
          973
          996
          995
          973
          974
          997
          996
          974
          975
          998
          997
          975
          976
          999
          998
          976
          977
          1000
          999
          977
          978
          1001
          1000
          978
          979
          1002
          1001
          979
          980
          1003
          1002
          980
          981
          1004
          1003
          981
          982
          1005
          1004
          982
          983
          1006
          1005
          983
          984
          1007
          1006
          984
          985
          1008
          1007
          985
          986
          1009
          1008
          986
          165
          166
          1009
          177
          987
          1010
          176
          987
          988
          1011
          1010
          988
          989
          1012
          1011
          989
          990
          1013
          1012
          990
          991
          1014
          1013
          991
          992
          1015
          1014
          992
          993
          1016
          1015
          993
          994
          1017
          1016
          994
          995
          1018
          1017
          995
          996
          1019
          1018
          996
          997
          1020
          1019
          997
          998
          1021
          1020
          998
          999
          1022
          1021
          999
          1000
          1023
          1022
          1000
          1001
          1024
          1023
          1001
          1002
          1025
          1024
          1002
          1003
          1026
          1025
          1003
          1004
          1027
          1026
          1004
          1005
          1028
          1027
          1005
          1006
          1029
          1028
          1006
          1007
          1030
          1029
          1007
          1008
          1031
          1030
          1008
          1009
          1032
          1031
          1009
          166
          167
          1032
          176
          1010
          1033
          175
          1010
          1011
          1034
          1033
          1011
          1012
          1035
          1034
          1012
          1013
          1036
          1035
          1013
          1014
          1037
          1036
          1014
          1015
          1038
          1037
          1015
          1016
          1039
          1038
          1016
          1017
          1040
          1039
          1017
          1018
          1041
          1040
          1018
          1019
          1042
          1041
          1019
          1020
          1043
          1042
          1020
          1021
          1044
          1043
          1021
          1022
          1045
          1044
          1022
          1023
          1046
          1045
          1023
          1024
          1047
          1046
          1024
          1025
          1048
          1047
          1025
          1026
          1049
          1048
          1026
          1027
          1050
          1049
          1027
          1028
          1051
          1050
          1028
          1029
          1052
          1051
          1029
          1030
          1053
          1052
          1030
          1031
          1054
          1053
          1031
          1032
          1055
          1054
          1032
          167
          168
          1055
          175
          1033
          1056
          174
          1033
          1034
          1057
          1056
          1034
          1035
          1058
          1057
          1035
          1036
          1059
          1058
          1036
          1037
          1060
          1059
          1037
          1038
          1061
          1060
          1038
          1039
          1062
          1061
          1039
          1040
          1063
          1062
          1040
          1041
          1064
          1063
          1041
          1042
          1065
          1064
          1042
          1043
          1066
          1065
          1043
          1044
          1067
          1066
          1044
          1045
          1068
          1067
          1045
          1046
          1069
          1068
          1046
          1047
          1070
          1069
          1047
          1048
          1071
          1070
          1048
          1049
          1072
          1071
          1049
          1050
          1073
          1072
          1050
          1051
          1074
          1073
          1051
          1052
          1075
          1074
          1052
          1053
          1076
          1075
          1053
          1054
          1077
          1076
          1054
          1055
          1078
          1077
          1055
          168
          169
          1078
          174
          1056
          1079
          173
          1056
          1057
          1080
          1079
          1057
          1058
          1081
          1080
          1058
          1059
          1082
          1081
          1059
          1060
          1083
          1082
          1060
          1061
          1084
          1083
          1061
          1062
          1085
          1084
          1062
          1063
          1086
          1085
          1063
          1064
          1087
          1086
          1064
          1065
          1088
          1087
          1065
          1066
          1089
          1088
          1066
          1067
          1090
          1089
          1067
          1068
          1091
          1090
          1068
          1069
          1092
          1091
          1069
          1070
          1093
          1092
          1070
          1071
          1094
          1093
          1071
          1072
          1095
          1094
          1072
          1073
          1096
          1095
          1073
          1074
          1097
          1096
          1074
          1075
          1098
          1097
          1075
          1076
          1099
          1098
          1076
          1077
          1100
          1099
          1077
          1078
          1101
          1100
          1078
          169
          170
          1101
          173
          1079
          1102
          172
          1079
          1080
          1103
          1102
          1080
          1081
          1104
          1103
          1081
          1082
          1105
          1104
          1082
          1083
          1106
          1105
          1083
          1084
          1107
          1106
          1084
          1085
          1108
          1107
          1085
          1086
          1109
          1108
          1086
          1087
          1110
          1109
          1087
          1088
          1111
          1110
          1088
          1089
          1112
          1111
          1089
          1090
          1113
          1112
          1090
          1091
          1114
          1113
          1091
          1092
          1115
          1114
          1092
          1093
          1116
          1115
          1093
          1094
          1117
          1116
          1094
          1095
          1118
          1117
          1095
          1096
          1119
          1118
          1096
          1097
          1120
          1119
          1097
          1098
          1121
          1120
          1098
          1099
          1122
          1121
          1099
          1100
          1123
          1122
          1100
          1101
          1124
          1123
          1101
          170
          171
          1124
          172
          1102
          85
          5
          1102
          1103
          86
          85
          1103
          1104
          87
          86
          1104
          1105
          88
          87
          1105
          1106
          89
          88
          1106
          1107
          90
          89
          1107
          1108
          91
          90
          1108
          1109
          92
          91
          1109
          1110
          93
          92
          1110
          1111
          94
          93
          1111
          1112
          95
          94
          1112
          1113
          96
          95
          1113
          1114
          97
          96
          1114
          1115
          98
          97
          1115
          1116
          99
          98
          1116
          1117
          100
          99
          1117
          1118
          101
          100
          1118
          1119
          102
          101
          1119
          1120
          103
          102
          1120
          1121
          104
          103
          1121
          1122
          105
          104
          1122
          1123
          106
          105
          1123
          1124
          107
          106
          1124
          171
          6
          107
        </DataArray>
        <DataArray type="Int32" Name="offsets" format="ascii">
          4
          8
          12
          16
          20
          24
          28
          32
          36
          40
          44
          48
          52
          56
          60
          64
          68
          72
          76
          80
          84
          88
          92
          96
          100
          104
          108
          112
          116
          120
          124
          128
          132
          136
          140
          144
          148
          152
          156
          160
          164
          168
          172
          176
          180
          184
          188
          192
          196
          200
          204
          208
          212
          216
          220
          224
          228
          232
          236
          240
          244
          248
          252
          256
          260
          264
          268
          272
          276
          280
          284
          288
          292
          296
          300
          304
          308
          312
          316
          320
          324
          328
          332
          336
          340
          344
          348
          352
          356
          360
          364
          368
          372
          376
          380
          384
          388
          392
          396
          400
          404
          408
          412
          416
          420
          424
          428
          432
          436
          440
          444
          448
          452
          456
          460
          464
          468
          472
          476
          480
          484
          488
          492
          496
          500
          504
          508
          512
          516
          520
          524
          528
          532
          536
          540
          544
          548
          552
          556
          560
          564
          568
          572
          576
          580
          584
          588
          592
          596
          600
          604
          608
          612
          616
          620
          624
          628
          632
          636
          640
          644
          648
          652
          656
          660
          664
          668
          672
          676
          680
          684
          688
          692
          696
          700
          704
          708
          712
          716
          720
          724
          728
          732
          736
          740
          744
          748
          752
          756
          760
          764
          768
          772
          776
          780
          784
          788
          792
          796
          800
          804
          808
          812
          816
          820
          824
          828
          832
          836
          840
          844
          848
          852
          856
          860
          864
          868
          872
          876
          880
          884
          888
          892
          896
          900
          904
          908
          912
          916
          920
          924
          928
          932
          936
          940
          944
          948
          952
          956
          960
          964
          968
          972
          976
          980
          984
          988
          992
          996
          1000
          1004
          1008
          1012
          1016
          1020
          1024
          1028
          1032
          1036
          1040
          1044
          1048
          1052
          1056
          1060
          1064
          1068
          1072
          1076
          1080
          1084
          1088
          1092
          1096
          1100
          1104
          1108
          1112
          1116
          1120
          1124
          1128
          1132
          1136
          1140
          1144
          1148
          1152
          1156
          1160
          1164
          1168
          1172
          1176
          1180
          1184
          1188
          1192
          1196
          1200
          1204
          1208
          1212
          1216
          1220
          1224
          1228
          1232
          1236
          1240
          1244
          1248
          1252
          1256
          1260
          1264
          1268
          1272
          1276
          1280
          1284
          1288
          1292
          1296
          1300
          1304
          1308
          1312
          1316
          1320
          1324
          1328
          1332
          1336
          1340
          1344
          1348
          1352
          1356
          1360
          1364
          1368
          1372
          1376
          1380
          1384
          1388
          1392
          1396
          1400
          1404
          1408
          1412
          1416
          1420
          1424
          1428
          1432
          1436
          1440
          1444
          1448
          1452
          1456
          1460
          1464
          1468
          1472
          1476
          1480
          1484
          1488
          1492
          1496
          1500
          1504
          1508
          1512
          1516
          1520
          1524
          1528
          1532
          1536
          1540
          1544
          1548
          1552
          1556
          1560
          1564
          1568
          1572
          1576
          1580
          1584
          1588
          1592
          1596
          1600
          1604
          1608
          1612
          1616
          1620
          1624
          1628
          1632
          1636
          1640
          1644
          1648
          1652
          1656
          1660
          1664
          1668
          1672
          1676
          1680
          1684
          1688
          1692
          1696
          1700
          1704
          1708
          1712
          1716
          1720
          1724
          1728
          1732
          1736
          1740
          1744
          1748
          1752
          1756
          1760
          1764
          1768
          1772
          1776
          1780
          1784
          1788
          1792
          1796
          1800
          1804
          1808
          1812
          1816
          1820
          1824
          1828
          1832
          1836
          1840
          1844
          1848
          1852
          1856
          1860
          1864
          1868
          1872
          1876
          1880
          1884
          1888
          1892
          1896
          1900
          1904
          1908
          1912
          1916
          1920
          1924
          1928
          1932
          1936
          1940
          1944
          1948
          1952
          1956
          1960
          1964
          1968
          1972
          1976
          1980
          1984
          1988
          1992
          1996
          2000
          2004
          2008
          2012
          2016
          2020
          2024
          2028
          2032
          2036
          2040
          2044
          2048
          2052
          2056
          2060
          2064
          2068
          2072
          2076
          2080
          2084
          2088
          2092
          2096
          2100
          2104
          2108
          2112
          2116
          2120
          2124
          2128
          2132
          2136
          2140
          2144
          2148
          2152
          2156
          2160
          2164
          2168
          2172
          2176
          2180
          2184
          2188
          2192
          2196
          2200
          2204
          2208
          2212
          2216
          2220
          2224
          2228
          2232
          2236
          2240
          2244
          2248
          2252
          2256
          2260
          2264
          2268
          2272
          2276
          2280
          2284
          2288
          2292
          2296
          2300
          2304
          2308
          2312
          2316
          2320
          2324
          2328
          2332
          2336
          2340
          2344
          2348
          2352
          2356
          2360
          2364
          2368
          2372
          2376
          2380
          2384
          2388
          2392
          2396
          2400
          2404
          2408
          2412
          2416
          2420
          2424
          2428
          2432
          2436
          2440
          2444
          2448
          2452
          2456
          2460
          2464
          2468
          2472
          2476
          2480
          2484
          2488
          2492
          2496
          2500
          2504
          2508
          2512
          2516
          2520
          2524
          2528
          2532
          2536
          2540
          2544
          2548
          2552
          2556
          2560
          2564
          2568
          2572
          2576
          2580
          2584
          2588
          2592
          2596
          2600
          2604
          2608
          2612
          2616
          2620
          2624
          2628
          2632
          2636
          2640
          2644
          2648
          2652
          2656
          2660
          2664
          2668
          2672
          2676
          2680
          2684
          2688
          2692
          2696
          2700
          2704
          2708
          2712
          2716
          2720
          2724
          2728
          2732
          2736
          2740
          2744
          2748
          2752
          2756
          2760
          2764
          2768
          2772
          2776
          2780
          2784
          2788
          2792
          2796
          2800
          2804
          2808
          2812
          2816
          2820
          2824
          2828
          2832
          2836
          2840
          2844
          2848
          2852
          2856
          2860
          2864
          2868
          2872
          2876
          2880
          2884
          2888
          2892
          2896
          2900
          2904
          2908
          2912
          2916
          2920
          2924
          2928
          2932
          2936
          2940
          2944
          2948
          2952
          2956
          2960
          2964
          2968
          2972
          2976
          2980
          2984
          2988
          2992
          2996
          3000
          3004
          3008
          3012
          3016
          3020
          3024
          3028
          3032
          3036
          3040
          3044
          3048
          3052
          3056
          3060
          3064
          3068
          3072
          3076
          3080
          3084
          3088
          3092
          3096
          3100
          3104
          3108
          3112
          3116
          3120
          3124
          3128
          3132
          3136
          3140
          3144
          3148
          3152
          3156
          3160
          3164
          3168
          3172
          3176
          3180
          3184
          3188
          3192
          3196
          3200
          3204
          3208
          3212
          3216
          3220
          3224
          3228
          3232
          3236
          3240
          3244
          3248
          3252
          3256
          3260
          3264
          3268
          3272
          3276
          3280
          3284
          3288
          3292
          3296
          3300
          3304
          3308
          3312
          3316
          3320
          3324
          3328
          3332
          3336
          3340
          3344
          3348
          3352
          3356
          3360
          3364
          3368
          3372
          3376
          3380
          3384
          3388
          3392
          3396
          3400
          3404
          3408
          3412
          3416
          3420
          3424
          3428
          3432
          3436
          3440
          3444
          3448
          3452
          3456
          3460
          3464
          3468
          3472
          3476
          3480
          3484
          3488
          3492
          3496
          3500
          3504
          3508
          3512
          3516
          3520
          3524
          3528
          3532
          3536
          3540
          3544
          3548
          3552
          3556
          3560
          3564
          3568
          3572
          3576
          3580
          3584
          3588
          3592
          3596
          3600
          3604
          3608
          3612
          3616
          3620
          3624
          3628
          3632
          3636
          3640
          3644
          3648
          3652
          3656
          3660
          3664
          3668
          3672
          3676
          3680
          3684
          3688
          3692
          3696
          3700
          3704
          3708
          3712
          3716
          3720
          3724
          3728
          3732
          3736
          3740
          3744
          3748
          3752
          3756
          3760
          3764
          3768
          3772
          3776
          3780
          3784
          3788
          3792
          3796
          3800
          3804
          3808
          3812
          3816
          3820
          3824
          3828
          3832
          3836
          3840
          3844
          3848
          3852
          3856
          3860
          3864
          3868
          3872
          3876
          3880
          3884
          3888
          3892
          3896
          3900
          3904
          3908
          3912
          3916
          3920
          3924
          3928
          3932
          3936
          3940
          3944
          3948
          3952
          3956
          3960
          3964
          3968
          3972
          3976
          3980
          3984
          3988
          3992
          3996
          4000
          4004
          4008
          4012
          4016
          4020
          4024
          4028
          4032
          4036
          4040
          4044
          4048
          4052
          4056
          4060
          4064
          4068
          4072
          4076
          4080
          4084
          4088
          4092
          4096
          4100
          4104
          4108
          4112
          4116
          4120
          4124
          4128
          4132
          4136
          4140
          4144
          4148
          4152
          4156
          4160
          4164
          4168
          4172
          4176
          4180
          4184
          4188
          4192
          4196
          4200
          4204
          4208
          4212
          4216
          4220
          4224
          4228
          4232
          4236
          4240
          4244
          4248
          4252
          4256
          4260
          4264
          4268
          4272
          4276
          4280
          4284
          4288
          4292
          4296
          4300
          4304
          4308
          4312
          4316
          4320
        </DataArray>
        <DataArray type="UInt8" Name="types" format="ascii">
          9
          9
          9
          9
          9
          9
          9
          9
          9
          9
          9
          9
          9
          9
          9
          9
          9
          9
          9
          9
          9
          9
          9
          9
          9
          9
          9
          9
          9
          9
          9
          9
          9
          9
          9
          9
          9
          9
          9
          9
          9
          9
          9
          9
          9
          9
          9
          9
          9
          9
          9
          9
          9
          9
          9
          9
          9
          9
          9
          9
          9
          9
          9
          9
          9
          9
          9
          9
          9
          9
          9
          9
          9
          9
          9
          9
          9
          9
          9
          9
          9
          9
          9
          9
          9
          9
          9
          9
          9
          9
          9
          9
          9
          9
          9
          9
          9
          9
          9
          9
          9
          9
          9
          9
          9
          9
          9
          9
          9
          9
          9
          9
          9
          9
          9
          9
          9
          9
          9
          9
          9
          9
          9
          9
          9
          9
          9
          9
          9
          9
          9
          9
          9
          9
          9
          9
          9
          9
          9
          9
          9
          9
          9
          9
          9
          9
          9
          9
          9
          9
          9
          9
          9
          9
          9
          9
          9
          9
          9
          9
          9
          9
          9
          9
          9
          9
          9
          9
          9
          9
          9
          9
          9
          9
          9
          9
          9
          9
          9
          9
          9
          9
          9
          9
          9
          9
          9
          9
          9
          9
          9
          9
          9
          9
          9
          9
          9
          9
          9
          9
          9
          9
          9
          9
          9
          9
          9
          9
          9
          9
          9
          9
          9
          9
          9
          9
          9
          9
          9
          9
          9
          9
          9
          9
          9
          9
          9
          9
          9
          9
          9
          9
          9
          9
          9
          9
          9
          9
          9
          9
          9
          9
          9
          9
          9
          9
          9
          9
          9
          9
          9
          9
          9
          9
          9
          9
          9
          9
          9
          9
          9
          9
          9
          9
          9
          9
          9
          9
          9
          9
          9
          9
          9
          9
          9
          9
          9
          9
          9
          9
          9
          9
          9
          9
          9
          9
          9
          9
          9
          9
          9
          9
          9
          9
          9
          9
          9
          9
          9
          9
          9
          9
          9
          9
          9
          9
          9
          9
          9
          9
          9
          9
          9
          9
          9
          9
          9
          9
          9
          9
          9
          9
          9
          9
          9
          9
          9
          9
          9
          9
          9
          9
          9
          9
          9
          9
          9
          9
          9
          9
          9
          9
          9
          9
          9
          9
          9
          9
          9
          9
          9
          9
          9
          9
          9
          9
          9
          9
          9
          9
          9
          9
          9
          9
          9
          9
          9
          9
          9
          9
          9
          9
          9
          9
          9
          9
          9
          9
          9
          9
          9
          9
          9
          9
          9
          9
          9
          9
          9
          9
          9
          9
          9
          9
          9
          9
          9
          9
          9
          9
          9
          9
          9
          9
          9
          9
          9
          9
          9
          9
          9
          9
          9
          9
          9
          9
          9
          9
          9
          9
          9
          9
          9
          9
          9
          9
          9
          9
          9
          9
          9
          9
          9
          9
          9
          9
          9
          9
          9
          9
          9
          9
          9
          9
          9
          9
          9
          9
          9
          9
          9
          9
          9
          9
          9
          9
          9
          9
          9
          9
          9
          9
          9
          9
          9
          9
          9
          9
          9
          9
          9
          9
          9
          9
          9
          9
          9
          9
          9
          9
          9
          9
          9
          9
          9
          9
          9
          9
          9
          9
          9
          9
          9
          9
          9
          9
          9
          9
          9
          9
          9
          9
          9
          9
          9
          9
          9
          9
          9
          9
          9
          9
          9
          9
          9
          9
          9
          9
          9
          9
          9
          9
          9
          9
          9
          9
          9
          9
          9
          9
          9
          9
          9
          9
          9
          9
          9
          9
          9
          9
          9
          9
          9
          9
          9
          9
          9
          9
          9
          9
          9
          9
          9
          9
          9
          9
          9
          9
          9
          9
          9
          9
          9
          9
          9
          9
          9
          9
          9
          9
          9
          9
          9
          9
          9
          9
          9
          9
          9
          9
          9
          9
          9
          9
          9
          9
          9
          9
          9
          9
          9
          9
          9
          9
          9
          9
          9
          9
          9
          9
          9
          9
          9
          9
          9
          9
          9
          9
          9
          9
          9
          9
          9
          9
          9
          9
          9
          9
          9
          9
          9
          9
          9
          9
          9
          9
          9
          9
          9
          9
          9
          9
          9
          9
          9
          9
          9
          9
          9
          9
          9
          9
          9
          9
          9
          9
          9
          9
          9
          9
          9
          9
          9
          9
          9
          9
          9
          9
          9
          9
          9
          9
          9
          9
          9
          9
          9
          9
          9
          9
          9
          9
          9
          9
          9
          9
          9
          9
          9
          9
          9
          9
          9
          9
          9
          9
          9
          9
          9
          9
          9
          9
          9
          9
          9
          9
          9
          9
          9
          9
          9
          9
          9
          9
          9
          9
          9
          9
          9
          9
          9
          9
          9
          9
          9
          9
          9
          9
          9
          9
          9
          9
          9
          9
          9
          9
          9
          9
          9
          9
          9
          9
          9
          9
          9
          9
          9
          9
          9
          9
          9
          9
          9
          9
          9
          9
          9
          9
          9
          9
          9
          9
          9
          9
          9
          9
          9
          9
          9
          9
          9
          9
          9
          9
          9
          9
          9
          9
          9
          9
          9
          9
          9
          9
          9
          9
          9
          9
          9
          9
          9
          9
          9
          9
          9
          9
          9
          9
          9
          9
          9
          9
          9
          9
          9
          9
          9
          9
          9
          9
          9
          9
          9
          9
          9
          9
          9
          9
          9
          9
          9
          9
          9
          9
          9
          9
          9
          9
          9
          9
          9
          9
          9
          9
          9
          9
          9
          9
          9
          9
          9
          9
          9
          9
          9
          9
          9
          9
          9
          9
          9
          9
          9
          9
          9
          9
          9
          9
          9
          9
          9
          9
          9
          9
          9
          9
          9
          9
          9
          9
          9
          9
          9
          9
          9
          9
          9
          9
          9
          9
          9
          9
          9
          9
          9
          9
          9
          9
          9
          9
          9
          9
          9
          9
          9
          9
          9
          9
          9
          9
          9
          9
          9
          9
          9
          9
          9
          9
          9
          9
          9
          9
          9
          9
          9
          9
          9
          9
          9
          9
          9
          9
          9
          9
          9
          9
          9
          9
          9
          9
          9
          9
          9
          9
          9
          9
          9
          9
          9
          9
          9
          9
          9
          9
          9
          9
          9
          9
          9
          9
          9
          9
          9
          9
          9
          9
          9
          9
          9
          9
          9
          9
          9
          9
          9
          9
          9
          9
          9
          9
          9
          9
          9
          9
          9
          9
          9
          9
          9
          9
          9
          9
          9
          9
          9
          9
          9
          9
          9
          9
          9
          9
          9
          9
          9
          9
          9
          9
          9
          9
          9
          9
          9
          9
          9
          9
          9
          9
          9
          9
          9
          9
          9
          9
          9
          9
          9
          9
          9
          9
          9
          9
          9
          9
          9
          9
          9
          9
          9
          9
          9
          9
          9
          9
          9
          9
          9
          9
          9
          9
          9
          9
          9
          9
          9
          9
          9
          9
          9
          9
          9
          9
          9
          9
          9
          9
          9
          9
          9
          9
          9
          9
          9
          9
          9
          9
          9
          9
          9
          9
          9
          9
          9
          9
          9
          9
          9
          9
          9
          9
          9
          9
          9
          9
          9
          9
          9
          9
          9
          9
        </DataArray>
      </Cells>
      <PointData>
        <DataArray type="Float64" Name="Displacement" NumberOfComponents="3" format="ascii">
          0.00371123 -0.000390074 0 
          0.00492561 -0.000533425 0 
          0 0 0 
          0.00151155 -0.000358622 0 
          0.00418276 -2.02204e-16 0 
          0.00371123 0.000390074 0 
          0.00492561 0.000533425 0 
          0 0 0 
          0.00151155 0.000358622 0 
          0.0036424 -0.000340148 0 
          0.00359775 -0.000307458 0 
          0.00357185 -0.000287359 0 
          0.00356099 -0.0002767 0 
          0.00356257 -0.000273259 0 
          0.00357474 -0.000275447 0 
          0.00359617 -0.0002821 0 
          0.00362586 -0.000292349 0 
          0.00366313 -0.000305516 0 
          0.00370741 -0.00032105 0 
          0.0037583 -0.000338469 0 
          0.00381546 -0.000357322 0 
          0.00387859 -0.000377157 0 
          0.00394739 -0.000397492 0 
          0.0040216 -0.000417807 0 
          0.00410094 -0.000437534 0 
          0.00418515 -0.000456084 0 
          0.00427406 -0.000472887 0 
          0.00436764 -0.000487486 0 
          0.00446611 -0.000499654 0 
          0.00457006 -0.000509552 0 
          0.00468051 -0.000517812 0 
          0.00479868 -0.000525448 0 
          0.0044875 -0.000649304 0 
          0.00404971 -0.000762219 0 
          0.00361675 -0.000870902 0 
          0.00320053 -0.000964587 0 
          0.00280815 -0.00101532 0 
          0.0024255 -0.000994294 0 
          0.00202467 -0.000900463 0 
          0.00159122 -0.000759451 0 
          0.00112908 -0.000588499 0 
          0.000649331 -0.000378134 0 
          0.000207483 -0.000112833 0 
          0.000373017 -0.000185603 0 
          0.000518752 -0.000232419 0 
          0.000651406 -0.00026248 0 
          0.000773604 -0.000281209 0 
          0.000886603 -0.000291898 0 
          0.000991113 -0.000296679 0 
          0.00108759 -0.000297047 0 
          0.00117635 -0.000294121 0 
          0.00125763 -0.000288795 0 
          0.00133161 -0.000281813 0 
          0.0013984 -0.000273818 0 
          0.00145806 -0.00026539 0 
          0.00151055 -0.000257069 0 
          0.00155576 -0.000249391 0 
          0.00159344 -0.000242916 0 
          0.00162321 -0.000238268 0 
          0.00164448 -0.000236187 0 
          0.00165639 -0.000237593 0 
          0.00165774 -0.000243685 0 
          0.00164684 -0.000256075 0 
          0.00162131 -0.000276992 0 
          0.00157784 -0.000309598 0 
          0.00167416 -0.000411247 0 
          0.0018573 -0.000456915 0 
          0.00205671 -0.000494026 0 
          0.00226822 -0.000521323 0 
          0.00248749 -0.000537591 0 
          0.00271001 -0.000541941 0 
          0.0029312 -0.000534046 0 
          0.00314647 -0.000514165 0 
          0.00335124 -0.000482951 0 
          0.00354104 -0.000441211 0 
          0.00384885 -0.000337414 0 
          0.00396561 -0.000277762 0 
          0.00405899 -0.000212881 0 
          0.0041272 -0.000144085 0 
          0.00416878 -7.26907e-05 0 
          0.00416878 7.26907e-05 0 
          0.0041272 0.000144085 0 
          0.00405899 0.000212881 0 
          0.00396561 0.000277762 0 
          0.00384885 0.000337414 0 
          0.0036424 0.000340148 0 
          0.00359775 0.000307458 0 
          0.00357185 0.000287359 0 
          0.00356099 0.0002767 0 
          0.00356257 0.000273259 0 
          0.00357474 0.000275447 0 
          0.00359617 0.0002821 0 
          0.00362586 0.000292349 0 
          0.00366313 0.000305516 0 
          0.00370741 0.00032105 0 
          0.0037583 0.000338469 0 
          0.00381546 0.000357322 0 
          0.00387859 0.000377157 0 
          0.00394739 0.000397492 0 
          0.0040216 0.000417807 0 
          0.00410094 0.000437534 0 
          0.00418515 0.000456084 0 
          0.00427406 0.000472887 0 
          0.00436764 0.000487486 0 
          0.00446611 0.000499654 0 
          0.00457006 0.000509552 0 
          0.00468051 0.000517812 0 
          0.00479868 0.000525448 0 
          0.00503368 0.000406952 0 
          0.005147 0.000282407 0 
          0.00526838 0.000168294 0 
          0.00538952 7.90962e-05 0 
          0.00548519 2.55458e-05 0 
          0.0055224 -6.84701e-16 0 
          0.00548519 -2.55458e-05 0 
          0.00538952 -7.90962e-05 0 
          0.00526838 -0.000168294 0 
          0.005147 -0.000282407 0 
          0.00503368 -0.000406952 0 
          0.000207483 0.000112833 0 
          0.000373017 0.000185603 0 
          0.000518752 0.000232419 0 
          0.000651406 0.00026248 0 
          0.000773604 0.000281209 0 
          0.000886603 0.000291898 0 
          0.000991113 0.000296679 0 
          0.00108759 0.000297047 0 
          0.00117635 0.000294121 0 
          0.00125763 0.000288795 0 
          0.00133161 0.000281813 0 
          0.0013984 0.000273818 0 
          0.00145806 0.00026539 0 
          0.00151055 0.000257069 0 
          0.00155576 0.000249391 0 
          0.00159344 0.000242916 0 
          0.00162321 0.000238268 0 
          0.00164448 0.000236187 0 
          0.00165639 0.000237593 0 
          0.00165774 0.000243685 0 
          0.00164684 0.000256075 0 
          0.00162131 0.000276992 0 
          0.00157784 0.000309598 0 
          0.00137031 0.000301549 0 
          0.00125387 0.000239122 0 
          0.00116455 0.000173108 0 
          0.00110393 0.000104739 0 
          0.00107327 3.50536e-05 0 
          0.00107327 -3.50536e-05 0 
          0.00110393 -0.000104739 0 
          0.00116455 -0.000173108 0 
          0.00125387 -0.000239122 0 
          0.00137031 -0.000301549 0 
          0 0 0 
          0 0 0 
          0 0 0 
          0 0 0 
          0 0 0 
          0 0 0 
          0 0 0 
          0 0 0 
          0 0 0 
          0 0 0 
          0.000649331 0.000378134 0 
          0.00112908 0.000588499 0 
          0.00159122 0.000759451 0 
          0.00202467 0.000900463 0 
          0.0024255 0.000994294 0 
          0.00280815 0.00101532 0 
          0.00320053 0.000964587 0 
          0.00361675 0.000870902 0 
          0.00404971 0.000762219 0 
          0.0044875 0.000649304 0 
          0.00354104 0.000441211 0 
          0.00335124 0.000482951 0 
          0.00314647 0.000514165 0 
          0.0029312 0.000534046 0 
          0.00271001 0.000541941 0 
          0.00248749 0.000537591 0 
          0.00226822 0.000521323 0 
          0.00205671 0.000494026 0 
          0.0018573 0.000456915 0 
          0.00167416 0.000411247 0 
          0.00347558 -0.000410177 0 
          0.00343212 -0.00038734 0 
          0.00340584 -0.000371469 0 
          0.00339331 -0.000361514 0 
          0.00339205 -0.000356628 0 
          0.00340025 -0.000356124 0 
          0.00341661 -0.000359444 0 
          0.00344017 -0.000366129 0 
          0.00347022 -0.000375793 0 
          0.00350623 -0.000388098 0 
          0.00354782 -0.000402736 0 
          0.00359468 -0.000419405 0 
          0.00364654 -0.000437796 0 
          0.00370319 -0.000457573 0 
          0.00376438 -0.000478366 0 
          0.00382988 -0.000499759 0 
          0.00389942 -0.000521294 0 
          0.00397273 -0.000542493 0 
          0.00404953 -0.000562901 0 
          0.00412961 -0.000582156 0 
          0.00421293 -0.000600097 0 
          0.00429978 -0.00061688 0 
          0.0043909 -0.000633029 0 
          0.0032961 -0.000472471 0 
          0.0032578 -0.000462719 0 
          0.00323323 -0.0004546 0 
          0.00321994 -0.000448629 0 
          0.00321607 -0.000445086 0 
          0.00322018 -0.000444113 0 
          0.00323117 -0.000445764 0 
          0.00324823 -0.000450041 0 
          0.00327071 -0.000456906 0 
          0.00329815 -0.000466298 0 
          0.00333019 -0.000478133 0 
          0.00336655 -0.000492304 0 
          0.00340701 -0.000508677 0 
          0.00345137 -0.000527086 0 
          0.00349944 -0.000547325 0 
          0.00355103 -0.00056914 0 
          0.0036059 -0.000592228 0 
          0.00366374 -0.00061623 0 
          0.00372417 -0.000640756 0 
          0.00378674 -0.000665407 0 
          0.0038509 -0.000689852 0 
          0.00391615 -0.000713938 0 
          0.00398225 -0.000737848 0 
          0.00310598 -0.000521782 0 
          0.00307647 -0.00052543 0 
          0.00305634 -0.000526808 0 
          0.00304425 -0.00052719 0 
          0.00303906 -0.000527518 0 
          0.00303986 -0.000528494 0 
          0.0030459 -0.000530637 0 
          0.0030566 -0.000534333 0 
          0.00307149 -0.000539869 0 
          0.0030902 -0.000547455 0 
          0.00311244 -0.000557244 0 
          0.003138 -0.000569337 0 
          0.00316671 -0.000583796 0 
          0.00319841 -0.000600641 0 
          0.00323296 -0.00061985 0 
          0.00327023 -0.000641356 0 
          0.00331003 -0.000665039 0 
          0.00335212 -0.000690722 0 
          0.00339614 -0.00071816 0 
          0.00344156 -0.00074704 0 
          0.00348761 -0.000777003 0 
          0.00353319 -0.000807694 0 
          0.0035768 -0.000838906 0 
          0.00290733 -0.00055454 0 
          0.00288922 -0.000568823 0 
          0.00287623 -0.000578668 0 
          0.00286779 -0.000585522 0 
          0.0028634 -0.00059056 0 
          0.0028626 -0.000594731 0 
          0.00286501 -0.000598802 0 
          0.00287032 -0.000603394 0 
          0.00287827 -0.000609009 0 
          0.00288864 -0.000616058 0 
          0.00290126 -0.000624877 0 
          0.00291601 -0.000635744 0 
          0.00293279 -0.000648885 0 
          0.00295151 -0.000664488 0 
          0.00297211 -0.000682701 0 
          0.00299454 -0.000703637 0 
          0.0030187 -0.000727368 0 
          0.00304447 -0.000753921 0 
          0.00307164 -0.000783264 0 
          0.00309984 -0.000815292 0 
          0.00312843 -0.000849805 0 
          0.00315631 -0.000886483 0 
          0.00318151 -0.000924891 0 
          0.00270318 -0.000568797 0 
          0.00269781 -0.000588713 0 
          0.00269378 -0.000603363 0 
          0.002691 -0.00061416 0 
          0.00268936 -0.000622295 0 
          0.00268876 -0.000628771 0 
          0.00268911 -0.000634428 0 
          0.00269035 -0.000639975 0 
          0.0026924 -0.000646005 0 
          0.00269522 -0.000653022 0 
          0.00269877 -0.000661455 0 
          0.00270304 -0.000671675 0 
          0.002708 -0.000684005 0 
          0.00271369 -0.000698729 0 
          0.00272011 -0.000716104 0 
          0.0027273 -0.000736357 0 
          0.00273531 -0.000759691 0 
          0.00274419 -0.000786285 0 
          0.00275394 -0.000816278 0 
          0.00276456 -0.000849759 0 
          0.00277592 -0.000886729 0 
          0.00278767 -0.000927035 0 
          0.00279901 -0.000970242 0 
          0.00249753 -0.000563924 0 
          0.00250515 -0.000583431 0 
          0.00251061 -0.000597747 0 
          0.00251416 -0.000608251 0 
          0.00251601 -0.000616109 0 
          0.00251636 -0.000622296 0 
          0.00251535 -0.000627635 0 
          0.00251313 -0.000632815 0 
          0.00250981 -0.000638417 0 
          0.0025055 -0.000644935 0 
          0.00250029 -0.000652789 0 
          0.00249427 -0.000662347 0 
          0.00248751 -0.000673929 0 
          0.00248012 -0.000687823 0 
          0.00247221 -0.000704291 0 
          0.00246392 -0.000723572 0 
          0.00245541 -0.000745885 0 
          0.00244693 -0.000771425 0 
          0.00243876 -0.000800355 0 
          0.00243132 -0.000832781 0 
          0.00242518 -0.000868718 0 
          0.00242114 -0.000908017 0 
          0.00242047 -0.000950217 0 
          0.00229478 -0.000540417 0 
          0.00231471 -0.000553626 0 
          0.00232882 -0.000562599 0 
          0.0023378 -0.000568679 0 
          0.00234227 -0.000572954 0 
          0.00234274 -0.0005763 0 
          0.00233965 -0.000579427 0 
          0.00233335 -0.000582907 0 
          0.00232415 -0.000587207 0 
          0.0023123 -0.000592706 0 
          0.00229799 -0.000599722 0 
          0.00228141 -0.000608518 0 
          0.00226271 -0.000619319 0 
          0.00224204 -0.000632319 0 
          0.00221959 -0.000647685 0 
          0.00219555 -0.000665561 0 
          0.00217022 -0.000686068 0 
          0.00214398 -0.00070929 0 
          0.00211738 -0.000735265 0 
          0.00209122 -0.000763955 0 
          0.00206666 -0.000795209 0 
          0.00204539 -0.000828721 0 
          0.00203006 -0.000864021 0 
          0.00209886 -0.000499843 0 
          0.00212945 -0.000502154 0 
          0.00215019 -0.000502435 0 
          0.00216253 -0.000501775 0 
          0.00216763 -0.00050098 0 
          0.00216645 -0.000500641 0 
          0.00215975 -0.000501193 0 
          0.00214813 -0.000502957 0 
          0.00213206 -0.000506166 0 
          0.00211191 -0.000510991 0 
          0.00208795 -0.000517552 0 
          0.00206041 -0.000525934 0 
          0.00202949 -0.000536191 0 
          0.00199535 -0.000548351 0 
          0.00195819 -0.000562419 0 
          0.00191823 -0.000578374 0 
          0.00187579 -0.000596172 0 
          0.00183135 -0.000615732 0 
          0.00178559 -0.000636933 0 
          0.00173956 -0.000659601 0 
          0.00169475 -0.000683491 0 
          0.00165323 -0.000708273 0 
          0.00161758 -0.000733566 0 
          0.00191272 -0.000444924 0 
          0.00195122 -0.000434066 0 
          0.00197592 -0.000424917 0 
          0.00198921 -0.000417778 0 
          0.00199296 -0.000412773 0 
          0.00198855 -0.000409928 0 
          0.00197705 -0.000409211 0 
          0.00195925 -0.000410551 0 
          0.00193573 -0.000413858 0 
          0.00190692 -0.000419021 0 
          0.00187315 -0.000425918 0 
          0.00183462 -0.000434414 0 
          0.0017915 -0.000444356 0 
          0.00174394 -0.000455576 0 
          0.00169207 -0.000467884 0 
          0.00163606 -0.000481065 0 
          0.00157617 -0.00049488 0 
          0.00151281 -0.000509074 0 
          0.0014466 -0.000523386 0 
          0.00137852 -0.00053758 0 
          0.00131012 -0.000551494 0 
          0.00124376 -0.000565057 0 
          0.00118289 -0.000578056 0 
          0.0017384 -0.000379753 0 
          0.00178128 -0.000356364 0 
          0.00180733 -0.000339628 0 
          0.00181981 -0.000328327 0 
          0.00182106 -0.000321499 0 
          0.00181278 -0.000318373 0 
          0.00179619 -0.000318324 0 
          0.00177216 -0.000320833 0 
          0.00174132 -0.000325459 0 
          0.0017041 -0.000331807 0 
          0.00166078 -0.000339517 0 
          0.00161154 -0.000348237 0 
          0.00155648 -0.000357613 0 
          0.00149567 -0.000367272 0 
          0.00142912 -0.000376813 0 
          0.00135688 -0.000385794 0 
          0.001279 -0.00039373 0 
          0.0011956 -0.000400088 0 
          0.00110693 -0.000404298 0 
          0.0010134 -0.000405777 0 
          0.000915778 -0.000403982 0 
          0.000815812 -0.000398541 0 
          0.000718968 -0.000389567 0 
          0.00490363 -0.000408566 0 
          0.00478289 -0.000409063 0 
          0.00467007 -0.000406737 0 
          0.00456395 -0.000400852 0 
          0.0044638 -0.00039142 0 
          0.00436925 -0.000378891 0 
          0.00428024 -0.000363909 0 
          0.00419688 -0.000347164 0 
          0.00411934 -0.000329319 0 
          0.00404782 -0.000310971 0 
          0.00398253 -0.000292651 0 
          0.00392366 -0.000274831 0 
          0.00387141 -0.000257949 0 
          0.00382598 -0.000242427 0 
          0.00378761 -0.000228707 0 
          0.00375658 -0.000217285 0 
          0.00373327 -0.000208754 0 
          0.00371813 -0.000203857 0 
          0.00371179 -0.000203567 0 
          0.00371502 -0.000209177 0 
          0.00372885 -0.000222441 0 
          0.00375459 -0.000245769 0 
          0.00379392 -0.000282524 0 
          0.00501479 -0.000295386 0 
          0.00489196 -0.000303459 0 
          0.00477693 -0.000305802 0 
          0.0046688 -0.000302854 0 
          0.00456717 -0.000295543 0 
          0.00447194 -0.000284888 0 
          0.0043832 -0.000271831 0 
          0.00430106 -0.000257183 0 
          0.00422567 -0.000241621 0 
          0.00415714 -0.000225711 0 
          0.00409555 -0.000209934 0 
          0.00404099 -0.000194713 0 
          0.0039935 -0.000180447 0 
          0.00395315 -0.000167532 0 
          0.00392002 -0.000156395 0 
          0.00389417 -0.000147527 0 
          0.00387573 -0.000141519 0 
          0.00386481 -0.000139108 0 
          0.00386158 -0.000141231 0 
          0.0038662 -0.000149102 0 
          0.00387885 -0.000164298 0 
          0.00389966 -0.000188879 0 
          0.00392864 -0.000225533 0 
          0.00513315 -0.000192249 0 
          0.00500693 -0.000205826 0 
          0.00488856 -0.000211029 0 
          0.00477764 -0.000209973 0 
          0.00467413 -0.000204433 0 
          0.00457809 -0.000195791 0 
          0.00448961 -0.000185096 0 
          0.00440872 -0.000173144 0 
          0.00433544 -0.000160549 0 
          0.00426971 -0.000147798 0 
          0.00421148 -0.000135299 0 
          0.00416064 -0.000123411 0 
          0.00411709 -0.000112476 0 
          0.0040807 -0.000102841 0 
          0.00405133 -9.48875e-05 0 
          0.00402882 -8.90497e-05 0 
          0.004013 -8.5844e-05 0 
          0.00400364 -8.58969e-05 0 
          0.00400048 -8.99779e-05 0 
          0.00400316 -9.90374e-05 0 
          0.00401118 -0.000114249 0 
          0.00402386 -0.000137057 0 
          0.00404025 -0.000169226 0 
          0.00524889 -0.000107463 0 
          0.00511709 -0.000122015 0 
          0.00499389 -0.000127659 0 
          0.00487936 -0.000127552 0 
          0.00477355 -0.000123727 0 
          0.00467648 -0.000117526 0 
          0.00458805 -0.000109856 0 
          0.00450811 -0.000101356 0 
          0.00443647 -9.24925e-05 0 
          0.0043729 -8.36287e-05 0 
          0.00431713 -7.50633e-05 0 
          0.00426891 -6.70622e-05 0 
          0.00422793 -5.98802e-05 0 
          0.0041939 -5.37794e-05 0 
          0.00416647 -4.90442e-05 0 
          0.00414527 -4.59958e-05 0 
          0.00412988 -4.50066e-05 0 
          0.00411981 -4.6514e-05 0 
          0.00411448 -5.10346e-05 0 
          0.00411318 -5.91781e-05 0 
          0.00411503 -7.16598e-05 0 
          0.00411895 -8.93121e-05 0 
          0.00412357 -0.000113091 0 
          0.00533823 -4.54421e-05 0 
          0.0052004 -5.49515e-05 0 
          0.00507244 -5.85715e-05 0 
          0.00495458 -5.87066e-05 0 
          0.00484674 -5.67297e-05 0 
          0.0047487 -5.34702e-05 0 
          0.00466015 -4.94561e-05 0 
          0.00458072 -4.50425e-05 0 
          0.00451003 -4.04828e-05 0 
          0.00444769 -3.59706e-05 0 
          0.00439329 -3.16651e-05 0 
          0.00434642 -2.77083e-05 0 
          0.00430666 -2.42371e-05 0 
          0.00427357 -2.13914e-05 0 
          0.00424667 -1.93224e-05 0 
          0.00422546 -1.81982e-05 0 
          0.00420935 -1.82093e-05 0 
          0.0041977 -1.9574e-05 0 
          0.00418976 -2.2542e-05 0 
          0.00418465 -2.73979e-05 0 
          0.00418134 -3.44629e-05 0 
          0.0041786 -4.4096e-05 0 
          0.00417499 -5.66937e-05 0 
          0.00537248 -6.42851e-16 0 
          0.00523196 -6.07966e-16 0 
          0.00510196 -5.77409e-16 0 
          0.00498271 -5.50133e-16 0 
          0.00487404 -5.25091e-16 0 
          0.00477559 -5.01e-16 0 
          0.00468696 -4.78665e-16 0 
          0.00460767 -4.59183e-16 0 
          0.00453727 -4.41053e-16 0 
          0.00447531 -4.23123e-16 0 
          0.00442131 -4.06921e-16 0 
          0.00437483 -3.90936e-16 0 
          0.00433538 -3.74548e-16 0 
          0.00430248 -3.58796e-16 0 
          0.0042756 -3.43689e-16 0 
          0.00425419 -3.30051e-16 0 
          0.00423762 -3.17112e-16 0 
          0.00422519 -3.04139e-16 0 
          0.00421611 -2.90471e-16 0 
          0.00420944 -2.76411e-16 0 
          0.00420413 -2.6262e-16 0 
          0.00419892 -2.46395e-16 0 
          0.00419236 -2.26055e-16 0 
          0.00533823 4.54421e-05 0 
          0.0052004 5.49515e-05 0 
          0.00507244 5.85715e-05 0 
          0.00495458 5.87066e-05 0 
          0.00484674 5.67297e-05 0 
          0.0047487 5.34702e-05 0 
          0.00466015 4.94561e-05 0 
          0.00458072 4.50425e-05 0 
          0.00451003 4.04828e-05 0 
          0.00444769 3.59706e-05 0 
          0.00439329 3.16651e-05 0 
          0.00434642 2.77083e-05 0 
          0.00430666 2.42371e-05 0 
          0.00427357 2.13914e-05 0 
          0.00424667 1.93224e-05 0 
          0.00422546 1.81982e-05 0 
          0.00420935 1.82093e-05 0 
          0.0041977 1.9574e-05 0 
          0.00418976 2.2542e-05 0 
          0.00418465 2.73979e-05 0 
          0.00418134 3.44629e-05 0 
          0.0041786 4.4096e-05 0 
          0.00417499 5.66937e-05 0 
          0.00524889 0.000107463 0 
          0.00511709 0.000122015 0 
          0.00499389 0.000127659 0 
          0.00487936 0.000127552 0 
          0.00477355 0.000123727 0 
          0.00467648 0.000117526 0 
          0.00458805 0.000109856 0 
          0.00450811 0.000101356 0 
          0.00443647 9.24925e-05 0 
          0.0043729 8.36287e-05 0 
          0.00431713 7.50633e-05 0 
          0.00426891 6.70622e-05 0 
          0.00422793 5.98802e-05 0 
          0.0041939 5.37794e-05 0 
          0.00416647 4.90442e-05 0 
          0.00414527 4.59958e-05 0 
          0.00412988 4.50066e-05 0 
          0.00411981 4.6514e-05 0 
          0.00411448 5.10346e-05 0 
          0.00411318 5.91781e-05 0 
          0.00411503 7.16598e-05 0 
          0.00411895 8.93121e-05 0 
          0.00412357 0.000113091 0 
          0.00513315 0.000192249 0 
          0.00500693 0.000205826 0 
          0.00488856 0.000211029 0 
          0.00477764 0.000209973 0 
          0.00467413 0.000204433 0 
          0.00457809 0.000195791 0 
          0.00448961 0.000185096 0 
          0.00440872 0.000173144 0 
          0.00433544 0.000160549 0 
          0.00426971 0.000147798 0 
          0.00421148 0.000135299 0 
          0.00416064 0.000123411 0 
          0.00411709 0.000112476 0 
          0.0040807 0.000102841 0 
          0.00405133 9.48875e-05 0 
          0.00402882 8.90497e-05 0 
          0.004013 8.5844e-05 0 
          0.00400364 8.58969e-05 0 
          0.00400048 8.99779e-05 0 
          0.00400316 9.90374e-05 0 
          0.00401118 0.000114249 0 
          0.00402386 0.000137057 0 
          0.00404025 0.000169226 0 
          0.00501479 0.000295386 0 
          0.00489196 0.000303459 0 
          0.00477693 0.000305802 0 
          0.0046688 0.000302854 0 
          0.00456717 0.000295543 0 
          0.00447194 0.000284888 0 
          0.0043832 0.000271831 0 
          0.00430106 0.000257183 0 
          0.00422567 0.000241621 0 
          0.00415714 0.000225711 0 
          0.00409555 0.000209934 0 
          0.00404099 0.000194713 0 
          0.0039935 0.000180447 0 
          0.00395315 0.000167532 0 
          0.00392002 0.000156395 0 
          0.00389417 0.000147527 0 
          0.00387573 0.000141519 0 
          0.00386481 0.000139108 0 
          0.00386158 0.000141231 0 
          0.0038662 0.000149102 0 
          0.00387885 0.000164298 0 
          0.00389966 0.000188879 0 
          0.00392864 0.000225533 0 
          0.00490363 0.000408566 0 
          0.00478289 0.000409063 0 
          0.00467007 0.000406737 0 
          0.00456395 0.000400852 0 
          0.0044638 0.00039142 0 
          0.00436925 0.000378891 0 
          0.00428024 0.000363909 0 
          0.00419688 0.000347164 0 
          0.00411934 0.000329319 0 
          0.00404782 0.000310971 0 
          0.00398253 0.000292651 0 
          0.00392366 0.000274831 0 
          0.00387141 0.000257949 0 
          0.00382598 0.000242427 0 
          0.00378761 0.000228707 0 
          0.00375658 0.000217285 0 
          0.00373327 0.000208754 0 
          0.00371813 0.000203857 0 
          0.00371179 0.000203567 0 
          0.00371502 0.000209177 0 
          0.00372885 0.000222441 0 
          0.00375459 0.000245769 0 
          0.00379392 0.000282524 0 
          0.000166952 6.37496e-05 0 
          0.000320325 0.000115478 0 
          0.000461399 0.000152728 0 
          0.000591035 0.000178428 0 
          0.000710053 0.000195346 0 
          0.000819191 0.000205562 0 
          0.000919079 0.000210619 0 
          0.00101024 0.000211698 0 
          0.00109311 0.000209744 0 
          0.00116801 0.000205537 0 
          0.00123521 0.000199751 0 
          0.00129489 0.00019298 0 
          0.00134715 0.000185776 0 
          0.00139203 0.000178671 0 
          0.00142948 0.000172208 0 
          0.00145938 0.000166973 0 
          0.00148148 0.000163638 0 
          0.00149546 0.000163009 0 
          0.00150084 0.000166095 0 
          0.001497 0.000174196 0 
          0.00148313 0.000189028 0 
          0.00145823 0.000212899 0 
          0.00142107 0.000248965 0 
          0.000150775 3.74684e-05 0 
          0.000291 6.80692e-05 0 
          0.000421042 9.20468e-05 0 
          0.000541026 0.000109821 0 
          0.000651247 0.000122143 0 
          0.000752112 0.000129843 0 
          0.00084405 0.000133723 0 
          0.000927463 0.000134517 0 
          0.0010027 0.000132896 0 
          0.00107006 0.000129463 0 
          0.00112979 0.000124775 0 
          0.00118208 0.000119346 0 
          0.00122706 0.000113675 0 
          0.00126485 0.000108257 0 
          0.0012955 0.000103613 0 
          0.00131906 0.000100309 0 
          0.00133551 9.89946e-05 0 
          0.00134485 0.000100436 0 
          0.00134705 0.000105567 0 
          0.00134211 0.000115541 0 
          0.00133007 0.000131808 0 
          0.00131107 0.000156197 0 
          0.00128545 0.000191009 0 
          0.000136914 1.66314e-05 0 
          0.000264386 3.22741e-05 0 
          0.000382446 4.57251e-05 0 
          0.000491349 5.63854e-05 0 
          0.000591404 6.40936e-05 0 
          0.000682928 6.89952e-05 0 
          0.000766225 7.14094e-05 0 
          0.000841575 7.17362e-05 0 
          0.000909234 7.04031e-05 0 
          0.000969436 6.78378e-05 0 
          0.00102239 6.44582e-05 0 
          0.0010683 6.06723e-05 0 
          0.00110736 5.68853e-05 0 
          0.00113975 5.351e-05 0 
          0.00116567 5.09808e-05 0 
          0.00118534 4.97705e-05 0 
          0.00119898 5.04084e-05 0 
          0.0012069 5.35011e-05 0 
          0.00120945 5.97554e-05 0 
          0.00120711 7.0002e-05 0 
          0.00120047 8.52193e-05 0 
          0.00119038 0.000106555 0 
          0.00117791 0.000135342 0 
          0.000124044 3.68013e-06 0 
          0.000239369 9.75007e-06 0 
          0.000346349 1.60182e-05 0 
          0.000445292 2.13968e-05 0 
          0.000536439 2.54328e-05 0 
          0.000619983 2.80236e-05 0 
          0.000696094 2.92593e-05 0 
          0.000764934 2.93304e-05 0 
          0.000826673 2.84753e-05 0 
          0.000881487 2.69515e-05 0 
          0.000929573 2.50225e-05 0 
          0.000971145 2.29528e-05 0 
          0.00100644 2.10093e-05 0 
          0.00103573 1.94656e-05 0 
          0.00105932 1.86085e-05 0 
          0.00107756 1.87449e-05 0 
          0.00109087 2.02102e-05 0 
          0.00109975 2.33757e-05 0 
          0.0011048 2.86555e-05 0 
          0.00110672 3.65122e-05 0 
          0.00110641 4.74593e-05 0 
          0.00110493 6.20621e-05 0 
          0.00110358 8.09348e-05 0 
          0.000115435 -2.12309e-07 0 
          0.000222881 1.1413e-06 0 
          0.000322934 2.8852e-06 0 
          0.000415857 4.48829e-06 0 
          0.000501763 5.72356e-06 0 
          0.000580719 6.52186e-06 0 
          0.000652786 6.89644e-06 0 
          0.000718046 6.90321e-06 0 
          0.000776612 6.61925e-06 0 
          0.000828631 6.13117e-06 0 
          0.00087429 5.52935e-06 0 
          0.000913813 4.90567e-06 0 
          0.000947469 4.3533e-06 0 
          0.000975573 3.96768e-06 0 
          0.000998491 3.84813e-06 0 
          0.00101665 4.09978e-06 0 
          0.00103056 4.83534e-06 0 
          0.00104079 6.17676e-06 0 
          0.00104805 8.25622e-06 0 
          0.00105313 1.12165e-05 0 
          0.00105698 1.52106e-05 0 
          0.00106073 2.04004e-05 0 
          0.00106565 2.69558e-05 0 
          0.000115435 2.12309e-07 0 
          0.000222881 -1.1413e-06 0 
          0.000322934 -2.8852e-06 0 
          0.000415857 -4.48829e-06 0 
          0.000501763 -5.72356e-06 0 
          0.000580719 -6.52186e-06 0 
          0.000652786 -6.89644e-06 0 
          0.000718046 -6.90321e-06 0 
          0.000776612 -6.61925e-06 0 
          0.000828631 -6.13117e-06 0 
          0.00087429 -5.52935e-06 0 
          0.000913813 -4.90567e-06 0 
          0.000947469 -4.3533e-06 0 
          0.000975573 -3.96768e-06 0 
          0.000998491 -3.84813e-06 0 
          0.00101665 -4.09978e-06 0 
          0.00103056 -4.83534e-06 0 
          0.00104079 -6.17676e-06 0 
          0.00104805 -8.25622e-06 0 
          0.00105313 -1.12165e-05 0 
          0.00105698 -1.52106e-05 0 
          0.00106073 -2.04004e-05 0 
          0.00106565 -2.69558e-05 0 
          0.000124044 -3.68013e-06 0 
          0.000239369 -9.75007e-06 0 
          0.000346349 -1.60182e-05 0 
          0.000445292 -2.13968e-05 0 
          0.000536439 -2.54328e-05 0 
          0.000619983 -2.80236e-05 0 
          0.000696094 -2.92593e-05 0 
          0.000764934 -2.93304e-05 0 
          0.000826673 -2.84753e-05 0 
          0.000881487 -2.69515e-05 0 
          0.000929573 -2.50225e-05 0 
          0.000971145 -2.29528e-05 0 
          0.00100644 -2.10093e-05 0 
          0.00103573 -1.94656e-05 0 
          0.00105932 -1.86085e-05 0 
          0.00107756 -1.87449e-05 0 
          0.00109087 -2.02102e-05 0 
          0.00109975 -2.33757e-05 0 
          0.0011048 -2.86555e-05 0 
          0.00110672 -3.65122e-05 0 
          0.00110641 -4.74593e-05 0 
          0.00110493 -6.20621e-05 0 
          0.00110358 -8.09348e-05 0 
          0.000136914 -1.66314e-05 0 
          0.000264386 -3.22741e-05 0 
          0.000382446 -4.57251e-05 0 
          0.000491349 -5.63854e-05 0 
          0.000591404 -6.40936e-05 0 
          0.000682928 -6.89952e-05 0 
          0.000766225 -7.14094e-05 0 
          0.000841575 -7.17362e-05 0 
          0.000909234 -7.04031e-05 0 
          0.000969436 -6.78378e-05 0 
          0.00102239 -6.44582e-05 0 
          0.0010683 -6.06723e-05 0 
          0.00110736 -5.68853e-05 0 
          0.00113975 -5.351e-05 0 
          0.00116567 -5.09808e-05 0 
          0.00118534 -4.97705e-05 0 
          0.00119898 -5.04084e-05 0 
          0.0012069 -5.35011e-05 0 
          0.00120945 -5.97554e-05 0 
          0.00120711 -7.0002e-05 0 
          0.00120047 -8.52193e-05 0 
          0.00119038 -0.000106555 0 
          0.00117791 -0.000135342 0 
          0.000150775 -3.74684e-05 0 
          0.000291 -6.80692e-05 0 
          0.000421042 -9.20468e-05 0 
          0.000541026 -0.000109821 0 
          0.000651247 -0.000122143 0 
          0.000752112 -0.000129843 0 
          0.00084405 -0.000133723 0 
          0.000927463 -0.000134517 0 
          0.0010027 -0.000132896 0 
          0.00107006 -0.000129463 0 
          0.00112979 -0.000124775 0 
          0.00118208 -0.000119346 0 
          0.00122706 -0.000113675 0 
          0.00126485 -0.000108257 0 
          0.0012955 -0.000103613 0 
          0.00131906 -0.000100309 0 
          0.00133551 -9.89946e-05 0 
          0.00134485 -0.000100436 0 
          0.00134705 -0.000105567 0 
          0.00134211 -0.000115541 0 
          0.00133007 -0.000131808 0 
          0.00131107 -0.000156197 0 
          0.00128545 -0.000191009 0 
          0.000166952 -6.37496e-05 0 
          0.000320325 -0.000115478 0 
          0.000461399 -0.000152728 0 
          0.000591035 -0.000178428 0 
          0.000710053 -0.000195346 0 
          0.000819191 -0.000205562 0 
          0.000919079 -0.000210619 0 
          0.00101024 -0.000211698 0 
          0.00109311 -0.000209744 0 
          0.00116801 -0.000205537 0 
          0.00123521 -0.000199751 0 
          0.00129489 -0.00019298 0 
          0.00134715 -0.000185776 0 
          0.00139203 -0.000178671 0 
          0.00142948 -0.000172208 0 
          0.00145938 -0.000166973 0 
          0.00148148 -0.000163638 0 
          0.00149546 -0.000163009 0 
          0.00150084 -0.000166095 0 
          0.001497 -0.000174196 0 
          0.00148313 -0.000189028 0 
          0.00145823 -0.000212899 0 
          0.00142107 -0.000248965 0 
          0.0017384 0.000379753 0 
          0.00178128 0.000356364 0 
          0.00180733 0.000339628 0 
          0.00181981 0.000328327 0 
          0.00182106 0.000321499 0 
          0.00181278 0.000318373 0 
          0.00179619 0.000318324 0 
          0.00177216 0.000320833 0 
          0.00174132 0.000325459 0 
          0.0017041 0.000331807 0 
          0.00166078 0.000339517 0 
          0.00161154 0.000348237 0 
          0.00155648 0.000357613 0 
          0.00149567 0.000367272 0 
          0.00142912 0.000376813 0 
          0.00135688 0.000385794 0 
          0.001279 0.00039373 0 
          0.0011956 0.000400088 0 
          0.00110693 0.000404298 0 
          0.0010134 0.000405777 0 
          0.000915778 0.000403982 0 
          0.000815812 0.000398541 0 
          0.000718968 0.000389567 0 
          0.00191272 0.000444924 0 
          0.00195122 0.000434066 0 
          0.00197592 0.000424917 0 
          0.00198921 0.000417778 0 
          0.00199296 0.000412773 0 
          0.00198855 0.000409928 0 
          0.00197705 0.000409211 0 
          0.00195925 0.000410551 0 
          0.00193573 0.000413858 0 
          0.00190692 0.000419021 0 
          0.00187315 0.000425918 0 
          0.00183462 0.000434414 0 
          0.0017915 0.000444356 0 
          0.00174394 0.000455576 0 
          0.00169207 0.000467884 0 
          0.00163606 0.000481065 0 
          0.00157617 0.00049488 0 
          0.00151281 0.000509074 0 
          0.0014466 0.000523386 0 
          0.00137852 0.00053758 0 
          0.00131012 0.000551494 0 
          0.00124376 0.000565057 0 
          0.00118289 0.000578056 0 
          0.00209886 0.000499843 0 
          0.00212945 0.000502154 0 
          0.00215019 0.000502435 0 
          0.00216253 0.000501775 0 
          0.00216763 0.00050098 0 
          0.00216645 0.000500641 0 
          0.00215975 0.000501193 0 
          0.00214813 0.000502957 0 
          0.00213206 0.000506166 0 
          0.00211191 0.000510991 0 
          0.00208795 0.000517552 0 
          0.00206041 0.000525934 0 
          0.00202949 0.000536191 0 
          0.00199535 0.000548351 0 
          0.00195819 0.000562419 0 
          0.00191823 0.000578374 0 
          0.00187579 0.000596172 0 
          0.00183135 0.000615732 0 
          0.00178559 0.000636933 0 
          0.00173956 0.000659601 0 
          0.00169475 0.000683491 0 
          0.00165323 0.000708273 0 
          0.00161758 0.000733566 0 
          0.00229478 0.000540417 0 
          0.00231471 0.000553626 0 
          0.00232882 0.000562599 0 
          0.0023378 0.000568679 0 
          0.00234227 0.000572954 0 
          0.00234274 0.0005763 0 
          0.00233965 0.000579427 0 
          0.00233335 0.000582907 0 
          0.00232415 0.000587207 0 
          0.0023123 0.000592706 0 
          0.00229799 0.000599722 0 
          0.00228141 0.000608518 0 
          0.00226271 0.000619319 0 
          0.00224204 0.000632319 0 
          0.00221959 0.000647685 0 
          0.00219555 0.000665561 0 
          0.00217022 0.000686068 0 
          0.00214398 0.00070929 0 
          0.00211738 0.000735265 0 
          0.00209122 0.000763955 0 
          0.00206666 0.000795209 0 
          0.00204539 0.000828721 0 
          0.00203006 0.000864021 0 
          0.00249753 0.000563924 0 
          0.00250515 0.000583431 0 
          0.00251061 0.000597747 0 
          0.00251416 0.000608251 0 
          0.00251601 0.000616109 0 
          0.00251636 0.000622296 0 
          0.00251535 0.000627635 0 
          0.00251313 0.000632815 0 
          0.00250981 0.000638417 0 
          0.0025055 0.000644935 0 
          0.00250029 0.000652789 0 
          0.00249427 0.000662347 0 
          0.00248751 0.000673929 0 
          0.00248012 0.000687823 0 
          0.00247221 0.000704291 0 
          0.00246392 0.000723572 0 
          0.00245541 0.000745885 0 
          0.00244693 0.000771425 0 
          0.00243876 0.000800355 0 
          0.00243132 0.000832781 0 
          0.00242518 0.000868718 0 
          0.00242114 0.000908017 0 
          0.00242047 0.000950217 0 
          0.00270318 0.000568797 0 
          0.00269781 0.000588713 0 
          0.00269378 0.000603363 0 
          0.002691 0.00061416 0 
          0.00268936 0.000622295 0 
          0.00268876 0.000628771 0 
          0.00268911 0.000634428 0 
          0.00269035 0.000639975 0 
          0.0026924 0.000646005 0 
          0.00269522 0.000653022 0 
          0.00269877 0.000661455 0 
          0.00270304 0.000671675 0 
          0.002708 0.000684005 0 
          0.00271369 0.000698729 0 
          0.00272011 0.000716104 0 
          0.0027273 0.000736357 0 
          0.00273531 0.000759691 0 
          0.00274419 0.000786285 0 
          0.00275394 0.000816278 0 
          0.00276456 0.000849759 0 
          0.00277592 0.000886729 0 
          0.00278767 0.000927035 0 
          0.00279901 0.000970242 0 
          0.00290733 0.00055454 0 
          0.00288922 0.000568823 0 
          0.00287623 0.000578668 0 
          0.00286779 0.000585522 0 
          0.0028634 0.00059056 0 
          0.0028626 0.000594731 0 
          0.00286501 0.000598802 0 
          0.00287032 0.000603394 0 
          0.00287827 0.000609009 0 
          0.00288864 0.000616058 0 
          0.00290126 0.000624877 0 
          0.00291601 0.000635744 0 
          0.00293279 0.000648885 0 
          0.00295151 0.000664488 0 
          0.00297211 0.000682701 0 
          0.00299454 0.000703637 0 
          0.0030187 0.000727368 0 
          0.00304447 0.000753921 0 
          0.00307164 0.000783264 0 
          0.00309984 0.000815292 0 
          0.00312843 0.000849805 0 
          0.00315631 0.000886483 0 
          0.00318151 0.000924891 0 
          0.00310598 0.000521782 0 
          0.00307647 0.00052543 0 
          0.00305634 0.000526808 0 
          0.00304425 0.00052719 0 
          0.00303906 0.000527518 0 
          0.00303986 0.000528494 0 
          0.0030459 0.000530637 0 
          0.0030566 0.000534333 0 
          0.00307149 0.000539869 0 
          0.0030902 0.000547455 0 
          0.00311244 0.000557244 0 
          0.003138 0.000569337 0 
          0.00316671 0.000583796 0 
          0.00319841 0.000600641 0 
          0.00323296 0.00061985 0 
          0.00327023 0.000641356 0 
          0.00331003 0.000665039 0 
          0.00335212 0.000690722 0 
          0.00339614 0.00071816 0 
          0.00344156 0.00074704 0 
          0.00348761 0.000777003 0 
          0.00353319 0.000807694 0 
          0.0035768 0.000838906 0 
          0.0032961 0.000472471 0 
          0.0032578 0.000462719 0 
          0.00323323 0.0004546 0 
          0.00321994 0.000448629 0 
          0.00321607 0.000445086 0 
          0.00322018 0.000444113 0 
          0.00323117 0.000445764 0 
          0.00324823 0.000450041 0 
          0.00327071 0.000456906 0 
          0.00329815 0.000466298 0 
          0.00333019 0.000478133 0 
          0.00336655 0.000492304 0 
          0.00340701 0.000508677 0 
          0.00345137 0.000527086 0 
          0.00349944 0.000547325 0 
          0.00355103 0.00056914 0 
          0.0036059 0.000592228 0 
          0.00366374 0.00061623 0 
          0.00372417 0.000640756 0 
          0.00378674 0.000665407 0 
          0.0038509 0.000689852 0 
          0.00391615 0.000713938 0 
          0.00398225 0.000737848 0 
          0.00347558 0.000410177 0 
          0.00343212 0.00038734 0 
          0.00340584 0.000371469 0 
          0.00339331 0.000361514 0 
          0.00339205 0.000356628 0 
          0.00340025 0.000356124 0 
          0.00341661 0.000359444 0 
          0.00344017 0.000366129 0 
          0.00347022 0.000375793 0 
          0.00350623 0.000388098 0 
          0.00354782 0.000402736 0 
          0.00359468 0.000419405 0 
          0.00364654 0.000437796 0 
          0.00370319 0.000457573 0 
          0.00376438 0.000478366 0 
          0.00382988 0.000499759 0 
          0.00389942 0.000521294 0 
          0.00397273 0.000542493 0 
          0.00404953 0.000562901 0 
          0.00412961 0.000582156 0 
          0.00421293 0.000600097 0 
          0.00429978 0.00061688 0 
          0.0043909 0.000633029 0 
        </DataArray>
        <DataArray type="Float64" Name="NodeForce" NumberOfComponents="3" format="ascii">
          0 0 0 
          41.6667 0 0 
          0 0 0 
          0 0 0 
          0 0 0 
          0 0 0 
          41.6667 0 0 
          0 0 0 
          0 0 0 
          0 0 0 
          0 0 0 
          0 0 0 
          0 0 0 
          0 0 0 
          0 0 0 
          0 0 0 
          0 0 0 
          0 0 0 
          0 0 0 
          0 0 0 
          0 0 0 
          0 0 0 
          0 0 0 
          0 0 0 
          0 0 0 
          0 0 0 
          0 0 0 
          0 0 0 
          0 0 0 
          0 0 0 
          0 0 0 
          0 0 0 
          0 0 0 
          0 0 0 
          0 0 0 
          0 0 0 
          0 0 0 
          0 0 0 
          0 0 0 
          0 0 0 
          0 0 0 
          0 0 0 
          0 0 0 
          0 0 0 
          0 0 0 
          0 0 0 
          0 0 0 
          0 0 0 
          0 0 0 
          0 0 0 
          0 0 0 
          0 0 0 
          0 0 0 
          0 0 0 
          0 0 0 
          0 0 0 
          0 0 0 
          0 0 0 
          0 0 0 
          0 0 0 
          0 0 0 
          0 0 0 
          0 0 0 
          0 0 0 
          0 0 0 
          0 0 0 
          0 0 0 
          0 0 0 
          0 0 0 
          0 0 0 
          0 0 0 
          0 0 0 
          0 0 0 
          0 0 0 
          0 0 0 
          0 0 0 
          0 0 0 
          0 0 0 
          0 0 0 
          0 0 0 
          0 0 0 
          0 0 0 
          0 0 0 
          0 0 0 
          0 0 0 
          0 0 0 
          0 0 0 
          0 0 0 
          0 0 0 
          0 0 0 
          0 0 0 
          0 0 0 
          0 0 0 
          0 0 0 
          0 0 0 
          0 0 0 
          0 0 0 
          0 0 0 
          0 0 0 
          0 0 0 
          0 0 0 
          0 0 0 
          0 0 0 
          0 0 0 
          0 0 0 
          0 0 0 
          0 0 0 
          0 0 0 
          83.3333 0 0 
          83.3333 0 0 
          83.3333 0 0 
          83.3333 0 0 
          83.3333 0 0 
          83.3333 0 0 
          83.3333 0 0 
          83.3333 0 0 
          83.3333 0 0 
          83.3333 0 0 
          83.3333 0 0 
          0 0 0 
          0 0 0 
          0 0 0 
          0 0 0 
          0 0 0 
          0 0 0 
          0 0 0 
          0 0 0 
          0 0 0 
          0 0 0 
          0 0 0 
          0 0 0 
          0 0 0 
          0 0 0 
          0 0 0 
          0 0 0 
          0 0 0 
          0 0 0 
          0 0 0 
          0 0 0 
          0 0 0 
          0 0 0 
          0 0 0 
          0 0 0 
          0 0 0 
          0 0 0 
          0 0 0 
          0 0 0 
          0 0 0 
          0 0 0 
          0 0 0 
          0 0 0 
          0 0 0 
          0 0 0 
          0 0 0 
          0 0 0 
          0 0 0 
          0 0 0 
          0 0 0 
          0 0 0 
          0 0 0 
          0 0 0 
          0 0 0 
          0 0 0 
          0 0 0 
          0 0 0 
          0 0 0 
          0 0 0 
          0 0 0 
          0 0 0 
          0 0 0 
          0 0 0 
          0 0 0 
          0 0 0 
          0 0 0 
          0 0 0 
          0 0 0 
          0 0 0 
          0 0 0 
          0 0 0 
          0 0 0 
          0 0 0 
          0 0 0 
          0 0 0 
          0 0 0 
          0 0 0 
          0 0 0 
          0 0 0 
          0 0 0 
          0 0 0 
          0 0 0 
          0 0 0 
          0 0 0 
          0 0 0 
          0 0 0 
          0 0 0 
          0 0 0 
          0 0 0 
          0 0 0 
          0 0 0 
          0 0 0 
          0 0 0 
          0 0 0 
          0 0 0 
          0 0 0 
          0 0 0 
          0 0 0 
          0 0 0 
          0 0 0 
          0 0 0 
          0 0 0 
          0 0 0 
          0 0 0 
          0 0 0 
          0 0 0 
          0 0 0 
          0 0 0 
          0 0 0 
          0 0 0 
          0 0 0 
          0 0 0 
          0 0 0 
          0 0 0 
          0 0 0 
          0 0 0 
          0 0 0 
          0 0 0 
          0 0 0 
          0 0 0 
          0 0 0 
          0 0 0 
          0 0 0 
          0 0 0 
          0 0 0 
          0 0 0 
          0 0 0 
          0 0 0 
          0 0 0 
          0 0 0 
          0 0 0 
          0 0 0 
          0 0 0 
          0 0 0 
          0 0 0 
          0 0 0 
          0 0 0 
          0 0 0 
          0 0 0 
          0 0 0 
          0 0 0 
          0 0 0 
          0 0 0 
          0 0 0 
          0 0 0 
          0 0 0 
          0 0 0 
          0 0 0 
          0 0 0 
          0 0 0 
          0 0 0 
          0 0 0 
          0 0 0 
          0 0 0 
          0 0 0 
          0 0 0 
          0 0 0 
          0 0 0 
          0 0 0 
          0 0 0 
          0 0 0 
          0 0 0 
          0 0 0 
          0 0 0 
          0 0 0 
          0 0 0 
          0 0 0 
          0 0 0 
          0 0 0 
          0 0 0 
          0 0 0 
          0 0 0 
          0 0 0 
          0 0 0 
          0 0 0 
          0 0 0 
          0 0 0 
          0 0 0 
          0 0 0 
          0 0 0 
          0 0 0 
          0 0 0 
          0 0 0 
          0 0 0 
          0 0 0 
          0 0 0 
          0 0 0 
          0 0 0 
          0 0 0 
          0 0 0 
          0 0 0 
          0 0 0 
          0 0 0 
          0 0 0 
          0 0 0 
          0 0 0 
          0 0 0 
          0 0 0 
          0 0 0 
          0 0 0 
          0 0 0 
          0 0 0 
          0 0 0 
          0 0 0 
          0 0 0 
          0 0 0 
          0 0 0 
          0 0 0 
          0 0 0 
          0 0 0 
          0 0 0 
          0 0 0 
          0 0 0 
          0 0 0 
          0 0 0 
          0 0 0 
          0 0 0 
          0 0 0 
          0 0 0 
          0 0 0 
          0 0 0 
          0 0 0 
          0 0 0 
          0 0 0 
          0 0 0 
          0 0 0 
          0 0 0 
          0 0 0 
          0 0 0 
          0 0 0 
          0 0 0 
          0 0 0 
          0 0 0 
          0 0 0 
          0 0 0 
          0 0 0 
          0 0 0 
          0 0 0 
          0 0 0 
          0 0 0 
          0 0 0 
          0 0 0 
          0 0 0 
          0 0 0 
          0 0 0 
          0 0 0 
          0 0 0 
          0 0 0 
          0 0 0 
          0 0 0 
          0 0 0 
          0 0 0 
          0 0 0 
          0 0 0 
          0 0 0 
          0 0 0 
          0 0 0 
          0 0 0 
          0 0 0 
          0 0 0 
          0 0 0 
          0 0 0 
          0 0 0 
          0 0 0 
          0 0 0 
          0 0 0 
          0 0 0 
          0 0 0 
          0 0 0 
          0 0 0 
          0 0 0 
          0 0 0 
          0 0 0 
          0 0 0 
          0 0 0 
          0 0 0 
          0 0 0 
          0 0 0 
          0 0 0 
          0 0 0 
          0 0 0 
          0 0 0 
          0 0 0 
          0 0 0 
          0 0 0 
          0 0 0 
          0 0 0 
          0 0 0 
          0 0 0 
          0 0 0 
          0 0 0 
          0 0 0 
          0 0 0 
          0 0 0 
          0 0 0 
          0 0 0 
          0 0 0 
          0 0 0 
          0 0 0 
          0 0 0 
          0 0 0 
          0 0 0 
          0 0 0 
          0 0 0 
          0 0 0 
          0 0 0 
          0 0 0 
          0 0 0 
          0 0 0 
          0 0 0 
          0 0 0 
          0 0 0 
          0 0 0 
          0 0 0 
          0 0 0 
          0 0 0 
          0 0 0 
          0 0 0 
          0 0 0 
          0 0 0 
          0 0 0 
          0 0 0 
          0 0 0 
          0 0 0 
          0 0 0 
          0 0 0 
          0 0 0 
          0 0 0 
          0 0 0 
          0 0 0 
          0 0 0 
          0 0 0 
          0 0 0 
          0 0 0 
          0 0 0 
          0 0 0 
          0 0 0 
          0 0 0 
          0 0 0 
          0 0 0 
          0 0 0 
          0 0 0 
          0 0 0 
          0 0 0 
          0 0 0 
          0 0 0 
          0 0 0 
          0 0 0 
          0 0 0 
          0 0 0 
          0 0 0 
          0 0 0 
          0 0 0 
          0 0 0 
          0 0 0 
          0 0 0 
          0 0 0 
          0 0 0 
          0 0 0 
          0 0 0 
          0 0 0 
          0 0 0 
          0 0 0 
          0 0 0 
          0 0 0 
          0 0 0 
          0 0 0 
          0 0 0 
          0 0 0 
          0 0 0 
          0 0 0 
          0 0 0 
          0 0 0 
          0 0 0 
          0 0 0 
          0 0 0 
          0 0 0 
          0 0 0 
          0 0 0 
          0 0 0 
          0 0 0 
          0 0 0 
          0 0 0 
          0 0 0 
          0 0 0 
          0 0 0 
          0 0 0 
          0 0 0 
          0 0 0 
          0 0 0 
          0 0 0 
          0 0 0 
          0 0 0 
          0 0 0 
          0 0 0 
          0 0 0 
          0 0 0 
          0 0 0 
          0 0 0 
          0 0 0 
          0 0 0 
          0 0 0 
          0 0 0 
          0 0 0 
          0 0 0 
          0 0 0 
          0 0 0 
          0 0 0 
          0 0 0 
          0 0 0 
          0 0 0 
          0 0 0 
          0 0 0 
          0 0 0 
          0 0 0 
          0 0 0 
          0 0 0 
          0 0 0 
          0 0 0 
          0 0 0 
          0 0 0 
          0 0 0 
          0 0 0 
          0 0 0 
          0 0 0 
          0 0 0 
          0 0 0 
          0 0 0 
          0 0 0 
          0 0 0 
          0 0 0 
          0 0 0 
          0 0 0 
          0 0 0 
          0 0 0 
          0 0 0 
          0 0 0 
          0 0 0 
          0 0 0 
          0 0 0 
          0 0 0 
          0 0 0 
          0 0 0 
          0 0 0 
          0 0 0 
          0 0 0 
          0 0 0 
          0 0 0 
          0 0 0 
          0 0 0 
          0 0 0 
          0 0 0 
          0 0 0 
          0 0 0 
          0 0 0 
          0 0 0 
          0 0 0 
          0 0 0 
          0 0 0 
          0 0 0 
          0 0 0 
          0 0 0 
          0 0 0 
          0 0 0 
          0 0 0 
          0 0 0 
          0 0 0 
          0 0 0 
          0 0 0 
          0 0 0 
          0 0 0 
          0 0 0 
          0 0 0 
          0 0 0 
          0 0 0 
          0 0 0 
          0 0 0 
          0 0 0 
          0 0 0 
          0 0 0 
          0 0 0 
          0 0 0 
          0 0 0 
          0 0 0 
          0 0 0 
          0 0 0 
          0 0 0 
          0 0 0 
          0 0 0 
          0 0 0 
          0 0 0 
          0 0 0 
          0 0 0 
          0 0 0 
          0 0 0 
          0 0 0 
          0 0 0 
          0 0 0 
          0 0 0 
          0 0 0 
          0 0 0 
          0 0 0 
          0 0 0 
          0 0 0 
          0 0 0 
          0 0 0 
          0 0 0 
          0 0 0 
          0 0 0 
          0 0 0 
          0 0 0 
          0 0 0 
          0 0 0 
          0 0 0 
          0 0 0 
          0 0 0 
          0 0 0 
          0 0 0 
          0 0 0 
          0 0 0 
          0 0 0 
          0 0 0 
          0 0 0 
          0 0 0 
          0 0 0 
          0 0 0 
          0 0 0 
          0 0 0 
          0 0 0 
          0 0 0 
          0 0 0 
          0 0 0 
          0 0 0 
          0 0 0 
          0 0 0 
          0 0 0 
          0 0 0 
          0 0 0 
          0 0 0 
          0 0 0 
          0 0 0 
          0 0 0 
          0 0 0 
          0 0 0 
          0 0 0 
          0 0 0 
          0 0 0 
          0 0 0 
          0 0 0 
          0 0 0 
          0 0 0 
          0 0 0 
          0 0 0 
          0 0 0 
          0 0 0 
          0 0 0 
          0 0 0 
          0 0 0 
          0 0 0 
          0 0 0 
          0 0 0 
          0 0 0 
          0 0 0 
          0 0 0 
          0 0 0 
          0 0 0 
          0 0 0 
          0 0 0 
          0 0 0 
          0 0 0 
          0 0 0 
          0 0 0 
          0 0 0 
          0 0 0 
          0 0 0 
          0 0 0 
          0 0 0 
          0 0 0 
          0 0 0 
          0 0 0 
          0 0 0 
          0 0 0 
          0 0 0 
          0 0 0 
          0 0 0 
          0 0 0 
          0 0 0 
          0 0 0 
          0 0 0 
          0 0 0 
          0 0 0 
          0 0 0 
          0 0 0 
          0 0 0 
          0 0 0 
          0 0 0 
          0 0 0 
          0 0 0 
          0 0 0 
          0 0 0 
          0 0 0 
          0 0 0 
          0 0 0 
          0 0 0 
          0 0 0 
          0 0 0 
          0 0 0 
          0 0 0 
          0 0 0 
          0 0 0 
          0 0 0 
          0 0 0 
          0 0 0 
          0 0 0 
          0 0 0 
          0 0 0 
          0 0 0 
          0 0 0 
          0 0 0 
          0 0 0 
          0 0 0 
          0 0 0 
          0 0 0 
          0 0 0 
          0 0 0 
          0 0 0 
          0 0 0 
          0 0 0 
          0 0 0 
          0 0 0 
          0 0 0 
          0 0 0 
          0 0 0 
          0 0 0 
          0 0 0 
          0 0 0 
          0 0 0 
          0 0 0 
          0 0 0 
          0 0 0 
          0 0 0 
          0 0 0 
          0 0 0 
          0 0 0 
          0 0 0 
          0 0 0 
          0 0 0 
          0 0 0 
          0 0 0 
          0 0 0 
          0 0 0 
          0 0 0 
          0 0 0 
          0 0 0 
          0 0 0 
          0 0 0 
          0 0 0 
          0 0 0 
          0 0 0 
          0 0 0 
          0 0 0 
          0 0 0 
          0 0 0 
          0 0 0 
          0 0 0 
          0 0 0 
          0 0 0 
          0 0 0 
          0 0 0 
          0 0 0 
          0 0 0 
          0 0 0 
          0 0 0 
          0 0 0 
          0 0 0 
          0 0 0 
          0 0 0 
          0 0 0 
          0 0 0 
          0 0 0 
          0 0 0 
          0 0 0 
          0 0 0 
          0 0 0 
          0 0 0 
          0 0 0 
          0 0 0 
          0 0 0 
          0 0 0 
          0 0 0 
          0 0 0 
          0 0 0 
          0 0 0 
          0 0 0 
          0 0 0 
          0 0 0 
          0 0 0 
          0 0 0 
          0 0 0 
          0 0 0 
          0 0 0 
          0 0 0 
          0 0 0 
          0 0 0 
          0 0 0 
          0 0 0 
          0 0 0 
          0 0 0 
          0 0 0 
          0 0 0 
          0 0 0 
          0 0 0 
          0 0 0 
          0 0 0 
          0 0 0 
          0 0 0 
          0 0 0 
          0 0 0 
          0 0 0 
          0 0 0 
          0 0 0 
          0 0 0 
          0 0 0 
          0 0 0 
          0 0 0 
          0 0 0 
          0 0 0 
          0 0 0 
          0 0 0 
          0 0 0 
          0 0 0 
          0 0 0 
          0 0 0 
          0 0 0 
          0 0 0 
          0 0 0 
          0 0 0 
          0 0 0 
          0 0 0 
          0 0 0 
          0 0 0 
          0 0 0 
          0 0 0 
          0 0 0 
          0 0 0 
          0 0 0 
          0 0 0 
          0 0 0 
          0 0 0 
          0 0 0 
          0 0 0 
          0 0 0 
          0 0 0 
          0 0 0 
          0 0 0 
          0 0 0 
          0 0 0 
          0 0 0 
          0 0 0 
          0 0 0 
          0 0 0 
          0 0 0 
          0 0 0 
          0 0 0 
          0 0 0 
          0 0 0 
          0 0 0 
          0 0 0 
          0 0 0 
          0 0 0 
          0 0 0 
          0 0 0 
          0 0 0 
          0 0 0 
          0 0 0 
          0 0 0 
          0 0 0 
          0 0 0 
          0 0 0 
          0 0 0 
          0 0 0 
          0 0 0 
          0 0 0 
          0 0 0 
          0 0 0 
          0 0 0 
          0 0 0 
          0 0 0 
          0 0 0 
          0 0 0 
          0 0 0 
          0 0 0 
          0 0 0 
          0 0 0 
          0 0 0 
          0 0 0 
          0 0 0 
          0 0 0 
          0 0 0 
          0 0 0 
          0 0 0 
          0 0 0 
          0 0 0 
          0 0 0 
          0 0 0 
          0 0 0 
          0 0 0 
          0 0 0 
          0 0 0 
          0 0 0 
          0 0 0 
          0 0 0 
          0 0 0 
          0 0 0 
          0 0 0 
          0 0 0 
          0 0 0 
          0 0 0 
          0 0 0 
          0 0 0 
          0 0 0 
          0 0 0 
          0 0 0 
          0 0 0 
          0 0 0 
          0 0 0 
          0 0 0 
          0 0 0 
          0 0 0 
          0 0 0 
          0 0 0 
          0 0 0 
          0 0 0 
          0 0 0 
          0 0 0 
          0 0 0 
          0 0 0 
          0 0 0 
          0 0 0 
          0 0 0 
          0 0 0 
          0 0 0 
          0 0 0 
          0 0 0 
          0 0 0 
          0 0 0 
          0 0 0 
          0 0 0 
          0 0 0 
          0 0 0 
          0 0 0 
          0 0 0 
          0 0 0 
          0 0 0 
          0 0 0 
          0 0 0 
          0 0 0 
          0 0 0 
          0 0 0 
          0 0 0 
          0 0 0 
          0 0 0 
          0 0 0 
          0 0 0 
          0 0 0 
          0 0 0 
          0 0 0 
          0 0 0 
          0 0 0 
          0 0 0 
          0 0 0 
          0 0 0 
          0 0 0 
          0 0 0 
          0 0 0 
          0 0 0 
          0 0 0 
          0 0 0 
          0 0 0 
          0 0 0 
          0 0 0 
          0 0 0 
          0 0 0 
          0 0 0 
          0 0 0 
          0 0 0 
          0 0 0 
          0 0 0 
          0 0 0 
          0 0 0 
          0 0 0 
          0 0 0 
          0 0 0 
          0 0 0 
          0 0 0 
          0 0 0 
          0 0 0 
          0 0 0 
          0 0 0 
          0 0 0 
          0 0 0 
          0 0 0 
          0 0 0 
          0 0 0 
          0 0 0 
          0 0 0 
          0 0 0 
          0 0 0 
          0 0 0 
          0 0 0 
          0 0 0 
          0 0 0 
          0 0 0 
          0 0 0 
          0 0 0 
          0 0 0 
          0 0 0 
          0 0 0 
          0 0 0 
          0 0 0 
          0 0 0 
          0 0 0 
          0 0 0 
          0 0 0 
          0 0 0 
          0 0 0 
          0 0 0 
          0 0 0 
          0 0 0 
          0 0 0 
          0 0 0 
          0 0 0 
          0 0 0 
          0 0 0 
          0 0 0 
          0 0 0 
          0 0 0 
          0 0 0 
          0 0 0 
          0 0 0 
          0 0 0 
          0 0 0 
          0 0 0 
          0 0 0 
          0 0 0 
          0 0 0 
          0 0 0 
          0 0 0 
          0 0 0 
          0 0 0 
          0 0 0 
          0 0 0 
          0 0 0 
          0 0 0 
          0 0 0 
          0 0 0 
          0 0 0 
          0 0 0 
          0 0 0 
          0 0 0 
          0 0 0 
          0 0 0 
          0 0 0 
          0 0 0 
          0 0 0 
          0 0 0 
          0 0 0 
          0 0 0 
          0 0 0 
          0 0 0 
          0 0 0 
          0 0 0 
          0 0 0 
          0 0 0 
          0 0 0 
          0 0 0 
          0 0 0 
          0 0 0 
          0 0 0 
          0 0 0 
          0 0 0 
          0 0 0 
          0 0 0 
          0 0 0 
          0 0 0 
          0 0 0 
          0 0 0 
          0 0 0 
          0 0 0 
          0 0 0 
          0 0 0 
          0 0 0 
          0 0 0 
          0 0 0 
          0 0 0 
          0 0 0 
          0 0 0 
          0 0 0 
          0 0 0 
          0 0 0 
          0 0 0 
          0 0 0 
          0 0 0 
          0 0 0 
          0 0 0 
          0 0 0 
          0 0 0 
          0 0 0 
          0 0 0 
          0 0 0 
          0 0 0 
          0 0 0 
          0 0 0 
          0 0 0 
          0 0 0 
          0 0 0 
          0 0 0 
        </DataArray>
        <DataArray type="Float64" Name="BCForce" NumberOfComponents="3" format="ascii">
          0 0 0 
          0 0 0 
          -69.9238 20.9508 0 
          0 0 0 
          0 0 0 
          0 0 0 
          0 0 0 
          -69.9238 -20.9508 0 
          0 0 0 
          0 0 0 
          0 0 0 
          0 0 0 
          0 0 0 
          0 0 0 
          0 0 0 
          0 0 0 
          0 0 0 
          0 0 0 
          0 0 0 
          0 0 0 
          0 0 0 
          0 0 0 
          0 0 0 
          0 0 0 
          0 0 0 
          0 0 0 
          0 0 0 
          0 0 0 
          0 0 0 
          0 0 0 
          0 0 0 
          0 0 0 
          0 0 0 
          0 0 0 
          0 0 0 
          0 0 0 
          0 0 0 
          0 0 0 
          0 0 0 
          0 0 0 
          0 0 0 
          0 0 0 
          0 0 0 
          0 0 0 
          0 0 0 
          0 0 0 
          0 0 0 
          0 0 0 
          0 0 0 
          0 0 0 
          0 0 0 
          0 0 0 
          0 0 0 
          0 0 0 
          0 0 0 
          0 0 0 
          0 0 0 
          0 0 0 
          0 0 0 
          0 0 0 
          0 0 0 
          0 0 0 
          0 0 0 
          0 0 0 
          0 0 0 
          0 0 0 
          0 0 0 
          0 0 0 
          0 0 0 
          0 0 0 
          0 0 0 
          0 0 0 
          0 0 0 
          0 0 0 
          0 0 0 
          0 0 0 
          0 0 0 
          0 0 0 
          0 0 0 
          0 0 0 
          0 0 0 
          0 0 0 
          0 0 0 
          0 0 0 
          0 0 0 
          0 0 0 
          0 0 0 
          0 0 0 
          0 0 0 
          0 0 0 
          0 0 0 
          0 0 0 
          0 0 0 
          0 0 0 
          0 0 0 
          0 0 0 
          0 0 0 
          0 0 0 
          0 0 0 
          0 0 0 
          0 0 0 
          0 0 0 
          0 0 0 
          0 0 0 
          0 0 0 
          0 0 0 
          0 0 0 
          0 0 0 
          0 0 0 
          0 0 0 
          0 0 0 
          0 0 0 
          0 0 0 
          0 0 0 
          0 0 0 
          0 0 0 
          0 0 0 
          0 0 0 
          0 0 0 
          0 0 0 
          0 0 0 
          0 0 0 
          0 0 0 
          0 0 0 
          0 0 0 
          0 0 0 
          0 0 0 
          0 0 0 
          0 0 0 
          0 0 0 
          0 0 0 
          0 0 0 
          0 0 0 
          0 0 0 
          0 0 0 
          0 0 0 
          0 0 0 
          0 0 0 
          0 0 0 
          0 0 0 
          0 0 0 
          0 0 0 
          0 0 0 
          0 0 0 
          0 0 0 
          0 0 0 
          0 0 0 
          0 0 0 
          0 0 0 
          0 0 0 
          0 0 0 
          0 0 0 
          -103.969 14.562 0 
          -91.6393 8.30745 0 
          -84.1532 3.65678 0 
          -77.4073 0.690965 0 
          -72.9073 -0.119997 0 
          -72.9073 0.119997 0 
          -77.4073 -0.690965 0 
          -84.1532 -3.65678 0 
          -91.6393 -8.30745 0 
          -103.969 -14.562 0 
          0 0 0 
          0 0 0 
          0 0 0 
          0 0 0 
          0 0 0 
          0 0 0 
          0 0 0 
          0 0 0 
          0 0 0 
          0 0 0 
          0 0 0 
          0 0 0 
          0 0 0 
          0 0 0 
          0 0 0 
          0 0 0 
          0 0 0 
          0 0 0 
          0 0 0 
          0 0 0 
          0 0 0 
          0 0 0 
          0 0 0 
          0 0 0 
          0 0 0 
          0 0 0 
          0 0 0 
          0 0 0 
          0 0 0 
          0 0 0 
          0 0 0 
          0 0 0 
          0 0 0 
          0 0 0 
          0 0 0 
          0 0 0 
          0 0 0 
          0 0 0 
          0 0 0 
          0 0 0 
          0 0 0 
          0 0 0 
          0 0 0 
          0 0 0 
          0 0 0 
          0 0 0 
          0 0 0 
          0 0 0 
          0 0 0 
          0 0 0 
          0 0 0 
          0 0 0 
          0 0 0 
          0 0 0 
          0 0 0 
          0 0 0 
          0 0 0 
          0 0 0 
          0 0 0 
          0 0 0 
          0 0 0 
          0 0 0 
          0 0 0 
          0 0 0 
          0 0 0 
          0 0 0 
          0 0 0 
          0 0 0 
          0 0 0 
          0 0 0 
          0 0 0 
          0 0 0 
          0 0 0 
          0 0 0 
          0 0 0 
          0 0 0 
          0 0 0 
          0 0 0 
          0 0 0 
          0 0 0 
          0 0 0 
          0 0 0 
          0 0 0 
          0 0 0 
          0 0 0 
          0 0 0 
          0 0 0 
          0 0 0 
          0 0 0 
          0 0 0 
          0 0 0 
          0 0 0 
          0 0 0 
          0 0 0 
          0 0 0 
          0 0 0 
          0 0 0 
          0 0 0 
          0 0 0 
          0 0 0 
          0 0 0 
          0 0 0 
          0 0 0 
          0 0 0 
          0 0 0 
          0 0 0 
          0 0 0 
          0 0 0 
          0 0 0 
          0 0 0 
          0 0 0 
          0 0 0 
          0 0 0 
          0 0 0 
          0 0 0 
          0 0 0 
          0 0 0 
          0 0 0 
          0 0 0 
          0 0 0 
          0 0 0 
          0 0 0 
          0 0 0 
          0 0 0 
          0 0 0 
          0 0 0 
          0 0 0 
          0 0 0 
          0 0 0 
          0 0 0 
          0 0 0 
          0 0 0 
          0 0 0 
          0 0 0 
          0 0 0 
          0 0 0 
          0 0 0 
          0 0 0 
          0 0 0 
          0 0 0 
          0 0 0 
          0 0 0 
          0 0 0 
          0 0 0 
          0 0 0 
          0 0 0 
          0 0 0 
          0 0 0 
          0 0 0 
          0 0 0 
          0 0 0 
          0 0 0 
          0 0 0 
          0 0 0 
          0 0 0 
          0 0 0 
          0 0 0 
          0 0 0 
          0 0 0 
          0 0 0 
          0 0 0 
          0 0 0 
          0 0 0 
          0 0 0 
          0 0 0 
          0 0 0 
          0 0 0 
          0 0 0 
          0 0 0 
          0 0 0 
          0 0 0 
          0 0 0 
          0 0 0 
          0 0 0 
          0 0 0 
          0 0 0 
          0 0 0 
          0 0 0 
          0 0 0 
          0 0 0 
          0 0 0 
          0 0 0 
          0 0 0 
          0 0 0 
          0 0 0 
          0 0 0 
          0 0 0 
          0 0 0 
          0 0 0 
          0 0 0 
          0 0 0 
          0 0 0 
          0 0 0 
          0 0 0 
          0 0 0 
          0 0 0 
          0 0 0 
          0 0 0 
          0 0 0 
          0 0 0 
          0 0 0 
          0 0 0 
          0 0 0 
          0 0 0 
          0 0 0 
          0 0 0 
          0 0 0 
          0 0 0 
          0 0 0 
          0 0 0 
          0 0 0 
          0 0 0 
          0 0 0 
          0 0 0 
          0 0 0 
          0 0 0 
          0 0 0 
          0 0 0 
          0 0 0 
          0 0 0 
          0 0 0 
          0 0 0 
          0 0 0 
          0 0 0 
          0 0 0 
          0 0 0 
          0 0 0 
          0 0 0 
          0 0 0 
          0 0 0 
          0 0 0 
          0 0 0 
          0 0 0 
          0 0 0 
          0 0 0 
          0 0 0 
          0 0 0 
          0 0 0 
          0 0 0 
          0 0 0 
          0 0 0 
          0 0 0 
          0 0 0 
          0 0 0 
          0 0 0 
          0 0 0 
          0 0 0 
          0 0 0 
          0 0 0 
          0 0 0 
          0 0 0 
          0 0 0 
          0 0 0 
          0 0 0 
          0 0 0 
          0 0 0 
          0 0 0 
          0 0 0 
          0 0 0 
          0 0 0 
          0 0 0 
          0 0 0 
          0 0 0 
          0 0 0 
          0 0 0 
          0 0 0 
          0 0 0 
          0 0 0 
          0 0 0 
          0 0 0 
          0 0 0 
          0 0 0 
          0 0 0 
          0 0 0 
          0 0 0 
          0 0 0 
          0 0 0 
          0 0 0 
          0 0 0 
          0 0 0 
          0 0 0 
          0 0 0 
          0 0 0 
          0 0 0 
          0 0 0 
          0 0 0 
          0 0 0 
          0 0 0 
          0 0 0 
          0 0 0 
          0 0 0 
          0 0 0 
          0 0 0 
          0 0 0 
          0 0 0 
          0 0 0 
          0 0 0 
          0 0 0 
          0 0 0 
          0 0 0 
          0 0 0 
          0 0 0 
          0 0 0 
          0 0 0 
          0 0 0 
          0 0 0 
          0 0 0 
          0 0 0 
          0 0 0 
          0 0 0 
          0 0 0 
          0 0 0 
          0 0 0 
          0 0 0 
          0 0 0 
          0 0 0 
          0 0 0 
          0 0 0 
          0 0 0 
          0 0 0 
          0 0 0 
          0 0 0 
          0 0 0 
          0 0 0 
          0 0 0 
          0 0 0 
          0 0 0 
          0 0 0 
          0 0 0 
          0 0 0 
          0 0 0 
          0 0 0 
          0 0 0 
          0 0 0 
          0 0 0 
          0 0 0 
          0 0 0 
          0 0 0 
          0 0 0 
          0 0 0 
          0 0 0 
          0 0 0 
          0 0 0 
          0 0 0 
          0 0 0 
          0 0 0 
          0 0 0 
          0 0 0 
          0 0 0 
          0 0 0 
          0 0 0 
          0 0 0 
          0 0 0 
          0 0 0 
          0 0 0 
          0 0 0 
          0 0 0 
          0 0 0 
          0 0 0 
          0 0 0 
          0 0 0 
          0 0 0 
          0 0 0 
          0 0 0 
          0 0 0 
          0 0 0 
          0 0 0 
          0 0 0 
          0 0 0 
          0 0 0 
          0 0 0 
          0 0 0 
          0 0 0 
          0 0 0 
          0 0 0 
          0 0 0 
          0 0 0 
          0 0 0 
          0 0 0 
          0 0 0 
          0 0 0 
          0 0 0 
          0 0 0 
          0 0 0 
          0 0 0 
          0 0 0 
          0 0 0 
          0 0 0 
          0 0 0 
          0 0 0 
          0 0 0 
          0 0 0 
          0 0 0 
          0 0 0 
          0 0 0 
          0 0 0 
          0 0 0 
          0 0 0 
          0 0 0 
          0 0 0 
          0 0 0 
          0 0 0 
          0 0 0 
          0 0 0 
          0 0 0 
          0 0 0 
          0 0 0 
          0 0 0 
          0 0 0 
          0 0 0 
          0 0 0 
          0 0 0 
          0 0 0 
          0 0 0 
          0 0 0 
          0 0 0 
          0 0 0 
          0 0 0 
          0 0 0 
          0 0 0 
          0 0 0 
          0 0 0 
          0 0 0 
          0 0 0 
          0 0 0 
          0 0 0 
          0 0 0 
          0 0 0 
          0 0 0 
          0 0 0 
          0 0 0 
          0 0 0 
          0 0 0 
          0 0 0 
          0 0 0 
          0 0 0 
          0 0 0 
          0 0 0 
          0 0 0 
          0 0 0 
          0 0 0 
          0 0 0 
          0 0 0 
          0 0 0 
          0 0 0 
          0 0 0 
          0 0 0 
          0 0 0 
          0 0 0 
          0 0 0 
          0 0 0 
          0 0 0 
          0 0 0 
          0 0 0 
          0 0 0 
          0 0 0 
          0 0 0 
          0 0 0 
          0 0 0 
          0 0 0 
          0 0 0 
          0 0 0 
          0 0 0 
          0 0 0 
          0 0 0 
          0 0 0 
          0 0 0 
          0 0 0 
          0 0 0 
          0 0 0 
          0 0 0 
          0 0 0 
          0 0 0 
          0 0 0 
          0 0 0 
          0 0 0 
          0 0 0 
          0 0 0 
          0 0 0 
          0 0 0 
          0 0 0 
          0 0 0 
          0 0 0 
          0 0 0 
          0 0 0 
          0 0 0 
          0 0 0 
          0 0 0 
          0 0 0 
          0 0 0 
          0 0 0 
          0 0 0 
          0 0 0 
          0 0 0 
          0 0 0 
          0 0 0 
          0 0 0 
          0 0 0 
          0 0 0 
          0 0 0 
          0 0 0 
          0 0 0 
          0 0 0 
          0 0 0 
          0 0 0 
          0 0 0 
          0 0 0 
          0 0 0 
          0 0 0 
          0 0 0 
          0 0 0 
          0 0 0 
          0 0 0 
          0 0 0 
          0 0 0 
          0 0 0 
          0 0 0 
          0 0 0 
          0 0 0 
          0 0 0 
          0 0 0 
          0 0 0 
          0 0 0 
          0 0 0 
          0 0 0 
          0 0 0 
          0 0 0 
          0 0 0 
          0 0 0 
          0 0 0 
          0 0 0 
          0 0 0 
          0 0 0 
          0 0 0 
          0 0 0 
          0 0 0 
          0 0 0 
          0 0 0 
          0 0 0 
          0 0 0 
          0 0 0 
          0 0 0 
          0 0 0 
          0 0 0 
          0 0 0 
          0 0 0 
          0 0 0 
          0 0 0 
          0 0 0 
          0 0 0 
          0 0 0 
          0 0 0 
          0 0 0 
          0 0 0 
          0 0 0 
          0 0 0 
          0 0 0 
          0 0 0 
          0 0 0 
          0 0 0 
          0 0 0 
          0 0 0 
          0 0 0 
          0 0 0 
          0 0 0 
          0 0 0 
          0 0 0 
          0 0 0 
          0 0 0 
          0 0 0 
          0 0 0 
          0 0 0 
          0 0 0 
          0 0 0 
          0 0 0 
          0 0 0 
          0 0 0 
          0 0 0 
          0 0 0 
          0 0 0 
          0 0 0 
          0 0 0 
          0 0 0 
          0 0 0 
          0 0 0 
          0 0 0 
          0 0 0 
          0 0 0 
          0 0 0 
          0 0 0 
          0 0 0 
          0 0 0 
          0 0 0 
          0 0 0 
          0 0 0 
          0 0 0 
          0 0 0 
          0 0 0 
          0 0 0 
          0 0 0 
          0 0 0 
          0 0 0 
          0 0 0 
          0 0 0 
          0 0 0 
          0 0 0 
          0 0 0 
          0 0 0 
          0 0 0 
          0 0 0 
          0 0 0 
          0 0 0 
          0 0 0 
          0 0 0 
          0 0 0 
          0 0 0 
          0 0 0 
          0 0 0 
          0 0 0 
          0 0 0 
          0 0 0 
          0 0 0 
          0 0 0 
          0 0 0 
          0 0 0 
          0 0 0 
          0 0 0 
          0 0 0 
          0 0 0 
          0 0 0 
          0 0 0 
          0 0 0 
          0 0 0 
          0 0 0 
          0 0 0 
          0 0 0 
          0 0 0 
          0 0 0 
          0 0 0 
          0 0 0 
          0 0 0 
          0 0 0 
          0 0 0 
          0 0 0 
          0 0 0 
          0 0 0 
          0 0 0 
          0 0 0 
          0 0 0 
          0 0 0 
          0 0 0 
          0 0 0 
          0 0 0 
          0 0 0 
          0 0 0 
          0 0 0 
          0 0 0 
          0 0 0 
          0 0 0 
          0 0 0 
          0 0 0 
          0 0 0 
          0 0 0 
          0 0 0 
          0 0 0 
          0 0 0 
          0 0 0 
          0 0 0 
          0 0 0 
          0 0 0 
          0 0 0 
          0 0 0 
          0 0 0 
          0 0 0 
          0 0 0 
          0 0 0 
          0 0 0 
          0 0 0 
          0 0 0 
          0 0 0 
          0 0 0 
          0 0 0 
          0 0 0 
          0 0 0 
          0 0 0 
          0 0 0 
          0 0 0 
          0 0 0 
          0 0 0 
          0 0 0 
          0 0 0 
          0 0 0 
          0 0 0 
          0 0 0 
          0 0 0 
          0 0 0 
          0 0 0 
          0 0 0 
          0 0 0 
          0 0 0 
          0 0 0 
          0 0 0 
          0 0 0 
          0 0 0 
          0 0 0 
          0 0 0 
          0 0 0 
          0 0 0 
          0 0 0 
          0 0 0 
          0 0 0 
          0 0 0 
          0 0 0 
          0 0 0 
          0 0 0 
          0 0 0 
          0 0 0 
          0 0 0 
          0 0 0 
          0 0 0 
          0 0 0 
          0 0 0 
          0 0 0 
          0 0 0 
          0 0 0 
          0 0 0 
          0 0 0 
          0 0 0 
          0 0 0 
          0 0 0 
          0 0 0 
          0 0 0 
          0 0 0 
          0 0 0 
          0 0 0 
          0 0 0 
          0 0 0 
          0 0 0 
          0 0 0 
          0 0 0 
          0 0 0 
          0 0 0 
          0 0 0 
          0 0 0 
          0 0 0 
          0 0 0 
          0 0 0 
          0 0 0 
          0 0 0 
          0 0 0 
          0 0 0 
          0 0 0 
          0 0 0 
          0 0 0 
          0 0 0 
          0 0 0 
          0 0 0 
          0 0 0 
          0 0 0 
          0 0 0 
          0 0 0 
          0 0 0 
          0 0 0 
          0 0 0 
          0 0 0 
          0 0 0 
          0 0 0 
          0 0 0 
          0 0 0 
          0 0 0 
          0 0 0 
          0 0 0 
          0 0 0 
          0 0 0 
          0 0 0 
          0 0 0 
          0 0 0 
          0 0 0 
          0 0 0 
          0 0 0 
          0 0 0 
          0 0 0 
          0 0 0 
          0 0 0 
          0 0 0 
          0 0 0 
          0 0 0 
          0 0 0 
          0 0 0 
          0 0 0 
          0 0 0 
          0 0 0 
          0 0 0 
          0 0 0 
          0 0 0 
          0 0 0 
          0 0 0 
          0 0 0 
          0 0 0 
          0 0 0 
          0 0 0 
          0 0 0 
          0 0 0 
          0 0 0 
          0 0 0 
          0 0 0 
          0 0 0 
          0 0 0 
          0 0 0 
          0 0 0 
          0 0 0 
          0 0 0 
          0 0 0 
          0 0 0 
          0 0 0 
          0 0 0 
          0 0 0 
          0 0 0 
          0 0 0 
          0 0 0 
          0 0 0 
          0 0 0 
          0 0 0 
          0 0 0 
          0 0 0 
          0 0 0 
          0 0 0 
          0 0 0 
          0 0 0 
          0 0 0 
          0 0 0 
          0 0 0 
          0 0 0 
          0 0 0 
          0 0 0 
          0 0 0 
          0 0 0 
          0 0 0 
          0 0 0 
          0 0 0 
          0 0 0 
          0 0 0 
          0 0 0 
          0 0 0 
          0 0 0 
          0 0 0 
          0 0 0 
          0 0 0 
          0 0 0 
          0 0 0 
          0 0 0 
          0 0 0 
          0 0 0 
          0 0 0 
          0 0 0 
          0 0 0 
          0 0 0 
          0 0 0 
          0 0 0 
          0 0 0 
          0 0 0 
          0 0 0 
          0 0 0 
          0 0 0 
          0 0 0 
          0 0 0 
          0 0 0 
          0 0 0 
          0 0 0 
          0 0 0 
          0 0 0 
          0 0 0 
          0 0 0 
          0 0 0 
          0 0 0 
          0 0 0 
          0 0 0 
          0 0 0 
          0 0 0 
          0 0 0 
          0 0 0 
          0 0 0 
          0 0 0 
          0 0 0 
          0 0 0 
          0 0 0 
          0 0 0 
          0 0 0 
          0 0 0 
          0 0 0 
          0 0 0 
          0 0 0 
          0 0 0 
          0 0 0 
          0 0 0 
          0 0 0 
          0 0 0 
          0 0 0 
          0 0 0 
          0 0 0 
          0 0 0 
          0 0 0 
          0 0 0 
          0 0 0 
          0 0 0 
          0 0 0 
          0 0 0 
          0 0 0 
          0 0 0 
          0 0 0 
          0 0 0 
          0 0 0 
          0 0 0 
          0 0 0 
          0 0 0 
          0 0 0 
          0 0 0 
          0 0 0 
          0 0 0 
          0 0 0 
          0 0 0 
          0 0 0 
          0 0 0 
          0 0 0 
          0 0 0 
          0 0 0 
          0 0 0 
          0 0 0 
          0 0 0 
          0 0 0 
          0 0 0 
          0 0 0 
          0 0 0 
          0 0 0 
          0 0 0 
          0 0 0 
          0 0 0 
          0 0 0 
          0 0 0 
          0 0 0 
          0 0 0 
          0 0 0 
          0 0 0 
          0 0 0 
          0 0 0 
          0 0 0 
          0 0 0 
          0 0 0 
          0 0 0 
          0 0 0 
          0 0 0 
          0 0 0 
          0 0 0 
          0 0 0 
          0 0 0 
          0 0 0 
          0 0 0 
          0 0 0 
          0 0 0 
          0 0 0 
          0 0 0 
          0 0 0 
          0 0 0 
        </DataArray>
        <DataArray type="Float64" Name="Sxx" format="ascii">
          77.99
          99.9425
          144.802
          70.8217
          -6.27103
          77.99
          99.9425
          144.802
          70.8217
          89.1943
          109.26
          120.685
          126.731
          129.413
          130.011
          129.337
          127.91
          126.058
          123.983
          121.805
          119.591
          117.376
          115.175
          112.996
          110.848
          108.751
          106.741
          104.878
          103.243
          101.919
          100.958
          100.327
          99.662
          99.0382
          96.5819
          91.8733
          87.9244
          88.8861
          94.789
          101.685
          106.765
          125.767
          132.447
          120.821
          115.716
          113.231
          112.1
          111.797
          112.059
          112.732
          113.723
          114.97
          116.425
          118.045
          119.782
          121.569
          123.308
          124.851
          125.966
          126.303
          125.321
          122.194
          115.659
          103.762
          83.4007
          119.003
          179.648
          240.898
          292.03
          322.215
          324.407
          298.021
          249.173
          188.311
          126.494
          37.9167
          10.5453
          -3.3558
          -7.51143
          -7.01356
          -7.01356
          -7.51143
          -3.3558
          10.5453
          37.9167
          89.1943
          109.26
          120.685
          126.731
          129.413
          130.011
          129.337
          127.91
          126.058
          123.983
          121.805
          119.591
          117.376
          115.175
          112.996
          110.848
          108.751
          106.741
          104.878
          103.243
          101.919
          100.958
          100.327
          99.9052
          99.7259
          99.7366
          100.055
          100.54
          100.785
          100.54
          100.055
          99.7366
          99.7259
          99.9052
          132.447
          120.821
          115.716
          113.231
          112.1
          111.797
          112.059
          112.732
          113.723
          114.97
          116.425
          118.045
          119.782
          121.569
          123.308
          124.851
          125.966
          126.303
          125.321
          122.194
          115.659
          103.762
          83.4007
          32.0633
          6.57716
          -4.52371
          -6.54481
          -5.54199
          -5.54199
          -6.54481
          -4.52371
          6.57716
          32.0633
          109.236
          100.491
          92.5805
          84.7104
          79.2265
          79.2265
          84.7104
          92.5805
          100.491
          109.236
          125.767
          106.765
          101.685
          94.789
          88.8861
          87.9244
          91.8733
          96.5819
          99.0382
          99.662
          126.494
          188.311
          249.173
          298.021
          324.407
          322.215
          292.03
          240.898
          179.648
          119.003
          124.265
          134.802
          139.628
          140.974
          140.246
          138.332
          135.788
          132.955
          130.038
          127.151
          124.351
          121.659
          119.076
          116.588
          114.18
          111.84
          109.565
          107.372
          105.303
          103.431
          101.856
          100.688
          99.9933
          169.56
          166.443
          162.44
          157.927
          153.212
          148.512
          143.967
          139.657
          135.622
          131.87
          128.389
          125.155
          122.135
          119.293
          116.594
          114.006
          111.505
          109.079
          106.736
          104.515
          102.492
          100.793
          99.595
          215.903
          198.866
          185.137
          173.847
          164.408
          156.413
          149.569
          143.654
          138.501
          133.972
          129.955
          126.356
          123.094
          120.096
          117.299
          114.647
          112.092
          109.594
          107.126
          104.678
          102.275
          99.9912
          97.9948
          254.379
          226.44
          204.465
          187.046
          173.121
          161.89
          152.747
          145.231
          138.99
          133.748
          129.292
          125.449
          122.082
          119.076
          116.334
          113.774
          111.321
          108.905
          106.463
          103.933
          101.256
          98.385
          95.2951
          275.727
          242.135
          215.618
          194.636
          177.982
          164.707
          154.072
          145.498
          138.532
          132.823
          128.09
          124.116
          120.722
          117.766
          115.127
          112.703
          110.4
          108.127
          105.794
          103.295
          100.506
          97.2602
          93.3185
          274.176
          241.087
          214.917
          194.171
          177.672
          164.498
          153.927
          145.395
          138.46
          132.777
          128.074
          124.135
          120.787
          117.889
          115.324
          112.987
          110.787
          108.629
          106.417
          104.038
          101.355
          98.1896
          94.2802
          250.161
          223.555
          202.484
          185.665
          172.132
          161.154
          152.177
          144.777
          138.626
          133.471
          129.11
          125.386
          122.168
          119.351
          116.843
          114.566
          112.443
          110.4
          108.359
          106.231
          103.917
          101.311
          98.3466
          210.107
          194.76
          182.137
          171.569
          162.603
          154.923
          148.298
          142.552
          137.549
          133.176
          129.34
          125.964
          122.98
          120.329
          117.96
          115.825
          113.881
          112.085
          110.396
          108.767
          107.146
          105.462
          103.586
          163.435
          161.743
          158.674
          154.782
          150.495
          146.104
          141.802
          137.705
          133.88
          130.359
          127.151
          124.253
          121.651
          119.33
          117.274
          115.471
          113.911
          112.594
          111.528
          110.732
          110.23
          110.011
          109.848
          118.732
          129.975
          135.319
          137.068
          136.668
          135.032
          132.736
          130.143
          127.479
          124.879
          122.425
          120.164
          118.122
          116.316
          114.762
          113.477
          112.489
          111.841
          111.599
          111.864
          112.797
          114.686
          118.232
          100.512
          101.106
          102.026
          103.214
          104.574
          106.012
          107.455
          108.856
          110.182
          111.413
          112.528
          113.501
          114.288
          114.822
          114.997
          114.652
          113.55
          111.34
          107.511
          101.32
          91.6904
          77.0553
          55.2133
          100.565
          101.189
          102.059
          103.019
          103.945
          104.761
          105.422
          105.9
          106.174
          106.222
          106.014
          105.505
          104.632
          103.306
          101.408
          98.7735
          95.1845
          90.3513
          83.8921
          75.3072
          63.948
          48.9866
          29.3435
          100.271
          100.619
          101.018
          101.277
          101.308
          101.072
          100.554
          99.7399
          98.6109
          97.1402
          95.2904
          93.0116
          90.241
          86.9012
          82.8997
          78.1276
          72.4606
          65.7605
          57.8803
          48.6753
          38.0221
          25.8474
          12.1928
          99.7331
          99.4719
          98.9632
          98.1211
          96.9328
          95.3998
          93.5191
          91.2784
          88.6558
          85.6215
          82.1395
          78.1696
          73.67
          68.601
          62.929
          56.6339
          49.7178
          42.2196
          34.233
          25.9344
          17.6179
          9.74518
          2.99802
          99.2463
          98.2773
          96.7701
          94.8397
          92.5415
          89.8929
          86.8876
          83.506
          79.721
          75.5024
          70.8211
          65.6529
          59.9829
          53.8121
          47.1647
          40.0983
          32.7178
          25.193
          17.7812
          10.856
          4.94404
          0.768371
          -0.694334
          99.0594
          97.7638
          95.8074
          93.4119
          90.658
          87.5641
          84.1193
          80.2993
          76.0743
          71.4146
          66.2949
          60.6985
          54.623
          48.0864
          41.1365
          33.8614
          26.4042
          18.9815
          11.9054
          5.61279
          0.699013
          -2.03851
          -1.54752
          99.2463
          98.2773
          96.7701
          94.8397
          92.5415
          89.8929
          86.8876
          83.506
          79.721
          75.5024
          70.8211
          65.6529
          59.9829
          53.8121
          47.1647
          40.0983
          32.7178
          25.193
          17.7812
          10.856
          4.94404
          0.768371
          -0.694334
          99.7331
          99.4719
          98.9632
          98.1211
          96.9328
          95.3998
          93.5191
          91.2784
          88.6558
          85.6215
          82.1395
          78.1696
          73.67
          68.601
          62.929
          56.6339
          49.7178
          42.2196
          34.233
          25.9344
          17.6179
          9.74518
          2.99802
          100.271
          100.619
          101.018
          101.277
          101.308
          101.072
          100.554
          99.7399
          98.6109
          97.1402
          95.2904
          93.0116
          90.241
          86.9012
          82.8997
          78.1276
          72.4606
          65.7605
          57.8803
          48.6753
          38.0221
          25.8474
          12.1928
          100.565
          101.189
          102.059
          103.019
          103.945
          104.761
          105.422
          105.9
          106.174
          106.222
          106.014
          105.505
          104.632
          103.306
          101.408
          98.7735
          95.1845
          90.3513
          83.8921
          75.3072
          63.948
          48.9866
          29.3435
          100.512
          101.106
          102.026
          103.214
          104.574
          106.012
          107.455
          108.856
          110.182
          111.413
          112.528
          113.501
          114.288
          114.822
          114.997
          114.652
          113.55
          111.34
          107.511
          101.32
          91.6904
          77.0553
          55.2133
          111.074
          110.245
          109.254
          108.405
          107.824
          107.53
          107.492
          107.661
          107.986
          108.41
          108.876
          109.317
          109.655
          109.791
          109.592
          108.879
          107.404
          104.817
          100.633
          94.1647
          84.4467
          70.1126
          49.315
          100.682
          100.795
          100.907
          100.909
          100.844
          100.747
          100.617
          100.435
          100.164
          99.7574
          99.1568
          98.2935
          97.0834
          95.4237
          93.186
          90.2098
          86.2935
          81.1841
          74.5652
          66.046
          55.151
          41.3246
          23.9097
          92.6296
          92.7301
          92.675
          92.4945
          92.1651
          91.6572
          90.9383
          89.9717
          88.7164
          87.1266
          85.151
          82.7321
          79.8062
          76.3028
          72.1458
          67.2545
          61.5481
          54.9518
          47.4083
          38.8962
          29.4582
          19.2372
          8.5363
          84.6713
          84.5117
          84.1956
          83.6691
          82.8771
          81.7694
          80.303
          78.4399
          76.1453
          73.3856
          70.129
          66.3461
          62.0122
          57.1113
          51.6415
          45.6225
          39.1065
          32.1932
          25.0484
          17.9306
          11.2217
          5.46715
          1.41924
          79.1428
          78.8313
          78.3614
          77.606
          76.4886
          74.9589
          72.98
          70.5227
          67.563
          64.0818
          60.0657
          55.5097
          50.4208
          44.8243
          38.7708
          32.3462
          25.6851
          18.9857
          12.5301
          6.70783
          2.04385
          -0.767388
          -0.82027
          79.1428
          78.8313
          78.3614
          77.606
          76.4886
          74.9589
          72.98
          70.5227
          67.563
          64.0818
          60.0657
          55.5097
          50.4208
          44.8243
          38.7708
          32.3462
          25.6851
          18.9857
          12.5301
          6.70783
          2.04385
          -0.767388
          -0.82027
          84.6713
          84.5117
          84.1956
          83.6691
          82.8771
          81.7694
          80.303
          78.4399
          76.1453
          73.3856
          70.129
          66.3461
          62.0122
          57.1113
          51.6415
          45.6225
          39.1065
          32.1932
          25.0484
          17.9306
          11.2217
          5.46715
          1.41924
          92.6296
          92.7301
          92.675
          92.4945
          92.1651
          91.6572
          90.9383
          89.9717
          88.7164
          87.1266
          85.151
          82.7321
          79.8062
          76.3028
          72.1458
          67.2545
          61.5481
          54.9518
          47.4083
          38.8962
          29.4582
          19.2372
          8.5363
          100.682
          100.795
          100.907
          100.909
          100.844
          100.747
          100.617
          100.435
          100.164
          99.7574
          99.1568
          98.2935
          97.0834
          95.4237
          93.186
          90.2098
          86.2935
          81.1841
          74.5652
          66.046
          55.151
          41.3246
          23.9097
          111.074
          110.245
          109.254
          108.405
          107.824
          107.53
          107.492
          107.661
          107.986
          108.41
          108.876
          109.317
          109.655
          109.791
          109.592
          108.879
          107.404
          104.817
          100.633
          94.1647
          84.4467
          70.1126
          49.315
          118.732
          129.975
          135.319
          137.068
          136.668
          135.032
          132.736
          130.143
          127.479
          124.879
          122.425
          120.164
          118.122
          116.316
          114.762
          113.477
          112.489
          111.841
          111.599
          111.864
          112.797
          114.686
          118.232
          163.435
          161.743
          158.674
          154.782
          150.495
          146.104
          141.802
          137.705
          133.88
          130.359
          127.151
          124.253
          121.651
          119.33
          117.274
          115.471
          113.911
          112.594
          111.528
          110.732
          110.23
          110.011
          109.848
          210.107
          194.76
          182.137
          171.569
          162.603
          154.923
          148.298
          142.552
          137.549
          133.176
          129.34
          125.964
          122.98
          120.329
          117.96
          115.825
          113.881
          112.085
          110.396
          108.767
          107.146
          105.462
          103.586
          250.161
          223.555
          202.484
          185.665
          172.132
          161.154
          152.177
          144.777
          138.626
          133.471
          129.11
          125.386
          122.168
          119.351
          116.843
          114.566
          112.443
          110.4
          108.359
          106.231
          103.917
          101.311
          98.3466
          274.176
          241.087
          214.917
          194.171
          177.672
          164.498
          153.927
          145.395
          138.46
          132.777
          128.074
          124.135
          120.787
          117.889
          115.324
          112.987
          110.787
          108.629
          106.417
          104.038
          101.355
          98.1896
          94.2802
          275.727
          242.135
          215.618
          194.636
          177.982
          164.707
          154.072
          145.498
          138.532
          132.823
          128.09
          124.116
          120.722
          117.766
          115.127
          112.703
          110.4
          108.127
          105.794
          103.295
          100.506
          97.2602
          93.3185
          254.379
          226.44
          204.465
          187.046
          173.121
          161.89
          152.747
          145.231
          138.99
          133.748
          129.292
          125.449
          122.082
          119.076
          116.334
          113.774
          111.321
          108.905
          106.463
          103.933
          101.256
          98.385
          95.2951
          215.903
          198.866
          185.137
          173.847
          164.408
          156.413
          149.569
          143.654
          138.501
          133.972
          129.955
          126.356
          123.094
          120.096
          117.299
          114.647
          112.092
          109.594
          107.126
          104.678
          102.275
          99.9912
          97.9948
          169.56
          166.443
          162.44
          157.927
          153.212
          148.512
          143.967
          139.657
          135.622
          131.87
          128.389
          125.155
          122.135
          119.293
          116.594
          114.006
          111.505
          109.079
          106.736
          104.515
          102.492
          100.793
          99.595
          124.265
          134.802
          139.628
          140.974
          140.246
          138.332
          135.788
          132.955
          130.038
          127.151
          124.351
          121.659
          119.076
          116.588
          114.18
          111.84
          109.565
          107.372
          105.303
          103.431
          101.856
          100.688
          99.9933
        </DataArray>
        <DataArray type="Float64" Name="Syy" format="ascii">
          42.1532
          -0.0153619
          34.7567
          37.4471
          -116.743
          42.1532
          -0.0153619
          34.7567
          37.4471
          21.4886
          1.08265
          -10.83
          -17.389
          -20.5643
          -21.6208
          -21.3717
          -20.3388
          -18.8533
          -17.1222
          -15.2708
          -13.3721
          -11.4662
          -9.57512
          -7.71417
          -5.90223
          -4.17139
          -2.57587
          -1.19769
          -0.143351
          0.479112
          0.614876
          0.347834
          -0.176041
          -0.301596
          -0.303734
          -0.513487
          -0.818559
          -0.825631
          -0.544545
          -0.893028
          -1.45816
          -9.89004
          29.6051
          20.167
          14.4662
          10.5979
          7.65925
          5.20258
          2.99354
          0.903369
          -1.14139
          -3.18309
          -5.24402
          -7.33009
          -9.42963
          -11.508
          -13.4976
          -15.2816
          -16.6686
          -17.3546
          -16.8627
          -14.45
          -8.95885
          1.42764
          19.6684
          49.4071
          50.0106
          39.9857
          26.377
          17.0284
          17.2671
          27.295
          41.9949
          53.2548
          53.3938
          20.4368
          -12.1242
          -48.8841
          -83.2726
          -107.824
          -107.824
          -83.2726
          -48.8841
          -12.1242
          20.4368
          21.4886
          1.08265
          -10.83
          -17.389
          -20.5643
          -21.6208
          -21.3717
          -20.3388
          -18.8533
          -17.1222
          -15.2708
          -13.3721
          -11.4662
          -9.57512
          -7.71417
          -5.90223
          -4.17139
          -2.57587
          -1.19769
          -0.143351
          0.479112
          0.614876
          0.347834
          -0.0147911
          1.45265
          5.84385
          13.4894
          21.5898
          25.1674
          21.5898
          13.4894
          5.84385
          1.45265
          -0.0147911
          29.6051
          20.167
          14.4662
          10.5979
          7.65925
          5.20258
          2.99354
          0.903369
          -1.14139
          -3.18309
          -5.24402
          -7.33009
          -9.42963
          -11.508
          -13.4976
          -15.2816
          -16.6686
          -17.3546
          -16.8627
          -14.45
          -8.95885
          1.42764
          19.6684
          16.1254
          -16.6894
          -52.336
          -82.9487
          -100.683
          -100.683
          -82.9487
          -52.336
          -16.6894
          16.1254
          34.1803
          31.4165
          28.9321
          26.4536
          24.7237
          24.7237
          26.4536
          28.9321
          31.4165
          34.1803
          -9.89004
          -1.45816
          -0.893028
          -0.544545
          -0.825631
          -0.818559
          -0.513487
          -0.303734
          -0.301596
          -0.176041
          53.3938
          53.2548
          41.9949
          27.295
          17.2671
          17.0284
          26.377
          39.9857
          50.0106
          49.4071
          30.7138
          13.0144
          1.4846
          -5.8162
          -10.2405
          -12.7156
          -13.8794
          -14.1702
          -13.8875
          -13.2342
          -12.3456
          -11.31
          -10.1836
          -9.00148
          -7.78589
          -6.55369
          -5.32276
          -4.11825
          -2.97789
          -1.95492
          -1.11424
          -0.51522
          -0.173818
          33.7677
          22.7395
          14.3551
          8.08743
          3.47689
          0.142824
          -2.2175
          -3.84023
          -4.90691
          -5.55534
          -5.88853
          -5.98223
          -5.89088
          -5.65253
          -5.29288
          -4.82894
          -4.27264
          -3.63491
          -2.93114
          -2.18873
          -1.45704
          -0.816167
          -0.367706
          29.4012
          27.5354
          24.8137
          21.7438
          18.6407
          15.6848
          12.9695
          10.5344
          8.38765
          6.51945
          4.91111
          3.54059
          2.38592
          1.42733
          0.648514
          0.037405
          -0.413551
          -0.707598
          -0.845004
          -0.826921
          -0.66494
          -0.403346
          -0.164029
          21.5576
          27.8978
          30.9866
          31.8277
          31.1646
          29.5385
          27.3358
          24.8274
          22.1995
          19.5766
          17.0393
          14.6373
          12.3987
          10.3376
          8.45899
          6.7629
          5.24786
          3.91353
          2.76345
          1.8072
          1.06127
          0.544062
          0.244951
          15.5935
          26.5637
          33.2002
          36.6585
          37.83
          37.397
          35.8754
          33.6501
          31.0036
          28.1397
          25.2021
          22.289
          19.4655
          16.7719
          14.2314
          11.8553
          9.64748
          7.60862
          5.74028
          4.05061
          2.56418
          1.34044
          0.524049
          15.2925
          26.0735
          32.6261
          36.0739
          37.2841
          36.9201
          35.4839
          33.3504
          30.795
          28.0163
          25.1545
          22.3057
          19.5334
          16.8769
          14.3589
          11.9908
          9.7775
          7.72175
          5.82832
          4.10966
          2.59547
          1.35388
          0.51873
          20.5944
          26.5177
          29.4697
          30.3599
          29.8627
          28.4684
          26.5273
          24.2856
          21.9125
          19.5213
          17.1852
          14.9489
          12.8373
          10.8621
          9.02676
          7.33144
          5.77633
          4.36585
          3.11255
          2.0402
          1.18229
          0.569272
          0.235571
          27.7249
          25.6015
          22.9542
          20.1577
          17.4311
          14.893
          12.5974
          10.5592
          8.77167
          7.21583
          5.86746
          4.70072
          3.69059
          2.81446
          2.05322
          1.39231
          0.822825
          0.342975
          -0.039838
          -0.30655
          -0.426371
          -0.381174
          -0.360528
          31.6057
          20.8924
          13.0236
          7.33708
          3.31018
          0.526833
          -1.33376
          -2.51595
          -3.2043
          -3.53743
          -3.6187
          -3.5248
          -3.31217
          -3.02227
          -2.68578
          -2.32652
          -1.96547
          -1.62557
          -1.33724
          -1.14181
          -1.0773
          -1.07948
          -0.526714
          28.6526
          12.0946
          1.51082
          -4.98859
          -8.7377
          -10.645
          -11.3313
          -11.221
          -10.6033
          -9.67421
          -8.56522
          -7.36329
          -6.125
          -4.88698
          -3.67423
          -2.50794
          -1.41432
          -0.436875
          0.343987
          0.776847
          0.57559
          -0.795387
          -4.17287
          0.751397
          0.9941
          0.677169
          -0.143756
          -1.34562
          -2.8056
          -4.42859
          -6.15192
          -7.94024
          -9.77713
          -11.6565
          -13.5743
          -15.5204
          -17.4689
          -19.3666
          -21.1159
          -22.5508
          -23.4002
          -23.2319
          -21.3659
          -16.7379
          -7.67559
          8.45868
          2.58968
          2.57966
          1.85323
          0.659972
          -0.811697
          -2.43682
          -4.14088
          -5.88496
          -7.65324
          -9.44328
          -11.2586
          -13.1024
          -14.9723
          -16.8541
          -18.7146
          -20.492
          -22.0837
          -23.3278
          -23.9789
          -23.6757
          -21.8974
          -17.9172
          -10.7765
          6.27104
          5.47455
          4.1444
          2.57739
          0.932486
          -0.712026
          -2.32401
          -3.8972
          -5.43953
          -6.96627
          -8.4961
          -10.0487
          -11.6433
          -13.2977
          -15.0276
          -16.8469
          -18.768
          -20.8042
          -22.9753
          -25.3183
          -27.9104
          -30.9107
          -34.6285
          11.5773
          9.44714
          7.38608
          5.49544
          3.79572
          2.27328
          0.900553
          -0.35547
          -1.53024
          -2.66131
          -3.78942
          -4.96053
          -6.22884
          -7.66092
          -9.34138
          -11.3807
          -13.9263
          -17.1779
          -21.4099
          -27.0025
          -34.4869
          -44.6069
          -58.4066
          16.67
          13.1765
          10.4836
          8.37447
          6.69758
          5.34326
          4.22839
          3.28549
          2.45476
          1.67787
          0.89222
          0.0253707
          -1.01135
          -2.33047
          -4.07788
          -6.44519
          -9.68552
          -14.1343
          -20.236
          -28.5788
          -39.9391
          -55.3376
          -76.1087
          18.8229
          14.741
          11.7936
          9.60735
          7.95161
          6.67517
          5.67181
          4.85996
          4.16985
          3.53434
          2.88148
          2.12744
          1.16901
          -0.125287
          -1.92589
          -4.45577
          -8.00748
          -12.9647
          -19.8295
          -29.2557
          -42.0911
          -59.4288
          -82.6723
          16.67
          13.1765
          10.4836
          8.37447
          6.69758
          5.34326
          4.22839
          3.28549
          2.45476
          1.67787
          0.89222
          0.0253707
          -1.01135
          -2.33047
          -4.07788
          -6.44519
          -9.68552
          -14.1343
          -20.236
          -28.5788
          -39.9391
          -55.3376
          -76.1087
          11.5773
          9.44714
          7.38608
          5.49544
          3.79572
          2.27328
          0.900553
          -0.35547
          -1.53024
          -2.66131
          -3.78942
          -4.96053
          -6.22884
          -7.66092
          -9.34138
          -11.3807
          -13.9263
          -17.1779
          -21.4099
          -27.0025
          -34.4869
          -44.6069
          -58.4066
          6.27104
          5.47455
          4.1444
          2.57739
          0.932486
          -0.712026
          -2.32401
          -3.8972
          -5.43953
          -6.96627
          -8.4961
          -10.0487
          -11.6433
          -13.2977
          -15.0276
          -16.8469
          -18.768
          -20.8042
          -22.9753
          -25.3183
          -27.9104
          -30.9107
          -34.6285
          2.58968
          2.57966
          1.85323
          0.659972
          -0.811697
          -2.43682
          -4.14088
          -5.88496
          -7.65324
          -9.44328
          -11.2586
          -13.1024
          -14.9723
          -16.8541
          -18.7146
          -20.492
          -22.0837
          -23.3278
          -23.9789
          -23.6757
          -21.8974
          -17.9172
          -10.7765
          0.751397
          0.9941
          0.677169
          -0.143756
          -1.34562
          -2.8056
          -4.42859
          -6.15192
          -7.94024
          -9.77713
          -11.6565
          -13.5743
          -15.5204
          -17.4689
          -19.3666
          -21.1159
          -22.5508
          -23.4002
          -23.2319
          -21.3659
          -16.7379
          -7.67559
          8.45868
          25.8178
          19.5761
          15.0583
          11.5572
          8.66064
          6.12432
          3.79932
          1.59146
          -0.56126
          -2.70056
          -4.85343
          -7.0336
          -9.23989
          -11.4514
          -13.6191
          -15.6523
          -17.3978
          -18.6086
          -18.8958
          -17.6554
          -13.9563
          -6.3629
          7.32842
          25.8576
          20.8396
          16.7895
          13.4381
          10.5548
          7.97767
          5.59777
          3.341
          1.15607
          -0.993076
          -3.13123
          -5.27331
          -7.42389
          -9.57484
          -11.7013
          -13.7558
          -15.6591
          -17.2897
          -18.4684
          -18.9411
          -18.3606
          -16.2785
          -12.1857
          24.8577
          21.3976
          18.3394
          15.6136
          13.1458
          10.8743
          8.75088
          6.73743
          4.80221
          2.91743
          1.05735
          -0.803099
          -2.68945
          -4.62894
          -6.65222
          -8.7959
          -11.1068
          -13.6489
          -16.5154
          -19.8484
          -23.8732
          -28.9548
          -35.6787
          24.3852
          22.3122
          20.2581
          18.2596
          16.3465
          14.5334
          12.8213
          11.2012
          9.65523
          8.15735
          6.67276
          5.15617
          3.54888
          1.77443
          -0.267628
          -2.71036
          -5.73144
          -9.56959
          -14.5471
          -21.1006
          -29.8226
          -41.5142
          -57.2553
          24.2759
          23.175
          21.7863
          20.281
          18.762
          17.288
          15.887
          14.5644
          13.3074
          12.0875
          10.8598
          9.56157
          8.10782
          6.38559
          4.24558
          1.4911
          -2.13636
          -6.97561
          -13.4689
          -22.191
          -33.8838
          -49.5002
          -70.2549
          24.2759
          23.175
          21.7863
          20.281
          18.762
          17.288
          15.887
          14.5644
          13.3074
          12.0875
          10.8598
          9.56157
          8.10782
          6.38559
          4.24558
          1.4911
          -2.13636
          -6.97561
          -13.4689
          -22.191
          -33.8838
          -49.5002
          -70.2549
          24.3852
          22.3122
          20.2581
          18.2596
          16.3465
          14.5334
          12.8213
          11.2012
          9.65523
          8.15735
          6.67276
          5.15617
          3.54888
          1.77443
          -0.267628
          -2.71036
          -5.73144
          -9.56959
          -14.5471
          -21.1006
          -29.8226
          -41.5142
          -57.2553
          24.8577
          21.3976
          18.3394
          15.6136
          13.1458
          10.8743
          8.75088
          6.73743
          4.80221
          2.91743
          1.05735
          -0.803099
          -2.68945
          -4.62894
          -6.65222
          -8.7959
          -11.1068
          -13.6489
          -16.5154
          -19.8484
          -23.8732
          -28.9548
          -35.6787
          25.8576
          20.8396
          16.7895
          13.4381
          10.5548
          7.97767
          5.59777
          3.341
          1.15607
          -0.993076
          -3.13123
          -5.27331
          -7.42389
          -9.57484
          -11.7013
          -13.7558
          -15.6591
          -17.2897
          -18.4684
          -18.9411
          -18.3606
          -16.2785
          -12.1857
          25.8178
          19.5761
          15.0583
          11.5572
          8.66064
          6.12432
          3.79932
          1.59146
          -0.56126
          -2.70056
          -4.85343
          -7.0336
          -9.23989
          -11.4514
          -13.6191
          -15.6523
          -17.3978
          -18.6086
          -18.8958
          -17.6554
          -13.9563
          -6.3629
          7.32842
          28.6526
          12.0946
          1.51082
          -4.98859
          -8.7377
          -10.645
          -11.3313
          -11.221
          -10.6033
          -9.67421
          -8.56522
          -7.36329
          -6.125
          -4.88698
          -3.67423
          -2.50794
          -1.41432
          -0.436875
          0.343987
          0.776847
          0.57559
          -0.795387
          -4.17287
          31.6057
          20.8924
          13.0236
          7.33708
          3.31018
          0.526833
          -1.33376
          -2.51595
          -3.2043
          -3.53743
          -3.6187
          -3.5248
          -3.31217
          -3.02227
          -2.68578
          -2.32652
          -1.96547
          -1.62557
          -1.33724
          -1.14181
          -1.0773
          -1.07948
          -0.526714
          27.7249
          25.6015
          22.9542
          20.1577
          17.4311
          14.893
          12.5974
          10.5592
          8.77167
          7.21583
          5.86746
          4.70072
          3.69059
          2.81446
          2.05322
          1.39231
          0.822825
          0.342975
          -0.039838
          -0.30655
          -0.426371
          -0.381174
          -0.360528
          20.5944
          26.5177
          29.4697
          30.3599
          29.8627
          28.4684
          26.5273
          24.2856
          21.9125
          19.5213
          17.1852
          14.9489
          12.8373
          10.8621
          9.02676
          7.33144
          5.77633
          4.36585
          3.11255
          2.0402
          1.18229
          0.569272
          0.235571
          15.2925
          26.0735
          32.6261
          36.0739
          37.2841
          36.9201
          35.4839
          33.3504
          30.795
          28.0163
          25.1545
          22.3057
          19.5334
          16.8769
          14.3589
          11.9908
          9.7775
          7.72175
          5.82832
          4.10966
          2.59547
          1.35388
          0.51873
          15.5935
          26.5637
          33.2002
          36.6585
          37.83
          37.397
          35.8754
          33.6501
          31.0036
          28.1397
          25.2021
          22.289
          19.4655
          16.7719
          14.2314
          11.8553
          9.64748
          7.60862
          5.74028
          4.05061
          2.56418
          1.34044
          0.524049
          21.5576
          27.8978
          30.9866
          31.8277
          31.1646
          29.5385
          27.3358
          24.8274
          22.1995
          19.5766
          17.0393
          14.6373
          12.3987
          10.3376
          8.45899
          6.7629
          5.24786
          3.91353
          2.76345
          1.8072
          1.06127
          0.544062
          0.244951
          29.4012
          27.5354
          24.8137
          21.7438
          18.6407
          15.6848
          12.9695
          10.5344
          8.38765
          6.51945
          4.91111
          3.54059
          2.38592
          1.42733
          0.648514
          0.037405
          -0.413551
          -0.707598
          -0.845004
          -0.826921
          -0.66494
          -0.403346
          -0.164029
          33.7677
          22.7395
          14.3551
          8.08743
          3.47689
          0.142824
          -2.2175
          -3.84023
          -4.90691
          -5.55534
          -5.88853
          -5.98223
          -5.89088
          -5.65253
          -5.29288
          -4.82894
          -4.27264
          -3.63491
          -2.93114
          -2.18873
          -1.45704
          -0.816167
          -0.367706
          30.7138
          13.0144
          1.4846
          -5.8162
          -10.2405
          -12.7156
          -13.8794
          -14.1702
          -13.8875
          -13.2342
          -12.3456
          -11.31
          -10.1836
          -9.00148
          -7.78589
          -6.55369
          -5.32276
          -4.11825
          -2.97789
          -1.95492
          -1.11424
          -0.51522
          -0.173818
        </DataArray>
        <DataArray type="Float64" Name="Sxy" format="ascii">
          -52.5957
          -0.0173286
          -23.5297
          47.6608
          3.21616e-13
          52.5957
          0.0173286
          23.5297
          -47.6608
          -45.5076
          -37.7458
          -31.5346
          -26.5073
          -22.4001
          -19.0185
          -16.2149
          -13.8757
          -11.9117
          -10.2521
          -8.84001
          -7.62908
          -6.58091
          -5.66326
          -4.84864
          -4.11338
          -3.43726
          -2.80392
          -2.20218
          -1.6288
          -1.09245
          -0.617913
          -0.247087
          0.0676617
          0.313122
          0.635207
          0.702968
          0.231935
          -0.546861
          -1.1062
          -1.28137
          -2.10514
          -0.527308
          -21.4874
          -15.8876
          -12.5876
          -10.3604
          -8.63959
          -7.14793
          -5.74486
          -4.35654
          -2.94086
          -1.46926
          0.0830538
          1.74239
          3.53956
          5.51184
          7.70438
          10.1716
          12.9784
          16.202
          19.9323
          24.2722
          29.3346
          35.2323
          42.0502
          68.4335
          80.5618
          77.0356
          55.7612
          20.2029
          -21.1927
          -57.749
          -80.4789
          -85.145
          -73.1891
          -28.5315
          -6.02638
          9.57551
          15.0049
          10.5442
          -10.5442
          -15.0049
          -9.57551
          6.02638
          28.5315
          45.5076
          37.7458
          31.5346
          26.5073
          22.4001
          19.0185
          16.2149
          13.8757
          11.9117
          10.2521
          8.84001
          7.62908
          6.58091
          5.66326
          4.84864
          4.11338
          3.43726
          2.80392
          2.20218
          1.6288
          1.09245
          0.617913
          0.247087
          0.0612924
          0.389663
          0.920401
          1.26226
          0.950139
          3.53172e-14
          -0.950139
          -1.26226
          -0.920401
          -0.389663
          -0.0612924
          21.4874
          15.8876
          12.5876
          10.3604
          8.63959
          7.14793
          5.74486
          4.35654
          2.94086
          1.46926
          -0.0830538
          -1.74239
          -3.53956
          -5.51184
          -7.70438
          -10.1716
          -12.9784
          -16.202
          -19.9323
          -24.2722
          -29.3346
          -35.2323
          -42.0502
          -24.101
          -2.32867
          10.8441
          12.8139
          5.47487
          -5.47487
          -12.8139
          -10.8441
          2.32867
          24.101
          -14.3677
          -8.60082
          -3.8803
          -0.875384
          0.0455284
          -0.0455284
          0.875384
          3.8803
          8.60082
          14.3677
          0.527308
          2.10514
          1.28137
          1.1062
          0.546861
          -0.231935
          -0.702968
          -0.635207
          -0.313122
          -0.0676617
          73.1891
          85.145
          80.4789
          57.749
          21.1927
          -20.2029
          -55.7612
          -77.0356
          -80.5618
          -68.4335
          -56.6917
          -39.9519
          -28.557
          -20.7063
          -15.242
          -11.4018
          -8.67564
          -6.71821
          -5.29319
          -4.23737
          -3.43706
          -2.81253
          -2.30766
          -1.88324
          -1.51277
          -1.17999
          -0.877736
          -0.607314
          -0.377447
          -0.200871
          -0.0864417
          -0.0272935
          0.000423831
          -63.3463
          -41.3079
          -26.2984
          -16.1365
          -9.31812
          -4.80377
          -1.87217
          -0.0211823
          1.09948
          1.7344
          2.05426
          2.17774
          2.18665
          2.13619
          2.06164
          1.98244
          1.90426
          1.81967
          1.70836
          1.53894
          1.2765
          0.903752
          0.466979
          -59.5936
          -38.2077
          -23.1025
          -12.5919
          -5.41449
          -0.634849
          2.4359
          4.30276
          5.33446
          5.79913
          5.89084
          5.74918
          5.47353
          5.1333
          4.7751
          4.42721
          4.10194
          3.79579
          3.48761
          3.13483
          2.66918
          1.99756
          1.02743
          -43.1517
          -28.0757
          -17.0351
          -9.09365
          -3.50671
          0.312482
          2.82162
          4.37417
          5.24063
          5.62633
          5.68602
          5.53537
          5.26009
          4.92277
          4.56785
          4.225
          3.91072
          3.62821
          3.36466
          3.08465
          2.71672
          2.12616
          1.06353
          -16.2647
          -11.2302
          -7.43695
          -4.63318
          -2.60917
          -1.19133
          -0.237361
          0.368022
          0.717206
          0.883568
          0.92499
          0.886926
          0.804938
          0.706705
          0.613486
          0.540999
          0.499701
          0.494255
          0.521878
          0.568635
          0.601474
          0.551401
          0.265825
          14.479
          8.35323
          3.83372
          0.554389
          -1.77666
          -3.39057
          -4.46859
          -5.15114
          -5.5454
          -5.73193
          -5.77013
          -5.70273
          -5.55939
          -5.35959
          -5.11483
          -4.83038
          -4.50658
          -4.1397
          -3.7219
          -3.23941
          -2.6663
          -1.95006
          -0.95771
          40.8252
          25.1085
          13.6398
          5.40309
          -0.397917
          -4.38292
          -7.02926
          -8.70099
          -9.67291
          -10.1503
          -10.2844
          -10.1848
          -9.9293
          -9.57027
          -9.14054
          -8.6567
          -8.12127
          -7.52352
          -6.83868
          -6.02472
          -5.01334
          -3.68386
          -1.84281
          56.5515
          35.2293
          20.1143
          9.52817
          2.222
          -2.72583
          -5.99167
          -8.06949
          -9.31829
          -9.99732
          -10.2921
          -10.3332
          -10.2102
          -9.98115
          -9.67913
          -9.31604
          -8.8842
          -8.35596
          -7.68187
          -6.7898
          -5.59308
          -4.02497
          -2.0141
          59.8811
          38.5243
          23.7988
          13.663
          6.70725
          1.95427
          -1.27604
          -3.45873
          -4.92614
          -5.91045
          -6.57284
          -7.02365
          -7.33592
          -7.55452
          -7.70169
          -7.77987
          -7.77208
          -7.63992
          -7.31861
          -6.70848
          -5.66471
          -4.02357
          -2.08486
          53.3343
          37.4873
          26.405
          18.5244
          12.8319
          8.65129
          5.52253
          3.12871
          1.24954
          -0.268998
          -1.53467
          -2.62232
          -3.58264
          -4.44798
          -5.2361
          -5.95266
          -6.59307
          -7.14387
          -7.58246
          -7.86712
          -7.87919
          -7.12957
          -3.13773
          -0.586815
          -1.32702
          -2.25318
          -3.23695
          -4.22369
          -5.21017
          -6.21937
          -7.28395
          -8.43801
          -9.71385
          -11.1409
          -12.7456
          -14.5504
          -16.5724
          -18.8197
          -21.2858
          -23.939
          -26.707
          -29.4509
          -31.9228
          -33.6967
          -34.0463
          -31.7257
          -1.40748
          -2.83312
          -4.28666
          -5.66611
          -6.97549
          -8.26127
          -9.5791
          -10.98
          -12.5059
          -14.1893
          -16.0528
          -18.1089
          -20.357
          -22.7788
          -25.3303
          -27.9288
          -30.4341
          -32.6197
          -34.1302
          -34.4172
          -32.6427
          -27.5353
          -17.1737
          -2.2339
          -4.35033
          -6.14334
          -7.69693
          -9.12521
          -10.5273
          -11.9784
          -13.5317
          -15.2223
          -17.0704
          -19.0819
          -21.2475
          -23.5385
          -25.9005
          -28.2435
          -30.4274
          -32.2414
          -33.3762
          -33.3843
          -31.6267
          -27.1999
          -18.8376
          -4.78609
          -2.46049
          -4.79692
          -6.49998
          -7.87937
          -9.12676
          -10.358
          -11.6423
          -13.0196
          -14.5104
          -16.1197
          -17.8388
          -19.6434
          -21.4899
          -23.31
          -25.002
          -26.4194
          -27.3561
          -27.5272
          -26.5436
          -23.8817
          -18.8452
          -10.5191
          2.28516
          -1.64802
          -3.24926
          -4.3048
          -5.12478
          -5.861
          -6.59125
          -7.35603
          -8.17541
          -9.05678
          -9.99812
          -10.9887
          -12.0082
          -13.0243
          -13.9898
          -14.8376
          -15.4752
          -15.7773
          -15.577
          -14.6554
          -12.7288
          -9.43556
          -4.31935
          3.1896
          6.39436e-13
          1.48834e-12
          2.12078e-12
          2.60209e-12
          3.01415e-12
          3.77739e-12
          4.0691e-12
          4.47918e-12
          4.50294e-12
          5.04236e-12
          5.07966e-12
          5.63488e-12
          5.63259e-12
          5.88587e-12
          6.02088e-12
          6.5412e-12
          7.06897e-12
          7.70279e-12
          8.80114e-12
          9.51715e-12
          1.05232e-11
          9.69782e-12
          6.54349e-12
          1.64802
          3.24926
          4.3048
          5.12478
          5.861
          6.59125
          7.35603
          8.17541
          9.05678
          9.99812
          10.9887
          12.0082
          13.0243
          13.9898
          14.8376
          15.4752
          15.7773
          15.577
          14.6554
          12.7288
          9.43556
          4.31935
          -3.1896
          2.46049
          4.79692
          6.49998
          7.87937
          9.12676
          10.358
          11.6423
          13.0196
          14.5104
          16.1197
          17.8388
          19.6434
          21.4899
          23.31
          25.002
          26.4194
          27.3561
          27.5272
          26.5436
          23.8817
          18.8452
          10.5191
          -2.28516
          2.2339
          4.35033
          6.14334
          7.69693
          9.12521
          10.5273
          11.9784
          13.5317
          15.2223
          17.0704
          19.0819
          21.2475
          23.5385
          25.9005
          28.2435
          30.4274
          32.2414
          33.3762
          33.3843
          31.6267
          27.1999
          18.8376
          4.78609
          1.40748
          2.83312
          4.28666
          5.66611
          6.97549
          8.26127
          9.5791
          10.98
          12.5059
          14.1893
          16.0528
          18.1089
          20.357
          22.7788
          25.3303
          27.9288
          30.4341
          32.6197
          34.1302
          34.4172
          32.6427
          27.5353
          17.1737
          0.586815
          1.32702
          2.25318
          3.23695
          4.22369
          5.21017
          6.21937
          7.28395
          8.43801
          9.71385
          11.1409
          12.7456
          14.5504
          16.5724
          18.8197
          21.2858
          23.939
          26.707
          29.4509
          31.9228
          33.6967
          34.0463
          31.7257
          13.9951
          12.4392
          10.2979
          8.26932
          6.37369
          4.54597
          2.72805
          0.877455
          -1.03763
          -3.04346
          -5.16369
          -7.4204
          -9.83328
          -12.4172
          -15.1777
          -18.1038
          -21.156
          -24.2489
          -27.2214
          -29.7909
          -31.4773
          -31.4723
          -28.4088
          8.34571
          7.3341
          5.93532
          4.25281
          2.39967
          0.429731
          -1.63777
          -3.80131
          -6.0681
          -8.44863
          -10.9525
          -13.5842
          -16.3382
          -19.192
          -22.0971
          -24.9652
          -27.6493
          -29.9159
          -31.4042
          -31.5669
          -29.5835
          -24.2339
          -13.7185
          3.5463
          2.88329
          1.7636
          0.306518
          -1.39231
          -3.26542
          -5.27353
          -7.39693
          -9.62664
          -11.9571
          -14.3799
          -16.8778
          -19.4182
          -21.9454
          -24.3698
          -26.5554
          -28.3013
          -29.3181
          -29.1964
          -27.3653
          -23.04
          -15.1544
          -2.28347
          0.494011
          0.16083
          -0.629909
          -1.71014
          -2.98169
          -4.38849
          -5.8982
          -7.49181
          -9.15649
          -10.88
          -12.6459
          -14.4287
          -16.1892
          -17.8682
          -19.3796
          -20.6017
          -21.3663
          -21.4452
          -20.5352
          -18.2388
          -14.0439
          -7.30086
          2.80484
          -0.222232
          -0.31111
          -0.604676
          -1.01323
          -1.49388
          -2.02399
          -2.59104
          -3.18737
          -3.80709
          -4.44407
          -5.09008
          -5.73315
          -6.35572
          -6.93255
          -7.42831
          -7.7947
          -7.96712
          -7.86089
          -7.36704
          -6.34784
          -4.63211
          -2.01
          1.77302
          0.222232
          0.31111
          0.604676
          1.01323
          1.49388
          2.02399
          2.59104
          3.18737
          3.80709
          4.44407
          5.09008
          5.73315
          6.35572
          6.93255
          7.42831
          7.7947
          7.96712
          7.86089
          7.36704
          6.34784
          4.63211
          2.01
          -1.77302
          -0.494011
          -0.16083
          0.629909
          1.71014
          2.98169
          4.38849
          5.8982
          7.49181
          9.15649
          10.88
          12.6459
          14.4287
          16.1892
          17.8682
          19.3796
          20.6017
          21.3663
          21.4452
          20.5352
          18.2388
          14.0439
          7.30086
          -2.80484
          -3.5463
          -2.88329
          -1.7636
          -0.306518
          1.39231
          3.26542
          5.27353
          7.39693
          9.62664
          11.9571
          14.3799
          16.8778
          19.4182
          21.9454
          24.3698
          26.5554
          28.3013
          29.3181
          29.1964
          27.3653
          23.04
          15.1544
          2.28347
          -8.34571
          -7.3341
          -5.93532
          -4.25281
          -2.39967
          -0.429731
          1.63777
          3.80131
          6.0681
          8.44863
          10.9525
          13.5842
          16.3382
          19.192
          22.0971
          24.9652
          27.6493
          29.9159
          31.4042
          31.5669
          29.5835
          24.2339
          13.7185
          -13.9951
          -12.4392
          -10.2979
          -8.26932
          -6.37369
          -4.54597
          -2.72805
          -0.877455
          1.03763
          3.04346
          5.16369
          7.4204
          9.83328
          12.4172
          15.1777
          18.1038
          21.156
          24.2489
          27.2214
          29.7909
          31.4773
          31.4723
          28.4088
          -53.3343
          -37.4873
          -26.405
          -18.5244
          -12.8319
          -8.65129
          -5.52253
          -3.12871
          -1.24954
          0.268998
          1.53467
          2.62232
          3.58264
          4.44798
          5.2361
          5.95266
          6.59307
          7.14387
          7.58246
          7.86712
          7.87919
          7.12957
          3.13773
          -59.8811
          -38.5243
          -23.7988
          -13.663
          -6.70725
          -1.95427
          1.27604
          3.45873
          4.92614
          5.91045
          6.57284
          7.02365
          7.33592
          7.55452
          7.70169
          7.77987
          7.77208
          7.63992
          7.31861
          6.70848
          5.66471
          4.02357
          2.08486
          -56.5515
          -35.2293
          -20.1143
          -9.52817
          -2.222
          2.72583
          5.99167
          8.06949
          9.31829
          9.99732
          10.2921
          10.3332
          10.2102
          9.98115
          9.67913
          9.31604
          8.8842
          8.35596
          7.68187
          6.7898
          5.59308
          4.02497
          2.0141
          -40.8252
          -25.1085
          -13.6398
          -5.40309
          0.397917
          4.38292
          7.02926
          8.70099
          9.67291
          10.1503
          10.2844
          10.1848
          9.9293
          9.57027
          9.14054
          8.6567
          8.12127
          7.52352
          6.83868
          6.02472
          5.01334
          3.68386
          1.84281
          -14.479
          -8.35323
          -3.83372
          -0.554389
          1.77666
          3.39057
          4.46859
          5.15114
          5.5454
          5.73193
          5.77013
          5.70273
          5.55939
          5.35959
          5.11483
          4.83038
          4.50658
          4.1397
          3.7219
          3.23941
          2.6663
          1.95006
          0.95771
          16.2647
          11.2302
          7.43695
          4.63318
          2.60917
          1.19133
          0.237361
          -0.368022
          -0.717206
          -0.883568
          -0.92499
          -0.886926
          -0.804938
          -0.706705
          -0.613486
          -0.540999
          -0.499701
          -0.494255
          -0.521878
          -0.568635
          -0.601474
          -0.551401
          -0.265825
          43.1517
          28.0757
          17.0351
          9.09365
          3.50671
          -0.312482
          -2.82162
          -4.37417
          -5.24063
          -5.62633
          -5.68602
          -5.53537
          -5.26009
          -4.92277
          -4.56785
          -4.225
          -3.91072
          -3.62821
          -3.36466
          -3.08465
          -2.71672
          -2.12616
          -1.06353
          59.5936
          38.2077
          23.1025
          12.5919
          5.41449
          0.634849
          -2.4359
          -4.30276
          -5.33446
          -5.79913
          -5.89084
          -5.74918
          -5.47353
          -5.1333
          -4.7751
          -4.42721
          -4.10194
          -3.79579
          -3.48761
          -3.13483
          -2.66918
          -1.99756
          -1.02743
          63.3463
          41.3079
          26.2984
          16.1365
          9.31812
          4.80377
          1.87217
          0.0211823
          -1.09948
          -1.7344
          -2.05426
          -2.17774
          -2.18665
          -2.13619
          -2.06164
          -1.98244
          -1.90426
          -1.81967
          -1.70836
          -1.53894
          -1.2765
          -0.903752
          -0.466979
          56.6917
          39.9519
          28.557
          20.7063
          15.242
          11.4018
          8.67564
          6.71821
          5.29319
          4.23737
          3.43706
          2.81253
          2.30766
          1.88324
          1.51277
          1.17999
          0.877736
          0.607314
          0.377447
          0.200871
          0.0864417
          0.0272935
          -0.000423831
        </DataArray>
        <DataArray type="Float64" Name="VonMises" format="ascii">
          113.449
          99.9501
          137.127
          102.862
          113.737
          113.449
          99.9501
          137.127
          102.862
          112.754
          126.865
          137.74
          143.787
          146.073
          145.829
          144.006
          141.258
          138.016
          134.548
          131.012
          127.494
          124.034
          120.648
          117.345
          114.137
          111.055
          108.161
          105.551
          103.353
          101.698
          100.657
          100.154
          99.7502
          99.1908
          96.7404
          92.1392
          88.3375
          89.3068
          95.0818
          102.159
          107.563
          130.995
          126.027
          115.434
          111.359
          109.797
          109.5
          109.988
          111.039
          112.536
          114.411
          116.622
          119.133
          121.913
          124.915
          128.069
          131.261
          134.311
          136.932
          138.683
          138.906
          136.651
          130.671
          119.768
          104.913
          157.393
          212.746
          260.387
          295.977
          315.991
          318.251
          302.377
          269.847
          223.646
          167.832
          59.3513
          22.2487
          50.1193
          83.9089
          106.078
          106.078
          83.9089
          50.1193
          22.2487
          59.3513
          112.754
          126.865
          137.74
          143.787
          146.073
          145.829
          144.006
          141.258
          138.016
          134.548
          131.012
          127.494
          124.034
          120.648
          117.345
          114.137
          111.055
          108.161
          105.551
          103.353
          101.698
          100.657
          100.154
          99.9127
          99.0098
          96.96
          94.0642
          91.6873
          90.8545
          91.6873
          94.0642
          96.96
          99.0098
          99.9127
          126.027
          115.434
          111.359
          109.797
          109.5
          109.988
          111.039
          112.536
          114.411
          116.622
          119.133
          121.913
          124.915
          128.069
          131.261
          134.311
          136.932
          138.683
          138.906
          136.651
          130.671
          119.768
          104.913
          50.1361
          21.162
          53.6241
          82.9038
          98.4868
          98.4868
          82.9038
          53.6241
          21.162
          50.1361
          99.9321
          90.2786
          82.3094
          75.0802
          70.2093
          70.2093
          75.0802
          82.3094
          90.2786
          99.9321
          130.995
          107.563
          102.159
          95.0818
          89.3068
          88.3375
          92.1392
          96.7404
          99.1908
          99.7502
          167.832
          223.646
          269.847
          302.377
          318.251
          315.991
          295.977
          260.387
          212.746
          157.393
          149.031
          146.202
          147.436
          148.37
          148.01
          146.446
          144.019
          141.058
          137.814
          134.458
          131.096
          127.783
          124.544
          121.383
          118.294
          115.275
          112.331
          109.495
          106.826
          104.423
          102.418
          100.947
          100.08
          190.272
          171.914
          162.283
          156.557
          152.361
          148.674
          145.124
          141.616
          138.154
          134.767
          131.481
          128.306
          125.241
          122.273
          119.382
          116.546
          113.749
          110.986
          108.272
          105.66
          103.252
          101.216
          99.7826
          227.563
          198.014
          178.602
          165.503
          156.208
          149.195
          143.586
          138.888
          134.82
          131.219
          127.978
          125.021
          122.286
          119.719
          117.268
          114.885
          112.524
          110.146
          107.72
          105.235
          102.713
          100.253
          98.093
          255.492
          219.319
          193.135
          174.052
          159.95
          149.329
          141.164
          134.76
          129.645
          125.493
          122.068
          119.195
          116.735
          114.576
          112.622
          110.79
          109.002
          107.187
          105.27
          103.18
          100.84
          98.1832
          95.1907
          269.745
          230.828
          201.496
          179.322
          162.469
          149.572
          139.635
          131.933
          125.932
          121.237
          117.545
          114.619
          112.271
          110.347
          108.717
          107.272
          105.909
          104.534
          103.048
          101.336
          99.2547
          96.6016
          93.0587
          268.034
          229.622
          200.714
          178.886
          162.304
          149.612
          139.823
          132.221
          126.285
          121.628
          117.958
          115.047
          112.714
          110.812
          109.217
          107.82
          106.522
          105.226
          103.826
          102.199
          100.189
          97.5781
          94.0366
          250.705
          215.971
          190.943
          172.754
          159.315
          149.167
          141.326
          135.134
          130.155
          126.091
          122.733
          119.924
          117.547
          115.503
          113.709
          112.089
          110.567
          109.065
          107.491
          105.742
          103.695
          101.228
          98.2809
          220.642
          193.195
          175.31
          163.267
          154.674
          148.114
          142.795
          138.285
          134.353
          130.869
          127.758
          124.969
          122.46
          120.197
          118.143
          116.261
          114.511
          112.846
          111.214
          109.553
          107.796
          105.883
          103.825
          182.488
          166.345
          158.049
          153.088
          149.32
          145.881
          142.49
          139.109
          135.779
          132.559
          129.5
          126.638
          123.993
          121.576
          119.388
          117.427
          115.692
          114.185
          112.916
          111.913
          111.206
          110.774
          110.172
          141.598
          140.298
          142.129
          143.268
          142.977
          141.452
          139.078
          136.209
          133.115
          129.987
          126.953
          124.093
          121.459
          119.085
          116.995
          115.214
          113.777
          112.741
          112.198
          112.307
          113.335
          115.746
          120.495
          100.144
          100.639
          101.763
          103.438
          105.507
          107.821
          110.264
          112.766
          115.289
          117.817
          120.344
          122.861
          125.346
          127.746
          129.958
          131.8
          132.974
          133.001
          131.141
          126.271
          116.741
          100.326
          75.3166
          99.3255
          100.045
          101.418
          103.158
          105.05
          106.962
          108.824
          110.609
          112.309
          113.927
          115.466
          116.915
          118.244
          119.39
          120.235
          120.583
          120.119
          118.353
          114.539
          107.556
          95.738
          76.6355
          46.6713
          97.3642
          98.286
          99.5815
          100.898
          102.076
          103.056
          103.83
          104.409
          104.811
          105.051
          105.14
          105.077
          104.842
          104.387
          103.62
          102.379
          100.405
          97.2998
          92.4734
          85.1083
          74.1982
          59.0515
          42.8804
          94.574
          95.4632
          96.1461
          96.4623
          96.3967
          95.9754
          95.2315
          94.1958
          92.8952
          91.3539
          89.5946
          87.6381
          85.5008
          83.1889
          80.6874
          77.9448
          74.855
          71.2464
          66.9096
          61.7498
          56.3272
          53.3985
          60.0923
          92.0947
          92.5677
          92.2792
          91.3742
          89.9558
          88.0868
          85.8037
          83.1277
          80.074
          76.6592
          72.9075
          68.8565
          64.5642
          60.1143
          55.6231
          51.2474
          47.2009
          43.8005
          41.5912
          41.6043
          45.6522
          56.2257
          75.9651
          91.1179
          91.2903
          90.4889
          88.998
          86.9553
          84.4247
          81.4317
          77.983
          74.0774
          69.7146
          64.9021
          59.6632
          54.0479
          48.1492
          42.1325
          36.295
          31.1887
          27.8293
          27.7674
          32.4284
          42.4449
          58.4362
          81.9095
          92.0947
          92.5677
          92.2792
          91.3742
          89.9558
          88.0868
          85.8037
          83.1277
          80.074
          76.6592
          72.9075
          68.8565
          64.5642
          60.1143
          55.6231
          51.2474
          47.2009
          43.8005
          41.5912
          41.6043
          45.6522
          56.2257
          75.9651
          94.574
          95.4632
          96.1461
          96.4623
          96.3967
          95.9754
          95.2315
          94.1958
          92.8952
          91.3539
          89.5946
          87.6381
          85.5008
          83.1889
          80.6874
          77.9448
          74.855
          71.2464
          66.9096
          61.7498
          56.3272
          53.3985
          60.0923
          97.3642
          98.286
          99.5815
          100.898
          102.076
          103.056
          103.83
          104.409
          104.811
          105.051
          105.14
          105.077
          104.842
          104.387
          103.62
          102.379
          100.405
          97.2998
          92.4734
          85.1083
          74.1982
          59.0515
          42.8804
          99.3255
          100.045
          101.418
          103.158
          105.05
          106.962
          108.824
          110.609
          112.309
          113.927
          115.466
          116.915
          118.244
          119.39
          120.235
          120.583
          120.119
          118.353
          114.539
          107.556
          95.738
          76.6355
          46.6713
          100.144
          100.639
          101.763
          103.438
          105.507
          107.821
          110.264
          112.766
          115.289
          117.817
          120.344
          122.861
          125.346
          127.746
          129.958
          131.8
          132.974
          133.001
          131.141
          126.271
          116.741
          100.326
          75.3166
          103.556
          104.131
          104.097
          104.103
          104.351
          104.898
          105.749
          106.885
          108.283
          109.912
          111.74
          113.726
          115.814
          117.919
          119.915
          121.603
          122.677
          122.668
          120.866
          116.205
          107.131
          91.509
          67.42
          91.7116
          93.0306
          94.2102
          95.1911
          96.0931
          97.007
          97.9794
          99.0261
          100.144
          101.32
          102.529
          103.737
          104.89
          105.906
          106.657
          106.947
          106.473
          104.777
          101.177
          94.6638
          83.7669
          66.3872
          39.7002
          83.2665
          84.2465
          85.0571
          85.762
          86.3797
          86.9171
          87.3727
          87.7398
          88.0094
          88.172
          88.2163
          88.1264
          87.8755
          87.4159
          86.6652
          85.485
          83.6543
          80.8374
          76.5543
          70.1818
          61.1023
          49.5421
          40.8173
          75.4975
          75.8584
          76.1238
          76.2558
          76.2086
          75.9398
          75.417
          74.6193
          73.5367
          72.1698
          70.5295
          68.6357
          66.5154
          64.1976
          61.7045
          59.0398
          56.177
          53.0636
          49.6841
          46.2931
          44.0643
          46.2622
          58.1811
          70.2267
          70.1772
          70.0646
          69.7363
          69.0951
          68.0743
          66.6272
          64.7219
          62.3397
          59.4747
          56.136
          52.3507
          48.1703
          43.6801
          39.0145
          34.3881
          30.1593
          26.9617
          25.8844
          28.4108
          35.8597
          49.2442
          69.9158
          70.2267
          70.1772
          70.0646
          69.7363
          69.0951
          68.0743
          66.6272
          64.7219
          62.3397
          59.4747
          56.136
          52.3507
          48.1703
          43.6801
          39.0145
          34.3881
          30.1593
          26.9617
          25.8844
          28.4108
          35.8597
          49.2442
          69.9158
          75.4975
          75.8584
          76.1238
          76.2558
          76.2086
          75.9398
          75.417
          74.6193
          73.5367
          72.1698
          70.5295
          68.6357
          66.5154
          64.1976
          61.7045
          59.0398
          56.177
          53.0636
          49.6841
          46.2931
          44.0643
          46.2622
          58.1811
          83.2665
          84.2465
          85.0571
          85.762
          86.3797
          86.9171
          87.3727
          87.7398
          88.0094
          88.172
          88.2163
          88.1264
          87.8755
          87.4159
          86.6652
          85.485
          83.6543
          80.8374
          76.5543
          70.1818
          61.1023
          49.5421
          40.8173
          91.7116
          93.0306
          94.2102
          95.1911
          96.0931
          97.007
          97.9794
          99.0261
          100.144
          101.32
          102.529
          103.737
          104.89
          105.906
          106.657
          106.947
          106.473
          104.777
          101.177
          94.6638
          83.7669
          66.3872
          39.7002
          103.556
          104.131
          104.097
          104.103
          104.351
          104.898
          105.749
          106.885
          108.283
          109.912
          111.74
          113.726
          115.814
          117.919
          119.915
          121.603
          122.677
          122.668
          120.866
          116.205
          107.131
          91.509
          67.42
          141.598
          140.298
          142.129
          143.268
          142.977
          141.452
          139.078
          136.209
          133.115
          129.987
          126.953
          124.093
          121.459
          119.085
          116.995
          115.214
          113.777
          112.741
          112.198
          112.307
          113.335
          115.746
          120.495
          182.488
          166.345
          158.049
          153.088
          149.32
          145.881
          142.49
          139.109
          135.779
          132.559
          129.5
          126.638
          123.993
          121.576
          119.388
          117.427
          115.692
          114.185
          112.916
          111.913
          111.206
          110.774
          110.172
          220.642
          193.195
          175.31
          163.267
          154.674
          148.114
          142.795
          138.285
          134.353
          130.869
          127.758
          124.969
          122.46
          120.197
          118.143
          116.261
          114.511
          112.846
          111.214
          109.553
          107.796
          105.883
          103.825
          250.705
          215.971
          190.943
          172.754
          159.315
          149.167
          141.326
          135.134
          130.155
          126.091
          122.733
          119.924
          117.547
          115.503
          113.709
          112.089
          110.567
          109.065
          107.491
          105.742
          103.695
          101.228
          98.2809
          268.034
          229.622
          200.714
          178.886
          162.304
          149.612
          139.823
          132.221
          126.285
          121.628
          117.958
          115.047
          112.714
          110.812
          109.217
          107.82
          106.522
          105.226
          103.826
          102.199
          100.189
          97.5781
          94.0366
          269.745
          230.828
          201.496
          179.322
          162.469
          149.572
          139.635
          131.933
          125.932
          121.237
          117.545
          114.619
          112.271
          110.347
          108.717
          107.272
          105.909
          104.534
          103.048
          101.336
          99.2547
          96.6016
          93.0587
          255.492
          219.319
          193.135
          174.052
          159.95
          149.329
          141.164
          134.76
          129.645
          125.493
          122.068
          119.195
          116.735
          114.576
          112.622
          110.79
          109.002
          107.187
          105.27
          103.18
          100.84
          98.1832
          95.1907
          227.563
          198.014
          178.602
          165.503
          156.208
          149.195
          143.586
          138.888
          134.82
          131.219
          127.978
          125.021
          122.286
          119.719
          117.268
          114.885
          112.524
          110.146
          107.72
          105.235
          102.713
          100.253
          98.093
          190.272
          171.914
          162.283
          156.557
          152.361
          148.674
          145.124
          141.616
          138.154
          134.767
          131.481
          128.306
          125.241
          122.273
          119.382
          116.546
          113.749
          110.986
          108.272
          105.66
          103.252
          101.216
          99.7826
          149.031
          146.202
          147.436
          148.37
          148.01
          146.446
          144.019
          141.058
          137.814
          134.458
          131.096
          127.783
          124.544
          121.383
          118.294
          115.275
          112.331
          109.495
          106.826
          104.423
          102.418
          100.947
          100.08
        </DataArray>
      </PointData>
    </Piece>
  </UnstructuredGrid>
</VTKFile>
